RecordType,Survey,Quarter,Country,Ship,Gear,SweepLngt,GearExp,DoorType,StNo,HaulNo,Year,month,Day,TimeShot,Stratum,HaulDur,DayNight,ShootLat,ShootLong,HaulLat,HaulLong,StatRec,Depth,HaulVal,HydroStNo,StdSpecRecCode,BycSpecRecCode,DataType,Netopening,Rigging,Tickler,Distance,Warplngt,Warpdia,WarpDen,DoorSurface,DoorWgt,DoorSpread,WingSpread,Buoyancy,KiteDim,WgtGroundRope,TowDir,GroundSpeed,SpeedWater,SurCurDir,SurCurSpeed,BotCurDir,BotCurSpeed,WindDir,WindSpeed,SwellDir,SwellHeight,SurTemp,BotTemp,SurSal,BotSal,ThermoCline,ThClineDepth,CodendMesh,SecchiDepth,Turbidity,TidePhase,TideSpeed,PelSampType,MinTrawlDepth,MaxTrawlDepth
HH,IE-IGFS,4,IE,45CE,GOV,110,I2,P,MB24,19,2014,9,28,1033,36,30,D,56.0300,-8.0660,56.0440,-8.0120,41E1,149,V,,1,2,R,3.9000,-9,,3709,485,26,,5.2000,1400,113.1,21.0,247,,2212,65,4.0000,,,,,,217,9,,,,,,,,,,,,,,,,
HH,IE-IGFS,4,IE,45CE,GOV,110,I2,P,FG93,20,2014,9,28,1229,36,30,D,56.0380,-7.6990,56.0580,-7.6510,41E2,156,V,,1,2,R,,-9,,3729,499,26,,5.2000,1400,111.7,20.9,247,,2212,53,4.0000,,,,,,210,7,,,,,,,,,,,,,,,,
HH,IE-IGFS,4,IE,45CE,GOV,110,I2,P,GD11,3,2014,9,25,1313,36,30,D,54.8330,-10.3150,54.8640,-10.2860,38D9,193,V,,1,2,R,4.1000,-9,,3921,595,26,,5.2000,1400,116.5,22.3,247,,2212,28,4.2000,,,,,,245,21,,,,,,,,,,,,,,,,
HH,IE-IGFS,4,IE,45CE,GOV,110,I2,P,FG108,4,2014,9,25,1546,36,30,D,55.0770,-10.0720,55.1060,-10.0450,39D9,235,V,,1,2,R,4.1000,-9,,3659,718,26,,5.2000,1400,117.2,22.3,247,,2212,28,3.9000,,,,,,226,26,,,,,,,,,,,,,,,,
HH,IE-IGFS,4,IE,45CE,GOV,110,I2,P,150,1,2014,9,25,0716,34,30,D,54.5320,-10.3210,54.5610,-10.2890,38D9,119,V,,1,2,R,4.1000,-9,,3835,415,26,,5.2000,1400,106.6,20.4,247,,2212,32,4.1000,,,,,,255,19,,,,,,,,,,,,,,,,
HH,IE-IGFS,4,IE,45CE,GOV,110,I2,P,GD1,9,2014,9,26,1514,34,30,D,55.0430,-9.1890,55.0710,-9.2230,39E0,92,V,,1,2,R,4.1000,-9,,3799,349,26,,5.2000,1400,104.5,19.2,247,,2212,325,4.1000,,,,,,250,21,,,,,,,,,,,,,,,,
HH,IE-IGFS,4,IE,45CE,GOV,110,I2,P,GD8,10,2014,9,26,1810,34,30,D,55.2400,-9.5700,55.2180,-9.6140,39E0,116,V,,1,2,R,4.1000,-9,,3719,402,26,,5.2000,1400,108.4,,247,,2212,228,4.0000,,,,,,231,17,,,,,,,,,,,,,,,,
HH,IE-IGFS,4,IE,45CE,GOV,110,I2,P,SC555,7,2014,9,26,0839,34,30,D,54.5950,-8.8740,54.5830,-8.9280,38E1,88,V,,1,2,R,4.4000,-9,,3737,324,26,,5.2000,1400,99.2,19.7,247,,2212,249,4.0000,,,,,,266,14,,,,,,,,,,,,,,,,
HH,IE-IGFS,4,IE,45CE,GOV,110,I2,P,R213,12,2014,9,27,0849,34,30,D,55.5860,-9.1660,55.6200,-9.1660,40E0,107,V,,1,2,R,4.1000,-9,,3785,390,26,,5.2000,1400,106.9,20.6,247,,2212,360,4.1000,,,,,,217,21,,,,,,,,,,,,,,,,
HH,IE-IGFS,4,IE,45CE,GOV,110,I2,P,6A,24,2014,9,29,0840,34,30,D,55.6690,-8.6640,55.6620,-8.6060,40E1,93,V,,1,2,R,4.3000,-9,,3732,349,26,,5.2000,1400,104.1,20.4,247,,2212,102,4.0000,,,,,,178,9,,,,,,,,,,,,,,,,
HH,IE-IGFS,4,IE,45CE,GOV,110,I2,P,8,25,2014,9,29,1029,34,30,D,55.6250,-8.3210,55.6440,-8.2720,40E1,89,V,,1,2,R,4.1000,-9,,3741,336,26,,5.2000,1400,102.8,20.0,247,,2212,55,4.0000,,,,,,160,7,,,,,,,,,,,,,,,,
HH,IE-IGFS,4,IE,45CE,GOV,110,I2,P,GD6,28,2014,9,29,1748,34,30,D,55.7850,-7.8240,55.7970,-7.7680,40E2,115,V,,1,2,R,4.3000,-9,,3758,390,26,,5.2000,1400,101.7,19.8,247,,2212,69,4.1000,,,,,,164,9,,,,,,,,,,,,,,,,
HH,IE-IGFS,4,IE,45CE,GOV,110,I2,P,12,42,2014,10,2,1239,34,30,D,55.4290,-8.5830,55.4590,-8.6100,39E1,99,V,,1,2,R,4.3000,-9,,3751,366,26,,5.2000,1400,101.8,19.9,247,,2212,332,4.0000,,,,,,199,33,,,,,,,,,,,,,,,,
HH,IE-IGFS,4,IE,45CE,GOV,110,I2,P,11,43,2014,10,2,1524,34,30,D,55.3090,-8.6730,55.3150,-8.7310,39E1,96,V,,1,2,R,4.1000,-9,,3742,366,26,,5.2000,1400,104.9,20.4,247,,2212,280,4.0000,,,,,,190,37,,,,,,,,,,,,,,,,
HH,IE-IGFS,4,IE,45CE,GOV,110,I2,P,FG45,35,2014,10,1,0609,34,30,D,55.3600,-6.3140,55.3280,-6.3310,39E3,167,V,,1,2,R,3.6000,-9,,3722,527,26,,5.2000,1400,112.1,20.6,247,,2212,196,4.0000,,,,,,294,10,,,,,,,,,,,,,,,,
HH,IE-IGFS,4,IE,45CE,GOV,110,I2,P,MAR5,37,2014,10,1,1123,34,30,D,55.5640,-6.7530,55.5810,-6.7030,40E3,125,V,,1,2,R,4.0000,-9,,3678,427,26,,5.2000,1400,105.2,20.4,247,,2212,58,4.0000,,,,,,227,18,,,,,,,,,,,,,,,,
HH,IE-IGFS,4,IE,45CE,GOV,110,S,P,FG67,93,2018,11,22,1011,29,31,D,51.8120,-10.9930,51.8440,-11.0160,32D9,159,V,,1,2,R,3.8000,-9,,3897,499,26,,5.2000,1400,122.7,23.8,247,,998,336,4.1000,,,,,,115,25,,,,,,,,,,,,,,,,
HH,IE-IGFS,4,IE,45CE,GOV,110,S,P,38,94,2018,11,22,1211,29,32,D,52.0120,-10.9430,52.0430,-10.9230,33D9,141,V,,1,2,R,3.8000,-9,,3712,463,26,,5.2000,1400,120.1,23.5,247,,998,21,3.8000,,,,,,99,19,,,,,,,,,,,,,,,,
HH,IE-IGFS,4,IE,45CE,GOV,110,S,P,MB51,95,2018,11,22,1433,28,20,D,51.9630,-10.6770,51.9740,-10.6460,32D9,103,V,,1,2,R,3.8000,-9,,2457,390,26,,5.2000,1400,115.4,22.8,247,,998,60,4.0000,,,,,,100,26,,,,,,,,,,,,,,,,
HH,IE-IGFS,4,IE,45CE,GOV,110,S,P,VMS2,115,2018,11,26,1556,28,30,D,50.8390,-9.4020,50.8240,-9.3570,30E0,121,V,,1,2,R,4.1000,-9,,3582,415,26,,5.2000,1400,115.2,22.9,247,,998,117,3.9000,,,,,,184,13,,,,,,,,,,,,,,,,
HH,IE-IGFS,4,IE,45CE,GOV,110,S,P,FG34,118,2018,11,27,1234,28,30,D,51.1170,-9.2280,51.1170,-9.2810,31E0,115,V,,1,2,R,4.2000,-9,,3711,402,26,,5.2000,1400,115.2,22.6,247,,998,270,4.0000,,,,,,248,21,,,,,,,,,,,,,,,,
HH,IE-IGFS,4,IE,45CE,GOV,110,S,P,MB20,119,2018,11,27,1449,28,30,D,51.1130,-9.6050,51.1040,-9.6490,31E0,121,V,,1,2,R,3.9000,-9,,3240,415,26,,5.2000,1400,116.0,22.5,247,,998,251,3.5000,,,,,,231,16,,,,,,,,,,,,,,,,
HH,IE-IGFS,4,IE,45CE,GOV,110,S,P,FG10,120,2018,11,27,1653,28,19,D,51.2480,-9.8070,51.2630,-9.7870,31E0,111,V,,1,2,R,4.1000,-9,,2175,390,26,,5.2000,1400,111.4,22.1,247,,998,39,3.7000,,,,,,172,16,,,,,,,,,,,,,,,,
HH,IE-IGFS,4,IE,45CE,GOV,110,S,P,FG54,109,2018,11,25,1358,28,30,D,50.5060,-10.0430,50.5180,-10.0920,30D9,142,V,,1,2,R,3.9000,-9,,3723,462,26,,5.2000,1400,119.3,22.9,247,,998,291,4.0000,,,,,,93,16,,,,,,,,,,,,,,,,
HH,IE-IGFS,4,IE,45CE,GOV,110,S,P,FG199,122,2018,11,29,1028,28,30,D,51.2640,-9.2350,51.2960,-9.2190,31E0,119,V,,1,2,R,3.8000,-9,,3731,402,26,,5.2000,1400,119.6,24.2,247,,998,17,4.0000,,,,,,249,27,,,,,,,,,,,,,,,,
HH,IE-IGFS,4,IE,45CE,GOV,110,S,P,FG51,77,2012,11,20,0733,21,30,D,51.3480,-8.1050,51.3540,-8.1570,31E1,92,V,,1,2,R,4.5000,-9,,3683,336,26,,5.2000,1400,106.1,19.9,247,,998,280,4.0000,,,,,,236,19,,,,,,,,,,,,,,,,
HH,IE-IGFS,4,IE,45CE,GOV,110,S,P,FG134,116,2012,11,29,0858,21,30,D,51.4320,-8.3270,51.4190,-8.2770,31E1,86,V,,1,2,R,4.8000,-9,,3766,324,26,,5.2000,1400,99.6,18.8,247,,998,112,4.1000,,,,,,306,4,,,,,,,,,,,,,,,,
HH,IE-IGFS,4,IE,45CE,GOV,55,S,P,FG138,121,2012,12,1,0856,26,32,D,51.9240,-7.3960,51.8950,-7.4280,32E2,57,V,,1,2,R,4.9000,-9,,3906,259,26,,5.2000,1400,77.1,17.7,247,,998,214,3.9000,,,,,,302,5,,,,,,,,,,,,,,,,
HH,IE-IGFS,4,IE,45CE,GOV,110,S,P,FG197,79,2012,11,20,1208,21,30,D,51.2430,-7.6720,51.2470,-7.6190,31E2,94,V,,1,2,R,4.7000,-9,,3727,336,26,,5.2000,1400,104.0,19.8,247,,998,83,4.0000,,,,,,234,20,,,,,,,,,,,,,,,,
HH,IE-IGFS,4,IE,45CE,GOV,110,S,P,FG168,81,2012,11,20,1536,21,30,D,51.2890,-7.2470,51.2970,-7.1960,31E2,88,V,,1,2,R,4.6000,-9,,3667,324,26,,5.2000,1400,103.2,19.5,247,,998,75,4.0000,,,,,,233,20,,,,,,,,,,,,,,,,
HH,IE-IGFS,4,IE,45CE,GOV,110,S,P,FG15,80,2012,11,20,1358,21,30,D,51.3470,-7.4630,51.3280,-7.4220,31E2,84,V,,1,2,R,4.5000,-9,,3554,324,26,,5.2000,1400,104.4,20.0,247,,998,126,3.8000,,,,,,249,22,,,,,,,,,,,,,,,,
HH,IE-IGFS,4,IE,45CE,GOV,110,S,P,FG195,82,2019,11,20,0721,29,30,D,50.0610,-10.0030,50.0760,-9.9570,29D9,130,V,-9,1,2,R,4.2000,-9,-9,3691,450,26,-9,5.2000,1400,118.9,23.3,247,-9.0000,998,63,4.0000,-9.0000,-9,-9.0000,-9,-9.0000,171,14,-9,-9.0000,-9.0,-9.0,-9.00,-9.00,-9,-9,20,-9,-9,-9,-9,-9,-9,-9
HH,IE-IGFS,4,IE,45CE,GOV,110,S,P,CC425,83,2019,11,20,0914,29,30,D,50.1360,-9.6940,50.1330,-9.6440,29E0,131,V,-9,1,2,R,4.2000,-9,-9,3590,450,26,-9,5.2000,1400,119.4,23.4,247,-9.0000,998,95,3.9000,-9.0000,-9,-9.0000,-9,-9.0000,165,15,-9,-9.0000,-9.0,-9.0,-9.00,-9.00,-9,-9,20,-9,-9,-9,-9,-9,-9,-9
HH,IE-IGFS,4,IE,45CE,GOV,110,S,P,FG162,84,2019,11,20,1121,29,30,D,50.3400,-9.3950,50.3630,-9.3580,29E0,124,V,-9,1,2,R,4.1000,-9,-9,3671,438,26,-9,5.2000,1400,119.6,23.6,247,-9.0000,998,45,4.0000,-9.0000,-9,-9.0000,-9,-9.0000,165,15,-9,-9.0000,-9.0,-9.0,-9.00,-9.00,-9,-9,20,-9,-9,-9,-9,-9,-9,-9
HH,IE-IGFS,4,IE,45CE,GOV,110,S,P,FG211,85,2019,11,20,1417,29,30,D,50.4110,-9.8060,50.3820,-9.8080,29E0,124,V,-9,1,2,R,4.1000,-9,-9,3228,438,26,-9,5.2000,1400,118.4,23.6,247,-9.0000,998,182,3.5000,-9.0000,-9,-9.0000,-9,-9.0000,130,18,-9,-9.0000,-9.0,-9.0,-9.00,-9.00,-9,-9,20,-9,-9,-9,-9,-9,-9,-9
HH,IE-IGFS,4,IE,45CE,GOV,110,S,P,FG54,86,2019,11,20,1617,28,30,D,50.5020,-10.0280,50.5150,-10.0780,30D9,137,V,-9,1,2,R,4.0000,-9,-9,3830,474,26,-9,5.2000,1400,121.9,23.1,247,-9.0000,998,292,4.1000,-9.0000,-9,-9.0000,-9,-9.0000,165,17,-9,-9.0000,-9.0,-9.0,-9.00,-9.00,-9,-9,20,-9,-9,-9,-9,-9,-9,-9
HH,IE-IGFS,4,IE,45CE,GOV,110,S,P,FG133,91,2019,11,21,1604,21,30,D,50.5160,-8.0710,50.5330,-8.0280,30E1,116,V,-9,1,2,R,3.9000,-9,-9,3588,427,26,-9,5.2000,1400,119.9,23.2,247,-9.0000,998,58,3.9000,-9.0000,-9,-9.0000,-9,-9.0000,165,7,-9,-9.0000,-9.0,-9.0,-9.00,-9.00,-9,-9,20,-9,-9,-9,-9,-9,-9,-9
HH,IE-IGFS,4,IE,45CE,GOV,110,I2,P,GD5,23,2019,11,4,1352,34,33,D,56.2170,-7.6060,56.1820,-7.6100,41E2,115,V,-9,1,2,R,4.3000,-9,-9,3904,390,26,-9,5.2000,1400,108.1,22.0,247,-9.0000,2212,183,3.8000,-9.0000,-9,-9.0000,-9,-9.0000,51,27,-9,-9.0000,-9.0,-9.0,-9.00,-9.00,-9,-9,20,-9,-9,-9,-9,-9,-9,-9
HH,IE-IGFS,4,IE,45CE,GOV,110,I2,P,MB48,18,2019,11,3,1420,36,18,D,56.2950,-8.1160,56.2880,-8.0830,41E1,176,V,-9,1,2,R,4.1000,-9,-9,2187,570,26,-9,5.2000,1400,117.3,22.9,247,-9.0000,2212,110,3.9000,-9.0000,-9,-9.0000,-9,-9.0000,90,20,-9,-9.0000,-9.0,-9.0,-9.00,-9.00,-9,-9,20,-9,-9,-9,-9,-9,-9,-9
HH,IE-IGFS,4,IE,45CE,GOV,55,I2,P,FG192,22,2019,11,4,1108,33,31,D,56.3200,-7.0340,56.2970,-7.0790,41E2,89,V,-9,1,2,R,4.1000,-9,-9,3783,336,26,-9,5.2000,1400,83.3,22.2,247,-9.0000,2212,227,3.9000,-9.0000,-9,-9.0000,-9,-9.0000,39,22,-9,-9.0000,-9.0,-9.0,-9.00,-9.00,-9,-9,20,-9,-9,-9,-9,-9,-9,-9
HH,IE-IGFS,4,IE,45CE,GOV,55,I2,P,SC583,21,2019,11,4,0908,33,31,D,56.3750,-6.7920,56.4060,-6.7640,41E3,78,V,-9,1,2,R,4.2000,-9,-9,3860,296,26,-9,5.2000,1400,82.4,22.1,247,-9.0000,2212,26,4.0000,-9.0000,-9,-9.0000,-9,-9.0000,20,26,-9,-9.0000,-9.0,-9.0,-9.00,-9.00,-9,-9,20,-9,-9,-9,-9,-9,-9,-9
HH,IE-IGFS,4,IE,45CE,GOV,110,I2,P,FG94,19,2019,11,3,1615,36,21,D,56.3790,-7.8170,56.3930,-7.7900,41E2,174,V,-9,1,2,R,4.2000,-9,-9,2282,540,26,-9,5.2000,1400,118.4,23.7,247,-9.0000,2212,46,3.5000,-9.0000,-9,-9.0000,-9,-9.0000,69,20,-9,-9.0000,-9.0,-9.0,-9.00,-9.00,-9,-9,20,-9,-9,-9,-9,-9,-9,-9
HH,IE-IGFS,4,IE,45CE,GOV,110,I2,P,MB3,37,2019,11,7,1106,36,28,D,56.0260,-8.1660,56.0040,-8.2060,41E1,155,V,-9,1,2,R,4.2000,-9,-9,3496,486,26,-9,5.2000,1400,112.9,22.8,247,-9.0000,2212,225,4.0000,-9.0000,-9,-9.0000,-9,-9.0000,47,13,-9,-9.0000,-9.0,-9.0,-9.00,-9.00,-9,-9,20,-9,-9,-9,-9,-9,-9,-9
HH,IE-IGFS,4,IE,45CE,GOV,55,I2,P,FG116,31,2019,11,6,0920,33,31,D,56.0520,-6.9980,56.0520,-7.0590,41E3,85,V,-9,1,2,R,4.4000,-9,-9,3800,311,26,-9,5.2000,1400,80.0,21.3,247,-9.0000,2212,270,4.0000,-9.0000,-9,-9.0000,-9,-9.0000,144,5,-9,-9.0000,-9.0,-9.0,-9.00,-9.00,-9,-9,20,-9,-9,-9,-9,-9,-9,-9
HH,IE-IGFS,4,IE,45CE,GOV,110,I2,P,FG143,24,2019,11,4,1609,34,26,D,56.0670,-7.4490,56.0480,-7.4150,41E2,107,V,-9,1,2,R,4.2000,-9,-9,2993,378,26,-9,5.2000,1400,108.8,22.7,247,-9.0000,2212,135,3.7000,-9.0000,-9,-9.0000,-9,-9.0000,32,34,-9,-9.0000,-9.0,-9.0,-9.00,-9.00,-9,-9,20,-9,-9,-9,-9,-9,-9,-9
HH,IE-IGFS,4,IE,45CE,GOV,110,S,P,PO174,66,2019,11,16,0924,16,31,D,53.3020,-12.2510,53.3320,-12.2270,35D7,318,V,-9,1,2,R,3.8000,-9,-9,3702,950,26,-9,5.2000,1400,135.2,25.4,247,-9.0000,998,25,3.9000,-9.0000,-9,-9.0000,-9,-9.0000,170,15,-9,-9.0000,-9.0,-9.0,-9.00,-9.00,-9,-9,20,-9,-9,-9,-9,-9,-9,-9
HH,IE-IGFS,4,IE,45CE,GOV,110,S,P,FG80,53,2019,11,13,1425,31,30,D,53.6940,-10.3810,53.7160,-10.3410,36D9,92,V,-9,1,2,R,4.3000,-9,-9,3601,378,26,-9,5.2000,1400,113.6,22.8,247,-9.0000,998,47,3.9000,-9.0000,-9,-9.0000,-9,-9.0000,300,38,-9,-9.0000,-9.0,-9.0,-9.00,-9.00,-9,-9,20,-9,-9,-9,-9,-9,-9,-9
HH,IE-IGFS,4,IE,45CE,GOV,110,S,P,PO9,63,2019,11,15,1406,16,30,D,53.8190,-11.4340,53.7930,-11.4720,36D8,258,V,-9,1,2,R,3.8000,-9,-9,3826,773,26,-9,5.2000,1400,131.2,25.1,247,-9.0000,998,220,4.1000,-9.0000,-9,-9.0000,-9,-9.0000,340,13,-9,-9.0000,-9.0,-9.0,-9.00,-9.00,-9,-9,20,-9,-9,-9,-9,-9,-9,-9
HH,IE-IGFS,4,IE,45CE,GOV,55,S,P,FG83,54,2019,11,13,1701,32,20,D,53.8390,-10.0380,53.8420,-10.0000,36D9,45,V,-9,1,2,R,4.4000,-9,-9,2523,220,26,-9,5.2000,1400,79.7,21.2,247,-9.0000,998,82,4.1000,-9.0000,-9,-9.0000,-9,-9.0000,13,20,-9,-9.0000,-9.0,-9.0,-9.00,-9.00,-9,-9,20,-9,-9,-9,-9,-9,-9,-9
HH,IE-IGFS,4,IE,45CE,GOV,110,S,P,FG76,62,2019,11,15,1208,16,30,D,53.9440,-11.1880,53.9130,-11.2110,36D8,218,V,-9,1,2,R,3.9000,-9,-9,3766,663,26,-9,5.2000,1400,126.4,23.9,247,-9.0000,998,203,4.1000,-9.0000,-9,-9.0000,-9,-9.0000,27,12,-9,-9.0000,-9.0,-9.0,-9.00,-9.00,-9,-9,20,-9,-9,-9,-9,-9,-9,-9
HH,IE-IGFS,4,IE,45CE,GOV,110,S,P,FG175,68,2019,11,16,1331,16,18,D,53.1020,-11.9510,53.0830,-11.9500,35D8,205,V,-9,1,2,R,3.8000,-9,-9,2115,640,26,-9,5.2000,1400,120.0,23.1,247,-9.0000,998,178,3.8000,-9.0000,-9,-9.0000,-9,-9.0000,140,10,-9,-9.0000,-9.0,-9.0,-9.00,-9.00,-9,-9,20,-9,-9,-9,-9,-9,-9,-9
HH,IE-IGFS,4,IE,45CE,GOV,110,S,P,PO189,65,2019,11,16,0729,16,31,D,53.1140,-12.3260,53.1460,-12.3170,35D7,317,V,-9,1,2,R,3.9000,-9,-9,3611,950,26,-9,5.2000,1400,135.4,25.6,247,-9.0000,998,9,3.8000,-9.0000,-9,-9.0000,-9,-9.0000,200,12,-9,-9.0000,-9.0,-9.0,-9.00,-9.00,-9,-9,20,-9,-9,-9,-9,-9,-9,-9
HH,IE-IGFS,4,IE,45CE,GOV,110,S,P,MB52,166,2019,12,11,0811,32,30,D,53.1310,-9.3380,53.1050,-9.3750,35E0,38,V,-9,1,2,R,4.4000,-9,-9,3809,206,26,-9,5.2000,1400,79.6,21.1,247,-9.0000,998,220,4.1000,-9.0000,-9,-9.0000,-9,-9.0000,45,24,-9,-9.0000,-9.0,-9.0,-9.00,-9.00,-9,-9,20,-9,-9,-9,-9,-9,-9,-9
HH,IE-IGFS,4,IE,45CE,GOV,55,S,P,HG1,146,2019,12,4,1200,32,30,D,53.1860,-9.2620,53.1700,-9.3110,35E0,30,V,-9,1,2,R,-9.0000,-9,-9,3728,193,26,-9,5.2000,1400,-9.0,-9.0,247,-9.0000,998,241,4.0000,-9.0000,-9,-9.0000,-9,-9.0000,20,20,-9,-9.0000,-9.0,-9.0,-9.00,-9.00,-9,-9,20,-9,-9,-9,-9,-9,-9,-9
HH,IE-IGFS,4,IE,45CE,GOV,55,S,P,62,168,2019,12,11,1317,32,31,D,53.1910,-9.3920,53.1920,-9.4380,35E0,36,V,-9,1,2,R,4.2000,-9,-9,3076,206,26,-9,5.2000,1400,81.2,21.4,247,-9.0000,998,272,3.2000,-9.0000,-9,-9.0000,-9,-9.0000,359,21,-9,-9.0000,-9.0,-9.0,-9.00,-9.00,-9,-9,20,-9,-9,-9,-9,-9,-9,-9
HH,IE-IGFS,4,IE,45CE,GOV,110,I2,P,GD6,23,2017,10,9,0821,34,30,D,55.7860,-7.8180,55.7980,-7.7620,40E2,117,V,,1,2,R,4.2000,-9,,3758,390,26,,5.2000,1400,103.7,21.3,247,,2212,69,4.1000,,,,,,240,10,,,,,,,,,,,,,,,,
HH,IE-IGFS,4,IE,45CE,GOV,110,I2,P,11,33,2017,10,11,0623,34,31,D,55.3090,-8.6740,55.3150,-8.7330,39E1,96,V,,1,2,R,4.1000,-9,,3805,349,26,,5.2000,1400,108.8,22.1,247,,2212,280,4.0000,,,,,,259,18,,,,,,,,,,,,,,,,
HH,IE-IGFS,4,IE,45CE,GOV,110,I2,P,MM15,34,2017,10,11,0845,34,30,D,55.4700,-8.8820,55.4450,-8.9190,39E1,94,V,,1,2,R,4.1000,-9,,3636,336,26,,5.2000,1400,106.7,21.7,247,,2212,220,3.9000,,,,,,234,14,,,,,,,,,,,,,,,,
HH,IE-IGFS,4,IE,45CE,GOV,110,I2,P,GD9,35,2017,10,11,1052,34,31,D,55.3230,-9.1260,55.2900,-9.1270,39E0,100,V,,1,2,R,4.2000,-9,,3674,366,26,,5.2000,1400,110.0,22.4,247,,2212,180,3.8000,,,,,,255,15,,,,,,,,,,,,,,,,
HH,IE-IGFS,4,IE,45CE,GOV,110,I2,P,28,36,2017,10,11,1401,34,33,D,55.1210,-9.4890,55.1100,-9.5470,39E0,115,V,,1,2,R,4.2000,-9,,3898,402,26,,5.2000,1400,110.8,20.9,247,,2212,251,3.8000,,,,,,304,22,,,,,,,,,,,,,,,,
HH,IE-IGFS,4,IE,45CE,GOV,110,I2,P,MAR4,37,2017,10,11,1706,34,30,D,55.1210,-9.0140,55.0890,-9.0040,39E0,93,V,,1,2,R,4.2000,-9,,3619,349,26,,5.2000,1400,,22.2,247,,2212,169,3.9000,,,,,,295,17,,,,,,,,,,,,,,,,
HH,IE-IGFS,4,IE,45CE,GOV,55,I2,P,MM3,44,2017,10,13,0853,34,31,D,54.6580,-8.9020,54.6720,-8.9530,38E1,91,V,,1,2,R,4.2000,-9,,3641,336,26,,5.2000,1400,83.9,22.3,247,,2212,295,3.8000,,,,,,211,18,,,,,,,,,,,,,,,,
HH,IE-IGFS,4,IE,45CE,GOV,110,S,P,FG196,101,2018,11,23,1655,17,20,D,50.9600,-11.2120,50.9460,-11.1850,30D8,236,V,,1,2,R,3.7000,-9,,2454,718,26,,5.2000,1400,129.6,24.2,247,,998,129,4.0000,,,,,,327,8,,,,,,,,,,,,,,,,
HH,IE-IGFS,4,IE,45CE,GOV,110,S,P,FG64,102,2018,11,24,0803,17,30,D,50.2800,-11.0910,50.2480,-11.1090,29D8,512,V,,1,2,R,3.5000,-9,,3783,151,26,,5.2000,1400,142.4,26.1,247,,998,199,4.1000,,,,,,11,12,,,,,,,,,,,,,,,,
HH,IE-IGFS,4,IE,45CE,GOV,110,S,P,FG69,87,2018,11,21,0748,17,30,D,52.3270,-11.7810,52.3000,-11.7510,33D8,277,V,,1,2,R,3.8000,-9,,3634,164,26,,5.2000,1400,130.7,24.4,247,,998,145,3.9000,,,,,,64,17,,,,,,,,,,,,,,,,
HH,IE-IGFS,4,IE,45CE,GOV,110,S,P,FG70,88,2018,11,21,0951,17,31,D,52.1370,-11.6110,52.1090,-11.5780,33D8,269,V,,1,2,R,3.6000,-9,,3849,200,26,,5.2000,1400,132.4,24.6,247,,998,144,4.0000,,,,,,70,13,,,,,,,,,,,,,,,,
HH,IE-IGFS,4,IE,45CE,GOV,110,S,P,FG74,89,2018,11,21,1210,17,31,D,51.9990,-11.8010,51.9630,-11.8020,32D8,582,V,,1,2,R,3.5000,-9,,4006,1346,26,,5.2000,1400,141.2,26.0,247,,998,180,4.2000,,,,,,82,6,,,,,,,,,,,,,,,,
HH,IE-IGFS,4,IE,45CE,GOV,110,S,P,FG71,90,2018,11,21,1445,17,30,D,51.9110,-11.5230,51.8790,-11.5290,32D8,257,V,,1,2,R,3.6000,-9,,3584,759,26,,5.2000,1400,130.6,24.9,247,,998,186,3.9000,,,,,,164,4,,,,,,,,,,,,,,,,
HH,IE-IGFS,4,IE,45CE,GOV,110,S,P,FG73,91,2018,11,21,1640,17,27,D,51.7680,-11.4010,51.7380,-11.4010,32D8,223,V,,1,2,R,3.5000,-9,,3337,663,26,,5.2000,1400,129.0,24.6,247,,998,180,4.0000,,,,,,175,6,,,,,,,,,,,,,,,,
HH,IE-IGFS,4,IE,45CE,GOV,55,I2,P,MB2,16,2017,10,8,0616,33,31,D,56.1850,-7.8000,56.2090,-7.7570,41E2,92,V,,1,2,R,4.2000,-9,,3777,349,26,,5.2000,1400,86.4,22.4,247,,2212,44,3.9000,,,,,,272,10,,,,,,,,,,,,,,,,
HH,IE-IGFS,4,IE,45CE,GOV,55,I2,P,FG192,18,2017,10,8,1005,33,35,D,56.2960,-7.0790,56.3230,-7.0280,41E2,93,V,,1,2,R,4.1000,-9,,4359,349,26,,5.2000,1400,70.8,19.5,247,,2212,46,4.0000,,,,,,256,13,,,,,,,,,,,,,,,,
HH,IE-IGFS,4,IE,45CE,GOV,55,I2,P,SC583,19,2017,10,8,1203,33,31,D,56.3670,-6.7990,56.3960,-6.7730,41E3,74,V,,1,2,R,4.3000,-9,,3606,288,26,,5.2000,1400,76.9,20.4,247,,2212,26,3.8000,,,,,,254,15,,,,,,,,,,,,,,,,
HH,IE-IGFS,4,IE,45CE,GOV,55,I2,P,FG117,20,2017,10,8,1405,33,30,D,56.2430,-6.7040,56.2180,-6.7440,41E3,64,V,,1,2,R,4.2000,-9,,3728,273,26,,5.2000,1400,78.7,20.9,247,,2212,221,4.0000,,,,,,240,12,,,,,,,,,,,,,,,,
HH,IE-IGFS,4,IE,45CE,GOV,55,I2,P,SC573,21,2017,10,8,1647,33,27,D,55.9360,-6.6640,55.9100,-6.6760,40E3,54,V,,1,2,R,4.2000,-9,,2990,426,26,,5.2000,1400,77.5,20.6,247,,2212,194,3.6000,,,,,,243,17,,,,,,,,,,,,,,,,
HH,IE-IGFS,4,IE,45CE,GOV,55,I2,P,MB7,30,2017,10,10,1142,33,21,D,55.5100,-7.7670,55.5300,-7.7500,40E2,65,V,,1,2,R,4.3000,-9,,2472,273,26,,5.2000,1400,80.2,,247,,2212,25,3.8000,,,,,,224,28,,,,,,,,,,,,,,,,
HH,IE-IGFS,4,IE,45CE,GOV,55,I2,P,FG115,31,2017,10,10,1428,33,22,D,55.2620,-7.5800,55.2390,-7.5830,39E2,19,V,,1,2,R,4.8000,-9,,2567,150,26,,5.2000,1400,67.7,19.2,247,,2212,184,3.8000,,,,,,211,18,,,,,,,,,,,,,,,,
HH,IE-IGFS,4,IE,45CE,GOV,55,I2,P,10,32,2017,10,10,1705,33,33,D,55.2410,-7.9500,55.2090,-7.9150,39E2,40,V,,1,2,R,4.6000,-9,,4201,172,26,,5.2000,1400,70.3,19.7,247,,2212,148,4.1000,,,,,,217,19,,,,,,,,,,,,,,,,
HH,IE-IGFS,4,IE,45CE,GOV,55,I2,P,FG114,24,2017,10,9,1018,33,33,D,55.6500,-7.5860,55.6510,-7.5170,40E2,65,V,,1,2,R,4.5000,-9,,4345,273,26,,5.2000,1400,80.0,,247,,2212,88,4.3000,,,,,,222,10,,,,,,,,,,,,,,,,
HH,IE-IGFS,4,IE,45CE,GOV,55,I2,P,31,25,2017,10,9,1210,33,17,D,55.6610,-7.2180,55.6770,-7.2110,40E2,55,V,,1,2,R,4.7000,-9,,1835,246,26,,5.2000,1400,77.2,20.6,247,,2212,13,3.5000,,,,,,237,8,,,,,,,,,,,,,,,,
HH,IE-IGFS,4,IE,45CE,GOV,55,I2,P,31A,26,2017,10,9,1350,33,30,D,55.8410,-7.0820,55.8720,-7.0610,40E2,52,V,,1,2,R,4.4000,-9,,3693,233,26,,5.2000,1400,76.8,20.7,247,,2212,20,4.0000,,,,,,229,11,,,,,,,,,,,,,,,,
HH,IE-IGFS,4,IE,45CE,GOV,55,I2,P,FG100,38,2017,10,12,0706,33,30,D,55.5020,-7.4280,55.5020,-7.3710,40E2,57,V,,1,2,R,4.0000,-9,,3601,259,26,,5.2000,1400,81.8,,247,,2212,89,3.9000,,,,,,251,21,,,,,,,,,,,,,,,,
HH,IE-IGFS,4,IE,45CE,GOV,55,I2,P,33,39,2017,10,12,0902,33,31,D,55.5360,-7.0860,55.5140,-7.0380,40E2,80,V,,1,2,R,4.1000,-9,,3897,298,26,,5.2000,1400,84.1,20.7,247,,2212,128,4.1000,,,,,,207,15,,,,,,,,,,,,,,,,
HH,IE-IGFS,4,IE,45CE,GOV,55,I2,P,COD2,41,2017,10,12,1444,33,29,D,55.3010,-6.8830,55.3200,-6.9240,39E3,57,V,,1,2,R,4.1000,-9,,3354,233,26,,5.2000,1400,78.9,,247,,2212,309,3.7000,,,,,,195,11,,,,,,,,,,,,,,,,
HH,IE-IGFS,4,IE,45CE,GOV,55,I2,P,MM8,43,2017,10,13,0617,33,33,D,54.8630,-8.6710,54.8740,-8.7290,38E1,61,V,,1,2,R,4.4000,-9,,3919,259,26,,5.2000,1400,78.7,21.4,247,,2212,288,3.8000,,,,,,236,29,,,,,,,,,,,,,,,,
HH,IE-IGFS,4,IE,45CE,GOV,110,I2,P,MB4,22,2017,10,9,0615,36,20,D,55.9990,-7.8040,55.9860,-7.8350,40E2,165,V,,1,2,R,4.0000,-9,,2416,513,26,,5.2000,1400,115.2,22.6,247,,2212,233,3.9000,,,,,,238,12,,,,,,,,,,,,,,,,
HH,IE-IGFS,4,IE,45CE,GOV,110,I2,P,FG108,5,2017,10,5,1736,36,23,D,55.0900,-10.0590,55.1150,-10.0370,39D9,240,V,,1,2,R,4.0000,-9,,3117,704,26,,5.2000,1400,122.1,24.1,247,,2212,26,4.4000,,,,,,328,17,,,,,,,,,,,,,,,,
HH,IE-IGFS,4,IE,45CE,GOV,110,I2,P,FG151,3,2017,10,5,1136,36,23,D,54.9510,-10.1890,54.9700,-10.1630,38D9,241,V,,1,2,R,4.6000,-9,,2692,750,26,,5.2000,1400,122.3,23.8,247,,2212,38,3.8000,,,,,,322,20,,,,,,,,,,,,,,,,
HH,IE-IGFS,4,IE,45CE,GOV,110,I2,P,SC544,8,2017,10,6,1145,36,18,D,55.7940,-8.9940,55.8130,-8.9930,40E1,128,V,,1,2,R,,-9,,2116,427,26,,5.2000,1400,111.7,22.6,247,,2212,1,3.8000,,,,,,197,23,,,,,,,,,,,,,,,,
HH,IE-IGFS,4,IE,45CE,GOV,110,I2,P,MB23,9,2017,10,6,1352,36,31,D,55.9950,-8.8060,56.0050,-8.8510,40E1,132,V,,1,2,R,,-9,,3020,474,26,,5.2000,1400,113.9,22.8,247,,2212,291,3.2000,,,,,,200,30,,,,,,,,,,,,,,,,
HH,IE-IGFS,4,IE,45CE,GOV,110,I2,P,FG118,10,2017,10,6,1606,36,30,D,56.1460,-8.8050,56.1590,-8.7510,41E1,129,V,,1,2,R,,-9,,3654,438,26,,5.2000,1400,113.1,22.8,247,,2212,66,3.9000,,,,,,209,21,,,,,,,,,,,,,,,,
HH,IE-IGFS,4,IE,45CE,GOV,110,I2,P,MMMA3,11,2017,10,7,0618,36,31,D,55.8130,-8.3960,55.8220,-8.3380,40E1,133,V,,1,2,R,4.2000,-9,,3771,432,26,,5.2000,1400,108.6,21.8,247,,2212,74,3.9000,,,,,,287,23,,,,,,,,,,,,,,,,
HH,IE-IGFS,4,IE,45CE,GOV,110,I2,P,FG119,12,2017,10,7,0837,36,18,D,56.0010,-8.3880,56.0170,-8.4040,41E1,144,V,,1,2,R,4.3000,-9,,2041,474,26,,5.2000,1400,111.6,22.3,247,,2212,330,3.7000,,,,,,290,23,,,,,,,,,,,,,,,,
HH,IE-IGFS,4,IE,45CE,GOV,110,I2,P,MM12,13,2017,10,7,1054,36,21,D,56.2280,-8.2350,56.2420,-8.2020,41E1,159,V,,1,2,R,4.2000,-9,,2572,499,26,,5.2000,1400,114.1,22.5,247,,2212,52,4.0000,,,,,,304,20,,,,,,,,,,,,,,,,
HH,IE-IGFS,4,IE,45CE,GOV,110,S,P,FG12,147,2016,12,9,1606,21,30,D,50.5520,-8.6170,50.5830,-8.5830,30E1,121,V,,1,2,R,4.1000,-9,,4206,427,26,,5.2000,1400,116.8,22.9,247,,998,34,4.5000,,,,,,205,13,,,,,,,,,,,,,,,,
HH,IE-IGFS,4,IE,45CE,GOV,110,S,P,FG35,148,2016,12,10,0809,21,30,D,50.8830,-7.7870,50.9070,-7.7490,30E2,105,V,,1,2,R,4.2000,-9,,3778,378,26,,5.2000,1400,113.8,30.4,247,,998,44,4.1000,,,,,,243,4,,,,,,,,,,,,,,,,
HH,IE-IGFS,4,IE,45CE,GOV,110,S,P,FG36,149,2016,12,10,0958,21,30,D,51.0340,-7.5670,51.0530,-7.5250,31E2,101,V,,1,2,R,4.4000,-9,,3625,349,26,,5.2000,1400,112.8,30.0,247,,998,54,3.9000,,,,,,263,4,,,,,,,,,,,,,,,,
HH,IE-IGFS,4,IE,45CE,GOV,110,S,P,FG23,150,2016,12,10,1206,21,30,D,51.1560,-7.4470,51.1800,-7.4110,31E2,105,V,,1,2,R,4.2000,-9,,3670,378,26,,5.2000,1400,113.9,23.0,247,,998,43,4.0000,,,,,,305,9,,,,,,,,,,,,,,,,
HH,IE-IGFS,4,IE,45CE,GOV,110,S,P,FG168,151,2016,12,10,1350,21,30,D,51.2900,-7.2380,51.2970,-7.1880,31E2,93,V,,1,2,R,4.4000,-9,,3573,336,26,,5.2000,1400,110.9,22.8,247,,998,77,3.9000,,,,,,265,4,,,,,,,,,,,,,,,,
HH,IE-IGFS,4,IE,45CE,GOV,110,S,P,FG187,152,2016,12,10,1559,21,30,D,51.3110,-6.9250,51.3400,-6.8980,31E3,117,V,,1,2,R,4.0000,-9,,3735,415,26,,5.2000,1400,115.9,23.1,247,,998,30,4.0000,,,,,,289,12,,,,,,,,,,,,,,,,
HH,IE-IGFS,4,IE,45CE,GOV,110,S,P,CN303,84,2012,11,21,1153,21,30,D,51.1540,-6.4860,51.1210,-6.4770,31E3,98,V,,1,2,R,4.5000,-9,,3724,349,26,,5.2000,1400,106.1,19.7,247,,998,170,4.0000,,,,,,253,12,,,,,,,,,,,,,,,,
HH,IE-IGFS,4,IE,45CE,GOV,110,S,P,CN304,86,2012,11,21,1542,21,30,D,51.1840,-6.1320,51.1520,-6.1450,31E3,101,V,,1,2,R,4.5000,-9,,3674,336,26,,5.2000,1400,110.9,20.9,247,,998,194,4.0000,,,,,,213,19,,,,,,,,,,,,,,,,
HH,IE-IGFS,4,IE,45CE,GOV,110,S,P,112,85,2012,11,21,1343,21,30,D,51.2150,-6.3390,51.2470,-6.3320,31E3,109,V,,1,2,R,4.5000,-9,,3593,378,26,,5.2000,1400,111.6,20.7,247,,998,7,3.9000,,,,,,242,21,,,,,,,,,,,,,,,,
HH,IE-IGFS,4,IE,45CE,GOV,110,S,P,FG39,83,2012,11,21,0928,21,30,D,51.2200,-6.5950,51.1940,-6.6300,31E3,110,V,,1,2,R,4.4000,-9,,3788,378,26,,5.2000,1400,110.0,20.5,247,,998,220,4.1000,,,,,,254,16,,,,,,,,,,,,,,,,
HH,IE-IGFS,4,IE,45CE,GOV,110,S,P,FG40,82,2012,11,21,0728,21,30,D,51.3660,-6.6640,51.3650,-6.7170,31E3,85,V,,1,2,R,4.7000,-9,,3692,324,26,,5.2000,1400,104.0,19.6,247,,998,268,4.0000,,,,,,240,15,,,,,,,,,,,,,,,,
HH,IE-IGFS,4,IE,45CE,GOV,110,S,P,CN308,107,2012,11,27,0733,21,30,D,51.4440,-6.1380,51.4760,-6.1220,31E3,107,V,,1,2,R,4.3000,-9,,3729,390,26,,5.2000,1400,117.5,21.7,247,,998,17,4.0000,,,,,,353,36,,,,,,,,,,,,,,,,
HH,IE-IGFS,4,IE,45CE,GOV,110,S,P,FG133,95,2012,11,24,1312,21,30,D,50.5360,-8.0210,50.5180,-8.0660,30E1,118,V,,1,2,R,4.4000,-9,,3767,415,26,,5.2000,1400,112.3,20.9,247,,998,237,4.1000,,,,,,43,23,,,,,,,,,,,,,,,,
HH,IE-IGFS,4,IE,45CE,GOV,110,S,P,FG12,98,2012,11,25,0736,21,30,D,50.5610,-8.6120,50.5910,-8.5940,30E1,119,V,,1,2,R,4.5000,-9,,3572,402,26,,5.2000,1400,109.8,20.4,247,,998,20,3.9000,,,,,,219,19,,,,,,,,,,,,,,,,
HH,IE-IGFS,4,IE,45CE,GOV,110,I2,P,FG102,45,2014,10,4,0606,34,30,D,54.9730,-9.7090,54.9400,-9.7020,38E0,109,V,,1,2,R,4.1000,-9,,3700,415,26,,5.2000,1400,108.4,20.8,247,,2212,173,4.0000,,,,,,293,14,,,,,,,,,,,,,,,,
HH,IE-IGFS,4,IE,45CE,GOV,110,S,P,CC306,99,2012,11,25,0949,21,30,D,50.6020,-8.8790,50.6280,-8.9140,30E1,118,V,,1,2,R,4.5000,-9,,3808,415,26,,5.2000,1400,111.7,20.5,247,,998,319,4.1000,,,,,,212,25,,,,,,,,,,,,,,,,
HH,IE-IGFS,4,IE,45CE,GOV,110,S,P,FG14,96,2012,11,24,1509,21,30,D,50.6240,-8.2420,50.6430,-8.2000,30E1,125,V,,1,2,R,4.4000,-9,,3646,427,26,,5.2000,1400,115.7,21.2,247,,998,54,3.9000,,,,,,5,30,,,,,,,,,,,,,,,,
HH,IE-IGFS,4,IE,45CE,GOV,110,S,P,FG13,97,2012,11,24,1648,21,30,D,50.7420,-8.2380,50.7600,-8.1940,30E1,113,V,,1,2,R,4.4000,-9,,3694,402,26,,5.2000,1400,113.0,20.8,247,,998,57,4.0000,,,,,,0,30,,,,,,,,,,,,,,,,
HH,IE-IGFS,4,IE,45CE,GOV,110,S,P,VMS1,103,2012,11,26,0915,21,30,D,50.8840,-8.4930,50.9060,-8.4520,30E1,112,V,,1,2,R,4.2000,-9,,3782,402,26,,5.2000,1400,116.1,21.0,247,,998,49,4.1000,,,,,,345,33,,,,,,,,,,,,,,,,
HH,IE-IGFS,4,IE,45CE,GOV,110,S,P,FG140,105,2012,11,26,1403,21,30,D,51.0210,-8.1190,51.0350,-8.0710,31E1,102,V,,1,2,R,4.8000,-9,,3710,366,26,,5.2000,1400,108.3,20.7,247,,998,65,4.0000,,,,,,347,36,,,,,,,,,,,,,,,,
HH,IE-IGFS,4,IE,45CE,GOV,110,S,P,FG16,104,2012,11,26,1220,21,30,D,51.0900,-8.2750,51.1050,-8.2280,31E1,105,V,,1,2,R,4.8000,-9,,3691,378,26,,5.2000,1400,111.9,20.8,247,,998,63,4.0000,,,,,,342,37,,,,,,,,,,,,,,,,
HH,IE-IGFS,4,IE,45CE,GOV,110,S,P,FG141,128,2012,12,3,0743,21,30,D,51.1000,-8.7650,51.1000,-8.8170,31E1,105,V,,1,2,R,4.6000,-9,,3642,390,26,,5.2000,1400,111.6,20.3,247,,998,270,3.9000,,,,,,280,14,,,,,,,,,,,,,,,,
HH,IE-IGFS,4,IE,45CE,GOV,110,S,P,CC330,127,2012,12,2,1518,21,30,D,51.2010,-8.5420,51.1810,-8.5820,31E1,97,V,,1,2,R,4.7000,-9,,3573,365,26,,5.2000,1400,106.9,19.9,247,,998,231,3.9000,,,,,,262,17,,,,,,,,,,,,,,,,
HH,IE-IGFS,4,IE,45CE,GOV,110,S,P,FG13,73,2016,11,20,1607,21,30,D,50.7600,-8.1920,50.7420,-8.2350,30E1,112,V,,1,2,R,4.2000,-9,,3635,402,26,,5.2000,1400,116.9,22.8,247,,998,236,3.9000,,,,,,64,19,,,,,,,,,,,,,,,,
HH,IE-IGFS,4,IE,45CE,GOV,110,S,P,VMS1,74,2016,11,21,0730,21,30,D,50.8790,-8.5060,50.8980,-8.4650,30E1,116,V,,1,2,R,4.1000,-9,,3576,402,26,,5.2000,1400,119.1,23.1,247,,998,53,3.9000,,,,,,24,37,,,,,,,,,,,,,,,,
HH,IE-IGFS,4,IE,45CE,GOV,110,S,P,FG141,75,2016,11,21,1036,21,30,D,51.0980,-8.7680,51.1000,-8.8210,31E1,113,V,,1,2,R,4.2000,-9,,3719,402,26,,5.2000,1400,117.6,22.9,247,,998,273,4.0000,,,,,,11,23,,,,,,,,,,,,,,,,
HH,IE-IGFS,4,IE,45CE,GOV,110,S,P,64,76,2016,11,21,1314,21,30,D,51.2610,-8.7640,51.2610,-8.7100,31E1,102,V,,1,2,R,4.1000,-9,,3769,378,26,,5.2000,1400,117.1,22.4,247,,998,89,4.1000,,,,,,5,34,,,,,,,,,,,,,,,,
HH,IE-IGFS,4,IE,45CE,GOV,110,S,P,FG183,77,2016,11,21,1610,21,30,D,51.4400,-8.5730,51.4570,-8.5270,31E1,92,V,,1,2,R,4.4000,-9,,3715,335,26,,5.2000,1400,110.4,21.8,247,,998,59,4.0000,,,,,,2,38,,,,,,,,,,,,,,,,
HH,IE-IGFS,4,IE,45CE,GOV,110,S,P,FG139,65,2016,11,19,0926,21,30,D,51.5880,-6.2070,51.6210,-6.1880,32E3,116,V,,1,2,R,4.6000,-9,,3900,402,26,,5.2000,1400,115.2,23.1,247,,998,19,4.2000,,,,,,263,14,,,,,,,,,,,,,,,,
HH,IE-IGFS,4,IE,45CE,GOV,110,S,P,40,66,2016,11,19,1131,21,30,D,51.7360,-5.9000,51.7550,-5.8570,32E4,116,V,,1,2,R,4.1000,-9,,3645,415,26,,5.2000,1400,114.2,23.1,247,,998,54,3.9000,,,,,,246,11,,,,,,,,,,,,,,,,
HH,IE-IGFS,4,IE,45CE,GOV,110,S,P,FG26,67,2016,11,19,1328,21,30,D,51.8090,-6.0760,51.8410,-6.0820,32E3,111,V,,1,2,R,4.2000,-9,,3584,402,26,,5.2000,1400,114.8,23.9,247,,998,353,3.9000,,,,,,276,6,,,,,,,,,,,,,,,,
HH,IE-IGFS,4,IE,45CE,GOV,55,S,P,CN307,61,2016,11,18,1140,21,34,D,51.4040,-5.7750,51.4400,-5.7890,31E4,83,V,,1,2,R,,-9,,4121,327,26,,5.2000,1400,80.1,13.9,247,,998,346,3.9000,,,,,,291,28,,,,,,,,,,,,,,,,
HH,IE-IGFS,4,IE,45CE,GOV,110,S,P,CN308,62,2016,11,18,1415,21,30,D,51.4750,-6.1210,51.4440,-6.1380,31E3,109,V,,1,2,R,4.6000,-9,,3645,390,26,,5.2000,1400,122.2,24.1,247,,998,198,3.9000,,,,,,284,20,,,,,,,,,,,,,,,,
HH,IE-IGFS,4,IE,45CE,GOV,110,I2,P,MAR5,40,2017,10,12,1053,34,31,D,55.5630,-6.7500,55.5810,-6.6960,40E3,124,V,,1,2,R,4.1000,-9,,3952,427,26,,5.2000,1400,111.6,20.9,247,,2212,59,4.1000,,,,,,199,15,,,,,,,,,,,,,,,,
HH,IE-IGFS,4,IE,45CE,GOV,110,I2,P,SC575,27,2017,10,9,1546,34,31,D,55.9800,-7.2120,55.9800,-7.2710,40E2,110,V,,1,2,R,4.2000,-9,,3683,390,26,,5.2000,1400,106.5,21.4,247,,2212,270,3.8000,,,,,,210,14,,,,,,,,,,,,,,,,
HH,IE-IGFS,4,IE,45CE,GOV,110,I2,P,8,28,2017,10,10,0614,34,31,D,55.6430,-8.2730,55.6240,-8.3210,40E1,94,V,,1,2,R,4.1000,-9,,3689,3,26,,5.2000,1400,108.8,,247,,2212,234,3.8000,,,,,,262,14,,,,,,,,,,,,,,,,
HH,IE-IGFS,4,IE,45CE,GOV,110,I2,P,6,7,2017,10,6,0957,34,30,D,55.6260,-8.8600,55.6460,-8.9060,40E1,107,V,,1,2,R,4.4000,-9,,3653,366,26,,5.2000,1400,107.8,22.1,247,,2212,307,3.9000,,,,,,198,21,,,,,,,,,,,,,,,,
HH,IE-IGFS,4,IE,45CE,GOV,110,I2,P,FG110,6,2017,10,6,0632,15,30,D,55.4860,-9.5460,55.5020,-9.4970,39E0,260,V,,1,2,R,3.9000,-9,,3572,773,26,,5.2000,1400,123.8,24.1,247,,2212,60,3.9000,,,,,,198,11,,,,,,,,,,,,,,,,
HH,IE-IGFS,4,IE,45CE,GOV,110,I2,P,FG149,1,2017,10,5,0639,15,34,D,54.5780,-10.6120,54.6090,-10.5780,38D9,232,V,,1,2,R,4.2000,-9,,4091,670,26,,5.2000,1400,122.3,24.0,247,,2212,32,3.9000,,,,,,316,21,,,,,,,,,,,,,,,,
HH,IE-IGFS,4,IE,45CE,GOV,110,I2,P,FG113,2,2017,10,5,0852,15,30,D,54.7220,-10.4530,54.7500,-10.4230,38D9,217,V,,1,2,R,,-9,,3667,636,26,,5.2000,1400,120.8,23.6,247,,2212,31,4.0000,,,,,,319,20,,,,,,,,,,,,,,,,
HH,IE-IGFS,4,IE,45CE,GOV,55,S,P,SC554,79,2017,11,13,0715,32,24,D,54.4630,-8.8060,54.4620,-8.8550,37E1,57,V,,1,2,R,4.6000,-9,,3179,225,26,,5.2000,1400,83.7,21.6,247,,998,268,4.3000,,,,,,208,20,,,,,,,,,,,,,,,,
HH,IE-IGFS,4,IE,45CE,GOV,55,S,P,MM1,80,2017,11,13,0949,32,31,D,54.3220,-9.2740,54.3310,-9.3290,37E0,46,V,,1,2,R,4.8000,-9,,3715,206,26,,5.2000,1400,77.4,20.4,247,,998,285,3.9000,,,,,,223,9,,,,,,,,,,,,,,,,
HH,IE-IGFS,4,IE,45CE,GOV,55,S,P,68,50,2017,11,7,0715,32,31,D,52.5540,-9.7580,52.5450,-9.8110,34E0,26,V,,1,2,R,4.9000,-9,,3732,151,26,,5.2000,1400,68.4,19.3,247,,998,254,3.9000,,,,,,288,14,,,,,,,,,,,,,,,,
HH,IE-IGFS,4,IE,45CE,GOV,55,S,P,FG207,47,2017,11,6,0848,32,31,D,52.9850,-9.4800,52.9560,-9.5070,34E0,53,V,,1,2,R,4.8000,-9,,3702,233,26,,5.2000,1400,78.6,21.4,247,,998,209,3.9000,,,,,,189,24,,,,,,,,,,,,,,,,
HH,IE-IGFS,4,IE,45CE,GOV,55,S,P,66,48,2017,11,6,1048,32,32,D,52.8040,-9.6100,52.7700,-9.6240,34E0,61,V,,1,2,R,4.6000,-9,,3899,259,26,,5.2000,1400,82.9,22.2,247,,998,193,3.9000,,,,,,198,20,,,,,,,,,,,,,,,,
HH,IE-IGFS,4,IE,45CE,GOV,110,S,P,FG121,71,2017,11,11,1010,30,31,D,52.7920,-11.8360,52.8270,-11.8320,34D8,186,V,,1,2,R,4.4000,-9,,3904,568,26,,5.2000,1400,122.9,23.5,247,,998,3,4.1000,,,,,,271,24,,,,,,,,,,,,,,,,
HH,IE-IGFS,4,IE,45CE,GOV,110,S,P,FG224,73,2017,11,11,1512,30,31,D,53.1200,-11.6390,53.1540,-11.6420,35D8,160,V,,1,2,R,4.2000,-9,,3789,486,26,,5.2000,1400,122.6,23.3,247,,998,356,4.0000,,,,,,62,12,,,,,,,,,,,,,,,,
HH,IE-IGFS,4,IE,45CE,GOV,110,S,P,111,63,2016,11,18,1633,21,30,D,51.4140,-6.3550,51.3840,-6.3750,31E3,111,V,,1,2,R,4.2000,-9,,3616,402,26,,5.2000,1400,119.4,23.6,247,,998,202,3.9000,,,,,,320,18,,,,,,,,,,,,,,,,
HH,IE-IGFS,4,IE,45CE,GOV,110,I2,P,2,18,2012,9,28,1613,36,29,D,56.3130,-8.3380,56.3090,-8.3940,41E1,147,V,,1,2,R,,-9,,3494,525,26,,5.2000,1400,,,247,,2212,262,3.9000,,,,,,290,25,,,12.6,,,,,,,,,,,,,
HH,IE-IGFS,4,IE,45CE,GOV,55,I2,P,FG116,26,2012,9,30,0842,33,30,D,56.0520,-7.0530,56.0520,-6.9890,41E2,91,V,,1,2,R,4.0000,-9,,3987,320,26,,5.2000,1400,83.2,20.8,247,,2212,89,4.3000,,,,,,237,17,,,13.1,,,,,,,,,,,,,
HH,IE-IGFS,4,IE,45CE,GOV,110,I2,P,93,22,2012,9,29,1319,34,30,D,56.2110,-7.3110,56.2180,-7.2520,41E2,89,V,,1,2,R,4.4000,-9,,3742,315,26,,5.2000,1400,98.7,19.4,247,,2212,77,4.0000,,,,,,269,18,,,13.0,,,,,,,,,,,,,
HH,IE-IGFS,4,IE,45CE,GOV,55,S,P,FG9,175,2016,12,16,0758,27,30,D,51.4580,-9.6330,51.4480,-9.6830,31E0,50,V,,1,2,R,4.3000,-9,,3649,233,26,,5.2000,1400,82.8,21.5,247,,998,252,3.9000,,,,,,315,13,,,,,,,,,,,,,,,,
HH,IE-IGFS,4,IE,45CE,GOV,110,I2,P,GD5,21,2012,9,29,1112,34,30,D,56.2180,-7.6030,56.1850,-7.6070,41E2,104,V,,1,2,R,4.3000,-9,,3682,350,26,,5.2000,1400,102.7,19.8,247,,2212,183,4.0000,,,,,,294,14,,,,,,,,,,,,,,,,
HH,IE-IGFS,4,IE,45CE,GOV,110,S,P,FG37A,78,2012,11,20,0950,21,30,D,51.3630,-7.8540,51.3930,-7.8280,31E2,92,V,,1,2,R,4.6000,-9,,3796,336,26,,5.2000,1400,105.0,20.0,247,,998,28,4.1000,,,,,,218,24,,,,,,,,,,,,,,,,
HH,IE-IGFS,4,IE,45CE,GOV,110,I2,P,18,45,2017,10,13,1106,34,33,D,54.5960,-9.2320,54.5950,-9.2780,38E0,94,V,,1,2,R,4.5000,-9,,2975,348,26,,5.2000,1400,102.9,22.2,247,,2212,267,2.9000,,,,,,229,24,,,,,,,,,,,,,,,,
HH,IE-IGFS,4,IE,45CE,GOV,110,I2,P,MM5,46,2017,10,13,1333,34,32,D,54.7110,-9.5650,54.6890,-9.6070,38E0,100,V,,1,2,R,4.2000,-9,,3650,366,26,,5.2000,1400,107.4,21.8,247,,2212,227,3.7000,,,,,,234,17,,,,,,,,,,,,,,,,
HH,IE-IGFS,4,IE,45CE,GOV,110,I2,P,FG98,42,2017,10,12,1649,34,33,D,55.2790,-6.5290,55.3000,-6.4730,39E3,145,V,,1,2,R,4.1000,-9,,4257,438,26,,5.2000,1400,110.7,22.6,247,,2212,56,4.2000,,,,,,189,20,,,,,,,,,,,,,,,,
HH,IE-IGFS,4,IE,45CE,GOV,55,S,P,FG2,141,2016,12,8,1040,27,30,D,51.6900,-10.2040,51.6790,-10.2560,32D9,76,V,,1,2,R,4.2000,-9,,3798,298,26,,5.2000,1400,87.2,22.5,247,,998,251,4.1000,,,,,,150,15,,,,,,,,,,,,,,,,
HH,IE-IGFS,4,IE,45CE,GOV,110,S,P,FG170,142,2016,12,8,1627,27,30,D,51.4770,-10.4640,51.4580,-10.4210,31D9,130,V,,1,2,R,4.1000,-9,,3660,438,26,,5.2000,1400,118.2,23.2,247,,998,125,3.9000,,,,,,158,19,,,,,,,,,,,,,,,,
HH,IE-IGFS,4,IE,45CE,GOV,55,S,P,FG33,177,2016,12,16,1157,27,29,D,51.4880,-10.0850,51.5090,-10.0440,31D9,71,V,,1,2,R,4.2000,-9,,3683,286,26,,5.2000,1400,84.5,21.9,247,,998,50,4.1000,,,,,,337,14,,,,,,,,,,,,,,,,
HH,IE-IGFS,4,IE,45CE,GOV,55,S,P,FG204,178,2016,12,16,1410,27,30,D,51.5990,-9.8340,51.6190,-9.7910,32E0,57,V,,1,2,R,4.4000,-9,,3718,246,26,,5.2000,1400,84.1,22.1,247,,998,53,4.0000,,,,,,36,7,,,,,,,,,,,,,,,,
HH,IE-IGFS,4,IE,45CE,GOV,55,S,P,FG223,179,2016,12,16,1532,27,30,D,51.6570,-9.6580,51.6730,-9.6140,32E0,42,V,,1,2,R,4.4000,-9,,3526,220,26,,5.2000,1400,81.8,21.9,247,,998,59,3.8000,,,,,,324,7,,,,,,,,,,,,,,,,
HH,IE-IGFS,4,IE,45CE,GOV,110,S,P,FG161,143,2016,12,9,0801,29,30,D,50.3360,-9.7530,50.3610,-9.7060,29E0,130,V,,1,2,R,4.3000,-9,,4350,438,26,,5.2000,1400,117.4,22.7,247,,998,50,4.7000,,,,,,201,18,,,,,,,,,,,,,,,,
HH,IE-IGFS,4,IE,45CE,GOV,110,S,P,FG162,144,2016,12,9,1005,29,30,D,50.3380,-9.3990,50.3610,-9.3610,29E0,128,V,,1,2,R,4.1000,-9,,3722,438,26,,5.2000,1400,119.4,23.2,247,,998,46,4.0000,,,,,,202,17,,,,,,,,,,,,,,,,
HH,IE-IGFS,4,IE,45CE,GOV,110,S,P,FG132,145,2016,12,9,1206,29,30,D,50.5180,-9.1540,50.5200,-9.1020,30E0,130,V,,1,2,R,4.2000,-9,,3694,450,26,,5.2000,1400,118.4,23.0,247,,998,86,4.0000,,,,,,217,16,,,,,,,,,,,,,,,,
HH,IE-IGFS,4,IE,45CE,GOV,110,S,P,FG57,173,2016,12,15,1304,29,30,D,50.8180,-9.7690,50.8360,-9.8200,30E0,122,V,,1,2,R,4.1000,-9,,4113,427,26,,5.2000,1400,119.7,23.0,247,,998,299,4.4000,,,,,,183,24,,,,,,,,,,,,,,,,
HH,IE-IGFS,4,IE,45CE,GOV,110,S,P,84,174,2016,12,15,1450,29,30,D,50.7550,-9.8750,50.7490,-9.9220,30E0,123,V,,1,2,R,4.2000,-9,,3383,427,26,,5.2000,1400,117.9,22.7,247,,998,258,3.6000,,,,,,16,4,,,,,,,,,,,,,,,,
HH,IE-IGFS,4,IE,45CE,GOV,110,S,P,85,171,2016,12,15,0803,29,30,D,50.7560,-9.2130,50.7510,-9.2650,30E0,125,V,,1,2,R,4.4000,-9,,3711,427,26,,5.2000,1400,117.4,22.8,247,,998,261,4.0000,,,,,,175,28,,,,,,,,,,,,,,,,
HH,IE-IGFS,4,IE,45CE,GOV,110,S,P,FG160,83,2016,11,23,0719,29,30,D,50.5440,-10.3710,50.5440,-10.4220,30D9,158,V,,1,2,R,4.0000,-9,,3615,499,26,,5.2000,1400,120.6,22.8,247,,998,270,3.9000,,,,,,51,11,,,,,,,,,,,,,,,,
HH,IE-IGFS,4,IE,45CE,GOV,110,S,P,FG188,84,2016,11,23,0926,29,30,D,50.7260,-10.5290,50.7540,-10.5030,30D9,160,V,,1,2,R,4.3000,-9,,3615,499,26,,5.2000,1400,118.6,22.6,247,,998,30,3.9000,,,,,,52,14,,,,,,,,,,,,,,,,
HH,IE-IGFS,4,IE,45CE,GOV,110,S,P,FG6,85,2016,11,23,1139,29,30,D,50.8440,-10.8380,50.8450,-10.8890,30D9,173,V,,1,2,R,4.1000,-9,,3593,526,26,,5.2000,1400,118.6,22.7,247,,998,271,3.9000,,,,,,51,12,,,,,,,,,,,,,,,,
HH,IE-IGFS,4,IE,45CE,GOV,110,I2,P,GD8,9,2016,9,28,0611,34,17,D,55.2440,-9.5650,55.2310,-9.5880,39E0,112,V,,1,2,R,4.4000,-9,,2058,415,26,,5.2000,1400,105.0,,247,,2212,225,3.9000,,,,,,192,12,,,,,,,,,,,,,,,,
HH,IE-IGFS,4,IE,45CE,GOV,110,I2,P,93,25,2016,10,1,1240,34,31,D,56.2120,-7.2970,56.2190,-7.2380,41E2,95,V,,1,2,R,4.1000,-9,,3742,366,26,,5.2000,1400,102.8,21.1,247,,2212,77,3.9000,,,,,,51,8,,,,,,,,,,,,,,,,
HH,IE-IGFS,4,IE,45CE,GOV,110,I2,P,FG143,28,2016,10,2,0606,34,15,D,56.0650,-7.4450,56.0530,-7.4240,41E2,111,V,,1,2,R,3.9000,-9,,1869,390,26,,5.2000,1400,104.2,21.6,247,,2212,135,4.0000,,,,,,111,6,,,,,,,,,,,,,,,,
HH,IE-IGFS,4,IE,45CE,GOV,110,I2,P,FG45,36,2016,10,3,1148,34,23,D,55.3470,-6.3200,55.3720,-6.3060,39E3,175,V,,1,2,R,3.6000,-9,,2921,527,26,,5.2000,1400,114.5,21.8,247,,2212,17,4.1000,,,,,,149,17,,,,,,,,,,,,,,,,
HH,IE-IGFS,4,IE,45CE,GOV,110,I2,P,MM11,39,2016,10,4,0610,34,25,D,55.8310,-7.6240,55.8090,-7.6500,40E2,122,V,,1,2,R,3.6000,-9,,2942,427,26,,5.2000,1400,110.4,21.8,247,,2212,213,3.8000,,,,,,147,34,,,,,,,,,,,,,,,,
HH,IE-IGFS,4,IE,45CE,GOV,110,I2,P,MB25,40,2016,10,4,0849,34,30,D,55.7610,-8.0470,55.7330,-8.0780,40E1,107,V,,1,2,R,3.9000,-9,,3675,390,26,,5.2000,1400,109.5,18.9,247,,2212,211,4.0000,,,,,,134,21,,,,,,,,,,,,,,,,
HH,IE-IGFS,4,IE,45CE,GOV,110,I2,P,GD2,41,2016,10,4,1106,34,15,D,55.5940,-8.2650,55.5860,-8.2910,40E1,85,V,,1,2,R,4.1000,-9,,1865,324,26,,5.2000,1400,103.6,27.1,247,,2212,241,4.0000,,,,,,143,13,,,,,,,,,,,,,,,,
HH,IE-IGFS,4,IE,45CE,GOV,110,I2,P,12,42,2016,10,4,1331,34,16,D,55.4320,-8.5870,55.4470,-8.6000,39E1,100,V,,1,2,R,,-9,,1861,366,26,,5.2000,1400,104.4,21.2,247,,2212,333,3.8000,,,,,,126,13,,,,,,,,,,,,,,,,
HH,IE-IGFS,4,IE,45CE,GOV,110,I2,P,MM15,43,2016,10,4,1507,34,19,D,55.4810,-8.8690,55.4640,-8.8910,39E1,90,V,,1,2,R,3.9000,-9,,2348,349,26,,5.2000,1400,107.0,29.8,247,,2212,216,4.0000,,,,,,160,11,,,,,,,,,,,,,,,,
HH,IE-IGFS,4,IE,45CE,GOV,110,I2,P,GD9,44,2016,10,4,1708,34,21,D,55.3230,-9.1270,55.3000,-9.1270,39E0,101,V,,1,2,R,3.8000,-9,,2560,366,26,,5.2000,1400,108.1,20.6,247,,2212,180,3.9000,,,,,,156,9,,,,,,,,,,,,,,,,
HH,IE-IGFS,4,IE,45CE,GOV,110,I2,P,MAR4,45,2016,10,5,0609,34,24,D,55.1180,-9.0130,55.0910,-9.0040,39E0,96,V,,1,2,R,4.0000,-9,,3060,349,26,,5.2000,1400,105.7,21.4,247,,2212,169,4.1000,,,,,,142,22,,,,,,,,,,,,,,,,
HH,IE-IGFS,4,IE,45CE,GOV,110,I2,P,27,46,2016,10,5,0846,34,30,D,54.9930,-9.4150,54.9630,-9.3960,38E0,94,V,,1,2,R,3.9000,-9,,3554,349,26,,5.2000,1400,108.2,22.1,247,,2212,160,3.8000,,,,,,141,28,,,,,,,,,,,,,,,,
HH,IE-IGFS,4,IE,45CE,GOV,110,I2,P,FG102,47,2016,10,5,1140,34,30,D,54.9770,-9.7090,54.9440,-9.7020,38E0,110,V,,1,2,R,3.7000,-9,,3700,390,26,,5.2000,1400,110.0,22.2,247,,2212,173,4.0000,,,,,,147,27,,,,,,,,,,,,,,,,
HH,IE-IGFS,4,IE,45CE,GOV,110,I2,P,FG149,1,2016,9,26,0612,15,30,D,54.5800,-10.6100,54.6080,-10.5810,38D9,233,V,,1,2,R,4.0000,-9,,3637,760,26,,5.2000,1400,123.2,,247,,2212,30,3.9000,,,,,,259,9,,,,,,,,,,,,,,,,
HH,IE-IGFS,4,IE,45CE,GOV,110,I2,P,FG110,11,2016,9,28,1109,15,30,D,55.4900,-9.5350,55.5080,-9.4830,39E0,264,V,,1,2,R,3.5000,-9,,3849,773,26,,5.2000,1400,128.4,24.4,247,,2212,58,4.1000,,,,,,218,31,,,,,,,,,,,,,,,,
HH,IE-IGFS,4,IE,45CE,GOV,110,I2,P,94,21,2016,9,30,1601,15,30,D,56.1990,-9.1800,56.1670,-9.1920,41E0,244,V,,1,2,R,3.6000,-9,,3640,691,26,,5.2000,1400,124.4,23.7,247,,2212,191,3.9000,,,,,,302,8,,,,,,,,,,,,,,,,
HH,IE-IGFS,4,IE,45CE,GOV,110,I2,P,FG108,3,2016,9,26,1119,15,30,D,55.0690,-10.0800,55.0980,-10.0510,39D9,238,V,,1,2,R,3.9000,-9,,3721,691,26,,5.2000,1400,121.3,23.9,247,,2212,29,4.0000,,,,,,208,10,,,,,,,,,,,,,,,,
HH,IE-IGFS,4,IE,45CE,GOV,55,S,P,MB27,114,2016,12,2,0737,32,30,D,54.3950,-8.8210,54.4250,-8.8400,37E1,53,V,,1,2,R,4.5000,-9,,3559,248,26,,5.2000,1400,81.6,21.3,247,,998,339,3.8000,,,,,,125,10,,,,,,,,,,,,,,,,
HH,IE-IGFS,4,IE,45CE,GOV,55,S,P,MM1,115,2016,12,2,1000,32,30,D,54.3220,-9.2730,54.3310,-9.3260,37E0,40,V,,1,2,R,4.7000,-9,,3590,233,26,,5.2000,1400,80.5,21.1,247,,998,286,3.9000,,,,,,162,9,,,,,,,,,,,,,,,,
HH,IE-IGFS,4,IE,45CE,GOV,55,S,P,MM1,182,2012,12,15,1220,32,20,D,54.3220,-9.2710,54.3270,-9.3070,37E0,36,V,,1,2,R,5.0000,-9,,2407,,26,,5.2000,1400,75.6,18.8,247,,998,283,3.9000,,,,,,233,21,,,,,,,,,,,,,,,,
HH,IE-IGFS,4,IE,45CE,GOV,55,S,P,20,183,2012,12,15,1400,32,29,D,54.3410,-9.6270,54.3470,-9.6830,37E0,41,V,,1,2,R,5.0000,-9,,3702,,26,,5.2000,1400,75.0,18.6,247,,998,280,4.1000,,,,,,230,23,,,,,,,,,,,,,,,,
HH,IE-IGFS,4,IE,45CE,GOV,110,S,P,SC552,181,2012,12,15,1010,31,30,D,54.4830,-9.5120,54.4830,-9.4570,37E0,83,V,,1,2,R,4.8000,-9,,3564,,26,,5.2000,1400,99.3,18.5,247,,998,89,3.8000,,,,,,224,16,,,,,,,,,,,,,,,,
HH,IE-IGFS,4,IE,45CE,GOV,110,S,P,FG218,180,2012,12,15,0820,31,30,D,54.4880,-9.8990,54.4860,-9.8450,37E0,96,V,,1,2,R,4.8000,-9,,3506,,26,,5.2000,1400,110.2,20.1,247,,998,93,3.8000,,,,,,232,15,,,,,,,,,,,,,,,,
HH,IE-IGFS,4,IE,45CE,GOV,110,I2,P,FG149,1,2012,9,24,1225,15,30,D,54.5910,-10.5990,54.6190,-10.5680,38D9,220,V,,1,2,R,4.0000,-9,,3705,775,26,,5.2000,1400,128.0,,247,,2212,32,4.0000,,,,,,94,12,,,,,,,,,,,,,,,,
HH,IE-IGFS,4,IE,45CE,GOV,110,I2,P,FG113,2,2012,9,24,1424,15,31,D,54.7280,-10.4460,54.7570,-10.4180,38D9,213,V,,1,2,R,4.0000,-9,,3697,700,26,,5.2000,1400,118.0,22.7,247,,2212,29,3.9000,,,,,,73,14,,,,,,,,,,,,,,,,
HH,IE-IGFS,4,IE,45CE,GOV,110,I2,P,FG101,3,2012,9,24,1635,34,30,D,54.7610,-10.0920,54.7890,-10.0690,38D9,104,V,,1,2,R,4.4000,-9,,3450,420,26,,5.2000,1400,112.0,21.2,247,,2212,25,3.7000,,,,,,41,18,,,,,,,,,,,,,,,,
HH,IE-IGFS,4,IE,45CE,GOV,110,,P,MM15,122,2020,12,6,1129,34,20,D,55.4780,-8.8720,55.4600,-8.8980,39E1,91,V,-9,1,2,R,4.7000,-9,-9,2592,336,26,-9,5.2000,1400,103.0,21.2,247,-9.0000,2212,219,4.2000,-9.0000,-9,-9.0000,-9,-9.0000,12,4,-9,-9.0000,-9.0,-9.0,-9.00,-9.00,-9,-9,20,-9,-9,-9,-9,-9,-9,-9
HH,IE-IGFS,4,IE,45CE,GOV,55,,P,FG100,137,2020,12,9,1433,33,18,D,55.5020,-7.3630,55.5020,-7.3960,40E2,58,V,-9,1,2,R,4.6000,-9,-9,2085,259,26,-9,5.2000,1400,80.6,-9.0,247,-9.0000,2212,270,3.7000,-9.0000,-9,-9.0000,-9,-9.0000,145,23,-9,-9.0000,-9.0,-9.0,-9.00,-9.00,-9,-9,20,-9,-9,-9,-9,-9,-9,-9
HH,IE-IGFS,4,IE,45CE,GOV,110,,P,FG110,124,2020,12,6,1628,15,30,D,55.5030,-9.4950,55.4860,-9.5430,40E0,246,V,-9,1,2,R,5.2000,-9,-9,3575,735,26,-9,5.2000,1400,125.2,23.4,247,-9.0000,2212,238,3.9000,-9.0000,-9,-9.0000,-9,-9.0000,115,4,-9,-9.0000,-9.0,-9.0,-9.00,-9.00,-9,-9,20,-9,-9,-9,-9,-9,-9,-9
HH,IE-IGFS,4,IE,45CE,GOV,110,,P,R213,125,2020,12,7,0754,34,20,D,55.5800,-9.1650,55.6020,-9.1650,40E0,112,V,-9,1,2,R,4.6000,-9,-9,2449,402,26,-9,5.2000,1400,110.8,21.1,247,-9.0000,2212,360,4.0000,-9.0000,-9,-9.0000,-9,-9.0000,142,2,-9,-9.0000,-9.0,-9.0,-9.00,-9.00,-9,-9,20,-9,-9,-9,-9,-9,-9,-9
HH,IE-IGFS,4,IE,45CE,GOV,110,,P,6A,126,2020,12,7,1026,34,30,D,55.6710,-8.6740,55.6630,-8.6180,40E1,99,V,-9,1,2,R,4.4000,-9,-9,3634,349,26,-9,5.2000,1400,100.7,20.6,247,-9.0000,2212,104,3.9000,-9.0000,-9,-9.0000,-9,-9.0000,311,4,-9,-9.0000,-9.0,-9.0,-9.00,-9.00,-9,-9,20,-9,-9,-9,-9,-9,-9,-9
HH,IE-IGFS,4,IE,45CE,GOV,55,,P,MM10,136,2020,12,9,1204,33,26,D,55.7300,-7.2600,55.7260,-7.3100,40E2,60,V,-9,1,2,R,4.6000,-9,-9,3172,259,26,-9,5.2000,1400,78.9,20.8,247,-9.0000,2212,261,3.9000,-9.0000,-9,-9.0000,-9,-9.0000,163,26,-9,-9.0000,-9.0,-9.0,-9.00,-9.00,-9,-9,20,-9,-9,-9,-9,-9,-9,-9
HH,IE-IGFS,4,IE,45CE,GOV,110,,P,GD6,129,2020,12,7,1629,34,20,D,55.7850,-7.8200,55.7930,-7.7840,40E2,115,V,-9,1,2,R,4.4000,-9,-9,2427,402,26,-9,5.2000,1400,106.4,21.4,247,-9.0000,2212,68,3.9000,-9.0000,-9,-9.0000,-9,-9.0000,344,12,-9,-9.0000,-9.0,-9.0,-9.00,-9.00,-9,-9,20,-9,-9,-9,-9,-9,-9,-9
HH,IE-IGFS,4,IE,45CE,GOV,110,,P,MMMA3,127,2020,12,7,1237,36,30,D,55.8180,-8.3720,55.8250,-8.3120,40E1,135,V,-9,1,2,R,4.4000,-9,-9,3840,438,26,-9,5.2000,1400,107.2,21.6,247,-9.0000,2212,78,4.1000,-9.0000,-9,-9.0000,-9,-9.0000,336,8,-9,-9.0000,-9.0,-9.0,-9.00,-9.00,-9,-9,20,-9,-9,-9,-9,-9,-9,-9
HH,IE-IGFS,4,IE,45CE,GOV,110,,P,FG95,128,2020,12,7,1450,36,30,D,55.8670,-7.9640,55.8640,-7.9090,40E2,150,V,-9,1,2,R,4.6000,-9,-9,3459,499,26,-9,5.2000,1400,108.4,21.7,247,-9.0000,2212,95,3.7000,-9.0000,-9,-9.0000,-9,-9.0000,245,14,-9,-9.0000,-9.0,-9.0,-9.00,-9.00,-9,-9,20,-9,-9,-9,-9,-9,-9,-9
HH,IE-IGFS,4,IE,45CE,GOV,55,,P,31A,135,2020,12,9,1013,33,30,D,55.8670,-7.0640,55.8380,-7.0850,40E2,53,V,-9,1,2,R,4.8000,-9,-9,3486,259,26,-9,5.2000,1400,78.2,20.9,247,-9.0000,2212,202,3.8000,-9.0000,-9,-9.0000,-9,-9.0000,155,24,-9,-9.0000,-9.0,-9.0,-9.00,-9.00,-9,-9,20,-9,-9,-9,-9,-9,-9,-9
HH,IE-IGFS,4,IE,45CE,GOV,55,,P,SC573,134,2020,12,9,0804,33,30,D,55.9310,-6.6700,55.9000,-6.6790,40E3,56,V,-9,1,2,R,4.4000,-9,-9,3497,246,26,-9,5.2000,1400,78.2,20.9,247,-9.0000,2212,189,3.8000,-9.0000,-9,-9.0000,-9,-9.0000,209,8,-9,-9.0000,-9.0,-9.0,-9.00,-9.00,-9,-9,20,-9,-9,-9,-9,-9,-9,-9
HH,IE-IGFS,4,IE,45CE,GOV,110,,P,28A,133,2020,12,8,1605,36,30,D,55.9590,-7.6530,55.9260,-7.6520,40E2,149,V,-9,1,2,R,4.4000,-9,-9,3674,485,26,-9,5.2000,1400,110.6,22.0,247,-9.0000,2212,179,4.0000,-9.0000,-9,-9.0000,-9,-9.0000,329,33,-9,-9.0000,-9.0,-9.0,-9.00,-9.00,-9,-9,20,-9,-9,-9,-9,-9,-9,-9
HH,IE-IGFS,4,IE,45CE,GOV,110,,P,MB24,132,2020,12,8,1328,36,30,D,56.0290,-8.0670,56.0420,-8.0160,41E1,153,V,-9,1,2,R,4.4000,-9,-9,3493,485,26,-9,5.2000,1400,114.2,22.3,247,-9.0000,2212,65,3.8000,-9.0000,-9,-9.0000,-9,-9.0000,328,34,-9,-9.0000,-9.0,-9.0,-9.00,-9.00,-9,-9,20,-9,-9,-9,-9,-9,-9,-9
HH,IE-IGFS,4,IE,45CE,GOV,110,,P,FG119,131,2020,12,8,1056,36,30,D,56.0330,-8.4200,56.0330,-8.3890,41E1,141,V,-9,1,2,R,4.3000,-9,-9,1932,474,26,-9,5.2000,1400,143.3,22.4,247,-9.0000,2212,89,2.1000,-9.0000,-9,-9.0000,-9,-9.0000,320,39,-9,-9.0000,-9.0,-9.0,-9.00,-9.00,-9,-9,20,-9,-9,-9,-9,-9,-9,-9
HH,IE-IGFS,4,IE,45CE,GOV,110,,P,FG118,130,2020,12,8,0805,36,30,D,56.1420,-8.8230,56.1540,-8.7820,41E1,130,V,-9,1,2,R,4.6000,-9,-9,2877,450,26,-9,5.2000,1400,112.3,22.4,247,-9.0000,2212,62,3.1000,-9.0000,-9,-9.0000,-9,-9.0000,353,40,-9,-9.0000,-9.0,-9.0,-9.00,-9.00,-9,-9,20,-9,-9,-9,-9,-9,-9,-9
HH,IE-IGFS,4,IE,45CE,GOV,110,I2,P,SC552,7,2012,9,26,1555,34,30,D,54.5490,-9.5860,54.5690,-9.5410,38E0,92,V,,1,2,R,4.2000,-9,,3664,400,26,,5.2000,1400,107.8,20.5,247,,2212,52,4.0000,,,,,,12,25,,,14.0,,,,,,,,,,,,,
HH,IE-IGFS,4,IE,45CE,GOV,110,I2,P,18,6,2012,9,26,1339,34,30,D,54.5950,-9.2750,54.5960,-9.3310,38E0,91,V,,1,2,R,4.0000,-9,,3621,380,26,,5.2000,1400,106.6,20.5,247,,2212,271,3.9000,,,,,,30,17,,,,,,,,,,,,,,,,
HH,IE-IGFS,4,IE,45CE,GOV,110,I2,P,26,8,2012,9,26,1823,34,30,D,54.7720,-9.6370,54.8000,-9.6060,38E0,95,V,,1,2,R,3.9000,-9,,3700,400,26,,5.2000,1400,108.9,20.6,247,,2212,32,4.0000,,,,,,24,19,,,13.8,,,,,,,,,,,,,
HH,IE-IGFS,4,IE,45CE,GOV,110,I2,P,FG102,9,2012,9,27,0608,34,30,D,54.9200,-9.7000,54.9530,-9.7050,38E0,96,V,,1,2,R,4.0000,-9,,3687,400,26,,5.2000,1400,106.0,20.7,247,,2212,355,4.0000,,,,,,289,10,,,13.7,,,,,,,,,,,,,
HH,IE-IGFS,4,IE,45CE,GOV,55,I2,P,MB45,5,2012,9,26,1051,33,30,D,54.5680,-8.7110,54.5790,-8.7650,38E1,70,V,,1,2,R,4.1000,-9,,3700,320,26,,5.2000,1400,80.8,20.2,247,,2212,289,4.0000,,,,,,31,11,,,14.8,,,,,,,,,,,,,
HH,IE-IGFS,4,IE,45CE,GOV,55,I2,P,14,4,2012,9,26,0900,33,30,D,54.5810,-8.3520,54.5660,-8.4030,38E1,27,V,,1,2,R,4.3000,-9,,3696,215,26,,5.2000,1400,73.4,18.9,247,,2212,243,4.0000,,,,,,10,20,,,14.0,,,,,,,,,,,,,
HH,IE-IGFS,4,IE,45CE,GOV,55,I2,P,MB44,46,2012,10,3,1421,33,30,D,54.8710,-8.7760,54.8570,-8.8290,38E1,61,V,,1,2,R,4.1000,-9,,3743,275,26,,5.2000,1400,72.6,19.1,247,,2212,245,4.0000,,,,,,303,8,,,13.6,,,,,,,,,,,,,
HH,IE-IGFS,4,IE,45CE,GOV,110,I2,P,28,11,2012,9,27,1114,34,30,D,55.1090,-9.5590,55.1190,-9.5030,39E0,112,V,,1,2,R,4.0000,-9,,3742,450,26,,5.2000,1400,109.4,20.7,247,,2212,72,4.0000,,,,,,235,19,,,13.7,,,,,,,,,,,,,
HH,IE-IGFS,4,IE,45CE,GOV,55,I2,P,FG117,25,2012,9,30,0611,33,29,D,56.1860,-6.7460,56.1860,-6.8050,41E3,60,V,,1,2,R,4.5000,-9,,3663,230,26,,5.2000,1400,73.1,18.8,247,,2212,270,4.1000,,,,,,242,19,,,13.1,,,,,,,,,,,,,
HH,IE-IGFS,4,IE,45CE,GOV,55,I2,P,SC583,24,2012,9,29,1648,33,30,D,56.3940,-6.7740,56.3650,-6.8020,41E3,74,V,,1,2,R,4.4000,-9,,3663,280,26,,5.2000,1400,75.3,19.3,247,,2212,208,3.9000,,,,,,227,15,,,,,,,,,,,,,,,,
HH,IE-IGFS,4,IE,45CE,GOV,110,I2,P,FG108,10,2012,9,27,0847,36,30,D,55.0970,-10.0540,55.1260,-10.0260,39D9,234,V,,1,2,R,3.9000,-9,,3689,760,26,,5.2000,1400,122.1,22.4,247,,2212,28,4.0000,,,,,,248,13,,,12.9,,,,,,,,,,,,,
HH,IE-IGFS,4,IE,45CE,GOV,55,I2,P,10,37,2012,10,2,0607,33,30,D,55.2070,-7.9120,55.2340,-7.9430,39E2,20,V,,1,2,R,4.8000,-9,,3595,150,26,,5.2000,1400,63.2,16.7,247,,2212,326,3.9000,,,,,,223,13,,,,,,,,,,,,,,,,
HH,IE-IGFS,4,IE,45CE,GOV,110,S,P,FG183,115,2012,11,29,0728,21,30,D,51.4420,-8.5610,51.4570,-8.5130,31E1,94,V,,1,2,R,4.8000,-9,,3730,349,26,,5.2000,1400,102.2,19.3,247,,998,63,4.0000,,,,,,293,5,,,,,,,,,,,,,,,,
HH,IE-IGFS,4,IE,45CE,GOV,110,S,P,FG17A,117,2012,11,29,1031,21,30,D,51.4840,-8.1410,51.5050,-8.0980,31E1,85,V,,1,2,R,4.8000,-9,,3791,324,26,,5.2000,1400,100.2,18.8,247,,998,51,4.1000,,,,,,219,3,,,,,,,,,,,,,,,,
HH,IE-IGFS,4,IE,45CE,GOV,55,S,P,FG201,124,2012,12,2,0743,26,29,D,51.5020,-7.1740,51.5000,-7.2270,32E2,75,V,,1,2,R,4.6000,-9,,3686,311,26,,5.2000,1400,80.2,20.2,247,,998,266,4.1000,,,,,,163,12,,,,,,,,,,,,,,,,
HH,IE-IGFS,4,IE,45CE,GOV,110,I2,P,6A,41,2012,10,2,1659,34,31,D,55.6620,-8.6100,55.6690,-8.6680,40E1,88,V,,1,2,R,4.2000,-9,,3732,340,26,,5.2000,1400,103.9,20.2,247,,2212,282,3.9000,,,,,,299,8,,,12.5,,,,,,,,,,,,,
HH,IE-IGFS,4,IE,45CE,GOV,110,I2,P,SC544,15,2012,9,28,0824,36,32,D,55.7990,-8.9910,55.8350,-8.9920,40E1,125,V,,1,2,R,3.8000,-9,,4008,455,26,,5.2000,1400,114.4,22.0,247,,2212,359,4.1000,,,,,,278,31,,,,,,,,,,,,,,,,
HH,IE-IGFS,4,IE,45CE,GOV,110,I2,P,MMMA3,40,2012,10,2,1445,36,30,D,55.8230,-8.3320,55.8150,-8.3860,40E1,137,V,,1,2,R,3.9000,-9,,3500,525,26,,5.2000,1400,113.4,21.0,247,,2212,255,3.8000,,,,,,255,11,,,12.5,,,,,,,,,,,,,
HH,IE-IGFS,4,IE,45CE,GOV,110,I2,P,MB23,16,2012,9,28,1055,36,30,D,55.9970,-8.8170,56.0090,-8.8700,40E1,126,V,,1,2,R,4.1000,-9,,3566,500,26,,5.2000,1400,116.0,22.1,247,,2212,292,3.8000,,,,,,272,27,,,,,,,,,,,,,,,,
HH,IE-IGFS,4,IE,45CE,GOV,55,I2,P,SC573,27,2012,9,30,1045,33,30,D,55.9220,-6.6710,55.8910,-6.6800,40E3,50,V,,1,2,R,5.0000,-9,,3497,175,26,,5.2000,1400,65.7,17.9,247,,2212,189,3.8000,,,,,,237,19,,,13.5,,,,,,,,,,,,,
HH,IE-IGFS,4,IE,45CE,GOV,110,I2,P,MB3,39,2012,10,2,1240,36,31,D,56.0170,-8.1810,55.9950,-8.2250,41E1,146,V,,1,2,R,4.1000,-9,,3678,525,26,,5.2000,1400,112.8,21.3,247,,2212,228,3.8000,,,,,,255,17,,,,,,,,,,,,,,,,
HH,IE-IGFS,4,IE,45CE,GOV,110,I2,P,FG108,2,2013,9,26,1240,36,30,D,55.0830,-10.0680,55.1120,-10.0390,39D9,231,V,,1,2,R,3.8000,-9,,3721,760,26,,5.2000,1400,123.0,22.9,247,,2212,29,4.0000,,,,,,147,9,,,,,,,,,,,,,,,,
HH,IE-IGFS,4,IE,45CE,GOV,110,I2,P,SC544,7,2013,9,27,1030,36,29,D,55.7910,-8.9900,55.8250,-8.9920,40E1,124,V,,1,2,R,4.0000,-9,,3787,438,26,,5.2000,1400,110.5,21.3,247,,2212,358,4.2000,,,,,,161,10,,,,,,,,,,,,,,,,
HH,IE-IGFS,4,IE,45CE,GOV,110,I2,P,R213,6,2013,9,27,0829,34,30,D,55.5810,-9.1650,55.6130,-9.1650,40E0,103,V,,1,2,R,4.1000,-9,,3562,400,26,,5.2000,1400,108.2,20.7,247,,2212,360,3.8000,,,,,,159,9,,,,,,,,,,,,,,,,
HH,IE-IGFS,4,IE,45CE,GOV,110,I2,P,28,3,2013,9,26,1520,34,30,D,55.1090,-9.5590,55.1180,-9.5060,39E0,112,V,,1,2,R,4.2000,-9,,3527,427,26,,5.2000,1400,107.0,20.1,247,,2212,73,3.8000,,,,,,118,8,,,,,,,,,,,,,,,,
HH,IE-IGFS,4,IE,45CE,GOV,110,I2,P,R217,4,2013,9,26,1736,34,30,D,55.3340,-9.3390,55.3570,-9.2970,39E0,102,V,,1,2,R,4.3000,-9,,3695,380,26,,5.2000,1400,106.6,20.5,247,,2212,46,4.0000,,,,,,128,6,,,,,,,,,,,,,,,,
HH,IE-IGFS,4,IE,45CE,GOV,110,I2,P,GD5,14,2013,9,28,1303,34,29,D,56.2280,-7.6070,56.1940,-7.6070,41E2,103,V,,1,2,R,4.1000,-9,,3785,378,26,,5.2000,1400,102.3,19.7,247,,2212,180,4.2000,,,,,,134,12,,,,,,,,,,,,,,,,
HH,IE-IGFS,4,IE,45CE,GOV,110,I2,P,FG45,21,2013,9,30,0617,34,30,D,55.3700,-6.3080,55.3390,-6.3260,39E3,160,V,,1,2,R,3.5000,-9,,3635,570,26,,5.2000,1400,111.4,20.8,247,,2212,198,3.9000,,,,,,110,23,,,,,,,,,,,,,,,,
HH,IE-IGFS,4,IE,45CE,GOV,110,I2,P,93,17,2013,9,29,0613,34,30,D,56.2110,-7.3100,56.2170,-7.2510,41E2,88,V,,1,2,R,4.2000,-9,,3721,360,26,,5.2000,1400,101.2,19.4,247,,2212,79,4.0000,,,,,,115,20,,,,,,,,,,,,,,,,
HH,IE-IGFS,4,IE,45CE,GOV,110,I2,P,SC575,27,2013,10,1,0615,34,30,D,55.9800,-7.2710,55.9800,-7.2130,40E2,108,V,,1,2,R,4.0000,-9,,3620,412,26,,5.2000,1400,104.9,19.8,247,,2212,89,3.9000,,,,,,119,24,,,,,,,,,,,,,,,,
HH,IE-IGFS,4,IE,45CE,GOV,55,I2,P,MAR5,25,2013,9,30,1441,34,32,D,55.5560,-6.7690,55.5740,-6.7220,40E3,101,V,,1,2,R,3.7000,-9,,3578,415,26,,5.2000,1400,84.3,20.8,247,,2212,55,3.6000,,,,,,108,21,,,,,,,,,,,,,,,,
HH,IE-IGFS,4,IE,45CE,GOV,110,I2,P,FG118,17,2012,9,28,1303,36,30,D,56.1460,-8.8060,56.1590,-8.7530,41E1,117,V,,1,2,R,4.2000,-9,,3597,420,26,,5.2000,1400,109.1,21.2,247,,2212,66,3.9000,,,,,,278,27,,,,,,,,,,,,,,,,
HH,IE-IGFS,4,IE,45CE,GOV,110,I2,P,6A,35,2013,10,2,1136,34,30,D,55.6710,-8.6730,55.6640,-8.6180,40E1,89,V,,1,2,R,4.3000,-9,,3547,,26,,5.2000,1400,105.8,20.2,247,,2212,102,3.8000,,,,,,119,15,,,,,,,,,,,,,,,,
HH,IE-IGFS,4,IE,45CE,GOV,110,S,P,89,74,2017,11,11,1712,30,23,D,53.1750,-11.3360,53.1880,-11.3010,35D8,146,V,,1,2,R,4.2000,-9,,2751,462,26,,5.2000,1400,116.9,22.3,247,,998,58,3.9000,,,,,,69,15,,,,,,,,,,,,,,,,
HH,IE-IGFS,4,IE,45CE,GOV,110,S,P,FG81,75,2017,11,12,0716,30,30,D,53.7500,-10.7350,53.7820,-10.7410,36D9,150,V,,1,2,R,4.1000,-9,,3583,462,26,,5.2000,1400,119.3,22.5,247,,998,353,3.9000,,,,,,343,27,,,,,,,,,,,,,,,,
HH,IE-IGFS,4,IE,45CE,GOV,110,S,P,MB28,89,2017,11,15,0722,30,32,D,53.4290,-10.8590,53.3980,-10.8830,35D9,136,V,,1,2,R,4.2000,-9,,3801,450,26,,5.2000,1400,113.6,21.8,247,,998,204,3.8000,,,,,,181,18,,,,,,,,,,,,,,,,
HH,IE-IGFS,4,IE,45CE,GOV,110,S,P,MB12,90,2017,11,15,1016,30,33,D,53.0920,-10.9880,53.0760,-10.9340,35D9,134,V,,1,2,R,4.3000,-9,,4032,438,26,,5.2000,1400,117.4,22.7,247,,998,116,4.0000,,,,,,204,11,,,,,,,,,,,,,,,,
HH,IE-IGFS,4,IE,45CE,GOV,110,S,P,52,91,2017,11,15,1159,30,34,D,53.1530,-10.7380,53.1790,-10.6930,35D9,126,V,,1,2,R,4.3000,-9,,4174,427,26,,5.2000,1400,115.6,22.5,247,,998,46,4.0000,,,,,,103,15,,,,,,,,,,,,,,,,
HH,IE-IGFS,4,IE,45CE,GOV,110,S,P,56,92,2017,11,15,1452,31,31,D,53.1150,-10.2010,53.0820,-10.1900,35D9,109,V,,1,2,R,4.2000,-9,,3745,378,26,,5.2000,1400,113.6,22.2,247,,998,168,3.9000,,,,,,211,17,,,,,,,,,,,,,,,,
HH,IE-IGFS,4,IE,45CE,GOV,110,S,P,MB10,81,2017,11,13,1137,31,30,D,54.4650,-9.4090,54.4870,-9.4500,37E0,88,V,,1,2,R,4.5000,-9,,3614,324,26,,5.2000,1400,106.8,21.1,247,,998,312,3.9000,,,,,,226,25,,,,,,,,,,,,,,,,
HH,IE-IGFS,4,IE,45CE,GOV,110,I2,P,FG102,46,2014,10,4,0832,34,30,D,54.7090,-9.5710,54.6870,-9.6130,38E0,99,V,,1,2,R,4.1000,-9,,3651,366,26,,5.2000,1400,108.2,18.9,247,,2212,227,3.9000,,,,,,281,15,,,,,,,,,,,,,,,,
HH,IE-IGFS,4,IE,45CE,GOV,110,I2,P,FG112,14,2014,9,27,1321,15,30,D,56.0080,-9.2160,56.0400,-9.2010,41E0,235,V,,1,2,R,4.0000,-9,,3683,745,26,,5.2000,1400,122.9,23.1,247,,2212,14,4.0000,,,,,,199,21,,,,,,,,,,,,,,,,
HH,IE-IGFS,4,IE,45CE,GOV,110,I2,P,FG110,11,2014,9,27,0617,15,30,D,55.5090,-9.4780,55.4920,-9.5290,40E0,241,V,,1,2,R,3.8000,-9,,3737,718,26,,5.2000,1400,112.8,,247,,2212,239,4.0000,,,,,,225,19,,,,,,,,,,,,,,,,
HH,IE-IGFS,4,IE,45CE,GOV,110,S,P,FG6,80,2019,11,19,1222,29,30,D,50.8460,-10.8990,50.8450,-10.8490,30D9,174,V,-9,1,2,R,4.0000,-9,-9,3523,554,26,-9,5.2000,1400,120.8,23.1,247,-9.0000,998,91,3.8000,-9.0000,-9,-9.0000,-9,-9.0000,195,20,-9,-9.0000,-9.0,-9.0,-9.00,-9.00,-9,-9,20,-9,-9,-9,-9,-9,-9,-9
HH,IE-IGFS,4,IE,45CE,GOV,110,S,P,FG35,96,2019,11,22,1638,21,30,D,50.8720,-7.8030,50.9070,-7.7500,30E2,101,V,-9,1,2,R,4.1000,-9,-9,5391,390,26,-9,5.2000,1400,114.2,22.8,247,-9.0000,998,43,5.8000,-9.0000,-9,-9.0000,-9,-9.0000,10,8,-9,-9.0000,-9.0,-9.0,-9.00,-9.00,-9,-9,20,-9,-9,-9,-9,-9,-9,-9
HH,IE-IGFS,4,IE,45CE,GOV,110,S,P,FG11,132,2019,11,30,1522,21,31,D,50.8870,-8.8900,50.8550,-8.8930,30E1,117,V,-9,1,2,R,4.2000,-9,-9,3566,390,26,-9,5.2000,1400,116.1,23.0,247,-9.0000,998,183,3.7000,-9.0000,-9,-9.0000,-9,-9.0000,89,26,-9,-9.0000,-9.0,-9.0,-9.00,-9.00,-9,-9,20,-9,-9,-9,-9,-9,-9,-9
HH,IE-IGFS,4,IE,45CE,GOV,110,S,P,VMS1,131,2019,11,30,1243,21,30,D,50.9040,-8.4520,50.8830,-8.4940,30E1,112,V,-9,1,2,R,4.1000,-9,-9,3766,390,26,-9,5.2000,1400,120.2,23.4,247,-9.0000,998,231,4.1000,-9.0000,-9,-9.0000,-9,-9.0000,97,23,-9,-9.0000,-9.0,-9.0,-9.00,-9.00,-9,-9,20,-9,-9,-9,-9,-9,-9,-9
HH,IE-IGFS,4,IE,45CE,GOV,110,S,P,FG169,133,2019,12,1,0725,28,30,D,50.9300,-9.3010,50.8980,-9.3010,30E0,122,V,-9,1,2,R,4.1000,-9,-9,3559,427,26,-9,5.2000,1400,118.7,23.6,247,-9.0000,998,180,3.8000,-9.0000,-9,-9.0000,-9,-9.0000,-9,11,-9,-9.0000,-9.0,-9.0,-9.00,-9.00,-9,-9,20,-9,-9,-9,-9,-9,-9,-9
HH,IE-IGFS,4,IE,45CE,GOV,110,S,P,CC307,92,2019,11,22,0722,21,30,D,50.6450,-7.2780,50.6490,-7.3300,30E2,100,V,-9,1,2,R,4.0000,-9,-9,3704,390,26,-9,5.2000,1400,118.7,23.2,247,-9.0000,998,276,4.0000,-9.0000,-9,-9.0000,-9,-9.0000,250,6,-9,-9.0000,-9.0,-9.0,-9.00,-9.00,-9,-9,20,-9,-9,-9,-9,-9,-9,-9
HH,IE-IGFS,4,IE,45CE,GOV,110,I2,P,149,2,2014,9,25,1023,15,30,D,54.5810,-10.6110,54.6090,-10.5790,38D9,228,V,,1,2,R,4.2000,-9,,3740,704,26,,5.2000,1400,120.3,22.8,247,,2212,33,4.0000,,,,,,258,21,,,,,,,,,,,,,,,,
HH,IE-IGFS,4,IE,45CE,GOV,110,I2,P,FG109,5,2014,9,25,1807,15,30,D,55.3190,-9.8790,55.3450,-9.8420,39E0,260,V,,1,2,R,3.9000,-9,,3727,732,26,,5.2000,1400,116.1,21.9,247,,2212,38,4.0000,,,,,,230,27,,,,,,,,,,,,,,,,
HH,IE-IGFS,4,IE,45CE,GOV,55,S,P,MB27,50,2014,11,15,0753,32,30,D,54.4240,-8.8410,54.3930,-8.8200,37E1,57,V,,1,2,R,4.8000,-9,,3710,260,26,,5.2000,1400,79.8,19.7,247,,998,158,4.0000,,,,,,139,15,,,,,,,,,,,,,,,,
HH,IE-IGFS,4,IE,45CE,GOV,55,S,P,MM1,51,2014,11,15,1025,32,30,D,54.3220,-9.2710,54.3300,-9.3260,37E0,39,V,,1,2,R,4.9000,-9,,3687,200,26,,5.2000,1400,74.7,18.7,247,,998,284,4.0000,,,,,,146,4,,,,,,,,,,,,,,,,
HH,IE-IGFS,4,IE,45CE,GOV,55,S,P,20,52,2014,11,15,1220,32,30,D,54.3400,-9.6240,54.3470,-9.6790,37E0,43,V,,1,2,R,4.9000,-9,,3660,207,26,,5.2000,1400,73.6,18.4,247,,998,282,3.9000,,,,,,122,15,,,,,,,,,,,,,,,,
HH,IE-IGFS,4,IE,45CE,GOV,55,S,P,FG83,55,2014,11,16,1058,32,30,D,53.8440,-9.9860,53.8390,-10.0410,36E0,36,V,,1,2,R,4.8000,-9,,3662,210,26,,5.2000,1400,75.2,18.8,247,,998,261,3.9000,,,,,,97,8,,,,,,,,,,,,,,,,
HH,IE-IGFS,4,IE,45CE,GOV,55,S,P,58,175,2014,12,15,1513,32,30,D,53.1230,-9.9370,53.1030,-9.8930,35E0,88,V,,1,2,R,4.5000,-9,,3692,335,26,,5.2000,1400,83.3,20.4,247,,998,127,4.0000,,,,,,322,14,,,,,,,,,,,,,,,,
HH,IE-IGFS,4,IE,45CE,GOV,55,S,P,68,179,2014,12,16,0804,32,30,D,52.5530,-9.7650,52.5440,-9.8150,34E0,17,V,,1,2,R,4.9000,-9,,3536,178,26,,5.2000,1400,69.9,17.8,247,,998,253,3.8000,,,,,,242,6,,,,,,,,,,,,,,,,
HH,IE-IGFS,4,IE,45CE,GOV,55,S,P,66,181,2014,12,16,1304,32,30,D,52.7700,-9.6230,52.8020,-9.6090,34E0,48,V,,1,2,R,4.6000,-9,,3684,247,26,,5.2000,1400,77.9,19.3,247,,998,14,4.0000,,,,,,182,13,,,,,,,,,,,,,,,,
HH,IE-IGFS,4,IE,45CE,GOV,110,S,P,FG121,164,2014,12,13,0807,30,21,D,52.7860,-11.8370,52.8100,-11.8330,34D8,178,V,,1,2,R,4.0000,-9,,2684,566,26,,5.2000,1400,122.1,21.4,247,,998,5,4.1000,,,,,,304,17,,,,,,,,,,,,,,,,
HH,IE-IGFS,4,IE,45CE,GOV,110,S,P,90,165,2014,12,13,1027,30,36,D,52.7530,-11.4940,52.7260,-11.5280,34D8,140,V,,1,2,R,4.1000,-9,,3781,475,26,,5.2000,1400,118.1,21.4,247,,998,217,3.4000,,,,,,282,17,,,,,,,,,,,,,,,,
HH,IE-IGFS,4,IE,45CE,GOV,110,S,P,MB12,170,2014,12,14,1330,30,22,D,53.0890,-10.9770,53.0770,-10.9390,35D9,127,V,,1,2,R,4.4000,-9,,2875,448,26,,5.2000,1400,115.1,21.1,247,,998,117,4.2000,,,,,,303,25,,,,,,,,,,,,,,,,
HH,IE-IGFS,4,IE,45CE,GOV,110,S,P,MB13,171,2014,12,14,1613,30,29,D,53.2530,-10.9890,53.2840,-10.9720,35D9,133,V,,1,2,R,4.3000,-9,,3631,460,26,,5.2000,1400,115.2,21.1,247,,998,18,4.0000,,,,,,296,25,,,,,,,,,,,,,,,,
HH,IE-IGFS,4,IE,45CE,GOV,110,S,P,FG82,54,2014,11,16,0742,30,30,D,53.8990,-10.5860,53.8730,-10.5520,36D9,135,V,,1,2,R,4.4000,-9,,3656,460,26,,5.2000,1400,114.1,21.1,247,,998,142,3.9000,,,,,,99,16,,,,,,,,,,,,,,,,
HH,IE-IGFS,4,IE,45CE,GOV,110,S,P,FG103,62,2014,11,17,1704,30,20,D,53.4360,-11.6540,53.4180,-11.6740,35D8,196,V,,1,2,R,4.4000,-9,,2404,608,26,,5.2000,1400,118.5,21.4,247,,998,213,3.9000,,,,,,24,6,,,,,,,,,,,,,,,,
HH,IE-IGFS,4,IE,45CE,GOV,110,S,P,95,57,2014,11,16,1706,30,26,D,53.7240,-10.8710,53.7510,-10.8600,36D9,151,V,,1,2,R,4.4000,-9,,3091,490,26,,5.2000,1400,116.0,21.0,247,,998,13,3.8000,,,,,,11,11,,,,,,,,,,,,,,,,
HH,IE-IGFS,4,IE,45CE,GOV,110,S,P,21,48,2014,11,14,1340,30,30,D,54.1580,-10.6910,54.1880,-10.6710,37D9,175,V,,1,2,R,4.4000,-9,,3585,540,26,,5.2000,1400,120.0,22.4,247,,998,21,3.9000,,,,,,167,28,,,,,,,,,,,,,,,,
HH,IE-IGFS,4,IE,45CE,GOV,110,S,P,22,49,2014,11,14,1548,31,30,D,54.2880,-10.3750,54.3000,-10.3220,37D9,125,V,,1,2,R,4.5000,-9,,3700,436,26,,5.2000,1400,106.0,19.5,247,,998,68,4.0000,,,,,,176,18,,,,,,,,,,,,,,,,
HH,IE-IGFS,4,IE,45CE,GOV,110,S,P,FG218,53,2014,11,15,1423,31,19,D,54.4860,-9.8420,54.4870,-9.8780,37E0,98,V,,1,2,R,4.7000,-9,,2335,366,26,,5.2000,1400,108.9,20.2,247,,998,272,4.0000,,,,,,124,17,,,,,,,,,,,,,,,,
HH,IE-IGFS,4,IE,45CE,GOV,110,S,P,FG80,56,2014,11,16,1304,31,21,D,53.7140,-10.3470,53.6980,-10.3740,36D9,87,V,,1,2,R,4.5000,-9,,2519,335,26,,5.2000,1400,106.2,20.2,247,,998,224,3.9000,,,,,,24,5,,,,,,,,,,,,,,,,
HH,IE-IGFS,4,IE,45CE,GOV,110,S,P,52,172,2014,12,15,0803,31,30,D,53.1520,-10.7380,53.1740,-10.7010,35D9,118,V,,1,2,R,4.6000,-9,,3481,438,26,,5.2000,1400,111.4,20.6,247,,998,45,3.8000,,,,,,305,12,,,,,,,,,,,,,,,,
HH,IE-IGFS,4,IE,45CE,GOV,110,S,P,53,173,2014,12,15,1057,31,31,D,52.9000,-10.4350,52.9210,-10.3940,34D9,104,V,,1,2,R,4.4000,-9,,3615,402,26,,5.2000,1400,110.9,20.4,247,,998,49,3.8000,,,,,,285,10,,,,,,,,,,,,,,,,
HH,IE-IGFS,4,IE,45CE,GOV,110,S,P,56A,174,2014,12,15,1303,31,30,D,53.0630,-10.1970,53.0850,-10.1910,35D9,102,V,,1,2,R,4.1000,-9,,2481,338,26,,5.2000,1400,115.7,22.8,247,,998,9,2.7000,,,,,,300,10,,,,,,,,,,,,,,,,
HH,IE-IGFS,4,IE,45CE,GOV,110,S,P,48,167,2014,12,13,1624,31,27,D,52.6640,-10.7450,52.6490,-10.6990,34D9,117,V,,1,2,R,4.5000,-9,,3532,429,26,,5.2000,1400,112.5,21.1,247,,998,118,4.2000,,,,,,257,17,,,,,,,,,,,,,,,,
HH,IE-IGFS,4,IE,45CE,GOV,110,S,P,FG206,182,2014,12,16,1515,31,32,D,52.9080,-9.8780,52.9250,-9.9250,34E0,89,V,,1,2,R,4.2000,-9,,3684,349,26,,5.2000,1400,109.0,21.6,247,,998,300,3.7000,,,,,,251,21,,,,,,,,,,,,,,,,
HH,IE-IGFS,4,IE,45CE,GOV,110,S,P,MB17,180,2014,12,16,1021,31,30,D,52.5780,-10.1130,52.5880,-10.0620,34D9,86,V,,1,2,R,4.5000,-9,,3631,349,26,,5.2000,1400,105.9,20.0,247,,998,72,3.9000,,,,,,210,13,,,,,,,,,,,,,,,,
HH,IE-IGFS,4,IE,45CE,GOV,110,S,P,FG104,63,2014,11,18,0738,16,30,D,53.2800,-11.8990,53.2510,-11.9230,35D8,215,V,,1,2,R,4.4000,-9,,3602,650,26,,5.2000,1400,121.6,22.1,247,,998,206,3.9000,,,,,,126,24,,,,,,,,,,,,,,,,
HH,IE-IGFS,4,IE,45CE,GOV,110,S,P,CC310,128,2019,11,29,1515,21,30,D,51.2070,-8.5330,51.1850,-8.5720,31E1,103,V,-9,1,2,R,4.1000,-9,-9,3663,378,26,-9,5.2000,1400,112.8,22.2,247,-9.0000,998,228,3.9000,-9.0000,-9,-9.0000,-9,-9.0000,125,17,-9,-9.0000,-9.0,-9.0,-9.00,-9.00,-9,-9,20,-9,-9,-9,-9,-9,-9,-9
HH,IE-IGFS,4,IE,45CE,GOV,110,S,P,FG39,121,2019,11,28,1117,21,30,D,51.2130,-6.6040,51.1870,-6.6370,31E3,112,V,-9,1,2,R,4.1000,-9,-9,3699,390,26,-9,5.2000,1400,121.4,24.2,247,-9.0000,998,218,4.0000,-9.0000,-9,-9.0000,-9,-9.0000,269,8,-9,-9.0000,-9.0,-9.0,-9.00,-9.00,-9,-9,20,-9,-9,-9,-9,-9,-9,-9
HH,IE-IGFS,4,IE,45CE,GOV,110,S,P,FG49,115,2019,11,27,0933,21,30,D,51.2400,-5.9220,51.2130,-5.9550,31E4,91,V,-9,1,2,R,4.2000,-9,-9,3786,349,26,-9,5.2000,1400,113.3,22.6,247,-9.0000,998,217,4.1000,-9.0000,-9,-9.0000,-9,-9.0000,-9,-9,-9,-9.0000,-9.0,-9.0,-9.00,-9.00,-9,-9,20,-9,-9,-9,-9,-9,-9,-9
HH,IE-IGFS,4,IE,45CE,GOV,110,S,P,FG209,78,2019,11,19,0728,29,30,D,51.2420,-11.0910,51.2190,-11.1300,31D8,187,V,-9,1,2,R,3.8000,-9,-9,3737,581,26,-9,5.2000,1400,127.1,23.9,247,-9.0000,998,226,4.0000,-9.0000,-9,-9.0000,-9,-9.0000,190,16,-9,-9.0000,-9.0,-9.0,-9.00,-9.00,-9,-9,20,-9,-9,-9,-9,-9,-9,-9
HH,IE-IGFS,4,IE,45CE,GOV,110,S,P,PO174,64,2014,11,18,0951,16,30,D,53.3190,-12.2400,53.2890,-12.2630,35D7,317,V,,1,2,R,4.0000,-9,,3674,935,26,,5.2000,1400,131.4,23.2,247,,998,204,4.0000,,,,,,121,26,,,,,,,,,,,,,,,,
HH,IE-IGFS,4,IE,45CE,GOV,110,S,P,FG69,72,2019,11,17,1357,17,30,D,52.3150,-11.7670,52.2880,-11.7350,33D8,271,V,-9,1,2,R,3.8000,-9,-9,3713,800,26,-9,5.2000,1400,129.6,24.3,247,-9.0000,998,144,4.0000,-9.0000,-9,-9.0000,-9,-9.0000,5,22,-9,-9.0000,-9.0,-9.0,-9.00,-9.00,-9,-9,20,-9,-9,-9,-9,-9,-9,-9
HH,IE-IGFS,4,IE,45CE,GOV,55,S,P,CN207,107,2019,11,25,1044,26,30,D,51.7740,-6.7140,51.7980,-6.6800,32E3,72,V,-9,1,2,R,4.0000,-9,-9,3554,298,26,-9,5.2000,1400,86.2,22.3,247,-9.0000,998,41,3.8000,-9.0000,-9,-9.0000,-9,-9.0000,221,9,-9,-9.0000,-9.0,-9.0,-9.00,-9.00,-9,-9,20,-9,-9,-9,-9,-9,-9,-9
HH,IE-IGFS,4,IE,45CE,GOV,55,S,P,FG46,101,2019,11,24,0941,26,31,D,51.8410,-7.0610,51.8110,-7.0810,32E2,70,V,-9,1,2,R,4.3000,-9,-9,3611,298,26,-9,5.2000,1400,83.9,22.9,247,-9.0000,998,202,3.8000,-9.0000,-9,-9.0000,-9,-9.0000,174,11,-9,-9.0000,-9.0,-9.0,-9.00,-9.00,-9,-9,20,-9,-9,-9,-9,-9,-9,-9
HH,IE-IGFS,4,IE,45CE,GOV,55,S,P,FG167,109,2019,11,25,1631,26,20,D,51.8530,-6.6070,51.8340,-6.5960,32E3,72,V,-9,1,2,R,4.3000,-9,-9,2245,298,26,-9,5.2000,1400,82.9,21.8,247,-9.0000,998,160,3.6000,-9.0000,-9,-9.0000,-9,-9.0000,228,18,-9,-9.0000,-9.0,-9.0,-9.00,-9.00,-9,-9,20,-9,-9,-9,-9,-9,-9,-9
HH,IE-IGFS,4,IE,45CE,GOV,110,S,P,FG67,153,2019,12,5,1530,29,31,D,51.8690,-11.0520,51.8450,-11.0170,32D8,165,V,-9,1,2,R,4.2000,-9,-9,3597,499,26,-9,5.2000,1400,120.6,23.5,247,-9.0000,998,137,3.8000,-9.0000,-9,-9.0000,-9,-9.0000,102,15,-9,-9.0000,-9.0,-9.0,-9.00,-9.00,-9,-9,20,-9,-9,-9,-9,-9,-9,-9
HH,IE-IGFS,4,IE,45CE,GOV,55,S,P,FG138,100,2019,11,24,0725,26,30,D,51.8960,-7.4270,51.9230,-7.3860,32E2,56,V,-9,1,2,R,4.2000,-9,-9,4121,273,26,-9,5.2000,1400,84.7,21.1,247,-9.0000,998,43,4.4000,-9.0000,-9,-9.0000,-9,-9.0000,-9,-9,-9,-9.0000,-9.0,-9.0,-9.00,-9.00,-9,-9,20,-9,-9,-9,-9,-9,-9,-9
HH,IE-IGFS,4,IE,45CE,GOV,110,S,P,MB18,151,2019,12,5,0936,28,39,D,51.9300,-10.5350,51.9180,-10.5820,32D9,91,V,-9,1,2,R,4.5000,-9,-9,3498,336,26,-9,5.2000,1400,109.2,22.1,247,-9.0000,998,247,2.9000,-9.0000,-9,-9.0000,-9,-9.0000,344,32,-9,-9.0000,-9.0,-9.0,-9.00,-9.00,-9,-9,20,-9,-9,-9,-9,-9,-9,-9
HH,IE-IGFS,4,IE,45CE,GOV,55,S,P,CN204,102,2019,11,24,1209,26,20,D,51.6360,-7.4060,51.6240,-7.4340,32E2,78,V,-9,1,2,R,4.2000,-9,-9,2354,311,26,-9,5.2000,1400,86.2,22.6,247,-9.0000,998,235,3.8000,-9.0000,-9,-9.0000,-9,-9.0000,162,19,-9,-9.0000,-9.0,-9.0,-9.00,-9.00,-9,-9,20,-9,-9,-9,-9,-9,-9,-9
HH,IE-IGFS,4,IE,45CE,GOV,110,S,P,PO189,65,2014,11,18,1152,16,30,D,53.1400,-12.3190,53.1070,-12.3280,35D7,312,V,,1,2,R,3.9000,-9,,3721,925,26,,5.2000,1400,131.8,23.2,247,,998,189,4.0000,,,,,,134,28,,,,,,,,,,,,,,,,
HH,IE-IGFS,4,IE,45CE,GOV,110,S,P,FG221,66,2014,11,18,1431,16,30,D,52.8880,-12.2840,52.8570,-12.2800,34D7,316,V,,1,2,R,3.9000,-9,,3460,920,26,,5.2000,1400,134.7,23.6,247,,998,175,3.7000,,,,,,135,29,,,,,,,,,,,,,,,,
HH,IE-IGFS,4,IE,45CE,GOV,110,S,P,PO39,67,2014,11,19,0739,16,30,D,52.7320,-12.0710,52.7010,-12.0530,34D7,251,V,,1,2,R,4.2000,-9,,3657,760,26,,5.2000,1400,128.6,22.9,247,,998,160,3.9000,,,,,,220,12,,,,,,,,,,,,,,,,
HH,IE-IGFS,4,IE,45CE,GOV,110,S,P,FG172,68,2014,11,19,0937,16,30,D,52.5450,-11.9570,52.5130,-11.9420,34D8,230,V,,1,2,R,4.1000,-9,,3703,690,26,,5.2000,1400,126.7,22.4,247,,998,164,4.0000,,,,,,197,6,,,,,,,,,,,,,,,,
HH,IE-IGFS,4,IE,45CE,GOV,110,S,P,PO22,161,2012,12,10,1658,16,20,D,53.5780,-11.8620,53.5840,-11.8270,36D8,274,V,,1,2,R,4.2000,-9,,2412,,26,,5.2000,1400,130.0,23.4,247,,998,73,3.9000,,,,,,124,21,,,,,,,,,,,,,,,,
HH,IE-IGFS,4,IE,45CE,GOV,110,S,P,95,174,2012,12,13,1433,30,25,D,53.7150,-10.8770,53.7410,-10.8650,36D9,148,V,,1,2,R,4.7000,-9,,3000,,26,,5.2000,1400,112.7,20.8,247,,998,15,3.9000,,,,,,146,26,,,,,,,,,,,,,,,,
HH,IE-IGFS,4,IE,45CE,GOV,110,S,P,21,178,2012,12,14,1444,30,30,D,54.1320,-10.7040,54.1630,-10.6870,37D9,169,V,,1,2,R,4.6000,-9,,3624,,26,,5.2000,1400,121.2,22.0,247,,998,17,3.9000,,,,,,261,16,,,,,,,,,,,,,,,,
HH,IE-IGFS,4,IE,45CE,GOV,110,S,P,22,179,2012,12,14,1642,31,30,D,54.2890,-10.3690,54.3010,-10.3200,37D9,123,V,,1,2,R,4.8000,-9,,3458,,26,,5.2000,1400,100.6,18.2,247,,998,67,3.7000,,,,,,265,15,,,,,,,,,,,,,,,,
HH,IE-IGFS,4,IE,45CE,GOV,55,S,P,25,184,2012,12,15,1604,32,30,D,54.3050,-9.9190,54.3360,-9.9230,37E0,41,V,,1,2,R,5.0000,-9,,3460,,26,,5.2000,1400,74.4,18.7,247,,998,355,3.7000,,,,,,212,21,,,,,,,,,,,,,,,,
HH,IE-IGFS,4,IE,45CE,GOV,55,S,P,FG208,103,2013,11,11,1124,26,30,D,51.6370,-6.9710,51.6140,-7.0000,32E3,75,V,,1,2,R,4.0000,-9,,3252,298,26,,5.2000,1400,83.3,20.1,247,,998,218,3.5000,,,,,,258,17,,,,,,,,,,,,,,,,
HH,IE-IGFS,4,IE,45CE,GOV,55,S,P,FG178,104,2013,11,11,1411,26,30,D,51.5830,-7.4620,51.5830,-7.5180,32E2,76,V,,1,2,R,3.9000,-9,,3881,310,26,,5.2000,1400,84.7,20.4,247,,998,270,4.2000,,,,,,259,11,,,,,,,,,,,,,,,,
HH,IE-IGFS,4,IE,45CE,GOV,55,S,P,FG166,105,2013,11,11,1606,26,30,D,51.4300,-7.5800,51.4080,-7.6210,31E2,83,V,,1,2,R,4.3000,-9,,3758,324,26,,5.2000,1400,86.0,20.7,247,,998,229,4.1000,,,,,,288,11,,,,,,,,,,,,,,,,
HH,IE-IGFS,4,IE,45CE,GOV,55,S,P,69,81,2013,11,5,0712,26,30,D,51.8500,-6.5050,51.8190,-6.4890,32E3,68,V,,1,2,R,3.8000,-9,,3621,286,26,,5.2000,1400,81.7,20.4,247,,998,162,3.9000,,,,,,303,22,,,,,,,,,,,,,,,,
HH,IE-IGFS,4,IE,45CE,GOV,55,S,P,110,82,2013,11,5,0951,26,30,D,51.5980,-6.5130,51.5670,-6.4890,32E3,76,V,,1,2,R,3.6000,-9,,3829,298,26,,5.2000,1400,84.7,20.6,247,,998,154,4.1000,,,,,,292,24,,,,,,,,,,,,,,,,
HH,IE-IGFS,4,IE,45CE,GOV,55,S,P,FG25,85,2013,11,5,1658,26,30,D,52.0160,-6.2120,52.0050,-6.2630,33E3,79,V,,1,2,R,3.9000,-9,,3709,324,26,,5.2000,1400,86.6,21.0,247,,998,250,4.0000,,,,,,290,24,,,,,,,,,,,,,,,,
HH,IE-IGFS,4,IE,45CE,GOV,55,S,P,44,86,2013,11,6,0708,26,30,D,51.2440,-5.4940,51.2720,-5.5240,31E4,77,V,,1,2,R,4.3000,-9,,3753,311,26,,5.2000,1400,82.4,20.5,247,,998,326,4.0000,,,,,,288,3,,,,,,,,,,,,,,,,
HH,IE-IGFS,4,IE,45CE,GOV,55,S,P,CN203,87,2013,11,6,0935,26,30,D,51.4310,-5.2690,51.4650,-5.2640,31E4,69,V,,1,2,R,4.0000,-9,,3798,273,26,,5.2000,1400,80.4,20.2,247,,998,5,4.1000,,,,,,200,4,,,,,,,,,,,,,,,,
HH,IE-IGFS,4,IE,45CE,GOV,55,S,P,MB32,88,2013,11,6,1123,26,30,D,51.4610,-5.5000,51.4850,-5.5430,31E4,68,V,,1,2,R,4.4000,-9,,4007,286,26,,5.2000,1400,82.0,20.7,247,,998,311,4.3000,,,,,,238,30,,,,,,,,,,,,,,,,
HH,IE-IGFS,4,IE,45CE,GOV,110,S,P,CN307,89,2013,11,6,1351,21,30,D,51.4040,-5.7700,51.4350,-5.7860,31E4,78,V,,1,2,R,3.7000,-9,,3624,311,26,,5.2000,1400,105.8,19.4,247,,998,342,3.9000,,,,,,233,33,,,,,,,,,,,,,,,,
HH,IE-IGFS,4,IE,45CE,GOV,110,S,P,FG48,90,2013,11,6,1647,21,30,D,51.3570,-6.0100,51.3910,-6.0150,31E3,95,V,,1,2,R,3.6000,-9,,3798,366,26,,5.2000,1400,113.4,21.4,247,,998,354,4.1000,,,,,,236,34,,,,,,,,,,,,,,,,
HH,IE-IGFS,4,IE,45CE,GOV,110,S,P,CN304,91,2013,11,7,0704,21,30,D,51.1560,-6.1430,51.1880,-6.1310,31E3,106,V,,1,2,R,3.8000,-9,,3657,366,26,,5.2000,1400,,26.2,247,,998,13,3.9000,,,,,,253,18,,,,,,,,,,,,,,,,
HH,IE-IGFS,4,IE,45CE,GOV,110,S,P,CN303,92,2013,11,7,0947,21,30,D,51.1240,-6.4770,51.1570,-6.4880,31E3,97,V,,1,2,R,3.9000,-9,,3751,336,26,,5.2000,1400,110.6,20.6,247,,998,348,4.0000,,,,,,251,21,,,,,,,,,,,,,,,,
HH,IE-IGFS,4,IE,45CE,GOV,110,S,P,DS2,89,2016,11,24,1102,29,30,D,50.4400,-10.0380,50.4400,-10.0140,29D9,146,V,,1,2,R,4.3000,-9,,1704,474,26,,5.2000,1400,121.9,22.3,247,,998,89,1.8000,,,,,,57,25,,,,,,,,,,,,,,,,
HH,IE-IGFS,4,IE,45CE,GOV,110,S,P,FG203,91,2016,11,27,1107,29,30,D,51.2270,-10.7430,51.2570,-10.7230,31D9,164,V,,1,2,R,4.2000,-9,,3618,527,26,,5.2000,1400,121.2,23.2,247,,998,22,3.9000,,,,,,88,16,,,,,,,,,,,,,,,,
HH,IE-IGFS,4,IE,45CE,GOV,110,S,P,FG209,92,2016,11,27,1335,29,30,D,51.2390,-11.0980,51.2160,-11.1370,31D8,186,V,,1,2,R,4.1000,-9,,3737,580,26,,5.2000,1400,124.2,23.6,247,,998,226,4.0000,,,,,,118,17,,,,,,,,,,,,,,,,
HH,IE-IGFS,4,IE,45CE,GOV,110,S,P,FG4,94,2016,11,28,0741,29,30,D,51.4580,-10.7960,51.4860,-10.8250,31D9,162,V,,1,2,R,4.2000,-9,,3710,513,26,,5.2000,1400,120.7,23.3,247,,998,327,4.0000,,,,,,124,16,,,,,,,,,,,,,,,,
HH,IE-IGFS,4,IE,45CE,GOV,110,S,P,FG180,138,2017,11,27,1029,21,30,D,51.1730,-8.9130,51.1840,-8.8630,31E1,109,V,,1,2,R,4.8000,-9,,3704,390,26,,5.2000,1400,104.1,27.2,247,,998,70,4.0000,,,,,,291,24,,,,,,,,,,,,,,,,
HH,IE-IGFS,4,IE,45CE,GOV,110,S,P,FG198,139,2017,11,27,1309,21,30,D,51.3760,-8.8320,51.3900,-8.7830,31E1,91,V,,1,2,R,4.4000,-9,,3750,349,26,,5.2000,1400,110.1,21.7,247,,998,65,4.0000,,,,,,284,23,,,,,,,,,,,,,,,,
HH,IE-IGFS,4,IE,45CE,GOV,110,S,P,FG185,140,2017,11,27,1458,21,30,D,51.3180,-8.5590,51.3020,-8.5150,31E1,91,V,,1,2,R,4.1000,-9,,3547,349,26,,5.2000,1400,113.1,22.4,247,,998,120,3.8000,,,,,,288,22,,,,,,,,,,,,,,,,
HH,IE-IGFS,4,IE,45CE,GOV,110,S,P,FG203,63,2017,11,9,1156,21,31,D,51.2490,-10.7290,51.2180,-10.7490,31D9,168,V,,1,2,R,4.1000,-9,,3720,513,26,,5.2000,1400,122.4,24.1,247,,998,202,3.9000,,,,,,315,13,,,,,,,,,,,,,,,,
HH,IE-IGFS,4,IE,45CE,GOV,110,S,P,FG129,64,2017,11,9,1409,21,31,D,51.1290,-10.5330,51.0980,-10.5150,31D9,158,V,,1,2,R,3.8000,-9,,3671,486,26,,5.2000,1400,121.9,23.8,247,,998,159,3.8000,,,,,,300,16,,,,,,,,,,,,,,,,
HH,IE-IGFS,4,IE,45CE,GOV,110,S,P,FG65,65,2017,11,9,1640,21,30,D,50.8640,-10.4500,50.8720,-10.3990,30D9,154,V,,1,2,R,4.1000,-9,,3698,486,26,,5.2000,1400,119.8,23.7,247,,998,76,4.0000,,,,,,305,21,,,,,,,,,,,,,,,,
HH,IE-IGFS,4,IE,45CE,GOV,55,S,P,FG56,127,2017,11,24,1601,27,30,D,51.4120,-9.4190,51.4230,-9.3680,31E0,60,V,,1,2,R,4.4000,-9,,3753,273,26,,5.2000,1400,85.2,21.6,247,,998,70,4.0000,,,,,,337,10,,,,,,,,,,,,,,,,
HH,IE-IGFS,4,IE,45CE,GOV,55,S,P,71,54,2017,11,8,0716,27,31,D,52.0230,-10.3200,52.0020,-10.3640,33D9,57,V,,1,2,R,4.3000,-9,,3819,259,26,,5.2000,1400,83.4,22.2,247,,998,232,4.0000,,,,,,265,9,,,,,,,,,,,,,,,,
HH,IE-IGFS,4,IE,45CE,GOV,55,S,P,FG33,94,2017,11,17,1043,27,30,D,51.4880,-10.0840,51.5090,-10.0430,31D9,66,V,,1,2,R,4.4000,-9,,3683,286,26,,5.2000,1400,85.0,21.8,247,,998,50,4.0000,,,,,,109,10,,,,,,,,,,,,,,,,
HH,IE-IGFS,4,IE,45CE,GOV,55,S,P,CN203,87,2012,11,23,0723,26,30,D,51.4530,-5.2650,51.4200,-5.2660,31E4,66,V,,1,2,R,,-9,,3672,273,26,,5.2000,1400,81.8,20.7,247,,998,181,4.0000,,,,,,246,11,,,,,,,,,,,,,,,,
HH,IE-IGFS,4,IE,45CE,GOV,55,S,P,MB32,88,2012,11,23,0920,26,30,D,51.4640,-5.4940,51.4840,-5.5380,31E4,70,V,,1,2,R,,-9,,3781,273,26,,5.2000,1400,83.4,20.5,247,,998,306,4.1000,,,,,,249,14,,,,,,,,,,,,,,,,
HH,IE-IGFS,4,IE,45CE,GOV,110,S,P,39,152,2012,12,9,0805,29,31,D,52.0450,-11.1580,52.0610,-11.2050,33D8,145,V,,1,2,R,4.6000,-9,,3682,485,26,,5.2000,1400,111.4,20.7,247,,998,298,3.8000,,,,,,256,11,,,,,,,,,,,,,,,,
HH,IE-IGFS,4,IE,45CE,GOV,110,S,P,FG1,153,2012,12,9,0948,29,30,D,52.1630,-11.3370,52.1930,-11.3560,33D8,151,V,,1,2,R,4.7000,-9,,3582,485,26,,5.2000,1400,113.2,21.2,247,,998,338,3.9000,,,,,,315,6,,,,,,,,,,,,,,,,
HH,IE-IGFS,4,IE,45CE,GOV,110,S,P,FG171,154,2012,12,9,1207,29,30,D,52.3660,-11.6250,52.3940,-11.6510,33D8,179,V,,1,2,R,4.6000,-9,,3583,575,26,,5.2000,1400,111.4,20.4,247,,998,330,3.9000,,,,,,279,7,,,,,,,,,,,,,,,,
HH,IE-IGFS,4,IE,45CE,GOV,110,S,P,FG172,155,2012,12,9,1425,16,30,D,52.5190,-11.9470,52.5520,-11.9590,34D8,230,V,,1,2,R,4.4000,-9,,3761,718,26,,5.2000,1400,122.5,21.8,247,,998,347,4.1000,,,,,,190,5,,,,,,,,,,,,,,,,
HH,IE-IGFS,4,IE,45CE,GOV,110,S,P,90,163,2012,12,11,1103,30,30,D,52.7340,-11.5190,52.7600,-11.4860,34D8,137,V,,1,2,R,4.7000,-9,,3652,,26,,5.2000,1400,114.8,21.2,247,,998,37,3.9000,,,,,,159,21,,,,,,,,,,,,,,,,
HH,IE-IGFS,4,IE,45CE,GOV,110,S,P,FG121,162,2012,12,11,0824,30,30,D,52.8340,-11.8320,52.8030,-11.8330,34D8,176,V,,1,2,R,4.6000,-9,,3450,,26,,5.2000,1400,120.7,21.7,247,,998,181,3.7000,,,,,,152,33,,,,,,,,,,,,,,,,
HH,IE-IGFS,4,IE,45CE,GOV,110,S,P,FG191,164,2012,12,11,1331,30,30,D,52.9260,-11.2640,52.8970,-11.2620,34D8,133,V,,1,2,R,4.6000,-9,,3230,,26,,5.2000,1400,112.6,21.0,247,,998,177,3.5000,,,,,,152,32,,,,,,,,,,,,,,,,
HH,IE-IGFS,4,IE,45CE,GOV,110,S,P,FG175,157,2012,12,10,0814,16,30,D,53.0670,-11.9500,53.0990,-11.9510,35D8,199,V,,1,2,R,4.4000,-9,,3561,,26,,5.2000,1400,120.4,21.5,247,,998,358,3.8000,,,,,,124,20,,,,,,,,,,,,,,,,
HH,IE-IGFS,4,IE,45CE,GOV,110,S,P,FG104,158,2012,12,10,1019,16,30,D,53.2490,-11.9250,53.2780,-11.9000,35D8,214,V,,1,2,R,4.4000,-9,,3633,,26,,5.2000,1400,120.6,21.7,247,,998,27,3.9000,,,,,,138,11,,,,,,,,,,,,,,,,
HH,IE-IGFS,4,IE,45CE,GOV,110,S,P,FG3,67,2012,11,17,1704,29,30,D,51.6110,-11.1130,51.5830,-11.0830,32D8,183,V,,1,2,R,4.2000,-9,,3745,568,26,,5.2000,1400,119.8,22.0,247,,998,146,4.0000,,,,,,283,13,,,,,,,,,,,,,,,,
HH,IE-IGFS,4,IE,45CE,GOV,110,S,P,FG28,66,2012,11,17,1505,17,30,D,51.6310,-11.3950,51.5980,-11.3850,32D8,228,V,,1,2,R,4.1000,-9,,3736,691,26,,5.2000,1400,123.5,22.2,247,,998,169,4.0000,,,,,,293,15,,,,,,,,,,,,,,,,
HH,IE-IGFS,4,IE,45CE,GOV,110,S,P,FG72,65,2012,11,17,1251,17,30,D,51.7280,-11.6700,51.6980,-11.6460,32D8,420,V,,1,2,R,4.1000,-9,,3727,1196,26,,5.2000,1400,130.0,23.0,247,,998,153,4.0000,,,,,,286,18,,,,,,,,,,,,,,,,
HH,IE-IGFS,4,IE,45CE,GOV,110,S,P,FG71,64,2012,11,17,1030,17,30,D,51.9170,-11.5210,51.8830,-11.5290,32D8,250,V,,1,2,R,4.2000,-9,,3822,745,26,,5.2000,1400,125.3,22.5,247,,998,188,4.1000,,,,,,303,12,,,,,,,,,,,,,,,,
HH,IE-IGFS,4,IE,45CE,GOV,110,S,P,FG74,63,2012,11,17,0749,17,30,D,51.9930,-11.8010,52.0250,-11.8010,32D8,492,V,,1,2,R,3.7000,-9,,3560,1565,26,,5.2000,1400,138.0,24.2,247,,998,360,3.8000,,,,,,281,19,,,,,,,,,,,,,,,,
HH,IE-IGFS,4,IE,45CE,GOV,110,S,P,FG215,147,2012,12,7,1710,17,20,D,50.7810,-11.1180,50.8020,-11.1300,30D8,234,V,,1,2,R,4.3000,-9,,2484,732,26,,5.2000,1400,125.9,22.4,247,,998,340,4.0000,,,,,,351,13,,,,,,,,,,,,,,,,
HH,IE-IGFS,4,IE,45CE,GOV,110,S,P,FG209,149,2012,12,8,1019,29,30,D,51.2160,-11.1370,51.2380,-11.0990,31D8,185,V,,1,2,R,4.5000,-9,,3610,581,26,,5.2000,1400,117.7,22.2,247,,998,47,3.9000,,,,,,297,6,,,,,,,,,,,,,,,,
HH,IE-IGFS,4,IE,45CE,GOV,110,S,P,FG158,148,2012,12,8,0805,17,30,D,51.2830,-11.4750,51.2500,-11.4630,31D8,354,V,,1,2,R,4.0000,-9,,3765,1018,26,,5.2000,1400,129.1,23.0,247,,998,167,4.1000,,,,,,299,7,,,,,,,,,,,,,,,,
HH,IE-IGFS,4,IE,45CE,GOV,110,S,P,56A,169,2012,12,12,1400,31,30,D,53.1050,-10.1990,53.0720,-10.1870,35D9,102,V,,1,2,R,4.5000,-9,,3759,,26,,5.2000,1400,112.3,20.9,247,,998,167,4.1000,,,,,,142,21,,,,,,,,,,,,,,,,
HH,IE-IGFS,4,IE,45CE,GOV,110,S,P,112,120,2019,11,28,0921,21,30,D,51.2430,-6.3320,51.2070,-6.3370,31E3,109,V,-9,1,2,R,4.0000,-9,-9,4020,390,26,-9,5.2000,1400,117.9,23.2,247,-9.0000,998,184,4.3000,-9.0000,-9,-9.0000,-9,-9.0000,308,9,-9,-9.0000,-9.0,-9.0,-9.00,-9.00,-9,-9,20,-9,-9,-9,-9,-9,-9,-9
HH,IE-IGFS,4,IE,45CE,GOV,110,S,P,FG52,127,2019,11,29,1249,21,30,D,51.2470,-8.0600,51.2270,-8.1000,31E1,100,V,-9,1,2,R,4.1000,-9,-9,3571,366,26,-9,5.2000,1400,112.6,22.6,247,-9.0000,998,231,3.8000,-9.0000,-9,-9.0000,-9,-9.0000,-9,-9,-9,-9.0000,-9.0,-9.0,-9.00,-9.00,-9,-9,20,-9,-9,-9,-9,-9,-9,-9
HH,IE-IGFS,4,IE,45CE,GOV,110,S,P,FG141,138,2019,12,2,0730,21,30,D,51.0990,-8.7710,51.0990,-8.8240,31E1,112,V,-9,1,2,R,4.1000,-9,-9,3712,402,26,-9,5.2000,1400,116.1,22.6,247,-9.0000,998,270,4.0000,-9.0000,-9,-9.0000,-9,-9.0000,299,4,-9,-9.0000,-9.0,-9.0,-9.00,-9.00,-9,-9,20,-9,-9,-9,-9,-9,-9,-9
HH,IE-IGFS,4,IE,45CE,GOV,110,S,P,MB20A,140,2019,12,2,1154,28,30,D,51.1130,-9.6000,51.1030,-9.6510,31E0,121,V,-9,1,2,R,4.2000,-9,-9,3741,415,26,-9,5.2000,1400,114.4,22.8,247,-9.0000,998,252,4.0000,-9.0000,-9,-9.0000,-9,-9.0000,233,8,-9,-9.0000,-9.0,-9.0,-9.00,-9.00,-9,-9,20,-9,-9,-9,-9,-9,-9,-9
HH,IE-IGFS,4,IE,45CE,GOV,110,S,P,FG34,139,2019,12,2,0955,28,30,D,51.1170,-9.2360,51.1170,-9.2880,31E0,116,V,-9,1,2,R,4.2000,-9,-9,3641,401,26,-9,5.2000,1400,114.2,22.4,247,-9.0000,998,270,3.9000,-9.0000,-9,-9.0000,-9,-9.0000,216,3,-9,-9.0000,-9.0,-9.0,-9.00,-9.00,-9,-9,20,-9,-9,-9,-9,-9,-9,-9
HH,IE-IGFS,4,IE,45CE,GOV,110,S,P,CN303,117,2019,11,27,1404,21,30,D,51.1430,-6.4830,51.1120,-6.4730,31E3,95,V,-9,1,2,R,4.4000,-9,-9,3519,349,26,-9,5.2000,1400,108.9,22.1,247,-9.0000,998,168,3.8000,-9.0000,-9,-9.0000,-9,-9.0000,270,10,-9,-9.0000,-9.0,-9.0,-9.00,-9.00,-9,-9,20,-9,-9,-9,-9,-9,-9,-9
HH,IE-IGFS,4,IE,45CE,GOV,110,S,P,COD5A,141,2019,12,2,1359,28,30,D,51.1620,-9.9400,51.1400,-9.9790,31E0,122,V,-9,1,2,R,4.2000,-9,-9,3665,415,26,-9,5.2000,1400,114.9,22.7,247,-9.0000,998,228,4.0000,-9.0000,-9,-9.0000,-9,-9.0000,226,11,-9,-9.0000,-9.0,-9.0,-9.00,-9.00,-9,-9,20,-9,-9,-9,-9,-9,-9,-9
HH,IE-IGFS,4,IE,45CE,GOV,110,S,P,111,93,2013,11,7,1156,21,30,D,51.3860,-6.3740,51.4170,-6.3580,31E3,118,V,,1,2,R,3.6000,-9,,3624,415,26,,5.2000,1400,118.4,21.4,247,,998,17,3.9000,,,,,,257,20,,,,,,,,,,,,,,,,
HH,IE-IGFS,4,IE,45CE,GOV,110,S,P,FG40,94,2013,11,7,1410,21,30,D,51.3660,-6.6650,51.3650,-6.7190,31E3,80,V,,1,2,R,4.1000,-9,,3762,311,26,,5.2000,1400,107.4,20.3,247,,998,268,4.1000,,,,,,249,24,,,,,,,,,,,,,,,,
HH,IE-IGFS,4,IE,45CE,GOV,110,S,P,FG187,95,2013,11,7,1545,21,30,D,51.3370,-6.9000,51.3090,-6.9290,31E3,107,V,,1,2,R,4.0000,-9,,3713,378,26,,5.2000,1400,116.3,21.7,247,,998,212,4.0000,,,,,,249,23,,,,,,,,,,,,,,,,
HH,IE-IGFS,4,IE,45CE,GOV,110,S,P,FG139,83,2013,11,5,1157,21,30,D,51.5940,-6.2020,51.6260,-6.1820,32E3,113,V,,1,2,R,3.6000,-9,,3820,390,26,,5.2000,1400,117.4,21.2,247,,998,21,4.1000,,,,,,279,29,,,,,,,,,,,,,,,,
HH,IE-IGFS,4,IE,45CE,GOV,110,S,P,FG11,76,2013,11,4,0714,21,30,D,50.8400,-8.8980,50.8730,-8.8930,30E1,117,V,,1,2,R,3.5000,-9,,3687,415,26,,5.2000,1400,120.4,21.9,247,,998,5,4.0000,,,,,,31,5,,,,,,,,,,,,,,,,
HH,IE-IGFS,4,IE,45CE,GOV,110,S,P,VMS1,77,2013,11,4,0944,21,30,D,50.8840,-8.4930,50.9050,-8.4500,30E1,111,V,,1,2,R,3.3000,-9,,3822,390,26,,5.2000,1400,124.2,22.0,247,,998,52,4.1000,,,,,,140,2,,,,,,,,,,,,,,,,
HH,IE-IGFS,4,IE,45CE,GOV,110,S,P,FG140,78,2013,11,4,1207,21,30,D,51.0210,-8.1200,51.0350,-8.0720,31E1,96,V,,1,2,R,3.7000,-9,,3710,350,26,,5.2000,1400,112.7,21.5,247,,998,65,4.0000,,,,,,233,5,,,,,,,,,,,,,,,,
HH,IE-IGFS,4,IE,45CE,GOV,110,S,P,FG36A,79,2013,11,4,1438,21,29,D,51.0250,-7.6320,51.0500,-7.5960,31E2,121,V,,1,2,R,3.7000,-9,,3756,415,26,,5.2000,1400,118.2,22.0,247,,998,42,4.2000,,,,,,230,9,,,,,,,,,,,,,,,,
HH,IE-IGFS,4,IE,45CE,GOV,110,S,P,MB17,76,2018,11,17,1443,31,30,D,52.5830,-10.0750,52.5750,-10.1240,34D9,85,V,,1,2,R,4.3000,-9,,3438,324,26,,5.2000,1400,108.8,21.8,247,,998,254,3.7000,,,,,,128,29,,,,,,,,,,,,,,,,
HH,IE-IGFS,4,IE,45CE,GOV,110,S,P,FG206,74,2018,11,17,0943,31,30,D,52.9220,-9.9180,52.9050,-9.8810,34E0,101,V,,1,2,R,4.1000,-9,,3126,366,26,,5.2000,1400,115.6,22.9,247,,998,127,3.4000,,,,,,145,19,,,,,,,,,,,,,,,,
HH,IE-IGFS,4,IE,45CE,GOV,110,S,P,MB10,50,2018,11,11,1500,31,30,D,54.4740,-9.4270,54.4960,-9.4680,37E0,85,V,,1,2,R,4.2000,-9,,3613,324,26,,5.2000,1400,107.2,21.4,247,,998,312,3.9000,,,,,,173,24,,,,,,,,,,,,,,,,
HH,IE-IGFS,4,IE,45CE,GOV,110,S,P,FG75,42,2018,11,9,1626,31,30,D,53.2910,-10.2370,53.3150,-10.2790,35D9,120,V,,1,2,R,4.1000,-9,,3869,415,26,,5.2000,1400,118.3,23.8,247,,998,313,4.2000,,,,,,215,29,,,,,,,,,,,,,,,,
HH,IE-IGFS,4,IE,45CE,GOV,110,S,P,FG91,51,2018,11,12,0758,16,30,D,54.2470,-10.9980,54.2160,-10.9930,37D9,-9,V,,1,2,R,3.8000,-9,,3465,909,26,,5.2000,1400,136.7,25.5,247,,998,174,3.7000,,,,,,210,24,,,,,,,,,,,,,,,,
HH,IE-IGFS,4,IE,45CE,GOV,110,S,P,GD12,52,2018,11,12,1305,16,30,D,54.0070,-11.3020,53.9750,-11.3260,37D8,270,V,,1,2,R,3.8000,-9,,3894,800,26,,5.2000,1400,132.3,24.8,247,,998,203,4.2000,,,,,,280,14,,,,,,,,,,,,,,,,
HH,IE-IGFS,4,IE,45CE,GOV,110,S,P,FG99,53,2018,11,12,1459,16,20,D,53.9550,-11.5050,53.9540,-11.5420,36D8,308,V,,1,2,R,4.0000,-9,,2431,870,26,,5.2000,1400,130.0,24.9,247,,998,267,3.9000,,,,,,295,20,,,,,,,,,,,,,,,,
HH,IE-IGFS,4,IE,45CE,GOV,55,S,P,FG176,125,2012,12,2,0929,26,30,D,51.4900,-7.5040,51.4810,-7.5560,31E2,79,V,,1,2,R,4.8000,-9,,3748,311,26,,5.2000,1400,82.3,20.2,247,,998,254,4.0000,,,,,,161,16,,,,,,,,,,,,,,,,
HH,IE-IGFS,4,IE,45CE,GOV,55,S,P,110,109,2012,11,27,1205,26,30,D,51.5720,-6.4940,51.6030,-6.5150,32E3,75,V,,1,2,R,4.5000,-9,,3743,298,26,,5.2000,1400,83.5,20.4,247,,998,337,4.0000,,,,,,14,28,,,,,,,,,,,,,,,,
HH,IE-IGFS,4,IE,45CE,GOV,110,S,P,FG139,108,2012,11,27,0945,21,30,D,51.5900,-6.2070,51.6190,-6.1870,32E3,113,V,,1,2,R,4.2000,-9,,3511,390,26,,5.2000,1400,114.0,21.0,247,,998,23,3.8000,,,,,,1,35,,,,,,,,,,,,,,,,
HH,IE-IGFS,4,IE,45CE,GOV,55,S,P,69,112,2012,11,28,0930,26,30,D,51.8310,-6.5010,51.8020,-6.4720,32E3,68,V,,1,2,R,4.8000,-9,,3796,273,26,,5.2000,1400,78.2,19.3,247,,998,148,4.1000,,,,,,350,18,,,,,,,,,,,,,,,,
HH,IE-IGFS,4,IE,45CE,GOV,110,S,P,FG26,114,2012,11,28,1352,21,30,D,51.8350,-6.0810,51.8020,-6.0730,32E3,112,V,,1,2,R,4.9000,-9,,3712,390,26,,5.2000,1400,110.5,21.2,247,,998,171,4.0000,,,,,,357,23,,,,,,,,,,,,,,,,
HH,IE-IGFS,4,IE,45CE,GOV,55,S,P,FG223,95,2017,11,17,1312,27,30,D,51.6580,-9.6580,51.6740,-9.6120,32E0,38,V,,1,2,R,4.6000,-9,,3646,220,26,,5.2000,1400,81.4,21.3,247,,998,60,3.9000,,,,,,52,5,,,,,,,,,,,,,,,,
HH,IE-IGFS,4,IE,45CE,GOV,110,S,P,FG3,69,2017,11,10,1712,29,22,D,51.6180,-11.1210,51.5990,-11.1010,32D8,187,V,,1,2,R,4.6000,-9,,2527,586,26,,5.2000,1400,122.5,23.4,247,,998,146,3.7000,,,,,,276,24,,,,,,,,,,,,,,,,
HH,IE-IGFS,4,IE,45CE,GOV,110,S,P,FG212,97,2017,11,18,0734,29,30,D,50.1580,-10.5930,50.1270,-10.6070,29D9,149,V,,1,2,R,4.3000,-9,,3590,486,26,,5.2000,1400,118.2,22.8,247,,998,196,3.9000,,,,,,232,15,,,,,,,,,,,,,,,,
HH,IE-IGFS,4,IE,45CE,GOV,110,S,P,82,101,2017,11,19,0742,29,30,D,50.7170,-10.7440,50.7160,-10.6920,30D9,166,V,,1,2,R,3.9000,-9,,3674,526,26,,5.2000,1400,125.9,23.2,247,,998,91,4.0000,,,,,,216,12,,,,,,,,,,,,,,,,
HH,IE-IGFS,4,IE,45CE,GOV,110,S,P,PO9,54,2018,11,12,1653,16,20,D,53.8320,-11.4170,53.8150,-11.4410,36D8,262,V,,1,2,R,4.1000,-9,,2465,773,26,,5.2000,1400,131.8,24.6,247,,998,219,4.0000,,,,,,291,21,,,,,,,,,,,,,,,,
HH,IE-IGFS,4,IE,45CE,GOV,110,S,P,PO161,55,2018,11,13,0738,16,30,D,53.4660,-12.1250,53.4980,-12.1030,35D7,319,V,,1,2,R,3.8000,-9,,3849,923,26,,5.2000,1400,135.1,25.5,247,,998,22,4.1000,,,,,,207,21,,,,,,,,,,,,,,,,
HH,IE-IGFS,4,IE,45CE,GOV,110,S,P,PO16,56,2018,11,13,0936,16,30,D,53.6080,-11.8970,53.6340,-11.8600,36D8,299,V,,1,2,R,3.9000,-9,,3790,882,26,,5.2000,1400,134.1,25.3,247,,998,40,4.1000,,,,,,196,19,,,,,,,,,,,,,,,,
HH,IE-IGFS,4,IE,45CE,GOV,110,S,P,PO242,80,2018,11,18,1306,16,30,D,52.5560,-12.1680,52.5860,-12.1880,34D7,351,V,,1,2,R,3.8000,-9,,3603,977,26,,5.2000,1400,130.7,24.9,247,,998,337,3.9000,,,,,,140,24,,,,,,,,,,,,,,,,
HH,IE-IGFS,4,IE,45CE,GOV,110,S,P,PO238,81,2018,11,18,1503,16,30,D,52.7260,-12.3010,52.7580,-12.3080,34D7,368,V,,1,2,R,3.6000,-9,,3592,1087,26,,5.2000,1400,73.4,25.4,247,,998,352,3.9000,,,,,,134,16,,,,,,,,,,,,,,,,
HH,IE-IGFS,4,IE,45CE,GOV,110,S,P,FG221,82,2018,11,18,1642,16,30,D,52.8410,-12.2780,52.8750,-12.2810,34D7,329,V,,1,2,R,3.7000,-9,,3789,964,26,,5.2000,1400,134.1,25.1,247,,998,356,4.1000,,,,,,125,13,,,,,,,,,,,,,,,,
HH,IE-IGFS,4,IE,45CE,GOV,110,S,P,PO34,66,2018,11,15,1415,16,30,D,52.9820,-12.0810,52.9500,-12.0800,34D7,238,V,,1,2,R,3.8000,-9,,3561,704,26,,5.2000,1400,131.7,24.7,247,,998,178,3.8000,,,,,,,26,,,,,,,,,,,,,,,,
HH,IE-IGFS,4,IE,45CE,GOV,110,S,P,PO189,67,2018,11,15,1701,16,32,D,53.1140,-12.3260,53.1470,-12.3160,35D7,320,V,,1,2,R,3.8000,-9,,3733,923,26,,5.2000,1400,,25.2,247,,998,10,3.8000,,,,,,219,19,,,,,,,,,,,,,,,,
HH,IE-IGFS,4,IE,45CE,GOV,110,S,P,FG104,58,2018,11,13,1521,16,30,D,53.2760,-11.9030,53.2510,-11.9230,35D8,220,V,,1,2,R,4.4000,-9,,3085,663,26,,5.2000,1400,127.9,24.4,247,,998,205,3.3000,,,,,,184,28,,,,,,,,,,,,,,,,
HH,IE-IGFS,4,IE,45CE,GOV,110,S,P,FG148,59,2018,11,13,1705,16,20,D,53.2700,-12.0130,53.2490,-12.0150,35D7,248,V,,1,2,R,4.1000,-9,,2340,745,26,,5.2000,1400,132.8,24.7,247,,998,183,3.8000,,,,,,,20,,,,,,,,,,,,,,,,
HH,IE-IGFS,4,IE,45CE,GOV,55,S,P,44,145,2018,12,6,1542,26,30,D,51.2450,-5.4950,51.2730,-5.5240,31E4,74,V,,1,2,R,3.9000,-9,,3715,298,26,,5.2000,1400,85.6,22.3,247,,998,327,4.0000,,,,,,241,24,,,,,,,,,,,,,,,,
HH,IE-IGFS,4,IE,45CE,GOV,55,S,P,FG25,147,2018,12,7,1033,26,30,D,52.0160,-6.2120,52.0040,-6.2630,33E3,75,V,,1,2,R,4.0000,-9,,3747,310,26,,5.2000,1400,89.4,23.2,247,,998,249,4.0000,,,,,,277,29,,,,,,,,,,,,,,,,
HH,IE-IGFS,4,IE,45CE,GOV,55,S,P,FG135,148,2018,12,7,1407,26,30,D,52.0100,-6.7700,52.0120,-6.8200,33E3,47,V,,1,2,R,4.4000,-9,,3440,233,26,,5.2000,1400,81.4,21.8,247,,998,273,3.7000,,,,,,268,29,,,,,,,,,,,,,,,,
HH,IE-IGFS,4,IE,45CE,GOV,55,S,P,MB32,149,2018,12,10,0745,26,30,D,51.4830,-5.5370,51.4640,-5.4940,31E4,70,V,,1,2,R,3.7000,-9,,3659,290,26,,5.2000,1400,87.6,22.6,247,,998,125,3.9000,,,,,,306,9,,,,,,,,,,,,,,,,
HH,IE-IGFS,4,IE,45CE,GOV,55,S,P,20,117,2016,12,2,1447,32,30,D,54.3400,-9.6260,54.3470,-9.6810,37E0,41,V,,1,2,R,4.9000,-9,,3660,220,26,,5.2000,1400,76.1,20.3,247,,998,282,3.9000,,,,,,192,9,,,,,,,,,,,,,,,,
HH,IE-IGFS,4,IE,45CE,GOV,110,S,P,GD12,58,2014,11,17,0746,16,30,D,54.0150,-11.2970,53.9840,-11.3200,37D8,267,V,,1,2,R,4.1000,-9,,3765,800,26,,5.2000,1400,126.8,22.6,247,,998,203,4.1000,,,,,,9,11,,,,,,,,,,,,,,,,
HH,IE-IGFS,4,IE,45CE,GOV,110,S,P,PO14,59,2014,11,17,1022,16,30,D,53.6980,-11.3550,53.6880,-11.4080,36D8,213,V,,1,2,R,4.2000,-9,,3673,650,26,,5.2000,1400,122.9,22.0,247,,998,252,4.0000,,,,,,11,11,,,,,,,,,,,,,,,,
HH,IE-IGFS,4,IE,45CE,GOV,110,S,P,PO12,60,2014,11,17,1236,16,30,D,53.7640,-11.6750,53.7360,-11.7050,36D8,291,V,,1,2,R,4.1000,-9,,3691,850,26,,5.2000,1400,127.0,22.7,247,,998,212,4.0000,,,,,,5,9,,,,,,,,,,,,,,,,
HH,IE-IGFS,4,IE,45CE,GOV,55,S,P,110,152,2018,12,10,1420,26,30,D,51.5780,-6.4970,51.6080,-6.5180,32E3,72,V,,1,2,R,3.5000,-9,,3641,298,26,,5.2000,1400,86.3,22.4,247,,998,336,3.9000,,,,,,232,14,,,,,,,,,,,,,,,,
HH,IE-IGFS,4,IE,45CE,GOV,55,S,P,FG38,153,2018,12,10,1547,26,30,D,51.7080,-6.4680,51.7350,-6.4960,32E3,69,V,,1,2,R,3.8000,-9,,3573,286,26,,5.2000,1400,85.4,22.3,247,,998,327,3.9000,,,,,,216,13,,,,,,,,,,,,,,,,
HH,IE-IGFS,4,IE,45CE,GOV,110,S,P,FG182,123,2018,11,29,1258,26,32,D,51.4930,-8.8970,51.5220,-8.8650,31E1,71,V,,1,2,R,6.9000,-9,,3917,286,26,,5.2000,1400,86.5,17.7,247,,998,34,4.0000,,,,,,231,24,,,,,,,,,,,,,,,,
HH,IE-IGFS,4,IE,45CE,GOV,55,S,P,FG138,134,2018,12,4,0813,26,30,D,51.9010,-7.4250,51.9270,-7.3930,32E2,57,V,,1,2,R,3.9000,-9,,3635,271,26,,5.2000,1400,87.2,22.8,247,,998,37,3.9000,,,,,,119,4,,,,,,,,,,,,,,,,
HH,IE-IGFS,4,IE,45CE,GOV,55,S,P,FG46,135,2018,12,4,1024,26,30,D,51.8480,-7.0570,51.8180,-7.0770,32E2,67,V,,1,2,R,4.3000,-9,,3611,272,26,,5.2000,1400,87.6,22.8,247,,998,202,3.9000,,,,,,144,10,,,,,,,,,,,,,,,,
HH,IE-IGFS,4,IE,45CE,GOV,55,S,P,FG178,137,2018,12,4,1454,26,30,D,51.5890,-7.4750,51.5840,-7.5250,32E2,77,V,,1,2,R,4.0000,-9,,3509,296,26,,5.2000,1400,88.0,23.0,247,,998,260,3.8000,,,,,,101,15,,,,,,,,,,,,,,,,
HH,IE-IGFS,4,IE,45CE,GOV,110,S,P,FG168,138,2018,12,5,0757,21,30,D,51.2890,-7.2420,51.2970,-7.1910,31E2,85,V,,1,2,R,3.7000,-9,,3667,336,26,,5.2000,1400,114.9,23.6,247,,998,75,4.0000,,,,,,211,19,,,,,,,,,,,,,,,,
HH,IE-IGFS,4,IE,45CE,GOV,110,S,P,FG187,139,2018,12,5,0953,21,30,D,51.3130,-6.9240,51.3420,-6.8960,31E3,109,V,,1,2,R,3.6000,-9,,3770,390,26,,5.2000,1400,119.3,23.5,247,,998,31,4.1000,,,,,,238,16,,,,,,,,,,,,,,,,
HH,IE-IGFS,4,IE,45CE,GOV,110,S,P,CN303,140,2018,12,5,1239,21,30,D,51.1530,-6.4860,51.1210,-6.4760,31E3,92,V,,1,2,R,4.0000,-9,,3628,336,26,,5.2000,1400,112.8,23.0,247,,998,168,3.9000,,,,,,240,14,,,,,,,,,,,,,,,,
HH,IE-IGFS,4,IE,45CE,GOV,110,S,P,111,141,2018,12,5,1518,21,30,D,51.3870,-6.3740,51.4180,-6.3580,31E3,116,V,,1,2,R,3.9000,-9,,3624,415,26,,5.2000,1400,123.3,24.2,247,,998,17,3.9000,,,,,,253,15,,,,,,,,,,,,,,,,
HH,IE-IGFS,4,IE,45CE,GOV,110,S,P,PO22,61,2014,11,17,1501,16,30,D,53.5790,-11.8590,53.5860,-11.8050,36D8,278,V,,1,2,R,4.1000,-9,,3660,850,26,,5.2000,1400,127.4,22.7,247,,998,77,3.9000,,,,,,37,9,,,,,,,,,,,,,,,,
HH,IE-IGFS,4,IE,45CE,GOV,110,S,P,FG91,47,2014,11,14,1039,16,30,D,54.2160,-11.0000,54.2500,-10.9990,37D8,277,V,,1,2,R,4.2000,-9,,3785,800,26,,5.2000,1400,127.0,,247,,998,360,4.1000,,,,,,173,22,,,,,,,,,,,,,,,,
HH,IE-IGFS,4,IE,45CE,GOV,55,S,P,FG182,93,2014,11,24,1150,26,30,D,51.4920,-8.9000,51.5190,-8.8680,31E1,67,V,,1,2,R,4.5000,-9,,3736,285,26,,5.2000,1400,82.4,20.1,247,,998,36,4.0000,,,,,,207,16,,,,,,,,,,,,,,,,
HH,IE-IGFS,4,IE,45CE,GOV,55,S,P,CN204,97,2014,11,26,0943,26,30,D,51.6200,-7.4440,51.6370,-7.4050,32E2,78,V,,1,2,R,4.6000,-9,,3297,311,26,,5.2000,1400,,20.4,247,,998,54,3.6000,,,,,,14,4,,,,,,,,,,,,,,,,
HH,IE-IGFS,4,IE,45CE,GOV,55,S,P,FG176,98,2014,11,26,1139,26,30,D,51.4900,-7.4970,51.4820,-7.5510,31E2,80,V,,1,2,R,4.8000,-9,,3855,311,26,,5.2000,1400,83.7,20.8,247,,998,256,4.2000,,,,,,10,2,,,,,,,,,,,,,,,,
HH,IE-IGFS,4,IE,45CE,GOV,55,S,P,FG46,104,2014,11,27,1334,26,30,D,51.8050,-7.0860,51.8330,-7.0650,32E2,72,V,,1,2,R,4.6000,-9,,3435,300,26,,5.2000,1400,82.1,20.2,247,,998,24,3.7000,,,,,,153,21,,,,,,,,,,,,,,,,
HH,IE-IGFS,4,IE,45CE,GOV,55,S,P,FG177,105,2014,11,27,1619,26,30,D,52.0330,-7.3660,52.0290,-7.4190,33E2,48,V,,1,2,R,4.8000,-9,,3664,220,26,,5.2000,1400,77.0,19.3,247,,998,263,4.0000,,,,,,124,22,,,,,,,,,,,,,,,,
HH,IE-IGFS,4,IE,45CE,GOV,55,S,P,MB32,106,2014,11,28,0730,26,30,D,51.4810,-5.5350,51.4650,-5.4940,31E4,72,V,,1,2,R,5.1000,-9,,3359,298,26,,5.2000,1400,84.4,21.2,247,,998,122,3.6000,,,,,,106,32,,,,,,,,,,,,,,,,
HH,IE-IGFS,4,IE,45CE,GOV,55,S,P,CN203,107,2014,11,28,0949,26,30,D,51.4570,-5.2660,51.4260,-5.2660,31E4,68,V,,1,2,R,4.4000,-9,,3448,273,26,,5.2000,1400,78.9,19.4,247,,998,180,3.7000,,,,,,96,31,,,,,,,,,,,,,,,,
HH,IE-IGFS,4,IE,45CE,GOV,55,S,P,44,108,2014,11,28,1225,26,30,D,51.2510,-5.5030,51.2800,-5.5310,31E4,77,V,,1,2,R,4.7000,-9,,3772,300,26,,5.2000,1400,83.5,20.5,247,,998,328,4.1000,,,,,,104,21,,,,,,,,,,,,,,,,
HH,IE-IGFS,4,IE,45CE,GOV,55,S,P,53A,95,2014,11,24,1605,26,30,D,51.6090,-8.2520,51.6420,-8.2570,32E1,70,V,,1,2,R,4.6000,-9,,3687,298,26,,5.2000,1400,83.2,20.2,247,,998,354,4.0000,,,,,,225,13,,,,,,,,,,,,,,,,
HH,IE-IGFS,4,IE,45CE,GOV,110,S,P,FG18,96,2014,11,26,0730,21,30,D,51.6190,-7.8480,51.6320,-7.7990,32E2,85,V,,1,2,R,6.3000,-9,,3688,324,26,,5.2000,1400,104.7,19.8,247,,998,66,4.0000,,,,,,31,2,,,,,,,,,,,,,,,,
HH,IE-IGFS,4,IE,45CE,GOV,110,S,P,FG165,109,2014,11,28,1621,21,30,D,51.3020,-5.8150,51.3350,-5.8110,31E4,85,V,,1,2,R,4.6000,-9,,3681,324,26,,5.2000,1400,105.5,19.6,247,,998,4,4.0000,,,,,,102,18,,,,,,,,,,,,,,,,
HH,IE-IGFS,4,IE,45CE,GOV,110,S,P,FG136,110,2014,11,29,0733,21,30,D,51.4900,-5.7800,51.5140,-5.8170,31E4,86,V,,1,2,R,4.2000,-9,,3705,324,26,,5.2000,1400,106.8,20.5,247,,998,316,4.0000,,,,,,93,12,,,,,,,,,,,,,,,,
HH,IE-IGFS,4,IE,45CE,GOV,110,S,P,FG139,111,2014,11,29,1001,21,30,D,51.5980,-6.2030,51.6260,-6.1810,32E3,115,V,,1,2,R,4.8000,-9,,3468,402,26,,5.2000,1400,111.6,21.0,247,,998,25,3.7000,,,,,,99,4,,,,,,,,,,,,,,,,
HH,IE-IGFS,4,IE,45CE,GOV,110,S,P,40,112,2014,11,29,1247,21,30,D,51.7540,-5.8580,51.7320,-5.8980,32E4,117,V,,1,2,R,4.2000,-9,,3691,415,26,,5.2000,1400,112.1,20.6,247,,998,228,4.0000,,,,,,121,6,,,,,,,,,,,,,,,,
HH,IE-IGFS,4,IE,45CE,GOV,110,S,P,FG11,140,2014,12,5,1133,21,30,D,50.8760,-8.8920,50.8440,-8.8920,30E1,113,V,,1,2,R,3.8000,-9,,3559,402,26,,5.2000,1400,116.3,22.0,247,,998,180,3.8000,,,,,,329,16,,,,,,,,,,,,,,,,
HH,IE-IGFS,4,IE,45CE,GOV,110,S,P,CC306,141,2014,12,5,1350,21,30,D,50.6250,-8.9090,50.6000,-8.8740,30E1,121,V,,1,2,R,3.9000,-9,,3724,427,26,,5.2000,1400,116.1,21.1,247,,998,138,4.0000,,,,,,330,19,,,,,,,,,,,,,,,,
HH,IE-IGFS,4,IE,45CE,GOV,110,S,P,FG12,142,2014,12,5,1549,21,30,D,50.5580,-8.6130,50.5890,-8.5940,30E1,121,V,,1,2,R,3.9000,-9,,3701,427,26,,5.2000,1400,116.2,21.1,247,,998,21,4.0000,,,,,,328,21,,,,,,,,,,,,,,,,
HH,IE-IGFS,4,IE,45CE,GOV,110,S,P,62A,143,2014,12,6,0738,21,30,D,50.7060,-8.4940,50.7290,-8.4620,30E1,114,V,,1,2,R,3.8000,-9,,3413,427,26,,5.2000,1400,115.6,20.9,247,,998,41,3.7000,,,,,,312,20,,,,,,,,,,,,,,,,
HH,IE-IGFS,4,IE,45CE,GOV,110,S,P,VMS1,144,2014,12,6,0942,21,30,D,50.8840,-8.4930,50.9040,-8.4530,30E1,115,V,,1,2,R,3.7000,-9,,3587,402,26,,5.2000,1400,114.5,20.9,247,,998,51,3.9000,,,,,,306,14,,,,,,,,,,,,,,,,
HH,IE-IGFS,4,IE,45CE,GOV,110,S,P,FG16,145,2014,12,6,1158,21,30,D,51.0920,-8.2620,51.1090,-8.2160,31E1,105,V,,1,2,R,4.0000,-9,,3736,378,26,,5.2000,1400,110.6,20.1,247,,998,59,4.0000,,,,,,264,16,,,,,,,,,,,,,,,,
HH,IE-IGFS,4,IE,45CE,GOV,110,S,P,FG37,146,2014,12,7,0733,21,31,D,51.3590,-7.7540,51.3340,-7.7850,31E2,86,V,,1,2,R,4.2000,-9,,3521,336,26,,5.2000,1400,108.2,20.2,247,,998,217,3.7000,,,,,,294,25,,,,,,,,,,,,,,,,
HH,IE-IGFS,4,IE,45CE,GOV,110,S,P,FG51,147,2014,12,7,1010,21,30,D,51.3470,-8.1020,51.3530,-8.1540,31E1,86,V,,1,2,R,4.3000,-9,,3683,348,26,,5.2000,1400,110.1,20.8,247,,998,280,4.0000,,,,,,296,20,,,,,,,,,,,,,,,,
HH,IE-IGFS,4,IE,45CE,GOV,110,S,P,FG185,148,2014,12,7,1238,21,30,D,51.3000,-8.5110,51.3170,-8.5540,31E1,89,V,,1,2,R,4.1000,-9,,3545,364,26,,5.2000,1400,112.9,20.6,247,,998,302,3.8000,,,,,,298,22,,,,,,,,,,,,,,,,
HH,IE-IGFS,4,IE,45CE,GOV,110,S,P,FG180,149,2014,12,7,1515,21,30,D,51.1890,-8.8440,51.1780,-8.8910,31E1,98,V,,1,2,R,3.9000,-9,,3506,390,26,,5.2000,1400,115.9,20.8,247,,998,249,3.8000,,,,,,290,24,,,,,,,,,,,,,,,,
HH,IE-IGFS,4,IE,45CE,GOV,110,S,P,111,117,2014,11,30,1404,21,30,D,51.4120,-6.3600,51.3820,-6.3770,31E3,114,V,,1,2,R,4.5000,-9,,3541,400,26,,5.2000,1400,108.3,20.5,247,,998,199,3.8000,,,,,,8,8,,,,,,,,,,,,,,,,
HH,IE-IGFS,4,IE,45CE,GOV,110,S,P,113,119,2014,12,1,0723,21,30,D,51.0600,-5.7860,51.0900,-5.8050,31E4,83,V,,1,2,R,,-9,,3593,324,26,,5.2000,1400,105.0,19.4,247,,998,338,3.9000,,,,,,40,6,,,,,,,,,,,,,,,,
HH,IE-IGFS,4,IE,45CE,GOV,110,S,P,CN304,120,2014,12,1,0946,21,30,D,51.1790,-6.1330,51.1480,-6.1470,31E3,105,V,,1,2,R,3.5000,-9,,3585,378,26,,5.2000,1400,99.6,22.8,247,,998,195,3.9000,,,,,,347,6,,,,,,,,,,,,,,,,
HH,IE-IGFS,4,IE,45CE,GOV,110,S,P,112,121,2014,12,1,1144,21,30,D,51.2180,-6.3360,51.2500,-6.3310,31E3,112,V,,1,2,R,3.9000,-9,,3577,390,26,,5.2000,1400,109.8,22.3,247,,998,5,3.9000,,,,,,251,2,,,,,,,,,,,,,,,,
HH,IE-IGFS,4,IE,45CE,GOV,110,S,P,FG25,113,2014,11,29,1556,26,30,D,52.0060,-6.2580,52.0170,-6.2090,33E3,76,V,,1,2,R,4.7000,-9,,3580,298,26,,5.2000,1400,,19.9,247,,998,69,3.9000,,,,,,246,2,,,,,,,,,,,,,,,,
HH,IE-IGFS,4,IE,45CE,GOV,55,S,P,33A,114,2014,11,30,0727,26,30,D,51.9770,-6.7400,52.0070,-6.7570,32E3,56,V,,1,2,R,4.8000,-9,,3536,259,26,,5.2000,1400,71.8,17.9,247,,998,340,3.8000,,,,,,348,8,,,,,,,,,,,,,,,,
HH,IE-IGFS,4,IE,45CE,GOV,55,S,P,FG167,115,2014,11,30,0953,26,30,D,51.8560,-6.6120,51.8260,-6.5930,32E3,71,V,,1,2,R,4.7000,-9,,3585,298,26,,5.2000,1400,80.2,19.9,247,,998,158,3.9000,,,,,,348,8,,,,,,,,,,,,,,,,
HH,IE-IGFS,4,IE,45CE,GOV,110,S,P,42,154,2019,12,6,0754,29,30,D,51.6540,-10.8270,51.6260,-10.8000,32D9,157,V,-9,1,2,R,4.1000,-9,-9,3633,499,26,-9,5.2000,1400,121.4,23.3,247,-9.0000,998,149,3.9000,-9.0000,-9,-9.0000,-9,-9.0000,105,19,-9,-9.0000,-9.0,-9.0,-9.00,-9.00,-9,-9,20,-9,-9,-9,-9,-9,-9,-9
HH,IE-IGFS,4,IE,45CE,GOV,110,S,P,43,155,2019,12,6,1015,28,31,D,51.6700,-10.4910,51.6860,-10.4440,32D9,102,V,-9,1,2,R,4.2000,-9,-9,3706,366,26,-9,5.2000,1400,111.9,22.2,247,-9.0000,998,61,3.9000,-9.0000,-9,-9.0000,-9,-9.0000,234,24,-9,-9.0000,-9.0,-9.0,-9.00,-9.00,-9,-9,20,-9,-9,-9,-9,-9,-9,-9
HH,IE-IGFS,4,IE,45CE,GOV,55,S,P,CN205,98,2019,11,23,0938,26,30,D,51.6760,-8.0420,51.7000,-8.0070,32E1,70,V,-9,1,2,R,4.1000,-9,-9,3603,311,26,-9,5.2000,1400,89.4,23.1,247,-9.0000,998,42,3.9000,-9.0000,-9,-9.0000,-9,-9.0000,325,25,-9,-9.0000,-9.0,-9.0,-9.00,-9.00,-9,-9,20,-9,-9,-9,-9,-9,-9,-9
HH,IE-IGFS,4,IE,45CE,GOV,55,S,P,FG38,106,2019,11,25,0904,26,23,D,51.7090,-6.4690,51.7300,-6.4910,32E3,74,V,-9,1,2,R,4.2000,-9,-9,2787,298,26,-9,5.2000,1400,85.4,22.3,247,-9.0000,998,327,3.9000,-9.0000,-9,-9.0000,-9,-9.0000,214,11,-9,-9.0000,-9.0,-9.0,-9.00,-9.00,-9,-9,20,-9,-9,-9,-9,-9,-9,-9
HH,IE-IGFS,4,IE,45CE,GOV,110,S,P,FG73,75,2019,11,18,1047,17,30,D,51.7720,-11.4010,51.7380,-11.4010,32D8,216,V,-9,1,2,R,3.9000,-9,-9,3782,663,26,-9,5.2000,1400,124.7,23.8,247,-9.0000,998,180,4.1000,-9.0000,-9,-9.0000,-9,-9.0000,165,32,-9,-9.0000,-9.0,-9.0,-9.00,-9.00,-9,-9,20,-9,-9,-9,-9,-9,-9,-9
HH,IE-IGFS,4,IE,45CE,GOV,55,S,P,FG176,103,2019,11,24,1352,26,30,D,51.4890,-7.5080,51.4810,-7.5560,31E2,84,V,-9,1,2,R,4.2000,-9,-9,3450,311,26,-9,5.2000,1400,86.5,22.4,247,-9.0000,998,255,3.7000,-9.0000,-9,-9.0000,-9,-9.0000,159,19,-9,-9.0000,-9.0,-9.0,-9.00,-9.00,-9,-9,20,-9,-9,-9,-9,-9,-9,-9
HH,IE-IGFS,4,IE,45CE,GOV,55,S,P,FG182,161,2019,12,9,1046,26,30,D,51.5180,-8.8680,51.4920,-8.8990,32E1,62,V,-9,1,2,R,4.1000,-9,-9,3605,273,26,-9,5.2000,1400,86.5,22.4,247,-9.0000,998,216,3.9000,-9.0000,-9,-9.0000,-9,-9.0000,27,10,-9,-9.0000,-9.0,-9.0,-9.00,-9.00,-9,-9,20,-9,-9,-9,-9,-9,-9,-9
HH,IE-IGFS,4,IE,45CE,GOV,55,S,P,110,116,2014,11,30,1157,26,30,D,51.6170,-6.5240,51.5860,-6.5030,32E3,77,V,,1,2,R,4.6000,-9,,3743,305,26,,5.2000,1400,80.8,20.0,247,,998,157,4.0000,,,,,,346,9,,,,,,,,,,,,,,,,
HH,IE-IGFS,4,IE,45CE,GOV,55,S,P,FG201,102,2014,11,27,0951,26,30,D,51.5000,-7.2400,51.5010,-7.1870,32E2,82,V,,1,2,R,4.5000,-9,,3681,324,26,,5.2000,1400,84.9,20.9,247,,998,88,4.0000,,,,,,145,20,,,,,,,,,,,,,,,,
HH,IE-IGFS,4,IE,45CE,GOV,55,S,P,FG208,103,2014,11,27,1128,26,30,D,51.5980,-7.0370,51.6230,-6.9950,32E2,75,V,,1,2,R,4.6000,-9,,4025,300,26,,5.2000,1400,83.0,20.4,247,,998,46,4.3000,,,,,,153,13,,,,,,,,,,,,,,,,
HH,IE-IGFS,4,IE,45CE,GOV,110,I2,P,R213,5,2015,9,21,0558,34,30,D,55.5810,-9.1650,55.6140,-9.1660,40E0,107,V,,1,2,R,4.3000,-9,,3674,402,26,,5.2000,1400,108.8,21.2,247,,2212,359,4.0000,,,,,,271,18,,,,,,,,,,,,,,,,
HH,IE-IGFS,4,IE,45CE,GOV,110,I2,P,FG150,1,2015,9,20,0806,34,35,D,54.5460,-10.3030,54.5810,-10.2700,38D9,121,V,,1,2,R,4.2000,-9,,4442,415,26,,5.2000,1400,107.9,19.7,247,,2212,28,4.1000,,,,,,186,22,,,,,,,,,,,,,,,,
HH,IE-IGFS,4,IE,45CE,GOV,110,I2,P,FG142,19,2015,9,23,1334,34,31,D,56.2300,-7.1230,56.2420,-7.1790,41E2,90,V,,1,2,R,4.1000,-9,,3720,324,26,,5.2000,1400,101.4,19.7,247,,2212,291,3.9000,,,,,,260,19,,,,,,,,,,,,,,,,
HH,IE-IGFS,4,IE,45CE,GOV,110,I2,P,FG144,20,2015,9,23,1609,34,21,D,56.3330,-7.5750,56.3380,-7.6130,41E2,151,V,,1,2,R,4.0000,-9,,2415,485,26,,5.2000,1400,111.1,20.9,247,,2212,283,3.7000,,,,,,243,20,,,,,,,,,,,,,,,,
HH,IE-IGFS,4,IE,45CE,GOV,110,I2,P,MB2,21,2015,9,24,0607,34,31,D,56.2060,-7.7620,56.1840,-7.8040,41E2,108,V,,1,2,R,4.1000,-9,,3577,402,26,,5.2000,1400,109.8,21.6,247,,2212,226,3.7000,,,,,,263,21,,,,,,,,,,,,,,,,
HH,IE-IGFS,4,IE,45CE,GOV,110,S,P,FG121,69,2019,11,17,0730,30,30,D,52.8390,-11.8310,52.8060,-11.8340,34D8,180,V,-9,1,2,R,3.9000,-9,-9,3677,568,26,-9,5.2000,1400,118.6,22.8,247,-9.0000,998,183,4.0000,-9.0000,-9,-9.0000,-9,-9.0000,355,30,-9,-9.0000,-9.0,-9.0,-9.00,-9.00,-9,-9,20,-9,-9,-9,-9,-9,-9,-9
HH,IE-IGFS,4,IE,45CE,GOV,110,S,P,53,145,2019,12,3,1256,31,30,D,52.9000,-10.4360,52.9200,-10.3920,34D9,112,V,-9,1,2,R,4.1000,-9,-9,3703,390,26,-9,5.2000,1400,115.2,22.5,247,-9.0000,998,52,4.0000,-9.0000,-9,-9.0000,-9,-9.0000,188,24,-9,-9.0000,-9.0,-9.0,-9.00,-9.00,-9,-9,20,-9,-9,-9,-9,-9,-9,-9
HH,IE-IGFS,4,IE,45CE,GOV,55,S,P,FG207,148,2019,12,4,1427,32,31,D,52.9570,-9.5060,52.9290,-9.5370,34E0,55,V,-9,1,2,R,4.5000,-9,-9,3748,233,26,-9,5.2000,1400,79.4,21.2,247,-9.0000,998,213,3.9000,-9.0000,-9,-9.0000,-9,-9.0000,29,20,-9,-9.0000,-9.0,-9.0,-9.00,-9.00,-9,-9,20,-9,-9,-9,-9,-9,-9,-9
HH,IE-IGFS,4,IE,45CE,GOV,110,S,P,MB15,169,2019,12,12,0807,31,30,D,52.9670,-9.9260,52.9470,-9.9710,34E0,102,V,-9,1,2,R,4.2000,-9,-9,3754,366,26,-9,5.2000,1400,115.1,22.6,247,-9.0000,998,233,4.0000,-9.0000,-9,-9.0000,-9,-9.0000,40,19,-9,-9.0000,-9.0,-9.0,-9.00,-9.00,-9,-9,20,-9,-9,-9,-9,-9,-9,-9
HH,IE-IGFS,4,IE,45CE,GOV,110,S,P,56A,170,2019,12,12,1019,31,30,D,53.0470,-10.1800,53.0800,-10.1890,35D9,108,V,-9,1,2,R,3.9000,-9,-9,3721,378,26,-9,5.2000,1400,118.2,22.9,247,-9.0000,998,350,4.0000,-9.0000,-9,-9.0000,-9,-9.0000,320,21,-9,-9.0000,-9.0,-9.0,-9.00,-9.00,-9,-9,20,-9,-9,-9,-9,-9,-9,-9
HH,IE-IGFS,4,IE,45CE,GOV,110,S,P,FG213,164,2019,12,10,0820,30,16,D,52.4880,-11.3300,52.5040,-11.3290,33D8,140,V,-9,1,2,R,4.3000,-9,-9,1781,462,26,-9,5.2000,1400,121.5,20.7,247,-9.0000,998,2,3.6000,-9.0000,-9,-9.0000,-9,-9.0000,247,27,-9,-9.0000,-9.0,-9.0,-9.00,-9.00,-9,-9,20,-9,-9,-9,-9,-9,-9,-9
HH,IE-IGFS,4,IE,45CE,GOV,110,S,P,FG172,71,2019,11,17,1135,16,30,D,52.5430,-11.9560,52.5110,-11.9430,34D8,230,V,-9,1,2,R,3.9000,-9,-9,3668,704,26,-9,5.2000,1400,126.9,24.1,247,-9.0000,998,166,4.0000,-9.0000,-9,-9.0000,-9,-9.0000,20,22,-9,-9.0000,-9.0,-9.0,-9.00,-9.00,-9,-9,20,-9,-9,-9,-9,-9,-9,-9
HH,IE-IGFS,4,IE,45CE,GOV,110,S,P,68,143,2019,12,3,0734,32,30,D,52.5550,-9.7640,52.5440,-9.8150,34E0,23,V,-9,1,2,R,4.5000,-9,-9,3669,151,26,-9,5.2000,1400,69.2,19.1,247,-9.0000,998,250,4.0000,-9.0000,-9,-9.0000,-9,-9.0000,180,15,-9,-9.0000,-9.0,-9.0,-9.00,-9.00,-9,-9,20,-9,-9,-9,-9,-9,-9,-9
HH,IE-IGFS,4,IE,45CE,GOV,110,S,P,FG48,142,2018,12,6,0752,21,30,D,51.4080,-6.0160,51.3740,-6.0130,31E3,97,V,,1,2,R,3.6000,-9,,3788,378,26,,5.2000,1400,120.2,23.6,247,,998,176,4.1000,,,,,,231,20,,,,,,,,,,,,,,,,
HH,IE-IGFS,4,IE,45CE,GOV,110,S,P,CN304,143,2018,12,6,1104,21,20,D,51.1430,-6.1490,51.1650,-6.1390,31E3,95,V,,1,2,R,3.5000,-9,,2545,366,26,,5.2000,1400,99.2,23.3,247,,998,15,4.1000,,,,,,234,24,,,,,,,,,,,,,,,,
HH,IE-IGFS,4,IE,45CE,GOV,110,S,P,113,144,2018,12,6,1307,21,30,D,51.0910,-5.8040,51.0600,-5.7850,31E4,82,V,,1,2,R,4.1000,-9,,3696,311,26,,5.2000,1400,108.1,22.1,247,,998,158,4.0000,,,,,,236,21,,,,,,,,,,,,,,,,
HH,IE-IGFS,4,IE,45CE,GOV,110,S,P,FG183,124,2018,11,29,1521,21,30,D,51.4440,-8.5050,51.4600,-8.5050,31E1,94,V,,1,2,R,3.9000,-9,,1780,336,26,,5.2000,1400,110.9,22.4,247,,998,360,1.9000,,,,,,224,24,,,,,,,,,,,,,,,,
HH,IE-IGFS,4,IE,45CE,GOV,110,S,P,FG11,125,2018,11,30,0736,21,30,D,50.8900,-8.8900,50.8510,-8.8960,30E1,114,V,,1,2,R,3.9000,-9,,4359,402,26,,5.2000,1400,119.0,24.8,247,,998,185,4.7000,,,,,,274,19,,,,,,,,,,,,,,,,
HH,IE-IGFS,4,IE,45CE,GOV,110,S,P,CC306,126,2018,11,30,1014,21,30,D,50.6250,-8.9090,50.6010,-8.8740,30E1,126,V,,1,2,R,4.0000,-9,,3642,415,26,,5.2000,1400,118.8,23.7,247,,998,137,3.9000,,,,,,276,24,,,,,,,,,,,,,,,,
HH,IE-IGFS,4,IE,45CE,GOV,110,S,P,FG12,127,2018,11,30,1229,21,31,D,50.5560,-8.6150,50.5870,-8.5970,30E1,122,V,,1,2,R,3.7000,-9,,3676,427,26,,5.2000,1400,120.2,23.6,247,,998,20,3.8000,,,,,,269,23,,,,,,,,,,,,,,,,
HH,IE-IGFS,4,IE,45CE,GOV,110,S,P,62A,128,2018,11,30,1414,21,31,D,50.7050,-8.4930,50.7300,-8.4610,30E1,117,V,,1,2,R,3.8000,-9,,3583,415,26,,5.2000,1400,120.4,23.9,247,,998,39,3.7000,,,,,,267,24,,,,,,,,,,,,,,,,
HH,IE-IGFS,4,IE,45CE,GOV,110,S,P,62A,129,2018,11,30,1602,21,31,D,50.7420,-8.2360,50.7610,-8.1910,30E1,114,V,,1,2,R,3.8000,-9,,3814,390,26,,5.2000,1400,119.1,23.2,247,,998,56,4.0000,,,,,,251,17,,,,,,,,,,,,,,,,
HH,IE-IGFS,4,IE,45CE,GOV,110,S,P,VMS1,130,2018,12,1,0740,21,26,D,50.8810,-8.4960,50.9000,-8.4620,30E1,115,V,,1,2,R,3.9000,-9,,3192,402,26,,5.2000,1400,121.1,23.8,247,,998,48,4.0000,,,,,,248,20,,,,,,,,,,,,,,,,
HH,IE-IGFS,4,IE,45CE,GOV,110,S,P,FG39,122,2014,12,1,1400,21,20,D,51.2140,-6.6020,51.1970,-6.6250,31E3,109,V,,1,2,R,4.1000,-9,,2482,391,26,,5.2000,1400,109.3,19.6,247,,998,220,4.0000,,,,,,284,7,,,,,,,,,,,,,,,,
HH,IE-IGFS,4,IE,45CE,GOV,110,S,P,FG40,123,2014,12,1,1608,21,30,D,51.3650,-6.6670,51.3640,-6.7200,31E3,84,V,,1,2,R,4.4000,-9,,3692,324,26,,5.2000,1400,104.6,19.6,247,,998,268,4.0000,,,,,,296,9,,,,,,,,,,,,,,,,
HH,IE-IGFS,4,IE,45CE,GOV,110,S,P,MB30,125,2014,12,2,1140,21,30,D,50.6180,-7.6060,50.6490,-7.6170,30E2,113,V,,1,2,R,4.1000,-9,,3535,400,26,,5.2000,1400,117.0,21.3,247,,998,347,3.8000,,,,,,15,22,,,,,,,,,,,,,,,,
HH,IE-IGFS,4,IE,45CE,GOV,110,S,P,FG53,126,2014,12,2,1356,21,30,D,50.7240,-7.8400,50.7050,-7.8820,30E2,113,V,,1,2,R,4.0000,-9,,3642,400,26,,5.2000,1400,114.6,20.7,247,,998,234,3.9000,,,,,,13,19,,,,,,,,,,,,,,,,
HH,IE-IGFS,4,IE,45CE,GOV,110,S,P,FG133,127,2014,12,2,1603,21,30,D,50.5400,-8.0250,50.5170,-8.0690,30E1,120,V,,1,2,R,4.2000,-9,,4034,415,26,,5.2000,1400,116.1,21.4,247,,998,230,4.3000,,,,,,19,19,,,,,,,,,,,,,,,,
HH,IE-IGFS,4,IE,45CE,GOV,110,S,P,FG36A,128,2014,12,3,0728,21,30,D,51.0420,-7.6070,51.0180,-7.6410,31E2,113,V,,1,2,R,4.0000,-9,,3580,402,26,,5.2000,1400,111.9,21.4,247,,998,221,3.9000,,,,,,32,14,,,,,,,,,,,,,,,,
HH,IE-IGFS,4,IE,45CE,GOV,110,S,P,FG16,131,2018,12,1,0946,21,28,D,51.0930,-8.2590,51.1070,-8.2210,31E1,109,V,,1,2,R,4.0000,-9,,3083,378,26,,5.2000,1400,119.0,23.6,247,,998,59,3.6000,,,,,,260,21,,,,,,,,,,,,,,,,
HH,IE-IGFS,4,IE,45CE,GOV,110,S,P,FG52,132,2018,12,1,1127,21,30,D,51.2310,-8.0900,51.2500,-8.0520,31E1,102,V,,1,2,R,6.5000,-9,,3392,366,26,,5.2000,1400,113.7,19.6,247,,998,51,3.7000,,,,,,246,20,,,,,,,,,,,,,,,,
HH,IE-IGFS,4,IE,45CE,GOV,110,S,P,FG17A,133,2018,12,1,1357,21,30,D,51.4820,-8.1450,51.5020,-8.1020,31E1,89,V,,1,2,R,3.9000,-9,,3724,324,26,,5.2000,1400,111.9,23.4,247,,998,53,4.0000,,,,,,247,22,,,,,,,,,,,,,,,,
HH,IE-IGFS,4,IE,45CE,GOV,110,S,P,CC310,116,2018,11,27,0737,21,30,D,51.2090,-8.5270,51.1880,-8.5670,31E1,110,V,,1,2,R,3.9000,-9,,3643,378,26,,5.2000,1400,117.3,23.1,247,,998,230,3.9000,,,,,,238,23,,,,,,,,,,,,,,,,
HH,IE-IGFS,4,IE,45CE,GOV,110,S,P,FG180,117,2018,11,27,0959,21,30,D,51.1880,-8.8450,51.1780,-8.8940,31E1,110,V,,1,2,R,4.3000,-9,,3602,390,26,,5.2000,1400,117.7,23.4,247,,998,251,3.9000,,,,,,272,23,,,,,,,,,,,,,,,,
HH,IE-IGFS,4,IE,45CE,GOV,110,S,P,FG53,154,2018,12,11,0800,21,30,D,50.7020,-7.8870,50.7220,-7.8460,30E2,108,V,,1,2,R,3.8000,-9,,3651,392,26,,5.2000,1400,121.2,23.6,247,,998,52,3.9000,,,,,,175,21,,,,,,,,,,,,,,,,
HH,IE-IGFS,4,IE,45CE,GOV,110,S,P,FG35,155,2018,12,11,0949,21,30,D,50.8820,-7.7890,50.9060,-7.7520,30E2,100,V,,1,2,R,3.7000,-9,,3728,378,26,,5.2000,1400,119.1,24.0,247,,998,44,4.0000,,,,,,173,25,,,,,,,,,,,,,,,,
HH,IE-IGFS,4,IE,45CE,GOV,110,S,P,FG36,156,2018,12,11,1154,21,30,D,51.0340,-7.5660,51.0540,-7.5240,31E2,96,V,,1,2,R,3.6000,-9,,3691,350,26,,5.2000,1400,116.7,23.9,247,,998,52,4.0000,,,,,,178,22,,,,,,,,,,,,,,,,
HH,IE-IGFS,4,IE,45CE,GOV,110,S,P,FG23,157,2018,12,11,1341,21,18,D,51.1410,-7.4660,51.1720,-7.4230,31E2,100,V,,1,2,R,3.6000,-9,,4576,380,26,,5.2000,1400,117.4,23.1,247,,998,41,8.2000,,,,,,177,25,,,,,,,,,,,,,,,,
HH,IE-IGFS,4,IE,45CE,GOV,110,S,P,FG197,158,2018,12,11,1529,21,30,D,51.2480,-7.6070,51.2440,-7.6580,31E2,87,V,,1,2,R,3.9000,-9,,3588,336,26,,5.2000,1400,112.8,23.7,247,,998,262,3.9000,,,,,,169,27,,,,,,,,,,,,,,,,
HH,IE-IGFS,4,IE,45CE,GOV,110,S,P,FG136,150,2018,12,10,0953,21,30,D,51.4950,-5.7860,51.5190,-5.8250,31E4,85,V,,1,2,R,4.1000,-9,,3802,324,26,,5.2000,1400,111.1,24.0,247,,998,314,4.1000,,,,,,275,5,,,,,,,,,,,,,,,,
HH,IE-IGFS,4,IE,45CE,GOV,110,S,P,FG139,151,2018,12,10,1211,21,30,D,51.6230,-6.1840,51.5920,-6.2050,32E3,105,V,,1,2,R,3.8000,-9,,3743,390,26,,5.2000,1400,114.2,22.6,247,,998,202,4.0000,,,,,,229,11,,,,,,,,,,,,,,,,
HH,IE-IGFS,4,IE,45CE,GOV,110,S,P,FG26,146,2018,12,7,0758,21,30,D,51.8060,-6.0730,51.8370,-6.0820,32E3,110,V,,1,2,R,4.5000,-9,,3504,400,26,,5.2000,1400,118.1,25.4,247,,998,349,3.8000,,,,,,274,32,,,,,,,,,,,,,,,,
HH,IE-IGFS,4,IE,45CE,GOV,55,S,P,FG56,121,2018,11,29,0757,27,30,D,51.4160,-9.4010,51.4280,-9.3500,31E0,68,V,,1,2,R,4.3000,-9,,3790,257,26,,5.2000,1400,88.1,23.5,247,,998,69,4.1000,,,,,,251,19,,,,,,,,,,,,,,,,
HH,IE-IGFS,4,IE,45CE,GOV,55,S,P,71,96,2018,11,22,1626,27,31,D,51.9990,-10.3720,52.0190,-10.3290,32D9,60,V,,1,2,R,3.9000,-9,,3697,273,26,,5.2000,1400,84.2,21.7,247,,998,52,3.9000,,,,,,80,20,,,,,,,,,,,,,,,,
HH,IE-IGFS,4,IE,45CE,GOV,110,S,P,FG66,97,2018,11,22,0743,29,31,D,51.0020,-10.2320,51.0350,-10.2340,31D9,129,V,,1,2,R,3.6000,-9,,3673,438,26,,5.2000,1400,119.3,23.3,247,,998,357,3.8000,,,,,,315,0,,,,,,,,,,,,,,,,
HH,IE-IGFS,4,IE,45CE,GOV,110,S,P,FG35,129,2014,12,3,0906,21,27,D,50.9070,-7.7510,50.8850,-7.7840,30E2,112,V,,1,2,R,4.2000,-9,,3373,378,26,,5.2000,1400,109.6,20.4,247,,998,223,4.0000,,,,,,29,13,,,,,,,,,,,,,,,,
HH,IE-IGFS,4,IE,45CE,GOV,110,S,P,FG140,130,2014,12,3,1132,21,30,D,51.0350,-8.0670,51.0220,-8.1140,31E1,100,V,,1,2,R,3.9000,-9,,3600,378,26,,5.2000,1400,111.5,20.2,247,,998,246,3.9000,,,,,,22,14,,,,,,,,,,,,,,,,
HH,IE-IGFS,4,IE,45CE,GOV,110,S,P,FG133,131,2014,12,3,1422,21,30,D,50.7550,-8.2040,50.7380,-8.2480,30E1,116,V,,1,2,R,3.9000,-9,,3636,415,26,,5.2000,1400,113.9,20.7,247,,998,238,3.9000,,,,,,14,15,,,,,,,,,,,,,,,,
HH,IE-IGFS,4,IE,45CE,GOV,110,S,P,FG14,132,2014,12,3,1610,21,29,D,50.6370,-8.2130,50.6190,-8.2530,30E1,123,V,,1,2,R,4.1000,-9,,3466,427,26,,5.2000,1400,115.8,21.4,247,,998,234,3.9000,,,,,,19,12,,,,,,,,,,,,,,,,
HH,IE-IGFS,4,IE,45CE,GOV,110,S,P,FG15,99,2014,11,26,1349,21,30,D,51.3480,-7.4640,51.3280,-7.4230,31E2,86,V,,1,2,R,4.7000,-9,,3621,324,26,,5.2000,1400,105.4,20.3,247,,998,127,3.9000,,,,,,295,4,,,,,,,,,,,,,,,,
HH,IE-IGFS,4,IE,45CE,GOV,110,S,P,FG23,100,2014,11,26,1556,21,30,D,51.1750,-7.4190,51.1520,-7.4550,31E2,106,V,,1,2,R,4.3000,-9,,3590,378,26,,5.2000,1400,107.8,21.6,247,,998,224,3.9000,,,,,,14,3,,,,,,,,,,,,,,,,
HH,IE-IGFS,4,IE,45CE,GOV,110,S,P,FG168,101,2014,11,27,0733,21,30,D,51.2890,-7.2480,51.2970,-7.1960,31E2,91,V,,1,2,R,4.6000,-9,,3734,336,26,,5.2000,1400,106.3,20.9,247,,998,76,4.0000,,,,,,150,13,,,,,,,,,,,,,,,,
HH,IE-IGFS,4,IE,45CE,GOV,110,S,P,FG183,94,2014,11,24,1404,21,30,D,51.4440,-8.5560,51.4590,-8.5080,31E1,89,V,,1,2,R,4.9000,-9,,3730,337,26,,5.2000,1400,103.4,19.7,247,,998,63,4.0000,,,,,,205,13,,,,,,,,,,,,,,,,
HH,IE-IGFS,4,IE,45CE,GOV,110,S,P,FG181,91,2014,11,24,0736,21,30,D,51.0760,-8.6470,51.0940,-8.6040,31E1,108,V,,1,2,R,4.4000,-9,,3617,385,26,,5.2000,1400,112.4,20.9,247,,998,56,3.9000,,,,,,197,12,,,,,,,,,,,,,,,,
HH,IE-IGFS,4,IE,45CE,GOV,110,S,P,64,92,2014,11,24,0932,21,30,D,51.2610,-8.6930,51.2620,-8.7470,31E1,98,V,,1,2,R,4.8000,-9,,3770,365,26,,5.2000,1400,109.4,21.0,247,,998,271,4.1000,,,,,,204,17,,,,,,,,,,,,,,,,
HH,IE-IGFS,4,IE,45CE,GOV,55,S,P,FG204,85,2014,11,23,0730,27,30,D,51.6170,-9.7960,51.5980,-9.8380,32E0,46,V,,1,2,R,4.9000,-9,,3596,230,26,,5.2000,1400,78.5,19.5,247,,998,233,3.9000,,,,,,24,4,,,,,,,,,,,,,,,,
HH,IE-IGFS,4,IE,45CE,GOV,55,S,P,FG9,86,2014,11,23,0956,27,30,D,51.4460,-9.6900,51.4590,-9.6340,31E0,49,V,,1,2,R,4.7000,-9,,4152,230,26,,5.2000,1400,77.2,19.1,247,,998,69,4.5000,,,,,,317,3,,,,,,,,,,,,,,,,
HH,IE-IGFS,4,IE,45CE,GOV,55,S,P,FG56,87,2014,11,23,1148,27,30,D,51.4130,-9.4130,51.4240,-9.3630,31E0,60,V,,1,2,R,4.9000,-9,,3687,255,26,,5.2000,1400,78.0,19.2,247,,998,70,4.0000,,,,,,300,6,,,,,,,,,,,,,,,,
HH,IE-IGFS,4,IE,45CE,GOV,55,S,P,FG33,159,2014,12,9,1454,27,29,D,51.4910,-10.0760,51.5110,-10.0370,31D9,65,V,,1,2,R,4.8000,-9,,3505,296,26,,5.2000,1400,84.2,20.3,247,,998,50,3.9000,,,,,,251,32,,,,,,,,,,,,,,,,
HH,IE-IGFS,4,IE,45CE,GOV,55,S,P,FG223,160,2014,12,11,1215,27,30,D,51.6720,-9.6170,51.6570,-9.6610,32E0,32,V,,1,2,R,4.6000,-9,,3471,205,26,,5.2000,1400,65.8,19.4,247,,998,241,3.7000,,,,,,267,27,,,,,,,,,,,,,,,,
HH,IE-IGFS,4,IE,45CE,GOV,110,S,P,50,168,2014,12,14,0809,29,25,D,52.8560,-11.0400,52.8800,-11.0530,34D8,129,V,,1,2,R,4.5000,-9,,2810,448,26,,5.2000,1400,109.3,19.9,247,,998,341,3.6000,,,,,,243,25,,,,,,,,,,,,,,,,
HH,IE-IGFS,4,IE,45CE,GOV,110,S,P,FG120,169,2014,12,14,1113,29,30,D,52.9890,-11.2380,53.0230,-11.2340,34D8,129,V,,1,2,R,4.4000,-9,,3793,445,26,,5.2000,1400,115.7,21.2,247,,998,4,4.1000,,,,,,298,28,,,,,,,,,,,,,,,,
HH,IE-IGFS,4,IE,45CE,GOV,110,S,P,DS1,163,2014,12,12,1450,29,30,D,51.9620,-10.9690,51.9930,-10.9900,32D9,142,V,,1,2,R,3.8000,-9,,3738,474,26,,5.2000,1400,119.7,21.1,247,,998,337,4.0000,,,,,,313,17,,,,,,,,,,,,,,,,
HH,IE-IGFS,4,IE,45CE,GOV,110,S,P,FG203,156,2014,12,9,0803,29,30,D,51.2190,-10.7480,51.2500,-10.7280,31D9,160,V,,1,2,R,3.8000,-9,,3720,525,26,,5.2000,1400,122.8,21.7,247,,998,21,4.0000,,,,,,241,30,,,,,,,,,,,,,,,,
HH,IE-IGFS,4,IE,45CE,GOV,110,S,P,FG129,98,2018,11,23,0946,29,31,D,51.0960,-10.5130,51.1270,-10.5340,31D9,159,V,,1,2,R,3.7000,-9,,3749,486,26,,5.2000,1400,120.4,23.4,247,,998,336,3.9000,,,,,,322,2,,,,,,,,,,,,,,,,
HH,IE-IGFS,4,IE,45CE,GOV,55,S,P,59,135,2016,12,6,1327,32,30,D,53.0540,-9.7190,53.0350,-9.6740,35E0,71,V,,1,2,R,4.4000,-9,,3685,298,26,,5.2000,1400,80.9,20.8,247,,998,125,4.0000,,,,,,164,21,,,,,,,,,,,,,,,,
HH,IE-IGFS,4,IE,45CE,GOV,55,S,P,62,136,2016,12,6,1537,32,30,D,53.1960,-9.4740,53.1930,-9.4200,35E0,37,V,,1,2,R,4.6000,-9,,3624,213,26,,5.2000,1400,78.8,21.0,247,,998,95,3.9000,,,,,,166,14,,,,,,,,,,,,,,,,
HH,IE-IGFS,4,IE,45CE,GOV,55,S,P,68,137,2016,12,7,0808,32,30,D,52.5530,-9.7650,52.5440,-9.8160,34E0,17,V,,1,2,R,4.8000,-9,,3601,170,26,,5.2000,1400,72.0,19.5,247,,998,253,3.9000,,,,,,195,24,,,,,,,,,,,,,,,,
HH,IE-IGFS,4,IE,45CE,GOV,55,S,P,66,139,2016,12,7,1516,32,30,D,52.7580,-9.6290,52.7900,-9.6130,34E0,49,V,,1,2,R,4.4000,-9,,3721,246,26,,5.2000,1400,80.8,21.1,247,,998,16,4.0000,,,,,,229,25,,,,,,,,,,,,,,,,
HH,IE-IGFS,4,IE,45CE,GOV,110,S,P,FG121,180,2016,12,17,1056,30,30,D,52.7850,-11.8350,52.8190,-11.8330,34D8,185,V,,1,2,R,3.9000,-9,,3786,568,26,,5.2000,1400,124.7,23.4,247,,998,2,4.1000,,,,,,201,28,,,,,,,,,,,,,,,,
HH,IE-IGFS,4,IE,45CE,GOV,110,S,P,FG224,181,2016,12,17,1422,30,30,D,53.1150,-11.6430,53.1500,-11.6420,35D8,160,V,,1,2,R,3.9000,-9,,3895,499,26,,5.2000,1400,123.5,23.3,247,,998,360,4.2000,,,,,,207,28,,,,,,,,,,,,,,,,
HH,IE-IGFS,4,IE,45CE,GOV,110,S,P,21,121,2016,12,3,1159,30,30,D,54.1790,-10.6770,54.1490,-10.6950,37D9,175,V,,1,2,R,4.0000,-9,,3540,554,26,,5.2000,1400,124.2,23.6,247,,998,199,3.8000,,,,,,142,17,,,,,,,,,,,,,,,,
HH,IE-IGFS,4,IE,45CE,GOV,110,S,P,90,132,2016,12,5,1539,30,30,D,52.7660,-11.4770,52.7410,-11.5100,34D8,138,V,,1,2,R,4.2000,-9,,3564,474,26,,5.2000,1400,118.6,22.8,247,,998,218,3.8000,,,,,,159,23,,,,,,,,,,,,,,,,
HH,IE-IGFS,4,IE,45CE,GOV,110,S,P,MB28,124,2016,12,4,0742,30,30,D,53.4250,-10.8590,53.3970,-10.8830,35D9,134,V,,1,2,R,4.0000,-9,,3501,460,26,,5.2000,1400,112.2,21.3,247,,998,207,3.8000,,,,,,113,24,,,,,,,,,,,,,,,,
HH,IE-IGFS,4,IE,45CE,GOV,110,S,P,89,125,2016,12,4,1028,30,30,D,53.2270,-11.2120,53.2080,-11.2570,35D8,141,V,,1,2,R,4.3000,-9,,3675,475,26,,5.2000,1400,116.6,22.6,247,,998,234,4.0000,,,,,,120,24,,,,,,,,,,,,,,,,
HH,IE-IGFS,4,IE,45CE,GOV,110,S,P,MB12,126,2016,12,4,1246,30,20,D,53.0940,-10.9950,53.0850,-10.9640,35D9,129,V,,1,2,R,4.3000,-9,,2305,450,26,,5.2000,1400,112.4,21.9,247,,998,115,3.7000,,,,,,117,19,,,,,,,,,,,,,,,,
HH,IE-IGFS,4,IE,45CE,GOV,110,I2,P,12,36,2013,10,2,1353,34,30,D,55.4520,-8.6030,55.4220,-8.5770,39E1,98,V,,1,2,R,4.2000,-9,,3723,378,26,,5.2000,1400,103.1,19.5,247,,2212,153,4.0000,,,,,,118,19,,,,,,,,,,,,,,,,
HH,IE-IGFS,4,IE,45CE,GOV,110,I2,P,11,37,2013,10,2,1731,34,29,D,55.3090,-8.6750,55.3150,-8.7310,39E1,90,V,,1,2,R,4.2000,-9,,3618,366,26,,5.2000,1400,105.5,19.9,247,,2212,280,4.0000,,,,,,118,6,,,,,,,,,,,,,,,,
HH,IE-IGFS,4,IE,45CE,GOV,110,I2,P,GD8,38,2013,10,3,0615,34,30,D,55.2160,-9.6190,55.2370,-9.5760,39E0,113,V,,1,2,R,4.0000,-9,,3598,415,26,,5.2000,1400,109.6,21.6,247,,2212,49,3.9000,,,,,,167,15,,,,,,,,,,,,,,,,
HH,IE-IGFS,4,IE,45CE,GOV,110,I2,P,GD9,39,2013,10,3,0858,34,30,D,55.3320,-9.1270,55.2990,-9.1270,39E0,94,V,,1,2,R,4.1000,-9,,3673,378,26,,5.2000,1400,105.3,20.2,247,,2212,180,4.0000,,,,,,161,20,,,,,,,,,,,,,,,,
HH,IE-IGFS,4,IE,45CE,GOV,110,I2,P,GD2A,33,2013,10,2,0617,34,30,D,55.5630,-8.2650,55.5910,-8.2950,40E1,78,V,,1,2,R,4.1000,-9,,3646,318,26,,5.2000,1400,101.3,17.5,247,,2212,328,3.9000,,,,,,125,20,,,,,,,,,,,,,,,,
HH,IE-IGFS,4,IE,45CE,GOV,110,I2,P,18,45,2013,10,4,1354,34,30,D,54.5960,-9.2540,54.6110,-9.2930,38E0,91,V,,1,2,R,4.0000,-9,,3023,349,26,,5.2000,1400,105.0,20.0,247,,2212,303,3.3000,,,,,,282,19,,,,,,,,,,,,,,,,
HH,IE-IGFS,4,IE,45CE,GOV,110,I2,P,26,46,2013,10,4,1635,34,30,D,54.7710,-9.6390,54.7990,-9.6070,38E0,94,V,,1,2,R,4.1000,-9,,3735,373,26,,5.2000,1400,97.6,18.9,247,,2212,33,4.0000,,,,,,270,20,,,,,,,,,,,,,,,,
HH,IE-IGFS,4,IE,45CE,GOV,110,I2,P,27,47,2013,10,5,0622,34,23,D,54.9970,-9.4190,54.9740,-9.4020,38E0,90,V,,1,2,R,4.3000,-9,,2782,355,26,,5.2000,1400,102.5,19.8,247,,2212,157,3.9000,,,,,,201,14,,,,,,,,,,,,,,,,
HH,IE-IGFS,4,IE,45CE,GOV,110,I2,P,FG101,48,2013,10,5,1054,34,22,D,54.7880,-10.0690,54.7590,-10.0930,38D9,107,V,,1,2,R,4.2000,-9,,3578,402,26,,5.2000,1400,103.0,20.0,247,,2212,205,5.3000,,,,,,207,16,,,,,,,,,,,,,,,,
HH,IE-IGFS,4,IE,45CE,GOV,110,I2,P,FG150,49,2013,10,5,1319,34,29,D,54.5620,-10.2880,54.5340,-10.3150,38D9,116,V,,1,2,R,4.3000,-9,,3573,420,26,,5.2000,1400,105.8,19.8,247,,2212,209,4.0000,,,,,,206,26,,,,,,,,,,,,,,,,
HH,IE-IGFS,4,IE,45CE,GOV,110,I2,P,FG110,5,2013,9,27,0620,15,30,D,55.4860,-9.5470,55.5030,-9.4980,39E0,250,V,,1,2,R,4.0000,-9,,3629,773,26,,5.2000,1400,120.0,22.2,247,,2212,58,3.9000,,,,,,182,9,,,,,,,,,,,,,,,,
HH,IE-IGFS,4,IE,45CE,GOV,110,I2,P,FG113,1,2013,9,26,0930,15,32,D,54.7220,-10.4510,54.7520,-10.4240,38D9,210,V,,1,2,R,4.1000,-9,,3765,700,26,,5.2000,1400,120.0,22.2,247,,2212,27,3.8000,,,,,,125,8,,,,,,,,,,,,,,,,
HH,IE-IGFS,4,IE,45CE,GOV,110,S,P,FG120,127,2016,12,4,1446,30,20,D,53.0330,-11.2330,53.0120,-11.2360,35D8,133,V,,1,2,R,4.3000,-9,,2345,450,26,,5.2000,1400,115.1,22.7,247,,998,184,3.8000,,,,,,123,23,,,,,,,,,,,,,,,,
HH,IE-IGFS,4,IE,45CE,GOV,110,S,P,50,129,2016,12,5,0749,30,30,D,52.9070,-11.0660,52.8750,-11.0500,34D8,132,V,,1,2,R,4.0000,-9,,3720,450,26,,5.2000,1400,111.9,21.3,247,,998,163,4.0000,,,,,,126,15,,,,,,,,,,,,,,,,
HH,IE-IGFS,4,IE,45CE,GOV,110,S,P,MB14,130,2016,12,5,0948,30,30,D,52.7740,-10.8770,52.7500,-10.9140,34D9,125,V,,1,2,R,4.2000,-9,,3656,438,26,,5.2000,1400,112.8,21.9,247,,998,223,3.9000,,,,,,123,16,,,,,,,,,,,,,,,,
HH,IE-IGFS,4,IE,45CE,GOV,110,S,P,FG105,103,2016,11,29,1636,30,30,D,52.5890,-11.7420,52.6170,-11.7670,34D8,173,V,,1,2,R,4.2000,-9,,3546,540,26,,5.2000,1400,119.9,23.0,247,,998,331,3.8000,,,,,,251,1,,,,,,,,,,,,,,,,
HH,IE-IGFS,4,IE,45CE,GOV,110,S,P,53,48,2016,11,15,0937,31,23,D,52.9240,-10.3850,52.9090,-10.4180,34D9,115,V,,1,2,R,4.2000,-9,,2777,402,26,,5.2000,1400,116.5,22.9,247,,998,233,3.9000,,,,,,301,7,,,,,,,,,,,,,,,,
HH,IE-IGFS,4,IE,45CE,GOV,110,S,P,52,49,2016,11,15,1241,31,30,D,53.1800,-10.6930,53.1560,-10.7320,35D9,114,V,,1,2,R,4.3000,-9,,3733,427,26,,5.2000,1400,116.0,22.6,247,,998,224,4.0000,,,,,,258,13,,,,,,,,,,,,,,,,
HH,IE-IGFS,4,IE,45CE,GOV,110,S,P,FG218,118,2016,12,2,1642,31,20,D,54.4860,-9.8480,54.4870,-9.8840,37E0,97,V,,1,2,R,4.4000,-9,,2335,366,26,,5.2000,1400,110.4,22.3,247,,998,272,3.8000,,,,,,160,4,,,,,,,,,,,,,,,,
HH,IE-IGFS,4,IE,45CE,GOV,110,S,P,23A,119,2016,12,3,0742,31,30,D,54.4590,-10.1870,54.4300,-10.1590,37D9,114,V,,1,2,R,4.4000,-9,,3704,415,26,,5.2000,1400,111.5,21.7,247,,998,150,4.0000,,,,,,140,15,,,,,,,,,,,,,,,,
HH,IE-IGFS,4,IE,45CE,GOV,110,S,P,22,120,2016,12,3,0938,31,30,D,54.3020,-10.3120,54.2910,-10.3630,37D9,113,V,,1,2,R,4.4000,-9,,3539,402,26,,5.2000,1400,108.7,21.4,247,,998,249,3.8000,,,,,,129,12,,,,,,,,,,,,,,,,
HH,IE-IGFS,4,IE,45CE,GOV,110,S,P,48,131,2016,12,5,1204,31,30,D,52.6500,-10.7050,52.6660,-10.7520,34D9,118,V,,1,2,R,4.3000,-9,,3644,427,26,,5.2000,1400,112.4,22.2,247,,998,299,3.9000,,,,,,111,12,,,,,,,,,,,,,,,,
HH,IE-IGFS,4,IE,45CE,GOV,110,S,P,FG75,133,2016,12,6,0758,31,30,D,53.3180,-10.2870,53.2970,-10.2450,35D9,118,V,,1,2,R,4.1000,-9,,3646,427,26,,5.2000,1400,118.3,22.9,247,,998,129,3.9000,,,,,,149,19,,,,,,,,,,,,,,,,
HH,IE-IGFS,4,IE,45CE,GOV,110,S,P,MB15,134,2016,12,6,1134,31,30,D,52.9460,-9.9740,52.9650,-9.9290,34E0,98,V,,1,2,R,4.2000,-9,,3690,370,26,,5.2000,1400,112.7,21.9,247,,998,54,4.0000,,,,,,175,20,,,,,,,,,,,,,,,,
HH,IE-IGFS,4,IE,45CE,GOV,110,S,P,70,138,2016,12,7,1140,31,30,D,52.5210,-10.3400,52.5510,-10.3160,34D9,97,V,,1,2,R,4.2000,-9,,3714,378,26,,5.2000,1400,112.0,21.8,247,,998,25,4.0000,,,,,,204,27,,,,,,,,,,,,,,,,
HH,IE-IGFS,4,IE,45CE,GOV,110,I2,P,FG112,8,2013,9,27,1249,15,30,D,55.9930,-9.2230,56.0250,-9.2080,40E0,244,V,,1,2,R,4.0000,-9,,3683,775,26,,5.2000,1400,121.0,22.8,247,,2212,14,4.0000,,,,,,176,12,,,,,,,,,,,,,,,,
HH,IE-IGFS,4,IE,45CE,GOV,55,S,P,62,50,2013,10,29,0722,32,30,D,53.1900,-9.3800,53.1930,-9.4350,35E0,37,V,,1,2,R,4.3000,-9,,3691,180,26,,5.2000,1400,72.9,18.4,247,,998,275,4.0000,,,,,,305,14,,,,,,,,,,,,,,,,
HH,IE-IGFS,4,IE,45CE,GOV,55,S,P,FG207,51,2013,10,29,0936,32,30,D,52.9850,-9.4780,52.9560,-9.5070,34E0,53,V,,1,2,R,3.8000,-9,,3769,233,26,,5.2000,1400,79.2,19.4,247,,998,211,4.1000,,,,,,304,16,,,,,,,,,,,,,,,,
HH,IE-IGFS,4,IE,45CE,GOV,55,S,P,66,52,2013,10,29,1142,32,30,D,52.7910,-9.6160,52.7590,-9.6300,34E0,56,V,,1,2,R,4.0000,-9,,3684,246,26,,5.2000,1400,80.1,19.8,247,,998,194,4.0000,,,,,,311,19,,,,,,,,,,,,,,,,
HH,IE-IGFS,4,IE,45CE,GOV,55,S,P,20,172,2013,11,28,1105,32,31,D,54.3410,-9.6310,54.3470,-9.6880,37E0,46,V,,1,2,R,4.8000,-9,,3766,225,26,,5.2000,1400,75.7,19.1,247,,998,280,3.9000,,,,,,239,11,,,,,,,,,,,,,,,,
HH,IE-IGFS,4,IE,45CE,GOV,110,S,P,FG216,122,2016,12,3,1416,16,30,D,54.0770,-11.0390,54.0630,-11.0890,37D8,226,V,,1,2,R,4.2000,-9,,3625,690,26,,5.2000,1400,125.1,23.7,247,,998,244,3.9000,,,,,,129,14,,,,,,,,,,,,,,,,
HH,IE-IGFS,4,IE,45CE,GOV,110,S,P,FG152,123,2016,12,3,1634,16,30,D,54.2600,-11.2030,54.2890,-11.1780,37D8,326,V,,1,2,R,4.1000,-9,,3615,950,26,,5.2000,1400,129.7,24.4,247,,998,26,3.9000,,,,,,137,9,,,,,,,,,,,,,,,,
HH,IE-IGFS,4,IE,45CE,GOV,110,S,P,PO39,104,2016,11,30,0731,16,30,D,52.7010,-12.0540,52.7320,-12.0710,34D7,246,V,,1,2,R,4.0000,-9,,3635,745,26,,5.2000,1400,128.6,24.1,247,,998,341,3.9000,,,,,,111,1,,,,,,,,,,,,,,,,
HH,IE-IGFS,4,IE,45CE,GOV,110,S,P,PO34,105,2016,11,30,0951,16,30,D,52.9560,-12.0800,52.9880,-12.0810,34D7,247,V,,1,2,R,3.9000,-9,,3561,704,26,,5.2000,1400,127.7,23.9,247,,998,358,3.8000,,,,,,136,2,,,,,,,,,,,,,,,,
HH,IE-IGFS,4,IE,45CE,GOV,110,S,P,PO189,106,2016,11,30,1209,16,30,D,53.1120,-12.3260,53.1450,-12.3170,35D7,317,V,,1,2,R,3.8000,-9,,3721,935,26,,5.2000,1400,133.4,24.2,247,,998,9,4.0000,,,,,,169,6,,,,,,,,,,,,,,,,
HH,IE-IGFS,4,IE,45CE,GOV,55,I2,P,32,34,2012,10,1,1310,33,30,D,55.6090,-7.3180,55.6400,-7.3370,40E2,50,V,,1,2,R,4.6000,-9,,3653,200,26,,5.2000,1400,70.4,18.7,247,,2212,340,3.9000,,,,,,227,23,,,,,,,,,,,,,,,,
HH,IE-IGFS,4,IE,45CE,GOV,55,I2,P,FG114,35,2012,10,1,1447,33,30,D,55.6170,-7.5220,55.6160,-7.5800,40E2,62,V,,1,2,R,4.8000,-9,,3656,200,26,,5.2000,1400,70.8,18.1,247,,2212,268,3.9000,,,,,,247,19,,,,,,,,,,,,,,,,
HH,IE-IGFS,4,IE,45CE,GOV,55,I2,P,GD4,28,2012,9,30,1324,33,30,D,55.8000,-7.1170,55.7740,-7.1490,40E2,47,V,,1,2,R,5.8000,-9,,3522,175,26,,5.2000,1400,68.1,18.1,247,,2212,214,3.8000,,,,,,242,26,,,13.2,,,,,,,,,,,,,
HH,IE-IGFS,4,IE,45CE,GOV,110,I2,P,MB6,30,2012,9,30,1830,36,29,D,55.8590,-7.6020,55.8730,-7.6530,40E2,127,V,,1,2,R,4.1000,-9,,3553,420,26,,5.2000,1400,108.7,20.5,247,,2212,296,4.0000,,,,,,234,28,,,,,,,,,,,,,,,,
HH,IE-IGFS,4,IE,45CE,GOV,110,I2,P,SC575,29,2012,9,30,1548,34,30,D,55.9800,-7.2150,55.9790,-7.2730,40E2,106,V,,1,2,R,4.3000,-9,,3622,370,26,,5.2000,1400,103.3,19.3,247,,2212,268,3.9000,,,,,,237,31,,,13.0,,,,,,,,,,,,,
HH,IE-IGFS,4,IE,45CE,GOV,110,I2,P,FG101,7,2019,11,1,1150,34,36,D,54.7540,-10.0970,54.7890,-10.0680,38D9,113,V,-9,1,2,R,4.2000,-9,-9,4320,390,26,-9,5.2000,1400,110.3,22.4,247,-9.0000,2212,25,3.9000,-9.0000,-9,-9.0000,-9,-9.0000,65,11,-9,-9.0000,-9.0,-9.0,-9.00,-9.00,-9,-9,20,-9,-9,-9,-9,-9,-9,-9
HH,IE-IGFS,4,IE,45CE,GOV,110,I2,P,26,49,2019,11,10,1033,34,32,D,54.8050,-9.6030,54.7760,-9.6330,38E0,101,V,-9,1,2,R,4.4000,-9,-9,3761,366,26,-9,5.2000,1400,107.4,22.2,247,-9.0000,2212,210,3.8000,-9.0000,-9,-9.0000,-9,-9.0000,160,27,-9,-9.0000,-9.0,-9.0,-9.00,-9.00,-9,-9,20,-9,-9,-9,-9,-9,-9,-9
HH,IE-IGFS,4,IE,45CE,GOV,55,I2,P,MM6,44,2019,11,9,0721,33,32,D,54.8650,-8.6270,54.8320,-8.6270,38E1,52,V,-9,1,2,R,4.4000,-9,-9,3673,233,26,-9,5.2000,1400,77.5,21.1,247,-9.0000,2212,180,3.7000,-9.0000,-9,-9.0000,-9,-9.0000,300,20,-9,-9.0000,-9.0,-9.0,-9.00,-9.00,-9,-9,20,-9,-9,-9,-9,-9,-9,-9
HH,IE-IGFS,4,IE,45CE,GOV,110,I2,P,FG151,8,2019,11,1,1354,36,32,D,54.9530,-10.1860,54.9810,-10.1510,38D9,225,V,-9,1,2,R,4.1000,-9,-9,3839,750,26,-9,5.2000,1400,122.2,24.1,247,-9.0000,2212,35,3.9000,-9.0000,-9,-9.0000,-9,-9.0000,57,15,-9,-9.0000,-9.0,-9.0,-9.00,-9.00,-9,-9,20,-9,-9,-9,-9,-9,-9,-9
HH,IE-IGFS,4,IE,45CE,GOV,55,I2,P,15,46,2019,11,9,1150,33,35,D,54.5170,-8.6060,54.5180,-8.5360,38E1,63,V,-9,1,2,R,4.4000,-9,-9,4534,273,26,-9,5.2000,1400,79.4,21.5,247,-9.0000,2212,88,4.2000,-9.0000,-9,-9.0000,-9,-9.0000,341,19,-9,-9.0000,-9.0,-9.0,-9.00,-9.00,-9,-9,20,-9,-9,-9,-9,-9,-9,-9
HH,IE-IGFS,4,IE,45CE,GOV,110,I2,P,FG193,50,2019,11,10,1406,34,28,D,54.5180,-9.9840,54.5290,-10.0280,38E0,101,V,-9,1,2,R,4.4000,-9,-9,3100,378,26,-9,5.2000,1400,109.6,22.4,247,-9.0000,2212,293,3.6000,-9.0000,-9,-9.0000,-9,-9.0000,165,23,-9,-9.0000,-9.0,-9.0,-9.00,-9.00,-9,-9,20,-9,-9,-9,-9,-9,-9,-9
HH,IE-IGFS,4,IE,45CE,GOV,55,I2,P,31A,20,2018,11,3,0712,33,31,D,55.8780,-7.0580,55.8450,-7.0780,40E2,53,V,,1,2,R,4.2000,-9,,3881,246,26,,5.2000,1400,,20.6,247,,2212,198,4.0000,,,,,,198,21,,,,,,,,,,,,,,,,
HH,IE-IGFS,4,IE,45CE,GOV,55,I2,P,MM10,21,2018,11,3,0920,33,31,D,55.7300,-7.2660,55.7260,-7.3260,40E2,59,V,,1,2,R,4.4000,-9,,3796,246,26,,5.2000,1400,76.2,21.2,247,,2212,263,4.0000,,,,,,204,24,,,,,,,,,,,,,,,,
HH,IE-IGFS,4,IE,45CE,GOV,55,I2,P,FG114,22,2018,11,3,1144,33,30,D,55.6170,-7.5820,55.6170,-7.5230,40E2,70,V,,1,2,R,4.2000,-9,,3717,273,26,,5.2000,1400,81.2,25.0,247,,2212,89,4.0000,,,,,,202,12,,,,,,,,,,,,,,,,
HH,IE-IGFS,4,IE,45CE,GOV,55,I2,P,FG100,23,2018,11,3,1332,33,30,D,55.5020,-7.4270,55.5030,-7.3680,40E2,60,V,,1,2,R,4.3000,-9,,3729,259,26,,5.2000,1400,,,247,,2212,88,4.0000,,,,,,210,18,,,,,,,,,,,,,,,,
HH,IE-IGFS,4,IE,45CE,GOV,55,I2,P,FG115,24,2018,11,3,1624,33,30,D,55.2640,-7.5800,55.2310,-7.5850,39E2,25,V,,1,2,R,4.8000,-9,,3687,137,26,,5.2000,1400,,18.2,247,,2212,184,4.0000,,,,,,186,18,,,,,,,,,,,,,,,,
HH,IE-IGFS,4,IE,45CE,GOV,55,I2,P,33,28,2018,11,4,1530,33,31,D,55.5070,-7.0260,55.5280,-7.0710,40E2,75,V,,1,2,R,4.0000,-9,,3680,286,26,,5.2000,1400,83.7,21.8,247,,2212,309,3.8000,,,,,,197,17,,,,,,,,,,,,,,,,
HH,IE-IGFS,4,IE,45CE,GOV,55,I2,P,SC573,29,2018,11,5,1530,33,31,D,55.8930,-6.6820,55.9250,-6.6710,40E3,60,V,,1,2,R,4.1000,-9,,3628,246,26,,5.2000,1400,,20.6,247,,2212,10,3.8000,,,,,,76,7,,,,,,,,,,,,,,,,
HH,IE-IGFS,4,IE,45CE,GOV,55,I2,P,FG116,30,2018,11,5,1010,33,15,D,56.0520,-6.9820,56.0520,-7.0120,41E3,81,V,,1,2,R,4.2000,-9,,1869,298,26,,5.2000,1400,80.6,21.4,247,,2212,270,4.0000,,,,,,,,,,,,,,,,,,,,,,,
HH,IE-IGFS,4,IE,45CE,GOV,55,I2,P,FG117,31,2018,11,5,1216,33,23,D,56.2230,-6.7360,56.2420,-6.7050,41E3,66,V,,1,2,R,4.4000,-9,,2858,273,26,,5.2000,1400,,20.9,247,,2212,42,4.0000,,,,,,120,10,,,,,,,,,,,,,,,,
HH,IE-IGFS,4,IE,45CE,GOV,55,I2,P,SC583,32,2018,11,5,1357,33,31,D,56.3980,-6.7710,56.3670,-6.8000,41E3,80,V,,1,2,R,4.1000,-9,,3889,298,26,,5.2000,1400,84.0,21.5,247,,2212,207,4.1000,,,,,,123,16,,,,,,,,,,,,,,,,
HH,IE-IGFS,4,IE,45CE,GOV,55,I2,P,FG192,33,2018,11,5,1539,33,33,D,56.3220,-7.0300,56.2980,-7.0780,41E2,88,V,,1,2,R,4.2000,-9,,3995,324,26,,5.2000,1400,75.9,20.9,247,,2212,227,3.9000,,,,,,149,21,,,,,,,,,,,,,,,,
HH,IE-IGFS,4,IE,45CE,GOV,55,I2,P,10,34,2018,11,6,0711,33,31,D,55.2100,-7.9150,55.2390,-7.9490,39E2,26,V,,1,2,R,4.8000,-9,,3886,120,26,,5.2000,1400,86.6,17.2,247,,2212,326,4.1000,,,,,,159,15,,,,,,,,,,,,,,,,
HH,IE-IGFS,4,IE,45CE,GOV,110,I2,P,SC544,10,2018,10,31,1709,36,21,D,55.7920,-8.9930,55.8150,-8.9930,40E1,132,V,,1,2,R,4.2000,-9,,2560,427,26,,5.2000,1400,109.8,22.8,247,,2212,360,3.9000,,,,,,256,16,,,,,,,,,,,,,,,,
HH,IE-IGFS,4,IE,45CE,GOV,110,I2,P,MB23,14,2018,11,1,1616,36,31,D,56.0090,-8.8680,55.9980,-8.8120,41E1,130,V,,1,2,R,3.9000,-9,,3702,450,26,,5.2000,1400,115.5,23.1,247,,2212,109,3.9000,,,,,,296,16,,,,,,,,,,,,,,,,
HH,IE-IGFS,4,IE,45CE,GOV,110,I2,P,2,15,2018,11,2,0711,36,31,D,56.3110,-8.3750,56.3150,-8.3150,41E1,145,V,,1,2,R,4.1000,-9,,3739,462,26,,5.2000,1400,111.6,22.5,247,,2212,83,3.9000,,,,,,223,10,,,,,,,,,,,,,,,,
HH,IE-IGFS,4,IE,45CE,GOV,110,I2,P,MB3,16,2018,11,2,0955,36,21,D,56.0230,-8.1710,56.0060,-8.2020,41E1,154,V,,1,2,R,4.1000,-9,,2705,485,26,,5.2000,1400,111.8,22.8,247,,2212,225,4.2000,,,,,,198,17,,,,,,,,,,,,,,,,
HH,IE-IGFS,4,IE,45CE,GOV,110,I2,P,FG95,17,2018,11,2,1156,36,31,D,55.8680,-7.9640,55.8620,-7.9050,40E2,155,V,,1,2,R,4.1000,-9,,3753,486,26,,5.2000,1400,111.2,22.7,247,,2212,100,3.9000,,,,,,191,14,,,,,,,,,,,,,,,,
HH,IE-IGFS,4,IE,45CE,GOV,110,I2,P,MMMA3,18,2018,11,2,1430,36,30,D,55.8250,-8.3150,55.8170,-8.3740,40E1,145,V,,1,2,R,4.0000,-9,,3803,486,26,,5.2000,1400,114.0,22.7,247,,2212,256,4.1000,,,,,,190,33,,,,,,,,,,,,,,,,
HH,IE-IGFS,4,IE,45CE,GOV,110,I2,P,R210,7,2018,10,31,1147,36,21,D,55.4050,-9.2520,55.4280,-9.2510,39E0,126,V,,1,2,R,4.2000,-9,,2561,402,26,,5.2000,1400,109.7,22.8,247,,2212,1,3.9000,,,,,,277,16,,,,,,,,,,,,,,,,
HH,IE-IGFS,4,IE,45CE,GOV,110,I2,P,FG151,3,2018,10,30,1541,36,32,D,54.9490,-10.1920,54.9760,-10.1560,38D9,244,V,,1,2,R,4.1000,-9,,3788,759,26,,5.2000,1400,122.2,24.1,247,,2212,37,3.8000,,,,,,218,15,,,,,,,,,,,,,,,,
HH,IE-IGFS,4,IE,45CE,GOV,110,I2,P,FG108,4,2018,10,30,1730,36,16,D,55.0710,-10.0780,55.0860,-10.0640,39D9,234,V,,1,2,R,4.1000,-9,,1894,691,26,,5.2000,1400,119.8,23.3,247,,2212,28,3.8000,,,,,,234,16,,,,,,,,,,,,,,,,
HH,IE-IGFS,4,IE,45CE,GOV,110,I2,P,SC546,5,2018,10,31,0714,34,33,D,55.0990,-9.3580,55.1340,-9.3730,39E0,105,V,,1,2,R,4.2000,-9,,4012,366,26,,5.2000,1400,105.3,22.0,247,,2212,346,3.9000,,,,,,265,15,,,,,,,,,,,,,,,,
HH,IE-IGFS,4,IE,45CE,GOV,110,I2,P,GD8,6,2018,10,31,0927,34,32,D,55.2190,-9.6110,55.2430,-9.5650,39E0,119,V,,1,2,R,3.9000,-9,,3962,402,26,,5.2000,1400,112.3,23.4,247,,2212,47,4.0000,,,,,,266,11,,,,,,,,,,,,,,,,
HH,IE-IGFS,4,IE,45CE,GOV,110,I2,P,26,1,2018,10,30,0957,34,31,D,54.7760,-9.6340,54.8040,-9.6020,38E0,102,V,,1,2,R,4.3000,-9,,3735,366,26,,5.2000,1400,104.4,21.6,247,,2212,33,3.9000,,,,,,166,26,,,,,,,,,,,,,,,,
HH,IE-IGFS,4,IE,45CE,GOV,110,I2,P,FG101,2,2018,10,30,1326,34,31,D,54.7560,-10.0960,54.7850,-10.0720,38D9,110,V,,1,2,R,4.2000,-9,,3578,390,26,,5.2000,1400,108.8,22.4,247,,2212,25,3.7000,,,,,,289,14,,,,,,,,,,,,,,,,
HH,IE-IGFS,4,IE,45CE,GOV,110,S,P,FG218,82,2017,11,13,1435,31,30,D,54.4860,-9.8330,54.4870,-9.8850,37E0,103,V,,1,2,R,4.4000,-9,,3371,366,26,,5.2000,1400,113.9,22.8,247,,998,271,3.6000,,,,,,228,29,,,,,,,,,,,,,,,,
HH,IE-IGFS,4,IE,45CE,GOV,110,S,P,32A,83,2017,11,13,1659,31,20,D,54.4360,-10.1680,54.4570,-10.1850,37D9,115,V,,1,2,R,4.4000,-9,,2584,402,26,,5.2000,1400,115.5,22.4,247,,998,334,4.2000,,,,,,229,23,,,,,,,,,,,,,,,,
HH,IE-IGFS,4,IE,45CE,GOV,110,S,P,FG206,49,2017,11,6,1331,31,31,D,52.9080,-9.8780,52.9250,-9.9270,34E0,98,V,,1,2,R,4.3000,-9,,3800,349,26,,5.2000,1400,112.9,22.8,247,,998,299,4.0000,,,,,,2,30,,,,,,,,,,,,,,,,
HH,IE-IGFS,4,IE,45CE,GOV,110,S,P,MB17,51,2017,11,7,0925,31,29,D,52.5860,-10.0720,52.5750,-10.1230,34D9,89,V,,1,2,R,4.6000,-9,,3667,324,26,,5.2000,1400,108.8,22.1,247,,998,250,4.1000,,,,,,282,17,,,,,,,,,,,,,,,,
HH,IE-IGFS,4,IE,45CE,GOV,110,S,P,FG122,52,2017,11,7,1211,31,31,D,52.6810,-10.5360,52.6790,-10.5910,34D9,113,V,,1,2,R,4.2000,-9,,3726,390,26,,5.2000,1400,115.8,23.2,247,,998,266,3.9000,,,,,,273,19,,,,,,,,,,,,,,,,
HH,IE-IGFS,4,IE,45CE,GOV,110,S,P,MB14,53,2017,11,7,1451,31,30,D,52.7750,-10.8770,52.7510,-10.9120,34D9,127,V,,1,2,R,4.1000,-9,,3565,427,26,,5.2000,1400,117.9,23.4,247,,998,221,3.8000,,,,,,269,21,,,,,,,,,,,,,,,,
HH,IE-IGFS,4,IE,45CE,GOV,110,S,P,FG172,70,2017,11,11,0729,16,30,D,52.5180,-11.9450,52.5500,-11.9600,34D8,237,V,,1,2,R,4.2000,-9,,3703,718,26,,5.2000,1400,129.2,24.4,247,,998,344,4.0000,,,,,,279,29,,,,,,,,,,,,,,,,
HH,IE-IGFS,4,IE,45CE,GOV,55,S,P,FG178,122,2012,12,1,1153,26,30,D,51.5850,-7.5150,51.5900,-7.4620,32E2,73,V,,1,2,R,4.0000,-9,,3715,300,26,,5.2000,1400,81.0,19.9,247,,998,81,4.0000,,,,,,296,13,,,,,,,,,,,,,,,,
HH,IE-IGFS,4,IE,45CE,GOV,55,S,P,FG208,110,2012,11,27,1514,26,30,D,51.5960,-7.0400,51.6200,-7.0000,32E2,75,V,,1,2,R,4.8000,-9,,3848,298,26,,5.2000,1400,82.0,20.2,247,,998,45,4.1000,,,,,,13,28,,,,,,,,,,,,,,,,
HH,IE-IGFS,4,IE,45CE,GOV,55,S,P,FG46,123,2012,12,1,1435,26,32,D,51.8010,-7.0870,51.8330,-7.0670,32E2,69,V,,1,2,R,4.8000,-9,,3818,285,26,,5.2000,1400,78.7,19.3,247,,998,21,3.9000,,,,,,347,10,,,,,,,,,,,,,,,,
HH,IE-IGFS,4,IE,45CE,GOV,110,S,P,42,95,2016,11,28,0930,29,30,D,51.6320,-10.8060,51.6610,-10.8360,32D9,150,V,,1,2,R,4.4000,-9,,3837,500,26,,5.2000,1400,120.3,23.3,247,,998,327,4.1000,,,,,,110,15,,,,,,,,,,,,,,,,
HH,IE-IGFS,4,IE,45CE,GOV,110,S,P,FG3,96,2016,11,28,1137,29,30,D,51.5940,-11.0960,51.6230,-11.0930,32D8,180,V,,1,2,R,4.2000,-9,,3233,500,26,,5.2000,1400,119.7,23.4,247,,998,3,3.5000,,,,,,126,17,,,,,,,,,,,,,,,,
HH,IE-IGFS,4,IE,45CE,GOV,110,S,P,FG67,97,2016,11,28,1401,29,30,D,51.8020,-10.9850,51.8320,-11.0070,32D9,156,V,,1,2,R,4.4000,-9,,3666,500,26,,5.2000,1400,119.7,23.3,247,,998,335,4.0000,,,,,,127,12,,,,,,,,,,,,,,,,
HH,IE-IGFS,4,IE,45CE,GOV,110,S,P,39,98,2016,11,28,1612,29,30,D,52.0450,-11.1570,52.0610,-11.2040,33D8,149,V,,1,2,R,4.3000,-9,,3682,486,26,,5.2000,1400,118.3,23.1,247,,998,298,4.0000,,,,,,133,14,,,,,,,,,,,,,,,,
HH,IE-IGFS,4,IE,45CE,GOV,110,S,P,FG171,101,2016,11,29,1203,29,30,D,52.3710,-11.6300,52.4000,-11.6570,33D8,179,V,,1,2,R,4.2000,-9,,3713,570,26,,5.2000,1400,122.4,23.5,247,,998,330,4.0000,,,,,,143,2,,,,,,,,,,,,,,,,
HH,IE-IGFS,4,IE,45CE,GOV,110,S,P,FG129,52,2016,11,16,1020,29,31,D,51.1320,-10.5370,51.1010,-10.5160,31D9,162,V,,1,2,R,4.0000,-9,,3749,499,26,,5.2000,1400,122.0,23.3,247,,998,156,3.9000,,,,,,299,16,,,,,,,,,,,,,,,,
HH,IE-IGFS,4,IE,45CE,GOV,110,S,P,FG66,53,2016,11,16,1236,29,30,D,51.0550,-10.2340,51.0210,-10.2330,31D9,131,V,,1,2,R,4.1000,-9,,3783,450,26,,5.2000,1400,119.2,22.8,247,,998,178,4.1000,,,,,,301,22,,,,,,,,,,,,,,,,
HH,IE-IGFS,4,IE,45CE,GOV,110,S,P,FG131,54,2016,11,16,1441,29,30,D,50.9010,-10.0290,50.9280,-9.9960,30D9,139,V,,1,2,R,4.4000,-9,,3795,438,26,,5.2000,1400,118.3,23.1,247,,998,37,4.1000,,,,,,288,25,,,,,,,,,,,,,,,,
HH,IE-IGFS,4,IE,45CE,GOV,110,S,P,FG160,102,2017,11,19,1006,29,30,D,50.5450,-10.4480,50.5430,-10.3960,30D9,157,V,,1,2,R,4.1000,-9,,3692,495,26,,5.2000,1400,121.8,22.9,247,,998,93,4.0000,,,,,,216,14,,,,,,,,,,,,,,,,
HH,IE-IGFS,4,IE,45CE,GOV,110,S,P,FG211,104,2017,11,19,1429,29,30,D,50.3830,-9.8220,50.4140,-9.8010,29E0,116,V,,1,2,R,4.4000,-9,,3757,388,26,,5.2000,1400,114.8,22.5,247,,998,23,4.1000,,,,,,207,15,,,,,,,,,,,,,,,,
HH,IE-IGFS,4,IE,45CE,GOV,110,S,P,FG195,106,2017,11,20,0736,29,30,D,50.0680,-9.9820,50.0820,-9.9360,29E0,131,V,,1,2,R,4.1000,-9,,3642,450,26,,5.2000,1400,118.9,22.6,247,,998,64,3.9000,,,,,,224,17,,,,,,,,,,,,,,,,
HH,IE-IGFS,4,IE,45CE,GOV,110,S,P,CC425,107,2017,11,20,0931,29,30,D,50.1360,-9.7010,50.1340,-9.6490,29E0,130,V,,1,2,R,4.1000,-9,,3724,450,26,,5.2000,1400,118.8,22.4,247,,998,93,4.0000,,,,,,225,15,,,,,,,,,,,,,,,,
HH,IE-IGFS,4,IE,45CE,GOV,110,S,P,FG162,108,2017,11,20,1206,29,30,D,50.3440,-9.3900,50.3680,-9.3520,29E0,123,V,,1,2,R,4.0000,-9,,3800,426,26,,5.2000,1400,120.4,23.8,247,,998,45,4.1000,,,,,,218,18,,,,,,,,,,,,,,,,
HH,IE-IGFS,4,IE,45CE,GOV,110,S,P,85,110,2017,11,20,1630,29,30,D,50.7510,-9.2690,50.7560,-9.2170,30E0,121,V,,1,2,R,4.4000,-9,,3711,429,26,,5.2000,1400,117.4,22.8,247,,998,81,4.0000,,,,,,229,15,,,,,,,,,,,,,,,,
HH,IE-IGFS,4,IE,45CE,GOV,110,S,P,FG68,55,2017,11,8,0956,29,31,D,51.8510,-10.7650,51.8150,-10.7620,32D9,123,V,,1,2,R,4.2000,-9,,4010,415,26,,5.2000,1400,115.6,23.2,247,,998,177,4.2000,,,,,,287,8,,,,,,,,,,,,,,,,
HH,IE-IGFS,4,IE,45CE,GOV,110,S,P,FG67,56,2017,11,8,1154,29,33,D,51.7990,-10.9820,51.8310,-11.0070,32D9,161,V,,1,2,R,3.8000,-9,,3955,486,26,,5.2000,1400,125.3,24.0,247,,998,334,3.9000,,,,,,264,16,,,,,,,,,,,,,,,,
HH,IE-IGFS,4,IE,45CE,GOV,110,S,P,MB53,57,2017,11,8,1426,29,31,D,52.0570,-11.0070,52.0800,-11.0420,33D8,141,V,,1,2,R,4.0000,-9,,3508,462,26,,5.2000,1400,119.9,23.6,247,,998,316,3.7000,,,,,,284,18,,,,,,,,,,,,,,,,
HH,IE-IGFS,4,IE,45CE,GOV,110,S,P,FG1,58,2017,11,8,1645,29,30,D,52.1610,-11.3370,52.1920,-11.3540,33D8,159,V,,1,2,R,4.1000,-9,,3640,499,26,,5.2000,1400,121.6,23.8,247,,998,341,3.9000,,,,,,276,20,,,,,,,,,,,,,,,,
HH,IE-IGFS,4,IE,45CE,GOV,110,S,P,41,61,2017,11,9,0718,29,31,D,51.4320,-10.6240,51.4240,-10.5720,31D9,155,V,,1,2,R,4.1000,-9,,3724,499,26,,5.2000,1400,122.1,23.9,247,,998,103,3.9000,,,,,,308,17,,,,,,,,,,,,,,,,
HH,IE-IGFS,4,IE,45CE,GOV,110,S,P,FG128,62,2017,11,9,0901,29,32,D,51.3230,-10.3790,51.3030,-10.3300,31D9,139,V,,1,2,R,4.1000,-9,,4077,450,26,,5.2000,1400,118.8,23.6,247,,998,123,4.1000,,,,,,304,15,,,,,,,,,,,,,,,,
HH,IE-IGFS,4,IE,45CE,GOV,110,S,P,CC502,114,2017,11,21,1554,29,30,D,50.0830,-10.9210,50.0640,-10.8790,29D9,171,V,,1,2,R,4.1000,-9,,3675,567,26,,5.2000,1400,123.1,23.2,247,,998,125,4.0000,,,,,,200,8,,,,,,,,,,,,,,,,
HH,IE-IGFS,4,IE,45CE,GOV,110,S,P,CC322,123,2017,11,24,0732,28,30,D,50.9120,-9.6440,50.9380,-9.6140,30E0,118,V,,1,2,R,4.1000,-9,,3579,415,26,,5.2000,1400,115.2,22.6,247,,998,36,3.9000,,,,,,7,9,,,,,,,,,,,,,,,,
HH,IE-IGFS,4,IE,45CE,GOV,110,S,P,FG200,124,2017,11,24,0940,28,30,D,51.0640,-9.7660,51.0820,-9.7240,31E0,123,V,,1,2,R,4.2000,-9,,3560,435,26,,5.2000,1400,116.6,22.3,247,,998,55,3.8000,,,,,,310,5,,,,,,,,,,,,,,,,
HH,IE-IGFS,4,IE,45CE,GOV,110,S,P,FG34A,125,2017,11,24,1157,28,30,D,51.1160,-9.3760,51.1160,-9.3220,31E0,112,V,,1,2,R,4.1000,-9,,3781,400,26,,5.2000,1400,115.4,21.9,247,,998,89,4.1000,,,,,,290,13,,,,,,,,,,,,,,,,
HH,IE-IGFS,4,IE,45CE,GOV,55,S,P,71,153,2014,12,8,1638,28,30,D,51.9990,-10.3710,52.0180,-10.3290,32D9,56,V,,1,2,R,4.3000,-9,,3575,274,26,,5.2000,1400,80.9,19.5,247,,998,53,3.9000,,,,,,302,12,,,,,,,,,,,,,,,,
HH,IE-IGFS,4,IE,45CE,GOV,110,S,P,FG158,76,2014,11,21,0823,17,30,D,51.2620,-11.4690,51.2320,-11.4570,31D8,357,V,,1,2,R,4.1000,-9,,3441,1045,26,,5.2000,1400,134.8,23.5,247,,998,165,3.7000,,,,,,138,25,,,,,,,,,,,,,,,,
HH,IE-IGFS,4,IE,45CE,GOV,110,S,P,FG124,78,2014,11,21,1325,17,30,D,50.9010,-11.1130,50.8680,-11.1080,30D8,227,V,,1,2,R,4.0000,-9,,3687,700,26,,5.2000,1400,128.4,22.6,247,,998,174,4.0000,,,,,,218,18,,,,,,,,,,,,,,,,
HH,IE-IGFS,4,IE,45CE,GOV,110,S,P,81,79,2014,11,21,1506,17,30,D,50.7440,-11.0470,50.7150,-11.0200,30D8,257,V,,1,2,R,4.0000,-9,,3747,825,26,,5.2000,1400,128.7,22.8,247,,998,149,4.0000,,,,,,232,10,,,,,,,,,,,,,,,,
HH,IE-IGFS,4,IE,45CE,GOV,110,S,P,FG156,69,2014,11,19,1211,17,30,D,52.2880,-12.0030,52.2600,-11.9760,33D7,465,V,,1,2,R,3.9000,-9,,3619,1360,26,,5.2000,1400,137.7,24.2,247,,998,149,3.9000,,,,,,167,13,,,,,,,,,,,,,,,,
HH,IE-IGFS,4,IE,45CE,GOV,110,S,P,FG74,70,2014,11,19,1510,17,30,D,52.0100,-11.8010,51.9770,-11.8030,33D8,495,V,,1,2,R,3.9000,-9,,3674,1500,26,,5.2000,1400,139.8,24.1,247,,998,182,4.0000,,,,,,172,14,,,,,,,,,,,,,,,,
HH,IE-IGFS,4,IE,45CE,GOV,110,S,P,FG73,71,2014,11,20,0734,17,30,D,51.7490,-11.4010,51.7820,-11.4030,32D8,216,V,,1,2,R,4.2000,-9,,3674,675,26,,5.2000,1400,123.0,22.3,247,,998,357,4.0000,,,,,,136,17,,,,,,,,,,,,,,,,
HH,IE-IGFS,4,IE,45CE,GOV,55,S,P,58,179,2013,11,30,0802,32,30,D,53.1230,-9.9390,53.1030,-9.8940,35E0,86,V,,1,2,R,4.8000,-9,,3746,338,26,,5.2000,1400,82.5,,247,,998,126,4.0000,,,,,,352,12,,,,,,,,,,,,,,,,
HH,IE-IGFS,4,IE,45CE,GOV,55,S,P,59,180,2013,11,30,0939,32,30,D,53.0530,-9.7190,53.0350,-9.6730,35E0,68,V,,1,2,R,4.8000,-9,,3678,311,26,,5.2000,1400,80.8,,247,,998,123,4.0000,,,,,,328,10,,,,,,,,,,,,,,,,
HH,IE-IGFS,4,IE,45CE,GOV,55,S,P,60,181,2013,11,30,1133,32,31,D,52.9190,-9.7200,52.9500,-9.7050,34E0,71,V,,1,2,R,4.5000,-9,,3594,310,26,,5.2000,1400,81.4,19.8,247,,998,16,3.7000,,,,,,350,8,,,,,,,,,,,,,,,,
HH,IE-IGFS,4,IE,45CE,GOV,110,S,P,FG82,175,2013,11,29,0803,30,30,D,53.9000,-10.5870,53.8740,-10.5530,36D9,134,V,,1,2,R,4.6000,-9,,3656,482,26,,5.2000,1400,114.4,21.1,247,,998,142,3.9000,,,,,,329,23,,,,,,,,,,,,,,,,
HH,IE-IGFS,4,IE,45CE,GOV,110,S,P,MB1,167,2013,11,27,0755,30,30,D,53.8090,-11.0670,53.8390,-11.0450,36D8,173,V,,1,2,R,4.4000,-9,,3639,537,26,,5.2000,1400,114.7,,247,,998,23,3.9000,,,,,,259,12,,,,,,,,,,,,,,,,
HH,IE-IGFS,4,IE,45CE,GOV,110,S,P,FG105,152,2013,11,24,0733,30,30,D,52.5810,-11.7350,52.6090,-11.7610,34D8,166,V,,1,2,R,4.5000,-9,,3579,535,26,,5.2000,1400,114.7,20.9,247,,998,330,3.9000,,,,,,74,6,,,,,,,,,,,,,,,,
HH,IE-IGFS,4,IE,45CE,GOV,110,S,P,90,153,2013,11,24,0936,30,30,D,52.7310,-11.5220,52.7570,-11.4880,34D8,139,V,,1,2,R,4.6000,-9,,3693,485,26,,5.2000,1400,114.3,,247,,998,38,4.0000,,,,,,37,4,,,,,,,,,,,,,,,,
HH,IE-IGFS,4,IE,45CE,GOV,110,S,P,50,154,2013,11,24,1219,30,30,D,52.8950,-11.0610,52.8630,-11.0440,34D8,127,V,,1,2,R,4.6000,-9,,3740,438,26,,5.2000,1400,110.4,20.5,247,,998,162,4.0000,,,,,,52,4,,,,,,,,,,,,,,,,
HH,IE-IGFS,4,IE,45CE,GOV,110,S,P,MB14,155,2013,11,24,1411,30,30,D,52.7520,-10.9110,52.7760,-10.8730,34D9,124,V,,1,2,R,4.5000,-9,,3703,438,26,,5.2000,1400,110.3,20.4,247,,998,43,4.0000,,,,,,113,8,,,,,,,,,,,,,,,,
HH,IE-IGFS,4,IE,45CE,GOV,110,S,P,FG148,107,2016,11,30,1440,16,30,D,53.2570,-12.0150,53.2260,-12.0180,35D7,241,V,,1,2,R,3.9000,-9,,3455,745,26,,5.2000,1400,128.9,23.9,247,,998,183,3.7000,,,,,,193,4,,,,,,,,,,,,,,,,
HH,IE-IGFS,4,IE,45CE,GOV,110,S,P,FG175,108,2016,11,30,1624,16,30,D,53.1100,-11.9510,53.0770,-11.9500,35D8,297,V,,1,2,R,3.9000,-9,,3673,650,26,,5.2000,1400,127.4,23.8,247,,998,178,4.0000,,,,,,145,6,,,,,,,,,,,,,,,,
HH,IE-IGFS,4,IE,45CE,GOV,110,S,P,PO161,109,2016,12,1,0736,16,30,D,53.4610,-12.1270,53.4920,-12.1070,35D7,315,V,,1,2,R,4.0000,-9,,3696,935,26,,5.2000,1400,135.3,24.9,247,,998,20,4.0000,,,,,,180,4,,,,,,,,,,,,,,,,
HH,IE-IGFS,4,IE,45CE,GOV,110,S,P,PO16,110,2016,12,1,0930,16,30,D,53.6110,-11.9340,53.6430,-11.9230,36D8,295,V,,1,2,R,3.9000,-9,,3635,882,26,,5.2000,1400,133.6,24.3,247,,998,11,3.9000,,,,,,161,3,,,,,,,,,,,,,,,,
HH,IE-IGFS,4,IE,45CE,GOV,110,S,P,PO24,111,2016,12,1,1149,16,30,D,53.5560,-11.5910,53.5760,-11.5490,36D8,213,V,,1,2,R,4.0000,-9,,3563,660,26,,5.2000,1400,125.6,23.6,247,,998,51,3.8000,,,,,,172,5,,,,,,,,,,,,,,,,
HH,IE-IGFS,4,IE,45CE,GOV,110,S,P,PO14,112,2016,12,1,1335,16,30,D,53.6880,-11.3980,53.7000,-11.3470,36D8,220,V,,1,2,R,4.1000,-9,,3623,675,26,,5.2000,1400,125.2,23.6,247,,998,68,3.9000,,,,,,140,4,,,,,,,,,,,,,,,,
HH,IE-IGFS,4,IE,45CE,GOV,110,S,P,FG76,113,2016,12,1,1600,16,30,D,53.9240,-11.2020,53.9550,-11.1810,36D8,218,V,,1,2,R,3.9000,-9,,3715,663,26,,5.2000,1400,126.7,23.6,247,,998,21,4.0000,,,,,,150,8,,,,,,,,,,,,,,,,
HH,IE-IGFS,4,IE,45CE,GOV,55,S,P,44,58,2016,11,17,1626,26,30,D,51.2390,-5.4830,51.2640,-5.5150,31E4,74,V,,1,2,R,,-9,,3567,298,26,,5.2000,1400,85.1,21.7,247,,998,321,3.8000,,,,,,263,31,,,,,,,,,,,,,,,,
HH,IE-IGFS,4,IE,45CE,GOV,55,S,P,CN203,59,2016,11,18,0730,26,30,D,51.4100,-5.2670,51.4430,-5.2660,31E4,70,V,,1,2,R,4.7000,-9,,3672,298,26,,5.2000,1400,86.2,22.8,247,,998,1,4.0000,,,,,,291,26,,,,,,,,,,,,,,,,
HH,IE-IGFS,4,IE,45CE,GOV,55,S,P,MB32,60,2016,11,18,0924,26,30,D,51.4660,-5.4990,51.4860,-5.5420,31E4,73,V,,1,2,R,5.0000,-9,,3725,298,26,,5.2000,1400,87.1,23.5,247,,998,306,4.0000,,,,,,294,16,,,,,,,,,,,,,,,,
HH,IE-IGFS,4,IE,45CE,GOV,55,S,P,FG38,64,2016,11,19,0724,26,20,D,51.7390,-6.5010,51.7210,-6.4810,32E3,71,V,,1,2,R,4.4000,-9,,2433,286,26,,5.2000,1400,83.8,21.7,247,,998,145,3.9000,,,,,,288,15,,,,,,,,,,,,,,,,
HH,IE-IGFS,4,IE,45CE,GOV,55,S,P,FG25,68,2016,11,19,1537,26,30,D,52.0160,-6.2130,52.0040,-6.2620,33E3,77,V,,1,2,R,4.8000,-9,,3619,311,26,,5.2000,1400,83.4,22.1,247,,998,248,3.9000,,,,,,171,12,,,,,,,,,,,,,,,,
HH,IE-IGFS,4,IE,45CE,GOV,55,S,P,FG182,78,2016,11,22,0719,26,30,D,51.5200,-8.8670,51.4930,-8.8980,32E1,60,V,,1,2,R,4.2000,-9,,3695,259,26,,5.2000,1400,82.8,21.4,247,,998,215,4.0000,,,,,,343,22,,,,,,,,,,,,,,,,
HH,IE-IGFS,4,IE,45CE,GOV,55,S,P,FG56,79,2016,11,22,0949,26,30,D,51.4270,-9.3500,51.4160,-9.4010,31E0,64,V,,1,2,R,4.1000,-9,,3752,273,26,,5.2000,1400,84.4,21.8,247,,998,250,4.0000,,,,,,355,12,,,,,,,,,,,,,,,,
HH,IE-IGFS,4,IE,45CE,GOV,55,S,P,FG166,163,2016,12,13,0956,26,30,D,51.4000,-7.6360,51.4220,-7.5960,31E2,85,V,,1,2,R,4.1000,-9,,3706,326,26,,5.2000,1400,87.6,22.4,247,,998,48,4.0000,,,,,,180,11,,,,,,,,,,,,,,,,
HH,IE-IGFS,4,IE,45CE,GOV,55,S,P,FG138,153,2016,12,11,0752,26,30,D,51.8980,-7.4260,51.9250,-7.3940,32E2,63,V,,1,2,R,4.2000,-9,,3724,273,26,,5.2000,1400,83.8,21.5,247,,998,36,4.0000,,,,,,233,7,,,,,,,,,,,,,,,,
HH,IE-IGFS,4,IE,45CE,GOV,55,S,P,FG46,154,2016,12,11,1010,26,30,D,51.8010,-7.0870,51.8310,-7.0680,32E2,73,V,,1,2,R,4.3000,-9,,3585,290,26,,5.2000,1400,83.1,21.6,247,,998,21,3.9000,,,,,,242,11,,,,,,,,,,,,,,,,
HH,IE-IGFS,4,IE,45CE,GOV,110,S,P,FG199,126,2017,11,24,1354,28,30,D,51.2670,-9.2320,51.2990,-9.2170,31E0,110,V,,1,2,R,3.9000,-9,,3710,400,26,,5.2000,1400,115.9,24.1,247,,998,16,4.0000,,,,,,331,14,,,,,,,,,,,,,,,,
HH,IE-IGFS,4,IE,45CE,GOV,110,S,P,FG55,109,2017,11,20,1436,28,30,D,50.5890,-9.4890,50.6100,-9.4470,30E0,124,V,,1,2,R,4.2000,-9,,3781,429,26,,5.2000,1400,121.1,23.2,247,,998,51,4.1000,,,,,,225,16,,,,,,,,,,,,,,,,
HH,IE-IGFS,4,IE,45CE,GOV,110,S,P,MB29,105,2017,11,19,1604,28,30,D,50.5080,-9.6690,50.5280,-9.6280,30E0,113,V,,1,2,R,4.4000,-9,,3661,401,26,,5.2000,1400,113.7,22.4,247,,998,52,3.9000,,,,,,209,17,,,,,,,,,,,,,,,,
HH,IE-IGFS,4,IE,45CE,GOV,110,S,P,FG54,103,2017,11,19,1214,28,30,D,50.5150,-10.0790,50.5010,-10.0270,30D9,142,V,,1,2,R,4.2000,-9,,4004,484,26,,5.2000,1400,119.1,22.8,247,,998,112,4.3000,,,,,,204,10,,,,,,,,,,,,,,,,
HH,IE-IGFS,4,IE,45CE,GOV,110,S,P,FG58,96,2017,11,17,1652,28,28,D,51.3520,-9.7890,51.3320,-9.8240,31E0,80,V,,1,2,R,4.3000,-9,,3301,325,26,,5.2000,1400,108.8,22.0,247,,998,227,3.8000,,,,,,198,12,,,,,,,,,,,,,,,,
HH,IE-IGFS,4,IE,45CE,GOV,110,S,P,43,93,2017,11,17,0732,28,30,D,51.6830,-10.4530,51.6670,-10.4990,32D9,83,V,,1,2,R,4.6000,-9,,3646,330,26,,5.2000,1400,108.6,21.8,247,,998,240,3.9000,,,,,,127,12,,,,,,,,,,,,,,,,
HH,IE-IGFS,4,IE,45CE,GOV,110,S,P,FG60,98,2017,11,18,1059,17,30,D,50.1240,-11.1420,50.1570,-11.1340,29D8,475,V,,1,2,R,3.9000,-9,,3714,1375,26,,5.2000,1400,138.7,25.0,247,,998,8,4.0000,,,,,,239,13,,,,,,,,,,,,,,,,
HH,IE-IGFS,4,IE,45CE,GOV,110,S,P,FG61,99,2017,11,18,1330,17,30,D,50.3470,-10.8890,50.3770,-10.8630,29D9,240,V,,1,2,R,4.0000,-9,,3815,743,26,,5.2000,1400,127.9,23.8,247,,998,28,4.1000,,,,,,244,12,,,,,,,,,,,,,,,,
HH,IE-IGFS,4,IE,45CE,GOV,110,S,P,FG62,100,2017,11,18,1539,17,30,D,50.5320,-10.9130,50.5610,-10.9370,30D9,246,V,,1,2,R,4.0000,-9,,3646,745,26,,5.2000,1400,129.9,23.9,247,,998,332,3.9000,,,,,,265,14,,,,,,,,,,,,,,,,
HH,IE-IGFS,4,IE,45CE,GOV,110,S,P,FG124,66,2017,11,10,0718,17,31,D,50.8590,-11.1080,50.8940,-11.1130,30D8,242,V,,1,2,R,,-9,,3909,704,26,,5.2000,1400,131.3,24.6,247,,998,354,4.1000,,,,,,304,24,,,,,,,,,,,,,,,,
HH,IE-IGFS,4,IE,45CE,GOV,110,S,P,FG158,67,2017,11,10,1115,17,32,D,51.2510,-11.4640,51.2850,-11.4770,31D8,360,V,,1,2,R,3.5000,-9,,3889,1046,26,,5.2000,1400,140.1,25.7,247,,998,346,3.9000,,,,,,278,23,,,,,,,,,,,,,,,,
HH,IE-IGFS,4,IE,45CE,GOV,110,S,P,FG17A,166,2016,12,13,1608,21,30,D,51.4820,-8.1470,51.5010,-8.1030,31E1,89,V,,1,2,R,4.3000,-9,,3715,336,26,,5.2000,1400,109.5,21.8,247,,998,55,4.0000,,,,,,185,21,,,,,,,,,,,,,,,,
HH,IE-IGFS,4,IE,45CE,GOV,110,S,P,FG16,167,2016,12,14,0810,21,30,D,51.1080,-8.2160,51.0900,-8.2660,31E1,106,V,,1,2,R,4.2000,-9,,4034,378,26,,5.2000,1400,116.2,22.8,247,,998,240,4.3000,,,,,,333,7,,,,,,,,,,,,,,,,
HH,IE-IGFS,4,IE,45CE,GOV,110,S,P,62A,168,2016,12,14,1114,21,30,D,50.7280,-8.4610,50.7040,-8.4970,30E1,112,V,,1,2,R,4.2000,-9,,3686,402,26,,5.2000,1400,116.8,23.0,247,,998,223,4.0000,,,,,,4,14,,,,,,,,,,,,,,,,
HH,IE-IGFS,4,IE,45CE,GOV,110,S,P,FG11,169,2016,12,14,1357,21,30,D,50.8430,-8.8980,50.8750,-8.8910,30E1,121,V,,1,2,R,4.1000,-9,,3593,415,26,,5.2000,1400,117.8,23.2,247,,998,7,3.9000,,,,,,343,12,,,,,,,,,,,,,,,,
HH,IE-IGFS,4,IE,45CE,GOV,110,S,P,CN303,56,2016,11,17,0738,21,31,D,51.1180,-6.4760,51.1510,-6.4860,31E3,98,V,,1,2,R,4.6000,-9,,3737,378,26,,5.2000,1400,113.8,22.5,247,,998,349,3.9000,,,,,,241,32,,,,,,,,,,,,,,,,
HH,IE-IGFS,4,IE,45CE,GOV,110,S,P,CN304,57,2016,11,17,1020,21,30,D,51.1890,-6.1300,51.1570,-6.1430,31E3,105,V,,1,2,R,4.0000,-9,,3674,378,26,,5.2000,1400,109.0,23.7,247,,998,194,4.0000,,,,,,269,25,,,,,,,,,,,,,,,,
HH,IE-IGFS,4,IE,45CE,GOV,55,S,P,CN207,155,2016,12,11,1239,26,32,D,51.7720,-6.7190,51.7960,-6.6810,32E3,73,V,,1,2,R,4.2000,-9,,3742,298,26,,5.2000,1400,83.2,21.9,247,,998,44,3.8000,,,,,,220,11,,,,,,,,,,,,,,,,
HH,IE-IGFS,4,IE,45CE,GOV,55,S,P,33A,156,2016,12,11,1503,26,30,D,52.0070,-6.7550,51.9750,-6.7370,33E3,55,V,,1,2,R,4.3000,-9,,3769,259,26,,5.2000,1400,79.9,21.9,247,,998,160,4.1000,,,,,,223,9,,,,,,,,,,,,,,,,
HH,IE-IGFS,4,IE,45CE,GOV,55,S,P,FG208,157,2016,12,12,0802,26,30,D,51.6230,-6.9940,51.6000,-7.0320,32E3,75,V,,1,2,R,,-9,,3671,298,26,,5.2000,1400,85.0,19.6,247,,998,225,4.0000,,,,,,258,16,,,,,,,,,,,,,,,,
HH,IE-IGFS,4,IE,45CE,GOV,55,S,P,FG201,158,2016,12,12,0941,26,30,D,51.5010,-7.1770,51.5000,-7.2300,32E2,78,V,,1,2,R,,-9,,3681,311,26,,5.2000,1400,86.8,28.9,247,,998,268,4.0000,,,,,,249,15,,,,,,,,,,,,,,,,
HH,IE-IGFS,4,IE,45CE,GOV,55,S,P,FG178,159,2016,12,12,1136,26,30,D,51.5890,-7.4680,51.5840,-7.5190,32E2,78,V,,1,2,R,4.0000,-9,,3578,311,26,,5.2000,1400,86.2,,247,,998,261,3.9000,,,,,,216,17,,,,,,,,,,,,,,,,
HH,IE-IGFS,4,IE,45CE,GOV,110,S,P,FG18,160,2016,12,12,1357,21,30,D,51.6320,-7.7980,51.6200,-7.8470,32E2,85,V,,1,2,R,4.0000,-9,,3646,324,26,,5.2000,1400,108.1,21.3,247,,998,248,3.9000,,,,,,203,17,,,,,,,,,,,,,,,,
HH,IE-IGFS,4,IE,45CE,GOV,55,S,P,53A,161,2016,12,12,1629,21,30,D,51.6450,-8.2560,51.6120,-8.2530,32E1,63,V,,1,2,R,4.1000,-9,,3677,273,26,,5.2000,1400,81.5,21.8,247,,998,176,4.0000,,,,,,179,17,,,,,,,,,,,,,,,,
HH,IE-IGFS,4,IE,45CE,GOV,110,S,P,FG197,162,2016,12,13,0759,21,30,D,51.2430,-7.6720,51.2460,-7.6200,31E2,93,V,,1,2,R,4.1000,-9,,3646,349,26,,5.2000,1400,111.6,21.9,247,,998,84,3.9000,,,,,,210,9,,,,,,,,,,,,,,,,
HH,IE-IGFS,4,IE,45CE,GOV,110,S,P,CC306,146,2016,12,9,1401,21,30,D,50.6250,-8.9130,50.6050,-8.8780,30E1,126,V,,1,2,R,4.2000,-9,,3329,415,26,,5.2000,1400,117.3,22.9,247,,998,131,3.6000,,,,,,205,15,,,,,,,,,,,,,,,,
HH,IE-IGFS,4,IE,45CE,GOV,55,I2,P,FG115,36,2012,10,1,1750,33,30,D,55.2610,-7.5820,55.2290,-7.5850,39E2,17,V,,1,2,R,4.9000,-9,,3567,150,26,,5.2000,1400,62.3,16.7,247,,2212,183,3.8000,,,,,,222,12,,,,,,,,,,,,,,,,
HH,IE-IGFS,4,IE,45CE,GOV,55,I2,P,33,33,2012,10,1,1124,33,30,D,55.5100,-7.0320,55.5310,-7.0810,40E2,69,V,,1,2,R,3.8000,-9,,3878,320,26,,5.2000,1400,83.6,20.7,247,,2212,307,4.2000,,,,,,206,23,,,,,,,,,,,,,,,,
HH,IE-IGFS,4,IE,45CE,GOV,110,S,P,CN304,116,2019,11,27,1125,21,30,D,51.1780,-6.1340,51.1470,-6.1450,31E3,104,V,-9,1,2,R,4.1000,-9,-9,3533,378,26,-9,5.2000,1400,100.9,26.6,247,-9.0000,998,192,3.8000,-9.0000,-9,-9.0000,-9,-9.0000,276,9,-9,-9.0000,-9.0,-9.0,-9.00,-9.00,-9,-9,20,-9,-9,-9,-9,-9,-9,-9
HH,IE-IGFS,4,IE,45CE,GOV,110,S,P,FG196,79,2019,11,19,1014,17,30,D,50.9580,-11.2090,50.9370,-11.1700,30D8,236,V,-9,1,2,R,3.9000,-9,-9,3601,704,26,-9,5.2000,1400,127.8,24.1,247,-9.0000,998,130,3.9000,-9.0000,-9,-9.0000,-9,-9.0000,200,18,-9,-9.0000,-9.0,-9.0,-9.00,-9.00,-9,-9,20,-9,-9,-9,-9,-9,-9,-9
HH,IE-IGFS,4,IE,45CE,GOV,110,S,P,FG28,68,2017,11,10,1447,17,31,D,51.5900,-11.3820,51.6220,-11.3920,32D8,237,V,,1,2,R,4.4000,-9,,3627,704,26,,5.2000,1400,128.2,24.4,247,,998,349,3.8000,,,,,,268,30,,,,,,,,,,,,,,,,
HH,IE-IGFS,4,IE,45CE,GOV,110,S,P,FG216,77,2017,11,12,1313,16,30,D,54.0690,-11.0670,54.0840,-11.0180,37D8,230,V,,1,2,R,4.1000,-9,,3615,691,26,,5.2000,1400,129.4,24.2,247,,998,62,3.9000,,,,,,349,21,,,,,,,,,,,,,,,,
HH,IE-IGFS,4,IE,45CE,GOV,110,S,P,MB17,144,2019,12,3,0932,31,30,D,52.5860,-10.0620,52.5760,-10.1110,34D9,89,V,-9,1,2,R,4.3000,-9,-9,3502,336,26,-9,5.2000,1400,108.2,21.7,247,-9.0000,998,251,3.8000,-9.0000,-9,-9.0000,-9,-9.0000,180,23,-9,-9.0000,-9.0,-9.0,-9.00,-9.00,-9,-9,20,-9,-9,-9,-9,-9,-9,-9
HH,IE-IGFS,4,IE,45CE,GOV,110,S,P,48,165,2019,12,10,1208,31,30,D,52.6510,-10.7050,52.6660,-10.7530,34D9,124,V,-9,1,2,R,4.1000,-9,-9,3651,427,26,-9,5.2000,1400,119.1,22.8,247,-9.0000,998,297,3.9000,-9.0000,-9,-9.0000,-9,-9.0000,348,35,-9,-9.0000,-9.0,-9.0,-9.00,-9.00,-9,-9,20,-9,-9,-9,-9,-9,-9,-9
HH,IE-IGFS,4,IE,45CE,GOV,110,S,P,PO39,70,2019,11,17,0946,16,31,D,52.7240,-12.0680,52.6920,-12.0480,34D7,251,V,-9,1,2,R,3.9000,-9,-9,3808,759,26,-9,5.2000,1400,127.6,24.2,247,-9.0000,998,159,4.0000,-9.0000,-9,-9.0000,-9,-9.0000,5,20,-9,-9.0000,-9.0,-9.0,-9.00,-9.00,-9,-9,20,-9,-9,-9,-9,-9,-9,-9
HH,IE-IGFS,4,IE,45CE,GOV,110,S,P,DS1,152,2019,12,6,1235,29,31,D,51.9700,-10.9710,52.0030,-10.9980,32D9,146,V,-9,1,2,R,4.0000,-9,-9,4113,485,26,-9,5.2000,1400,115.4,23.6,247,-9.0000,998,333,4.3000,-9.0000,-9,-9.0000,-9,-9.0000,285,23,-9,-9.0000,-9.0,-9.0,-9.00,-9.00,-9,-9,20,-9,-9,-9,-9,-9,-9,-9
HH,IE-IGFS,4,IE,45CE,GOV,55,S,P,33A,108,2019,11,25,1429,26,30,D,51.9740,-6.7370,52.0050,-6.7520,32E3,59,V,-9,1,2,R,4.4000,-9,-9,3599,273,26,-9,5.2000,1400,81.4,21.4,247,-9.0000,998,343,3.9000,-9.0000,-9,-9.0000,-9,-9.0000,247,18,-9,-9.0000,-9.0,-9.0,-9.00,-9.00,-9,-9,20,-9,-9,-9,-9,-9,-9,-9
HH,IE-IGFS,4,IE,45CE,GOV,55,S,P,71,150,2019,12,5,0754,27,29,D,52.0010,-10.3350,51.9970,-10.3760,33D9,53,V,-9,1,2,R,4.6000,-9,-9,2850,246,26,-9,5.2000,1400,80.8,21.5,247,-9.0000,998,261,3.2000,-9.0000,-9,-9.0000,-9,-9.0000,346,33,-9,-9.0000,-9.0,-9.0,-9.00,-9.00,-9,-9,20,-9,-9,-9,-9,-9,-9,-9
HH,IE-IGFS,4,IE,45CE,GOV,110,S,P,FG74,74,2019,11,18,0734,17,31,D,52.0080,-11.8010,51.9740,-11.8020,33D8,501,V,-9,1,2,R,3.6000,-9,-9,3783,1442,26,-9,5.2000,1400,136.3,25.1,247,-9.0000,998,181,3.9000,-9.0000,-9,-9.0000,-9,-9.0000,150,20,-9,-9.0000,-9.0,-9.0,-9.00,-9.00,-9,-9,20,-9,-9,-9,-9,-9,-9,-9
HH,IE-IGFS,4,IE,45CE,GOV,110,S,P,FG1,73,2019,11,17,1630,29,31,D,52.1990,-11.3590,52.1680,-11.3400,33D8,151,V,-9,1,2,R,4.0000,-9,-9,3686,486,26,-9,5.2000,1400,117.4,22.8,247,-9.0000,998,159,3.8000,-9.0000,-9,-9.0000,-9,-9.0000,20,17,-9,-9.0000,-9.0,-9.0,-9.00,-9.00,-9,-9,20,-9,-9,-9,-9,-9,-9,-9
HH,IE-IGFS,4,IE,45CE,GOV,55,I2,P,MB44,8,2014,9,26,1156,33,30,D,54.8690,-8.7830,54.8570,-8.8310,38E1,69,V,,1,2,R,4.7000,-9,,3359,273,26,,5.2000,1400,77.8,19.5,247,,2212,246,3.6000,,,,,,256,15,,,,,,,,,,,,,,,,
HH,IE-IGFS,4,IE,45CE,GOV,55,I2,P,15,6,2014,9,26,0620,33,30,D,54.5190,-8.5100,54.5180,-8.5670,38E1,55,V,,1,2,R,4.6000,-9,,3692,233,26,,5.2000,1400,70.1,18.2,247,,2212,268,4.0000,,,,,,279,16,,,,,,,,,,,,,,,,
HH,IE-IGFS,4,IE,45CE,GOV,55,I2,P,MB2,21,2014,9,28,1454,33,30,D,56.1810,-7.8100,56.2040,-7.7670,41E2,88,V,,1,2,R,4.2000,-9,,3699,336,26,,5.2000,1400,80.8,20.2,247,,2212,46,4.0000,,,,,,211,6,,,,,,,,,,,,,,,,
HH,IE-IGFS,4,IE,45CE,GOV,55,I2,P,MB7,26,2014,9,29,1319,33,30,D,55.5140,-7.7660,55.5440,-7.7410,40E2,63,V,,1,2,R,4.0000,-9,,3694,259,26,,5.2000,1400,,19.6,247,,2212,25,4.0000,,,,,,158,11,,,,,,,,,,,,,,,,
HH,IE-IGFS,4,IE,45CE,GOV,55,I2,P,FG114,27,2014,9,29,1506,33,30,D,55.6510,-7.5740,55.6510,-7.5150,40E2,59,V,,1,2,R,4.1000,-9,,3714,259,26,,5.2000,1400,78.3,19.0,247,,2212,89,4.0000,,,,,,157,11,,,,,,,,,,,,,,,,
HH,IE-IGFS,4,IE,45CE,GOV,55,I2,P,SC583,29,2014,9,30,0606,33,30,D,56.3970,-6.7730,56.3670,-6.8000,41E3,77,V,,1,2,R,4.2000,-9,,3733,298,26,,5.2000,1400,76.9,19.5,247,,2212,206,4.0000,,,,,,179,24,,,,,,,,,,,,,,,,
HH,IE-IGFS,4,IE,45CE,GOV,55,I2,P,FG192,30,2014,9,30,0800,33,30,D,56.3220,-7.0300,56.3000,-7.0740,41E2,87,V,,1,2,R,4.1000,-9,,3662,324,26,,5.2000,1400,77.6,19.7,247,,2212,227,3.9000,,,,,,181,23,,,,,,,,,,,,,,,,
HH,IE-IGFS,4,IE,45CE,GOV,55,I2,P,FG117,31,2014,9,30,1032,33,30,D,56.1860,-6.7310,56.1860,-6.7900,41E3,61,V,,1,2,R,4.4000,-9,,3663,273,26,,5.2000,1400,74.4,18.9,247,,2212,270,3.9000,,,,,,174,23,,,,,,,,,,,,,,,,
HH,IE-IGFS,4,IE,45CE,GOV,55,I2,P,FG116,32,2014,9,30,1246,33,30,D,56.0520,-6.9830,56.0520,-7.0420,41E3,81,V,,1,2,R,4.3000,-9,,3676,324,26,,5.2000,1400,78.3,19.8,247,,2212,270,4.0000,,,,,,168,18,,,,,,,,,,,,,,,,
HH,IE-IGFS,4,IE,45CE,GOV,55,I2,P,GD4,34,2014,9,30,1816,33,30,D,55.8010,-7.1160,55.7730,-7.1500,40E2,51,V,,1,2,R,4.1000,-9,,3777,233,26,,5.2000,1400,72.8,18.8,247,,2212,214,4.1000,,,,,,249,10,,,,,,,,,,,,,,,,
HH,IE-IGFS,4,IE,45CE,GOV,55,I2,P,33,38,2014,10,1,1411,33,30,D,55.5080,-7.0290,55.5300,-7.0740,40E2,72,V,,1,2,R,3.9000,-9,,3752,286,26,,5.2000,1400,79.2,19.3,247,,2212,310,4.0000,,,,,,266,21,,,,,,,,,,,,,,,,
HH,IE-IGFS,4,IE,45CE,GOV,55,I2,P,FG100,39,2014,10,1,1608,33,30,D,55.5020,-7.3550,55.5020,-7.4150,40E2,53,V,,1,2,R,4.5000,-9,,3791,242,26,,5.2000,1400,75.6,20.0,247,,2212,270,4.1000,,,,,,263,16,,,,,,,,,,,,,,,,
HH,IE-IGFS,4,IE,45CE,GOV,55,I2,P,FG115,40,2014,10,2,0558,33,30,D,55.2140,-7.5870,55.2480,-7.5830,39E2,14,V,,1,2,R,4.7000,-9,,3793,137,26,,5.2000,1400,59.8,16.0,247,,2212,3,4.1000,,,,,,165,19,,,,,,,,,,,,,,,,
HH,IE-IGFS,4,IE,45CE,GOV,55,I2,P,14,44,2014,10,3,1746,33,30,D,54.5820,-8.3480,54.5670,-8.4000,38E1,33,V,,1,2,R,4.4000,-9,,3754,206,26,,5.2000,1400,72.0,18.3,247,,2212,243,4.0000,,,,,,235,12,,,,,,,,,,,,,,,,
HH,IE-IGFS,4,IE,45CE,GOV,55,I2,P,COD1,36,2014,10,1,0843,33,30,D,55.3680,-6.8400,55.3680,-6.8980,39E3,74,V,,1,2,R,4.2000,-9,,3677,298,26,,5.2000,1400,75.9,18.8,247,,2212,270,4.0000,,,,,,253,15,,,,,,,,,,,,,,,,
HH,IE-IGFS,4,IE,45CE,GOV,110,I2,P,MM15,8,2018,10,31,1337,34,28,D,55.4460,-8.9180,55.4700,-8.8830,39E1,92,V,,1,2,R,4.2000,-9,,3470,336,26,,5.2000,1400,105.0,21.9,247,,2212,39,4.0000,,,,,,278,18,,,,,,,,,,,,,,,,
HH,IE-IGFS,4,IE,45CE,GOV,110,I2,P,6,9,2018,10,31,1525,34,26,D,55.6260,-8.8620,55.6440,-8.9020,40E1,102,V,,1,2,R,4.2000,-9,,3219,349,26,,5.2000,1400,105.5,22.3,247,,2212,308,4.0000,,,,,,258,16,,,,,,,,,,,,,,,,
HH,IE-IGFS,4,IE,45CE,GOV,110,I2,P,8,19,2018,11,2,1656,34,21,D,55.6450,-8.2670,55.6320,-8.3020,40E1,93,V,,1,2,R,4.1000,-9,,2636,336,26,,5.2000,1400,107.4,21.8,247,,2212,236,4.1000,,,,,,164,28,,,,,,,,,,,,,,,,
HH,IE-IGFS,4,IE,45CE,GOV,110,I2,P,FG45,26,2018,11,4,1034,34,30,D,55.3420,-6.3240,55.3740,-6.3060,39E3,173,V,,1,2,R,3.7000,-9,,3741,540,26,,5.2000,1400,116.9,23.0,247,,2212,17,4.0000,,,,,,195,20,,,,,,,,,,,,,,,,
HH,IE-IGFS,4,IE,45CE,GOV,110,I2,P,FG98,27,2018,11,4,1221,34,33,D,55.2970,-6.4840,55.2780,-6.5340,39E3,145,V,,1,2,R,4.0000,-9,,3816,462,26,,5.2000,1400,103.9,26.7,247,,2212,236,3.7000,,,,,,192,21,,,,,,,,,,,,,,,,
HH,IE-IGFS,4,IE,45CE,GOV,110,I2,P,12,36,2018,11,6,1204,34,32,D,55.4650,-8.6150,55.4350,-8.5890,39E1,101,V,,1,2,R,4.1000,-9,,3723,349,26,,5.2000,1400,104.4,21.4,247,,2212,153,3.8000,,,,,,156,21,,,,,,,,,,,,,,,,
HH,IE-IGFS,4,IE,45CE,GOV,110,I2,P,MB106,37,2018,11,6,1413,34,30,D,55.2740,-8.6960,55.2720,-8.7550,39E1,97,V,,1,2,R,4.0000,-9,,3756,349,26,,5.2000,1400,106.6,21.6,247,,2212,266,4.0000,,,,,,158,30,,,,,,,,,,,,,,,,
HH,IE-IGFS,4,IE,45CE,GOV,110,I2,P,MM4,38,2018,11,7,0704,34,31,D,54.6610,-9.0170,54.6270,-9.0120,38E0,89,V,,1,2,R,4.3000,-9,,3798,324,26,,5.2000,1400,101.2,21.0,247,,2212,175,4.0000,,,,,,15,7,,,,,,,,,,,,,,,,
HH,IE-IGFS,4,IE,45CE,GOV,110,I2,P,MB11,39,2018,11,7,1006,34,27,D,54.5050,-9.6610,54.5000,-9.7090,38E0,97,V,,1,2,R,4.4000,-9,,3159,349,26,,5.2000,1400,103.2,20.9,247,,2212,259,3.8000,,,,,,318,19,,,,,,,,,,,,,,,,
HH,IE-IGFS,4,IE,45CE,GOV,110,I2,P,SC544,13,2014,9,27,1055,36,30,D,55.7920,-8.9930,55.8260,-8.9920,40E1,125,V,,1,2,R,4.0000,-9,,3786,427,26,,5.2000,1400,110.4,21.6,247,,2212,360,4.1000,,,,,,210,21,,,,,,,,,,,,,,,,
HH,IE-IGFS,4,IE,45CE,GOV,110,I2,P,FG94,22,2014,9,28,1800,36,30,D,56.4020,-7.7740,56.3790,-7.8170,41E2,168,V,,1,2,R,3.8000,-9,,3689,527,26,,5.2000,1400,118.2,21.9,247,,2212,225,4.0000,,,,,,184,9,,,,,,,,,,,,,,,,
HH,IE-IGFS,4,IE,45CE,GOV,110,I2,P,MMMA3,23,2014,9,29,0608,36,30,D,55.8230,-8.3280,55.8160,-8.3860,40E1,143,V,,1,2,R,4.1000,-9,,3718,485,26,,5.2000,1400,106.8,20.0,247,,2212,257,4.0000,,,,,,227,7,,,,,,,,,,,,,,,,
HH,IE-IGFS,4,IE,45CE,GOV,110,I2,P,MB23,15,2014,9,27,1538,36,30,D,56.0090,-8.8700,55.9960,-8.8140,41E1,130,V,,1,2,R,4.1000,-9,,3781,438,26,,5.2000,1400,110.7,21.2,247,,2212,112,4.1000,,,,,,241,17,,,,,,,,,,,,,,,,
HH,IE-IGFS,4,IE,45CE,GOV,110,I2,P,FG118,16,2014,9,27,1800,36,30,D,56.1600,-8.7520,56.1470,-8.8020,41E1,121,V,,1,2,R,4.3000,-9,,3427,427,26,,5.2000,1400,108.1,21.2,247,,2212,244,3.7000,,,,,,214,25,,,,,,,,,,,,,,,,
HH,IE-IGFS,4,IE,45CE,GOV,110,I2,P,MM12,17,2014,9,28,0609,36,30,D,56.2520,-8.1820,56.2320,-8.2290,41E1,165,V,,1,2,R,3.9000,-9,,3667,527,26,,5.2000,1400,114.0,21.4,247,,2212,232,4.0000,,,,,,277,7,,,,,,,,,,,,,,,,
HH,IE-IGFS,4,IE,45CE,GOV,110,S,P,FG190,51,2016,11,16,0740,28,31,D,51.3780,-10.2440,51.3560,-10.2830,31D9,116,V,,1,2,R,,-9,,3656,402,26,,5.2000,1400,114.9,22.4,247,,998,227,3.8000,,,,,,24,18,,,,,,,,,,,,,,,,
HH,IE-IGFS,4,IE,45CE,GOV,110,S,P,FG199,80,2016,11,22,1143,28,30,D,51.2910,-9.2250,51.2600,-9.2370,31E0,119,V,,1,2,R,4.1000,-9,,3549,415,26,,5.2000,1400,118.4,22.9,247,,998,193,3.8000,,,,,,353,19,,,,,,,,,,,,,,,,
HH,IE-IGFS,4,IE,45CE,GOV,110,S,P,MB20A,81,2016,11,22,1416,28,29,D,51.1120,-9.6070,51.1030,-9.6540,31E0,119,V,,1,2,R,4.4000,-9,,3440,427,26,,5.2000,1400,116.8,22.9,247,,998,253,3.8000,,,,,,12,13,,,,,,,,,,,,,,,,
HH,IE-IGFS,4,IE,45CE,GOV,110,S,P,COD5A,82,2016,11,22,1628,28,27,D,51.1600,-9.9440,51.1410,-9.9760,31E0,122,V,,1,2,R,4.2000,-9,,3079,427,26,,5.2000,1400,119.2,23.2,247,,998,226,3.7000,,,,,,350,20,,,,,,,,,,,,,,,,
HH,IE-IGFS,4,IE,45CE,GOV,110,S,P,VMS2,172,2016,12,15,0945,28,30,D,50.8260,-9.3670,50.8430,-9.4130,30E0,120,V,,1,2,R,4.4000,-9,,3752,427,26,,5.2000,1400,115.9,22.9,247,,998,300,4.0000,,,,,,184,24,,,,,,,,,,,,,,,,
HH,IE-IGFS,4,IE,45CE,GOV,110,S,P,MB18,140,2016,12,8,1040,28,30,D,51.9270,-10.5500,51.9120,-10.5990,32D9,92,V,,1,2,R,4.4000,-9,,3761,336,26,,5.2000,1400,106.9,21.2,247,,998,243,4.1000,,,,,,161,17,,,,,,,,,,,,,,,,
HH,IE-IGFS,4,IE,45CE,GOV,110,S,P,FG58,176,2016,12,16,0930,28,30,D,51.3530,-9.7870,51.3300,-9.8260,31E0,85,V,,1,2,R,4.1000,-9,,3732,324,26,,5.2000,1400,111.9,,247,,998,226,4.0000,,,,,,350,13,,,,,,,,,,,,,,,,
HH,IE-IGFS,4,IE,45CE,GOV,110,S,P,CC321,170,2016,12,14,1544,28,30,D,50.8770,-9.0790,50.9030,-9.1080,30E0,120,V,,1,2,R,4.1000,-9,,3539,415,26,,5.2000,1400,118.6,23.1,247,,998,324,3.8000,,,,,,1,9,,,,,,,,,,,,,,,,
HH,IE-IGFS,4,IE,45CE,GOV,110,S,P,FG62,86,2016,11,23,1403,17,29,D,50.5520,-10.9310,50.5230,-10.9060,30D9,287,V,,1,2,R,4.1000,-9,,3680,837,26,,5.2000,1400,128.2,23.7,247,,998,151,4.1000,,,,,,43,16,,,,,,,,,,,,,,,,
HH,IE-IGFS,4,IE,45CE,GOV,110,S,P,FG37A,164,2016,12,13,1150,21,30,D,51.3880,-7.8310,51.3600,-7.8560,31E2,90,V,,1,2,R,4.1000,-9,,3568,349,26,,5.2000,1400,112.9,22.3,247,,998,209,3.8000,,,,,,194,20,,,,,,,,,,,,,,,,
HH,IE-IGFS,4,IE,45CE,GOV,110,S,P,FG51,165,2016,12,13,1345,21,30,D,51.3470,-8.0970,51.3520,-8.1480,31E1,95,V,,1,2,R,4.2000,-9,,3596,349,26,,5.2000,1400,111.9,22.1,247,,998,278,3.9000,,,,,,187,22,,,,,,,,,,,,,,,,
HH,IE-IGFS,4,IE,45CE,GOV,110,S,P,CC431,102,2012,11,25,1622,29,30,D,50.4790,-9.3530,50.4460,-9.3570,29E0,127,V,,1,2,R,4.7000,-9,,3681,427,26,,5.2000,1400,112.9,20.7,247,,998,184,4.0000,,,,,,274,11,,,,,,,,,,,,,,,,
HH,IE-IGFS,4,IE,45CE,GOV,55,I2,P,GD10,45,2019,11,9,1014,33,15,D,54.5610,-8.9410,54.5500,-8.9190,38E1,85,V,-9,1,2,R,4.3000,-9,-9,1877,324,26,-9,5.2000,1400,83.5,22.4,247,-9.0000,2212,130,4.0000,-9.0000,-9,-9.0000,-9,-9.0000,330,20,-9,-9.0000,-9.0,-9.0,-9.00,-9.00,-9,-9,20,-9,-9,-9,-9,-9,-9,-9
HH,IE-IGFS,4,IE,45CE,GOV,110,I2,P,FG149,5,2019,11,1,0755,15,31,D,54.5800,-10.6100,54.6090,-10.5790,38D9,233,V,-9,1,2,R,4.2000,-9,-9,3799,718,26,-9,5.2000,1400,123.1,24.2,247,-9.0000,2212,31,4.0000,-9.0000,-9,-9.0000,-9,-9.0000,110,7,-9,-9.0000,-9.0,-9.0,-9.00,-9.00,-9,-9,20,-9,-9,-9,-9,-9,-9,-9
HH,IE-IGFS,4,IE,45CE,GOV,55,I2,P,14,47,2019,11,9,1346,33,25,D,54.5840,-8.3440,54.5710,-8.3850,38E1,33,V,-9,1,2,R,4.4000,-9,-9,3020,206,26,-9,5.2000,1400,75.9,20.9,247,-9.0000,2212,241,3.9000,-9.0000,-9,-9.0000,-9,-9.0000,300,17,-9,-9.0000,-9.0,-9.0,-9.00,-9.00,-9,-9,20,-9,-9,-9,-9,-9,-9,-9
HH,IE-IGFS,4,IE,45CE,GOV,110,I2,P,FG150,51,2019,11,10,1600,34,33,D,54.5850,-10.2650,54.5550,-10.2950,38D9,124,V,-9,1,2,R,4.3000,-9,-9,3862,427,26,-9,5.2000,1400,114.1,23.4,247,-9.0000,2212,210,3.8000,-9.0000,-9,-9.0000,-9,-9.0000,139,31,-9,-9.0000,-9.0,-9.0,-9.00,-9.00,-9,-9,20,-9,-9,-9,-9,-9,-9,-9
HH,IE-IGFS,4,IE,45CE,GOV,110,S,P,PO113,64,2019,11,15,1656,16,31,D,53.9500,-11.8660,53.9510,-11.9230,36D8,365,V,-9,1,2,R,3.8000,-9,-9,3743,1070,26,-9,5.2000,1400,128.2,23.9,247,-9.0000,998,271,3.9000,-9.0000,-9,-9.0000,-9,-9.0000,335,7,-9,-9.0000,-9.0,-9.0,-9.00,-9.00,-9,-9,20,-9,-9,-9,-9,-9,-9,-9
HH,IE-IGFS,4,IE,45CE,GOV,110,S,P,FG87,61,2019,11,15,0949,16,30,D,54.1530,-11.2400,54.1350,-11.2890,37D8,300,V,-9,1,2,R,3.7000,-9,-9,3777,882,26,-9,5.2000,1400,132.9,24.8,247,-9.0000,998,237,4.1000,-9.0000,-9,-9.0000,-9,-9.0000,30,18,-9,-9.0000,-9.0,-9.0,-9.00,-9.00,-9,-9,20,-9,-9,-9,-9,-9,-9,-9
HH,IE-IGFS,4,IE,45CE,GOV,110,S,P,21,59,2019,11,14,1635,30,17,D,54.1720,-10.6790,54.1540,-10.6920,37D9,175,V,-9,1,2,R,4.2000,-9,-9,2176,554,26,-9,5.2000,1400,128.6,24.9,247,-9.0000,998,202,4.1000,-9.0000,-9,-9.0000,-9,-9.0000,350,35,-9,-9.0000,-9.0,-9.0,-9.00,-9.00,-9,-9,20,-9,-9,-9,-9,-9,-9,-9
HH,IE-IGFS,4,IE,45CE,GOV,110,S,P,22,58,2019,11,14,1424,31,29,D,54.3010,-10.3190,54.2880,-10.3700,37D9,112,V,-9,1,2,R,4.2000,-9,-9,3622,402,26,-9,5.2000,1400,115.8,22.9,247,-9.0000,998,246,4.0000,-9.0000,-9,-9.0000,-9,-9.0000,18,25,-9,-9.0000,-9.0,-9.0,-9.00,-9.00,-9,-9,20,-9,-9,-9,-9,-9,-9,-9
HH,IE-IGFS,4,IE,45CE,GOV,110,S,P,FG88,60,2019,11,15,0738,16,31,D,54.3170,-11.0040,54.2830,-11.0000,37D8,326,V,-9,1,2,R,3.7000,-9,-9,3793,964,26,-9,5.2000,1400,135.9,25.1,247,-9.0000,998,176,4.0000,-9.0000,-9,-9.0000,-9,-9.0000,355,20,-9,-9.0000,-9.0,-9.0,-9.00,-9.00,-9,-9,20,-9,-9,-9,-9,-9,-9,-9
HH,IE-IGFS,4,IE,45CE,GOV,110,S,P,MB10,55,2019,11,14,0722,31,30,D,54.4660,-9.4130,54.4880,-9.4520,37E0,85,V,-9,1,2,R,4.2000,-9,-9,3519,324,26,-9,5.2000,1400,109.3,21.9,247,-9.0000,998,314,3.8000,-9.0000,-9,-9.0000,-9,-9.0000,19,31,-9,-9.0000,-9.0,-9.0,-9.00,-9.00,-9,-9,20,-9,-9,-9,-9,-9,-9,-9
HH,IE-IGFS,4,IE,45CE,GOV,110,S,P,FG175,67,2019,11,16,1143,16,30,D,53.2810,-11.8980,53.2520,-11.9220,35D8,215,V,-9,1,2,R,4.0000,-9,-9,3602,663,26,-9,5.2000,1400,123.4,23.8,247,-9.0000,998,206,3.9000,-9.0000,-9,-9.0000,-9,-9.0000,150,16,-9,-9.0000,-9.0,-9.0,-9.00,-9.00,-9,-9,20,-9,-9,-9,-9,-9,-9,-9
HH,IE-IGFS,4,IE,45CE,GOV,110,I2,P,MAR4,44,2012,10,3,1014,34,30,D,55.1090,-9.0110,55.0770,,39E0,88,V,,1,2,R,4.2000,-9,,3630,380,26,,5.2000,1400,104.6,20.4,247,,2212,168,3.9000,,,,,,306,6,,,13.4,,,,,,,,,,,,,
HH,IE-IGFS,4,IE,45CE,GOV,110,I2,P,R217,13,2012,9,27,1652,34,30,D,55.3290,-9.3450,55.3530,-9.3040,39E0,101,V,,1,2,R,3.9000,-9,,3729,440,26,,5.2000,1400,112.1,21.6,247,,2212,44,4.0000,,,,,,269,17,,,,,,,,,,,,,,,,
HH,IE-IGFS,4,IE,45CE,GOV,110,I2,P,FG109,12,2012,9,27,1412,15,30,D,55.3340,-9.8570,55.3600,-9.8230,39E0,243,V,,1,2,R,3.7000,-9,,3609,780,26,,5.2000,1400,121.5,22.1,247,,2212,36,3.9000,,,,,,220,23,,,12.9,,,,,,,,,,,,,
HH,IE-IGFS,4,IE,45CE,GOV,110,I2,P,MM7,45,2012,10,3,1213,34,30,D,55.1080,-8.7630,55.0850,-8.8050,39E1,77,V,,1,2,R,4.4000,-9,,3707,315,26,,5.2000,1400,99.8,19.8,247,,2212,226,4.0000,,,,,,303,6,,,13.3,,,,,,,,,,,,,
HH,IE-IGFS,4,IE,45CE,GOV,110,I2,P,MB106,43,2012,10,3,0803,34,30,D,55.2730,-8.7160,55.2710,-8.7740,39E1,92,V,,1,2,R,4.1000,-9,,3693,380,26,,5.2000,1400,102.2,19.6,247,,2212,266,4.0000,,,,,,330,8,,,,,,,,,,,,,,,,
HH,IE-IGFS,4,IE,45CE,GOV,110,I2,P,12,42,2012,10,3,0607,34,30,D,55.4500,-8.6010,55.4200,-8.5760,39E1,97,V,,1,2,R,4.4000,-9,,3695,132,26,,5.2000,1400,100.1,19.4,247,,2212,154,4.0000,,,,,,302,7,,,,,,,,,,,,,,,,
HH,IE-IGFS,4,IE,45CE,GOV,55,I2,P,FG98,31,2012,10,1,0612,33,30,D,55.2940,-6.4900,55.2760,-6.5390,39E3,131,V,,1,2,R,4.1000,-9,,3702,450,26,,5.2000,1400,86.2,21.0,247,,2212,237,4.0000,,,,,,202,17,,,,,,,,,,,,,,,,
HH,IE-IGFS,4,IE,45CE,GOV,55,I2,P,COD2,32,2012,10,1,0918,33,30,D,55.3030,-6.8890,55.3240,-6.9350,39E3,52,V,,1,2,R,4.0000,-9,,3741,235,26,,5.2000,1400,80.2,20.4,247,,2212,308,4.0000,,,,,,213,22,,,11.6,,,,,,,,,,,,,
HH,IE-IGFS,4,IE,45CE,GOV,110,I2,P,R213,14,2012,9,28,0610,34,30,D,55.5840,-9.1650,55.6170,-9.1670,40E0,103,V,,1,2,R,3.9000,-9,,3676,440,26,,5.2000,1400,111.7,21.5,247,,2212,358,4.0000,,,,,,275,22,,,13.1,,,,,,,,,,,,,
HH,IE-IGFS,4,IE,45CE,GOV,110,I2,P,FG111,11,2018,11,1,0837,15,31,D,55.7780,-9.3250,55.7440,-9.3270,40E0,278,V,,1,2,R,3.7000,-9,,3787,827,26,,5.2000,1400,127.1,24.6,247,,2212,181,4.0000,,,,,,311,16,,,,,,,,,,,,,,,,
HH,IE-IGFS,4,IE,45CE,GOV,110,I2,P,FG112,12,2018,11,1,1133,15,32,D,55.9970,-9.2200,56.0300,-9.2050,40E0,245,V,,1,2,R,3.8000,-9,,3791,745,26,,5.2000,1400,125.8,24.6,247,,2212,14,3.8000,,,,,,303,20,,,,,,,,,,,,,,,,
HH,IE-IGFS,4,IE,45CE,GOV,110,I2,P,94,13,2018,11,1,1338,15,32,D,56.1740,-9.1890,56.2080,-9.1760,41E0,228,V,,1,2,R,3.9000,-9,,3870,691,26,,5.2000,1400,124.8,24.6,247,,2212,12,3.9000,,,,,,267,13,,,,,,,,,,,,,,,,
HH,IE-IGFS,4,IE,45CE,GOV,55,S,P,MB52,40,2018,11,9,0809,32,30,D,53.1350,-9.3330,53.1100,-9.3650,35E0,42,V,,1,2,R,4.0000,-9,,3511,,26,,5.2000,1400,,20.1,247,,998,217,3.8000,,,,,,162,34,,,,,,,,,,,,,,,,
HH,IE-IGFS,4,IE,45CE,GOV,55,S,P,FG127,41,2018,11,9,1013,32,25,D,53.1960,-9.5650,53.1930,-9.6110,35E0,48,V,,1,2,R,4.2000,-9,,3092,206,26,,5.2000,1400,,21.2,247,,998,263,4.0000,,,,,,159,37,,,,,,,,,,,,,,,,
HH,IE-IGFS,4,IE,45CE,GOV,55,S,P,MB27,47,2018,11,11,0803,32,20,D,54.3960,-8.8240,54.4170,-8.8350,37E1,58,V,,1,2,R,4.2000,-9,,2444,233,26,,5.2000,1400,112.2,21.2,247,,998,343,4.0000,,,,,,154,14,,,,,,,,,,,,,,,,
HH,IE-IGFS,4,IE,45CE,GOV,110,S,P,MM1,48,2018,11,11,1029,32,30,D,54.3230,-9.2820,54.3310,-9.3350,37E0,42,V,,1,2,R,4.4000,-9,,3561,220,26,,5.2000,1400,,20.7,247,,998,284,3.8000,,,,,,172,18,,,,,,,,,,,,,,,,
HH,IE-IGFS,4,IE,45CE,GOV,55,S,P,20,49,2018,11,11,1231,32,30,D,54.3400,-9.6300,54.3470,-9.6810,37E0,46,V,,1,2,R,4.6000,-9,,3407,206,26,,5.2000,1400,,20.5,247,,998,283,3.7000,,,,,,161,18,,,,,,,,,,,,,,,,
HH,IE-IGFS,4,IE,45CE,GOV,110,S,P,25,43,2018,11,10,0801,32,25,D,54.3310,-9.9220,54.3050,-9.9180,37E0,66,V,,1,2,R,4.4000,-9,,2905,233,26,,5.2000,1400,,21.1,247,,998,174,3.8000,,,,,,231,17,,,,,,,,,,,,,,,,
HH,IE-IGFS,4,IE,45CE,GOV,55,S,P,FG33,156,2019,12,6,1250,27,20,D,51.4890,-10.0820,51.5030,-10.0530,31D9,73,V,-9,1,2,R,4.4000,-9,-9,2546,286,26,-9,5.2000,1400,84.8,22.3,247,-9.0000,998,52,4.1000,-9.0000,-9,-9.0000,-9,-9.0000,280,25,-9,-9.0000,-9.0,-9.0,-9.00,-9.00,-9,-9,20,-9,-9,-9,-9,-9,-9,-9
HH,IE-IGFS,4,IE,45CE,GOV,110,S,P,FG40,122,2019,11,28,1335,21,30,D,51.3660,-6.6630,51.3650,-6.7140,31E3,83,V,-9,1,2,R,4.3000,-9,-9,3553,324,26,-9,5.2000,1400,108.6,22.1,247,-9.0000,998,268,3.8000,-9.0000,-9,-9.0000,-9,-9.0000,200,0,-9,-9.0000,-9.0,-9.0,-9.00,-9.00,-9,-9,20,-9,-9,-9,-9,-9,-9,-9
HH,IE-IGFS,4,IE,45CE,GOV,110,S,P,FG37A,104,2019,11,24,1606,21,30,D,51.3890,-7.8310,51.3600,-7.8580,31E2,93,V,-9,1,2,R,4.1000,-9,-9,3734,336,26,-9,5.2000,1400,111.3,22.6,247,-9.0000,998,210,4.0000,-9.0000,-9,-9.0000,-9,-9.0000,123,27,-9,-9.0000,-9.0,-9.0,-9.00,-9.00,-9,-9,20,-9,-9,-9,-9,-9,-9,-9
HH,IE-IGFS,4,IE,45CE,GOV,110,S,P,111,119,2019,11,28,0730,21,30,D,51.4160,-6.3580,51.3860,-6.3750,31E3,114,V,-9,1,2,R,3.9000,-9,-9,3541,402,26,-9,5.2000,1400,119.4,23.3,247,-9.0000,998,199,3.8000,-9.0000,-9,-9.0000,-9,-9.0000,315,9,-9,-9.0000,-9.0,-9.0,-9.00,-9.00,-9,-9,20,-9,-9,-9,-9,-9,-9,-9
HH,IE-IGFS,4,IE,45CE,GOV,55,S,P,FG56,162,2019,12,9,1321,27,30,D,51.4270,-9.3460,51.4170,-9.3960,31E0,65,V,-9,1,2,R,4.1000,-9,-9,3651,273,26,-9,5.2000,1400,85.0,21.8,247,-9.0000,998,252,3.9000,-9.0000,-9,-9.0000,-9,-9.0000,23,15,-9,-9.0000,-9.0,-9.0,-9.00,-9.00,-9,-9,20,-9,-9,-9,-9,-9,-9,-9
HH,IE-IGFS,4,IE,45CE,GOV,110,S,P,CN307,112,2019,11,26,1140,21,30,D,51.4360,-5.7850,51.4050,-5.7710,31E4,83,V,-9,1,2,R,4.6000,-9,-9,3583,324,26,-9,5.2000,1400,100.9,21.8,247,-9.0000,998,164,3.9000,-9.0000,-9,-9.0000,-9,-9.0000,190,32,-9,-9.0000,-9.0,-9.0,-9.00,-9.00,-9,-9,20,-9,-9,-9,-9,-9,-9,-9
HH,IE-IGFS,4,IE,45CE,GOV,110,S,P,FG183,160,2019,12,7,1537,21,30,D,51.4490,-8.5420,51.4640,-8.4930,31E1,95,V,-9,1,2,R,4.2000,-9,-9,3792,336,26,-9,5.2000,1400,110.4,21.9,247,-9.0000,998,63,4.1000,-9.0000,-9,-9.0000,-9,-9.0000,163,28,-9,-9.0000,-9.0,-9.0,-9.00,-9.00,-9,-9,20,-9,-9,-9,-9,-9,-9,-9
HH,IE-IGFS,4,IE,45CE,GOV,110,S,P,FG197,126,2019,11,29,1036,21,30,D,51.2470,-7.6140,51.2430,-7.6660,31E2,93,V,-9,1,2,R,4.4000,-9,-9,3658,349,26,-9,5.2000,1400,111.7,23.1,247,-9.0000,998,263,3.9000,-9.0000,-9,-9.0000,-9,-9.0000,130,9,-9,-9.0000,-9.0,-9.0,-9.00,-9.00,-9,-9,20,-9,-9,-9,-9,-9,-9,-9
HH,IE-IGFS,4,IE,45CE,GOV,110,S,P,FG168,124,2019,11,29,0724,21,30,D,51.2980,-7.1800,51.2910,-7.2320,31E2,90,V,-9,1,2,R,4.1000,-9,-9,3709,336,26,-9,5.2000,1400,110.9,22.1,247,-9.0000,998,257,4.0000,-9.0000,-9,-9.0000,-9,-9.0000,58,6,-9,-9.0000,-9.0,-9.0,-9.00,-9.00,-9,-9,20,-9,-9,-9,-9,-9,-9,-9
HH,IE-IGFS,4,IE,45CE,GOV,110,S,P,FG158,77,2019,11,18,1607,17,30,D,51.2990,-11.4820,51.2700,-11.4710,31D8,357,V,-9,1,2,R,3.9000,-9,-9,3316,1032,26,-9,5.2000,1400,134.8,25.0,247,-9.0000,998,166,3.6000,-9.0000,-9,-9.0000,-9,-9.0000,155,32,-9,-9.0000,-9.0,-9.0,-9.00,-9.00,-9,-9,20,-9,-9,-9,-9,-9,-9,-9
HH,IE-IGFS,4,IE,45CE,GOV,110,S,P,FG15,125,2019,11,29,0858,21,20,D,51.3280,-7.4230,51.3410,-7.4500,31E2,90,V,-9,1,2,R,4.4000,-9,-9,2373,349,26,-9,5.2000,1400,112.9,22.6,247,-9.0000,998,307,3.8000,-9.0000,-9,-9.0000,-9,-9.0000,73,6,-9,-9.0000,-9.0,-9.0,-9.00,-9.00,-9,-9,20,-9,-9,-9,-9,-9,-9,-9
HH,IE-IGFS,4,IE,45CE,GOV,110,S,P,FG187,123,2019,11,28,1521,21,30,D,51.3450,-6.9260,51.3170,-6.9190,31E3,108,V,-9,1,2,R,4.2000,-9,-9,3153,402,26,-9,5.2000,1400,117.8,23.1,247,-9.0000,998,171,3.4000,-9.0000,-9,-9.0000,-9,-9.0000,303,8,-9,-9.0000,-9.0,-9.0,-9.00,-9.00,-9,-9,20,-9,-9,-9,-9,-9,-9,-9
HH,IE-IGFS,4,IE,45CE,GOV,110,S,P,FG52,126,2012,12,2,1231,21,31,D,51.2470,-8.0590,51.2260,-8.1000,31E1,92,V,,1,2,R,4.8000,-9,,3695,350,26,,5.2000,1400,105.0,19.9,247,,998,230,3.9000,,,,,,275,22,,,,,,,,,,,,,,,,
HH,IE-IGFS,4,IE,45CE,GOV,110,S,P,FG83,63,2018,11,14,1623,32,30,D,53.8400,-10.0360,53.8440,-9.9810,36D9,49,V,,1,2,R,4.3000,-9,,3647,220,26,,5.2000,1400,79.2,20.9,247,,998,82,3.9000,,,,,,190,25,,,,,,,,,,,,,,,,
HH,IE-IGFS,4,IE,45CE,GOV,55,S,P,FG173,73,2018,11,17,0733,32,20,D,53.0060,-9.5870,52.9860,-9.5990,35E0,63,V,,1,2,R,4.4000,-9,,2367,180,26,,5.2000,1400,,19.6,247,,998,199,3.8000,,,,,,146,27,,,,,,,,,,,,,,,,
HH,IE-IGFS,4,IE,45CE,GOV,55,S,P,66,75,2018,11,17,1153,32,30,D,52.8000,-9.6100,52.7700,-9.6250,34E0,60,V,,1,2,R,4.2000,-9,,3488,273,26,,5.2000,1400,118.0,21.7,247,,998,196,3.8000,,,,,,134,21,,,,,,,,,,,,,,,,
HH,IE-IGFS,4,IE,45CE,GOV,110,S,P,68,77,2018,11,17,1654,32,30,D,52.5410,-9.8260,52.5510,-9.7760,34E0,29,V,,1,2,R,4.6000,-9,,3569,165,26,,5.2000,1400,71.2,19.3,247,,998,71,3.8000,,,,,,125,15,,,,,,,,,,,,,,,,
HH,IE-IGFS,4,IE,45CE,GOV,110,S,P,FG121,83,2018,11,19,0731,30,30,D,52.7850,-11.8340,52.8180,-11.8320,34D8,184,V,,1,2,R,3.9000,-9,,3674,554,26,,5.2000,1400,122.9,23.4,247,,998,2,4.0000,,,,,,128,15,,,,,,,,,,,,,,,,
HH,IE-IGFS,4,IE,45CE,GOV,110,S,P,FG191,84,2018,11,19,1115,30,30,D,52.8990,-11.2620,52.9310,-11.2650,34D8,136,V,,1,2,R,4.0000,-9,,3566,450,26,,5.2000,1400,118.9,23.1,247,,998,356,3.8000,,,,,,126,22,,,,,,,,,,,,,,,,
HH,IE-IGFS,4,IE,45CE,GOV,55,S,P,FG217,167,2019,12,11,1027,32,30,D,53.1930,-9.6200,53.1960,-9.5650,35E0,49,V,-9,1,2,R,4.2000,-9,-9,3691,259,26,-9,5.2000,1400,87.1,22.6,247,-9.0000,998,84,4.0000,-9.0000,-9,-9.0000,-9,-9.0000,252,11,-9,-9.0000,-9.0,-9.0,-9.00,-9.00,-9,-9,20,-9,-9,-9,-9,-9,-9,-9
HH,IE-IGFS,4,IE,45CE,GOV,55,S,P,66,149,2019,12,4,1601,32,30,D,52.7990,-9.6110,52.7680,-9.6250,34E0,63,V,-9,1,2,R,4.5000,-9,-9,3576,259,26,-9,5.2000,1400,83.0,22.1,247,-9.0000,998,195,3.9000,-9.0000,-9,-9.0000,-9,-9.0000,40,17,-9,-9.0000,-9.0,-9.0,-9.00,-9.00,-9,-9,20,-9,-9,-9,-9,-9,-9,-9
HH,IE-IGFS,4,IE,45CE,GOV,110,S,P,CC322,55,2016,11,16,1651,28,27,D,50.9120,-9.6450,50.9350,-9.6170,30E0,122,V,,1,2,R,4.4000,-9,,3228,427,26,,5.2000,1400,118.1,23.4,247,,998,37,3.9000,,,,,,286,25,,,,,,,,,,,,,,,,
HH,IE-IGFS,4,IE,45CE,GOV,110,S,P,50,85,2018,11,19,1343,30,30,D,52.9070,-11.0650,52.8770,-11.0520,34D8,134,V,,1,2,R,4.1000,-9,,3451,450,26,,5.2000,1400,117.2,22.8,247,,998,165,3.7000,,,,,,114,27,,,,,,,,,,,,,,,,
HH,IE-IGFS,4,IE,45CE,GOV,110,S,P,21,46,2018,11,10,1542,30,30,D,54.1750,-10.6780,54.1450,-10.6980,37D9,180,V,,1,2,R,4.1000,-9,,3585,554,26,,5.2000,1400,120.8,23.9,247,,998,201,3.9000,,,,,,200,16,,,,,,,,,,,,,,,,
HH,IE-IGFS,4,IE,45CE,GOV,110,S,P,90,78,2018,11,18,0730,30,30,D,52.7620,-11.4820,52.7360,-11.5150,34D8,143,V,,1,2,R,3.9000,-9,,3651,462,26,,5.2000,1400,120.9,23.6,247,,998,217,3.9000,,,,,,,14,,,,,,,,,,,,,,,,
HH,IE-IGFS,4,IE,45CE,GOV,110,S,P,FG105,79,2018,11,18,0958,30,30,D,52.5950,-11.7470,52.6260,-11.7760,34D8,175,V,,1,2,R,4.0000,-9,,3969,540,26,,5.2000,1400,117.7,22.6,247,,998,330,4.3000,,,,,,123,15,,,,,,,,,,,,,,,,
HH,IE-IGFS,4,IE,45CE,GOV,110,S,P,89,64,2018,11,15,0736,30,30,D,53.2260,-11.2110,53.2070,-11.2560,35D8,150,V,,1,2,R,4.0000,-9,,3675,474,26,,5.2000,1400,117.6,22.5,247,,998,234,4.0000,,,,,,221,18,,,,,,,,,,,,,,,,
HH,IE-IGFS,4,IE,45CE,GOV,110,S,P,FG224,65,2018,11,15,1020,30,30,D,53.1620,-11.6420,53.1300,-11.6390,35D8,164,V,,1,2,R,3.9000,-9,,3566,513,26,,5.2000,1400,124.2,23.8,247,,998,176,3.8000,,,,,,192,18,,,,,,,,,,,,,,,,
HH,IE-IGFS,4,IE,45CE,GOV,110,S,P,51,156,2013,11,24,1639,30,30,D,53.0380,-10.9250,53.0610,-10.8860,35D9,125,V,,1,2,R,4.5000,-9,,3659,450,26,,5.2000,1400,110.9,20.3,247,,998,45,3.9000,,,,,,134,5,,,,,,,,,,,,,,,,
HH,IE-IGFS,4,IE,45CE,GOV,110,S,P,FG120,157,2013,11,25,0748,30,27,D,52.9880,-11.2390,53.0170,-11.2350,34D8,130,V,,1,2,R,4.6000,-9,,3238,453,26,,5.2000,1400,109.2,20.0,247,,998,4,3.9000,,,,,,171,1,,,,,,,,,,,,,,,,
HH,IE-IGFS,4,IE,45CE,GOV,110,S,P,89,158,2013,11,25,1014,30,31,D,53.1920,-11.2930,53.2120,-11.2470,35D8,140,V,,1,2,R,4.6000,-9,,3795,485,26,,5.2000,1400,112.2,20.5,247,,998,54,4.0000,,,,,,196,5,,,,,,,,,,,,,,,,
HH,IE-IGFS,4,IE,45CE,GOV,110,S,P,MB13,159,2013,11,25,1210,30,30,D,53.2600,-10.9860,53.2990,-10.9640,35D9,131,V,,1,2,R,4.6000,-9,,4581,462,26,,5.2000,1400,112.2,20.5,247,,998,18,4.9000,,,,,,273,6,,,,,,,,,,,,,,,,
HH,IE-IGFS,4,IE,45CE,GOV,110,S,P,MB28,160,2013,11,25,1342,30,30,D,53.3950,-10.8850,53.4250,-10.8600,35D9,129,V,,1,2,R,4.6000,-9,,3729,462,26,,5.2000,1400,110.9,20.4,247,,998,26,4.0000,,,,,,271,6,,,,,,,,,,,,,,,,
HH,IE-IGFS,4,IE,45CE,GOV,110,S,P,95,161,2013,11,25,1622,30,30,D,53.7110,-10.8780,53.7420,-10.8640,36D9,143,V,,1,2,R,4.3000,-9,,3571,490,26,,5.2000,1400,112.7,20.6,247,,998,14,3.9000,,,,,,254,6,,,,,,,,,,,,,,,,
HH,IE-IGFS,4,IE,45CE,GOV,110,S,P,SC552,171,2013,11,28,0906,31,15,D,54.4830,-9.5140,54.4830,-9.4850,37E0,84,V,,1,2,R,4.7000,-9,,1879,328,26,,5.2000,1400,101.8,,247,,998,89,4.1000,,,,,,248,9,,,,,,,,,,,,,,,,
HH,IE-IGFS,4,IE,45CE,GOV,110,S,P,FG80,176,2013,11,29,1008,31,31,D,53.7140,-10.3460,53.6900,-10.3870,36D9,84,V,,1,2,R,4.6000,-9,,3803,336,26,,5.2000,1400,105.1,20.1,247,,998,225,4.0000,,,,,,308,16,,,,,,,,,,,,,,,,
HH,IE-IGFS,4,IE,45CE,GOV,110,S,P,FG75,177,2013,11,29,1311,31,31,D,53.3110,-10.2740,53.2890,-10.2310,35D9,115,V,,1,2,R,4.4000,-9,,3770,424,26,,5.2000,1400,113.0,20.9,247,,998,130,3.9000,,,,,,331,20,,,,,,,,,,,,,,,,
HH,IE-IGFS,4,IE,45CE,GOV,110,S,P,56,178,2013,11,29,1523,31,30,D,53.1070,-10.1980,53.0740,-10.1870,35D9,102,V,,1,2,R,4.5000,-9,,3745,390,26,,5.2000,1400,110.7,20.4,247,,998,168,4.0000,,,,,,325,19,,,,,,,,,,,,,,,,
HH,IE-IGFS,4,IE,45CE,GOV,110,S,P,FG218,173,2013,11,28,1305,31,30,D,54.4860,-9.8310,54.4870,-9.8880,37E0,96,V,,1,2,R,4.7000,-9,,3695,378,26,,5.2000,1400,109.4,20.3,247,,998,271,4.0000,,,,,,236,12,,,,,,,,,,,,,,,,
HH,IE-IGFS,4,IE,45CE,GOV,110,S,P,FG140,130,2019,11,30,1024,21,30,D,51.0310,-8.0800,51.0190,-8.1270,31E1,100,V,-9,1,2,R,4.4000,-9,-9,3557,366,26,-9,5.2000,1400,113.5,23.3,247,-9.0000,998,247,3.8000,-9.0000,-9,-9.0000,-9,-9.0000,102,32,-9,-9.0000,-9.0,-9.0,-9.00,-9.00,-9,-9,20,-9,-9,-9,-9,-9,-9,-9
HH,IE-IGFS,4,IE,45CE,GOV,110,S,P,FG66,142,2019,12,2,1602,29,30,D,51.0550,-10.2340,51.0220,-10.2340,31D9,134,V,-9,1,2,R,4.0000,-9,-9,3671,450,26,-9,5.2000,1400,115.6,22.2,247,-9.0000,998,180,4.0000,-9.0000,-9,-9.0000,-9,-9.0000,202,10,-9,-9.0000,-9.0,-9.0,-9.00,-9.00,-9,-9,20,-9,-9,-9,-9,-9,-9,-9
HH,IE-IGFS,4,IE,45CE,GOV,110,S,P,FG36,129,2019,11,30,0739,21,30,D,51.0550,-7.5210,51.0350,-7.5640,31E2,97,V,-9,1,2,R,4.0000,-9,-9,3747,366,26,-9,5.2000,1400,112.5,22.2,247,-9.0000,998,233,4.0000,-9.0000,-9,-9.0000,-9,-9.0000,104,24,-9,-9.0000,-9.0,-9.0,-9.00,-9.00,-9,-9,20,-9,-9,-9,-9,-9,-9,-9
HH,IE-IGFS,4,IE,45CE,GOV,110,S,P,FG91,78,2017,11,12,1509,16,26,D,54.2140,-10.9990,54.2410,-11.0000,37D9,282,V,,1,2,R,4.1000,-9,,3006,800,26,,5.2000,1400,132.9,24.8,247,,998,358,3.7000,,,,,,349,17,,,,,,,,,,,,,,,,
HH,IE-IGFS,4,IE,45CE,GOV,110,S,P,PO113,84,2017,11,14,0722,16,32,D,53.9510,-11.9340,53.9500,-11.8750,36D8,376,V,,1,2,R,3.8000,-9,,3875,1059,26,,5.2000,1400,137.1,25.4,247,,998,91,3.9000,,,,,,355,10,,,,,,,,,,,,,,,,
HH,IE-IGFS,4,IE,45CE,GOV,110,I2,P,FG118,16,2019,11,3,0942,36,31,D,56.1410,-8.8220,56.1560,-8.7670,41E1,129,V,-9,1,2,R,4.1000,-9,-9,3804,427,26,-9,5.2000,1400,-9.0,23.3,247,-9.0000,2212,63,4.0000,-9.0000,-9,-9.0000,-9,-9.0000,88,8,-9,-9.0000,-9.0,-9.0,-9.00,-9.00,-9,-9,20,-9,-9,-9,-9,-9,-9,-9
HH,IE-IGFS,4,IE,45CE,GOV,55,I2,P,FG117,20,2019,11,4,0707,33,32,D,56.1850,-6.7190,56.1860,-6.7860,41E3,64,V,-9,1,2,R,4.4000,-9,-9,4161,259,26,-9,5.2000,1400,78.4,21.2,247,-9.0000,2212,271,4.2000,-9.0000,-9,-9.0000,-9,-9.0000,45,17,-9,-9.0000,-9.0,-9.0,-9.00,-9.00,-9,-9,20,-9,-9,-9,-9,-9,-9,-9
HH,IE-IGFS,4,IE,45CE,GOV,110,I2,P,GD19,17,2019,11,3,1212,36,23,D,56.1980,-8.2840,56.2000,-8.2430,41E1,151,V,-9,1,2,R,4.1000,-9,-9,2554,474,26,-9,5.2000,1400,108.4,21.8,247,-9.0000,2212,84,3.6000,-9.0000,-9,-9.0000,-9,-9.0000,84,15,-9,-9.0000,-9.0,-9.0,-9.00,-9.00,-9,-9,20,-9,-9,-9,-9,-9,-9,-9
HH,IE-IGFS,4,IE,45CE,GOV,55,I2,P,GD4,32,2019,11,6,1215,33,32,D,55.8000,-7.1160,55.7710,-7.1530,40E2,57,V,-9,1,2,R,4.6000,-9,-9,3976,246,26,-9,5.2000,1400,75.6,20.8,247,-9.0000,2212,215,4.0000,-9.0000,-9,-9.0000,-9,-9.0000,122,7,-9,-9.0000,-9.0,-9.0,-9.00,-9.00,-9,-9,20,-9,-9,-9,-9,-9,-9,-9
HH,IE-IGFS,4,IE,45CE,GOV,110,I2,P,MMMA3,38,2019,11,7,1305,36,31,D,55.8250,-8.3190,55.8160,-8.3780,40E1,148,V,-9,1,2,R,4.2000,-9,-9,3831,485,26,-9,5.2000,1400,114.4,22.9,247,-9.0000,2212,254,4.0000,-9.0000,-9,-9.0000,-9,-9.0000,58,20,-9,-9.0000,-9.0,-9.0,-9.00,-9.00,-9,-9,20,-9,-9,-9,-9,-9,-9,-9
HH,IE-IGFS,4,IE,45CE,GOV,110,I2,P,FG95,36,2019,11,7,0902,36,22,D,55.8640,-7.9170,55.8660,-7.9590,40E2,150,V,-9,1,2,R,4.2000,-9,-9,2639,485,26,-9,5.2000,1400,114.2,23.0,247,-9.0000,2212,274,3.9000,-9.0000,-9,-9.0000,-9,-9.0000,48,12,-9,-9.0000,-9.0,-9.0,-9.00,-9.00,-9,-9,20,-9,-9,-9,-9,-9,-9,-9
HH,IE-IGFS,4,IE,45CE,GOV,55,I2,P,SC573,30,2019,11,6,0706,33,34,D,55.8910,-6.6820,55.9270,-6.6720,40E3,58,V,-9,1,2,R,4.6000,-9,-9,4056,259,26,-9,5.2000,1400,78.2,21.2,247,-9.0000,2212,8,3.9000,-9.0000,-9,-9.0000,-9,-9.0000,120,6,-9,-9.0000,-9.0,-9.0,-9.00,-9.00,-9,-9,20,-9,-9,-9,-9,-9,-9,-9
HH,IE-IGFS,4,IE,45CE,GOV,110,I2,P,28A,35,2019,11,7,0708,36,32,D,55.9680,-7.6530,55.9350,-7.6530,40E2,150,V,-9,1,2,R,4.3000,-9,-9,3674,485,26,-9,5.2000,1400,110.7,22.4,247,-9.0000,2212,180,3.7000,-9.0000,-9,-9.0000,-9,-9.0000,65,15,-9,-9.0000,-9.0,-9.0,-9.00,-9.00,-9,-9,20,-9,-9,-9,-9,-9,-9,-9
HH,IE-IGFS,4,IE,45CE,GOV,110,I2,P,FG112,15,2019,11,3,0718,15,33,D,55.9890,-9.2240,56.0220,-9.2090,40E0,250,V,-9,1,2,R,3.9000,-9,-9,3791,745,26,-9,5.2000,1400,123.6,24.2,247,-9.0000,2212,14,3.7000,-9.0000,-9,-9.0000,-9,-9.0000,227,4,-9,-9.0000,-9.0,-9.0,-9.00,-9.00,-9,-9,20,-9,-9,-9,-9,-9,-9,-9
HH,IE-IGFS,4,IE,45CE,GOV,55,I2,P,MB7,34,2019,11,6,1641,33,31,D,55.5400,-7.7430,55.5100,-7.7680,40E2,67,V,-9,1,2,R,4.3000,-9,-9,3694,293,26,-9,5.2000,1400,82.1,-9.0,247,-9.0000,2212,205,3.9000,-9.0000,-9,-9.0000,-9,-9.0000,104,10,-9,-9.0000,-9.0,-9.0,-9.00,-9.00,-9,-9,20,-9,-9,-9,-9,-9,-9,-9
HH,IE-IGFS,4,IE,45CE,GOV,110,I2,P,MAR5,25,2019,11,5,0711,34,30,D,55.5840,-6.6930,55.5690,-6.7370,40E3,117,V,-9,1,2,R,4.0000,-9,-9,3238,427,26,-9,5.2000,1400,110.9,22.9,247,-9.0000,2212,238,3.5000,-9.0000,-9,-9.0000,-9,-9.0000,23,10,-9,-9.0000,-9.0,-9.0,-9.00,-9.00,-9,-9,20,-9,-9,-9,-9,-9,-9,-9
HH,IE-IGFS,4,IE,45CE,GOV,110,I2,P,8,39,2019,11,7,1517,34,31,D,55.6430,-8.2720,55.6240,-8.3220,40E1,94,V,-9,1,2,R,4.2000,-9,-9,3793,336,26,-9,5.2000,1400,108.4,23.2,247,-9.0000,2212,236,4.0000,-9.0000,-9,-9.0000,-9,-9.0000,56,19,-9,-9.0000,-9.0,-9.0,-9.00,-9.00,-9,-9,20,-9,-9,-9,-9,-9,-9,-9
HH,IE-IGFS,4,IE,45CE,GOV,55,I2,P,FG114,33,2019,11,6,1433,33,31,D,55.6510,-7.5230,55.6510,-7.5830,40E2,67,V,-9,1,2,R,4.4000,-9,-9,3777,273,26,-9,5.2000,1400,81.8,-9.0,247,-9.0000,2212,270,3.9000,-9.0000,-9,-9.0000,-9,-9.0000,190,4,-9,-9.0000,-9.0,-9.0,-9.00,-9.00,-9,-9,20,-9,-9,-9,-9,-9,-9,-9
HH,IE-IGFS,4,IE,45CE,GOV,110,S,P,PO12,85,2017,11,14,0949,16,31,D,53.7690,-11.6710,53.7450,-11.6770,36D8,295,V,,1,2,R,3.9000,-9,,2700,868,26,,5.2000,1400,133.8,24.7,247,,998,188,2.8000,,,,,,2,5,,,,,,,,,,,,,,,,
HH,IE-IGFS,4,IE,45CE,GOV,110,S,P,PO16,86,2017,11,14,1142,16,31,D,53.6310,-11.8660,53.6040,-11.9020,36D8,296,V,,1,2,R,3.8000,-9,,3834,868,26,,5.2000,1400,134.4,24.8,247,,998,218,4.0000,,,,,,331,5,,,,,,,,,,,,,,,,
HH,IE-IGFS,4,IE,45CE,GOV,110,S,P,PO24,87,2017,11,14,1356,16,32,D,53.5600,-11.5870,53.5810,-11.5430,36D8,221,V,,1,2,R,4.0000,-9,,3736,677,26,,5.2000,1400,126.4,23.7,247,,998,51,3.8000,,,,,,324,7,,,,,,,,,,,,,,,,
HH,IE-IGFS,4,IE,45CE,GOV,110,S,P,PO14,88,2017,11,14,1548,16,32,D,53.6900,-11.3960,53.7010,-11.3420,36D8,224,V,,1,2,R,4.0000,-9,,3771,677,26,,5.2000,1400,126.7,23.8,247,,998,70,3.8000,,,,,,317,3,,,,,,,,,,,,,,,,
HH,IE-IGFS,4,IE,45CE,GOV,55,S,P,FG25,146,2017,11,30,1025,26,30,D,52.0160,-6.2090,52.0030,-6.2580,33E3,81,V,,1,2,R,4.5000,-9,,3662,324,26,,5.2000,1400,90.1,23.0,247,,998,246,3.9000,,,,,,332,19,,,,,,,,,,,,,,,,
HH,IE-IGFS,4,IE,45CE,GOV,55,S,P,33A,147,2017,11,30,1312,26,30,D,51.9760,-6.7380,52.0060,-6.7580,32E3,59,V,,1,2,R,4.3000,-9,,3609,273,26,,5.2000,1400,82.7,21.1,247,,998,337,3.9000,,,,,,336,17,,,,,,,,,,,,,,,,
HH,IE-IGFS,4,IE,45CE,GOV,55,S,P,42A,148,2017,11,30,1623,26,30,D,52.0210,-7.3760,52.0500,-7.4020,33E2,51,V,,1,2,R,4.4000,-9,,3687,233,26,,5.2000,1400,81.5,20.8,247,,998,331,4.0000,,,,,,8,20,,,,,,,,,,,,,,,,
HH,IE-IGFS,4,IE,45CE,GOV,55,S,P,FG176,177,2017,12,7,1145,26,30,D,51.4810,-7.5520,51.4900,-7.5050,31E2,82,V,,1,2,R,4.0000,-9,,3414,324,26,,5.2000,1400,90.6,22.6,247,,998,72,3.7000,,,,,,301,21,,,,,,,,,,,,,,,,
HH,IE-IGFS,4,IE,45CE,GOV,55,S,P,FG201,178,2017,12,7,1336,26,30,D,51.4990,-7.2360,51.5010,-7.1860,31E2,79,V,,1,2,R,4.0000,-9,,3479,311,26,,5.2000,1400,88.9,22.5,247,,998,86,3.8000,,,,,,307,26,,,,,,,,,,,,,,,,
HH,IE-IGFS,4,IE,45CE,GOV,55,S,P,FG208,179,2017,12,7,1524,26,30,D,51.6000,-7.0320,51.6230,-6.9950,32E2,75,V,,1,2,R,3.9000,-9,,3621,298,26,,5.2000,1400,86.6,21.8,247,,998,44,3.9000,,,,,,300,31,,,,,,,,,,,,,,,,
HH,IE-IGFS,4,IE,45CE,GOV,55,S,P,53A,180,2017,12,8,0735,26,30,D,51.6120,-8.2520,51.6450,-8.2570,32E1,80,V,,1,2,R,4.4000,-9,,3687,286,26,,5.2000,1400,87.4,22.4,247,,998,354,4.0000,,,,,,317,23,,,,,,,,,,,,,,,,
HH,IE-IGFS,4,IE,45CE,GOV,55,S,P,MB32,141,2017,11,29,0740,26,30,D,51.4610,-5.4900,51.4810,-5.5310,31E4,69,V,,1,2,R,4.1000,-9,,3614,286,26,,5.2000,1400,87.4,22.1,247,,998,308,3.9000,,,,,,4,23,,,,,,,,,,,,,,,,
HH,IE-IGFS,4,IE,45CE,GOV,55,S,P,110,150,2017,12,1,1140,26,30,D,51.5650,-6.4500,51.5930,-6.4780,32E3,77,V,,1,2,R,4.1000,-9,,3670,298,26,,5.2000,1400,85.9,21.7,247,,998,328,4.0000,,,,,,11,19,,,,,,,,,,,,,,,,
HH,IE-IGFS,4,IE,45CE,GOV,55,S,P,FG38,151,2017,12,1,1333,26,30,D,51.7070,-6.4670,51.7350,-6.4940,32E3,75,V,,1,2,R,4.2000,-9,,3631,298,26,,5.2000,1400,86.4,21.8,247,,998,329,3.9000,,,,,,3,18,,,,,,,,,,,,,,,,
HH,IE-IGFS,4,IE,45CE,GOV,55,S,P,E11,152,2017,12,1,1532,26,30,D,51.7860,-6.7140,51.8130,-6.7460,32E3,74,V,,1,2,R,4.1000,-9,,3727,298,26,,5.2000,1400,83.4,21.1,247,,998,323,4.0000,,,,,,1,18,,,,,,,,,,,,,,,,
HH,IE-IGFS,4,IE,45CE,GOV,110,S,P,FG133,169,2017,12,5,1444,21,30,D,50.5360,-8.0180,50.5200,-8.0610,30E1,120,V,,1,2,R,4.1000,-9,,3530,415,26,,5.2000,1400,117.2,22.7,247,,998,239,3.8000,,,,,,219,12,,,,,,,,,,,,,,,,
HH,IE-IGFS,4,IE,45CE,GOV,110,S,P,FG187,171,2017,12,6,0739,21,30,D,51.3470,-6.8910,51.3190,-6.9180,31E3,111,V,,1,2,R,4.1000,-9,,3639,395,26,,5.2000,1400,118.6,23.2,247,,998,211,3.9000,,,,,,202,27,,,,,,,,,,,,,,,,
HH,IE-IGFS,4,IE,45CE,GOV,110,S,P,FG168,172,2017,12,6,0955,21,30,D,51.2980,-7.1870,51.2910,-7.2370,31E2,87,V,,1,2,R,4.2000,-9,,3573,336,26,,5.2000,1400,112.1,23.4,247,,998,257,3.9000,,,,,,197,28,,,,,,,,,,,,,,,,
HH,IE-IGFS,4,IE,45CE,GOV,110,S,P,MB14,68,2018,11,16,0734,30,30,D,52.7480,-10.9140,52.7750,-10.8770,34D9,130,V,,1,2,R,4.1000,-9,,3907,427,26,,5.2000,1400,115.9,22.6,247,,998,39,4.2000,,,,,,172,25,,,,,,,,,,,,,,,,
HH,IE-IGFS,4,IE,45CE,GOV,110,S,P,FG103,57,2018,11,13,1235,30,30,D,53.4480,-11.6400,53.4210,-11.6710,35D8,200,V,,1,2,R,4.0000,-9,,3643,622,26,,5.2000,1400,126.9,24.1,247,,998,214,3.9000,,,,,,187,29,,,,,,,,,,,,,,,,
HH,IE-IGFS,4,IE,45CE,GOV,110,S,P,MB12,60,2018,11,14,0739,30,30,D,53.0790,-10.9420,53.0920,-10.9890,35D9,134,V,,1,2,R,4.3000,-9,,3465,450,26,,5.2000,1400,116.6,22.9,247,,998,294,3.7000,,,,,,192,33,,,,,,,,,,,,,,,,
HH,IE-IGFS,4,IE,45CE,GOV,110,S,P,MB28,61,2018,11,14,1041,30,31,D,53.4060,-10.8760,53.4380,-10.8490,35D9,139,V,,1,2,R,4.3000,-9,,3988,462,26,,5.2000,1400,114.5,22.2,247,,998,26,4.2000,,,,,,178,27,,,,,,,,,,,,,,,,
HH,IE-IGFS,4,IE,45CE,GOV,110,S,P,FG80,62,2018,11,14,1357,31,30,D,53.6950,-10.3780,53.7180,-10.3400,36D9,95,V,,1,2,R,4.2000,-9,,3584,366,26,,5.2000,1400,113.2,22.9,247,,998,44,3.9000,,,,,,183,35,,,,,,,,,,,,,,,,
HH,IE-IGFS,4,IE,45CE,GOV,110,S,P,23A,44,2018,11,10,1012,31,30,D,54.4310,-10.1610,54.4610,-10.1890,37D9,113,V,,1,2,R,4.1000,-9,,3801,390,26,,5.2000,1400,110.9,22.4,247,,998,331,4.1000,,,,,,231,21,,,,,,,,,,,,,,,,
HH,IE-IGFS,4,IE,45CE,GOV,110,S,P,22,45,2018,11,10,1247,31,30,D,54.3010,-10.3150,54.2900,-10.3680,37D9,117,V,,1,2,R,4.1000,-9,,3661,402,26,,5.2000,1400,112.7,22.2,247,,998,250,3.9000,,,,,,231,18,,,,,,,,,,,,,,,,
HH,IE-IGFS,4,IE,45CE,GOV,110,S,P,FG122,69,2018,11,16,0955,31,30,D,52.6790,-10.6000,52.6810,-10.5420,34D9,119,V,,1,2,R,3.9000,-9,,3928,416,26,,5.2000,1400,116.9,22.6,247,,998,86,4.2000,,,,,,163,22,,,,,,,,,,,,,,,,
HH,IE-IGFS,4,IE,45CE,GOV,110,S,P,FG23,80,2013,11,4,1630,21,30,D,51.1580,-7.4460,51.1820,-7.4080,31E2,104,V,,1,2,R,4.1000,-9,,3767,378,26,,5.2000,1400,111.7,21.3,247,,998,44,4.1000,,,,,,204,8,,,,,,,,,,,,,,,,
HH,IE-IGFS,4,IE,45CE,GOV,110,S,P,FG35,60,2013,10,31,0711,21,30,D,50.8840,-7.7850,50.9090,-7.7490,30E2,103,V,,1,2,R,3.6000,-9,,3761,378,26,,5.2000,1400,112.4,20.6,247,,998,42,4.1000,,,,,,230,18,,,,,,,,,,,,,,,,
HH,IE-IGFS,4,IE,45CE,GOV,110,S,P,FG53,61,2013,10,31,0931,21,30,D,50.7270,-7.8380,50.7060,-7.8790,30E2,106,V,,1,2,R,3.7000,-9,,3720,378,26,,5.2000,1400,115.5,21.2,247,,998,231,4.0000,,,,,,233,16,,,,,,,,,,,,,,,,
HH,IE-IGFS,4,IE,45CE,GOV,110,S,P,FG133,62,2013,10,31,1139,21,30,D,50.5370,-8.0170,50.5200,-8.0610,30E1,117,V,,1,2,R,3.5000,-9,,3648,415,26,,5.2000,1400,119.3,21.7,247,,998,238,3.9000,,,,,,244,13,,,,,,,,,,,,,,,,
HH,IE-IGFS,4,IE,45CE,GOV,110,S,P,MB30,63,2013,10,31,1427,21,30,D,50.6490,-7.6170,50.6150,-7.6040,30E2,113,V,,1,2,R,3.6000,-9,,3892,390,26,,5.2000,1400,118.0,21.8,247,,998,166,4.2000,,,,,,243,17,,,,,,,,,,,,,,,,
HH,IE-IGFS,4,IE,45CE,GOV,110,S,P,CC307,64,2013,10,31,1625,21,30,D,50.6490,-7.3400,50.6460,-7.2880,30E2,109,V,,1,2,R,3.6000,-9,,3692,390,26,,5.2000,1400,117.2,21.7,247,,998,95,4.0000,,,,,,254,16,,,,,,,,,,,,,,,,
HH,IE-IGFS,4,IE,45CE,GOV,110,S,P,FG14,65,2013,11,1,0710,21,30,D,50.6440,-8.1980,50.6250,-8.2410,30E1,121,V,,1,2,R,3.9000,-9,,3704,415,26,,5.2000,1400,120.9,22.4,247,,998,235,4.0000,,,,,,222,13,,,,,,,,,,,,,,,,
HH,IE-IGFS,4,IE,45CE,GOV,110,S,P,FG14,66,2013,11,1,0918,21,30,D,50.7280,-8.4630,50.7040,-8.4990,30E1,110,V,,1,2,R,3.9000,-9,,3686,402,26,,5.2000,1400,118.3,21.7,247,,998,223,4.0000,,,,,,0,7,,,,,,,,,,,,,,,,
HH,IE-IGFS,4,IE,45CE,GOV,110,S,P,FG197,173,2017,12,6,1237,21,30,D,51.2480,-7.6070,51.2440,-7.6500,31E2,91,V,,1,2,R,4.4000,-9,,3035,336,26,,5.2000,1400,112.7,23.4,247,,998,261,3.3000,,,,,,192,32,,,,,,,,,,,,,,,,
HH,IE-IGFS,4,IE,45CE,GOV,110,S,P,53,70,2018,11,16,1230,31,30,D,52.8920,-10.4370,52.9200,-10.3940,34D9,114,V,,1,2,R,4.0000,-9,,4252,390,26,,5.2000,1400,113.0,22.1,247,,998,42,4.6000,,,,,,149,16,,,,,,,,,,,,,,,,
HH,IE-IGFS,4,IE,45CE,GOV,110,S,P,FG12,67,2013,11,1,1102,21,30,D,50.5830,-8.5990,50.5510,-8.6180,30E1,120,V,,1,2,R,3.5000,-9,,3805,415,26,,5.2000,1400,118.4,21.6,247,,998,200,4.1000,,,,,,6,3,,,,,,,,,,,,,,,,
HH,IE-IGFS,4,IE,45CE,GOV,110,S,P,CC306,68,2013,11,1,1311,21,30,D,50.6040,-8.8800,50.6290,-8.9150,30E1,121,V,,1,2,R,3.7000,-9,,3724,427,26,,5.2000,1400,116.5,21.0,247,,998,318,4.0000,,,,,,30,11,,,,,,,,,,,,,,,,
HH,IE-IGFS,4,IE,45CE,GOV,110,S,P,FG168,106,2013,11,12,0701,21,30,D,51.2990,-7.1780,51.2920,-7.2290,31E2,85,V,,1,2,R,4.9000,-9,,3641,325,26,,5.2000,1400,103.8,19.7,247,,998,257,3.9000,,,,,,319,15,,,,,,,,,,,,,,,,
HH,IE-IGFS,4,IE,45CE,GOV,110,S,P,FG197,107,2013,11,12,0919,21,30,D,51.2490,-7.5970,51.2440,-7.6480,31E2,96,V,,1,2,R,4.9000,-9,,3604,347,26,,5.2000,1400,104.7,19.4,247,,998,261,3.9000,,,,,,,,,,,,,,,,,,,,,,,
HH,IE-IGFS,4,IE,45CE,GOV,110,S,P,FG37A,108,2013,11,12,1127,21,30,D,51.3630,-7.8540,51.3910,-7.8270,31E2,93,V,,1,2,R,4.9000,-9,,3638,348,26,,5.2000,1400,105.0,19.8,247,,998,31,3.9000,,,,,,317,16,,,,,,,,,,,,,,,,
HH,IE-IGFS,4,IE,45CE,GOV,110,S,P,FG17A,109,2013,11,12,1348,21,30,D,51.5070,-8.0910,51.4880,-8.1330,32E1,86,V,,1,2,R,5.0000,-9,,3602,324,26,,5.2000,1400,101.8,19.0,247,,998,234,3.9000,,,,,,305,8,,,,,,,,,,,,,,,,
HH,IE-IGFS,4,IE,45CE,GOV,110,S,P,FG52,110,2013,11,12,1613,21,30,D,51.2510,-8.0500,51.2310,-8.0920,31E1,99,V,,1,2,R,5.0000,-9,,3681,358,26,,5.2000,1400,106.4,20.0,247,,998,232,4.0000,,,,,,307,8,,,,,,,,,,,,,,,,
HH,IE-IGFS,4,IE,45CE,GOV,110,S,P,FG16,111,2013,11,13,0659,21,30,D,51.1070,-8.2220,51.0910,-8.2650,31E1,105,V,,1,2,R,4.9000,-9,,3498,345,26,,5.2000,1400,108.8,20.2,247,,998,239,3.8000,,,,,,352,21,,,,,,,,,,,,,,,,
HH,IE-IGFS,4,IE,45CE,GOV,110,S,P,FG181,112,2013,11,13,0916,21,30,D,51.0940,-8.6010,51.0730,-8.6430,31E1,105,V,,1,2,R,4.7000,-9,,3757,388,26,,5.2000,1400,107.2,19.7,247,,998,231,4.1000,,,,,,226,21,,,,,,,,,,,,,,,,
HH,IE-IGFS,4,IE,45CE,GOV,110,S,P,FG180,113,2013,11,13,1157,21,30,D,51.1720,-8.9220,51.1830,-8.8720,31E1,112,V,,1,2,R,4.8000,-9,,3704,399,26,,5.2000,1400,110.3,20.4,247,,998,70,4.0000,,,,,,215,19,,,,,,,,,,,,,,,,
HH,IE-IGFS,4,IE,45CE,GOV,110,S,P,FG185,114,2013,11,13,1436,21,30,D,51.2910,-8.4850,51.3080,-8.5300,31E1,97,V,,1,2,R,4.8000,-9,,3664,364,26,,5.2000,1400,107.3,19.7,247,,998,301,4.0000,,,,,,232,31,,,,,,,,,,,,,,,,
HH,IE-IGFS,4,IE,45CE,GOV,110,S,P,FG183,115,2013,11,13,1637,21,30,D,51.4420,-8.5620,51.4570,-8.5150,31E1,93,V,,1,2,R,4.8000,-9,,3668,335,26,,5.2000,1400,101.0,19.0,247,,998,62,4.0000,,,,,,246,22,,,,,,,,,,,,,,,,
HH,IE-IGFS,4,IE,45CE,GOV,55,S,P,FG56,117,2013,11,14,1337,27,30,D,51.4280,-9.3470,51.4170,-9.3970,31E0,63,V,,1,2,R,4.8000,-9,,3686,269,26,,5.2000,1400,78.3,19.3,247,,998,250,4.0000,,,,,,315,11,,,,,,,,,,,,,,,,
HH,IE-IGFS,4,IE,45CE,GOV,55,S,P,FG2,140,2013,11,19,1005,27,30,D,51.6790,-10.2530,51.6900,-10.2030,32D9,77,V,,1,2,R,4.8000,-9,,3668,311,26,,5.2000,1400,83.3,20.4,247,,998,70,4.0000,,,,,,349,19,,,,,,,,,,,,,,,,
HH,IE-IGFS,4,IE,45CE,GOV,55,S,P,FG205,55,2013,10,30,0716,27,30,D,51.6270,-9.6990,51.6110,-9.7450,32E0,45,V,,1,2,R,4.0000,-9,,3649,206,26,,5.2000,1400,75.8,19.0,247,,998,240,3.9000,,,,,,189,23,,,,,,,,,,,,,,,,
HH,IE-IGFS,4,IE,45CE,GOV,55,S,P,FG33,56,2013,10,30,0949,27,30,D,51.5150,-10.0310,51.4950,-10.0700,32D9,66,V,,1,2,R,4.0000,-9,,3504,286,26,,5.2000,1400,84.6,20.9,247,,998,230,3.8000,,,,,,197,34,,,,,,,,,,,,,,,,
HH,IE-IGFS,4,IE,45CE,GOV,110,S,P,FG132,69,2013,11,1,1507,29,30,D,50.5210,-9.0850,50.5190,-9.1390,30E0,120,V,,1,2,R,3.6000,-9,,3836,415,26,,5.2000,1400,118.7,21.4,247,,998,266,4.1000,,,,,,34,17,,,,,,,,,,,,,,,,
HH,IE-IGFS,4,IE,45CE,GOV,110,S,P,CC431,70,2013,11,1,1706,29,30,D,50.4510,-9.3570,50.4840,-9.3570,29E0,132,V,,1,2,R,3.7000,-9,,3670,438,26,,5.2000,1400,117.7,21.4,247,,998,360,4.0000,,,,,,356,13,,,,,,,,,,,,,,,,
HH,IE-IGFS,4,IE,45CE,GOV,110,S,P,FG129,58,2013,10,30,1459,29,30,D,51.1410,-10.5390,51.1070,-10.5200,31D9,161,V,,1,2,R,3.5000,-9,,4009,499,26,,5.2000,1400,125.1,22.4,247,,998,160,4.3000,,,,,,283,13,,,,,,,,,,,,,,,,
HH,IE-IGFS,4,IE,45CE,GOV,110,S,P,22,174,2013,11,28,1558,31,21,D,54.3020,-10.3130,54.2940,-10.3480,37D9,108,V,,1,2,R,4.6000,-9,,2446,400,26,,5.2000,1400,105.4,19.7,247,,998,248,3.8000,,,,,,263,6,,,,,,,,,,,,,,,,
HH,IE-IGFS,4,IE,45CE,GOV,110,S,P,MB17,53,2013,10,29,1453,31,30,D,52.5860,-10.0670,52.5760,-10.1210,34D9,82,V,,1,2,R,3.9000,-9,,3825,324,26,,5.2000,1400,106.1,20.0,247,,998,253,4.1000,,,,,,305,13,,,,,,,,,,,,,,,,
HH,IE-IGFS,4,IE,45CE,GOV,110,S,P,70,54,2013,10,29,1645,31,30,D,52.5540,-10.3140,52.5240,-10.3380,34D9,94,V,,1,2,R,4.0000,-9,,3714,366,26,,5.2000,1400,109.9,20.6,247,,998,205,4.0000,,,,,,270,13,,,,,,,,,,,,,,,,
HH,IE-IGFS,4,IE,45CE,GOV,110,S,P,FG99,168,2013,11,27,1046,16,30,D,53.9550,-11.4770,53.9540,-11.5320,36D8,294,V,,1,2,R,4.1000,-9,,3612,907,26,,5.2000,1400,128.6,22.9,247,,998,268,3.9000,,,,,,252,12,,,,,,,,,,,,,,,,
HH,IE-IGFS,4,IE,45CE,GOV,110,S,P,FG87,169,2013,11,27,1317,16,30,D,54.1370,-11.2820,54.1550,-11.2360,37D8,303,V,,1,2,R,4.3000,-9,,3612,920,26,,5.2000,1400,127.8,22.9,247,,998,56,3.9000,,,,,,254,11,,,,,,,,,,,,,,,,
HH,IE-IGFS,4,IE,45CE,GOV,110,S,P,FG91,170,2013,11,27,1551,16,30,D,54.2000,-10.9980,54.2320,-10.9990,37D9,265,V,,1,2,R,4.3000,-9,,3562,774,26,,5.2000,1400,127.0,22.7,247,,998,358,3.8000,,,,,,276,13,,,,,,,,,,,,,,,,
HH,IE-IGFS,4,IE,45CE,GOV,110,S,P,PO238,148,2013,11,23,0740,16,30,D,52.7020,-12.2950,52.7350,-12.3040,34D7,364,V,,1,2,R,4.1000,-9,,3722,1110,26,,5.2000,1400,131.2,22.9,247,,998,350,4.0000,,,,,,62,11,,,,,,,,,,,,,,,,
HH,IE-IGFS,4,IE,45CE,GOV,110,S,P,PO34,149,2013,11,23,1018,16,30,D,52.9450,-12.0800,52.9780,-12.0800,34D7,220,V,,1,2,R,4.3000,-9,,3672,745,26,,5.2000,1400,123.1,21.9,247,,998,360,4.0000,,,,,,64,7,,,,,,,,,,,,,,,,
HH,IE-IGFS,4,IE,45CE,GOV,110,S,P,FG104,150,2013,11,23,1301,16,20,D,53.2450,-11.9280,53.2650,-11.9120,35D8,210,V,,1,2,R,4.2000,-9,,2468,650,26,,5.2000,1400,122.5,21.7,247,,998,25,4.0000,,,,,,35,7,,,,,,,,,,,,,,,,
HH,IE-IGFS,4,IE,45CE,GOV,110,S,P,PO174,151,2013,11,23,1528,16,30,D,53.2900,-12.2610,53.3210,-12.2360,35D7,314,V,,1,2,R,4.1000,-9,,3831,945,26,,5.2000,1400,128.4,22.8,247,,998,25,4.1000,,,,,,27,7,,,,,,,,,,,,,,,,
HH,IE-IGFS,4,IE,45CE,GOV,110,S,P,PO14,162,2013,11,26,0813,16,31,D,53.6990,-11.3500,53.6890,-11.4020,36D8,207,V,,1,2,R,4.0000,-9,,3610,631,26,,5.2000,1400,121.0,21.8,247,,998,252,3.8000,,,,,,239,16,,,,,,,,,,,,,,,,
HH,IE-IGFS,4,IE,45CE,GOV,110,S,P,PO24,163,2013,11,26,0957,16,30,D,53.5870,-11.5330,53.5660,-11.5750,36D8,210,V,,1,2,R,4.0000,-9,,3633,661,26,,5.2000,1400,120.0,22.0,247,,998,229,3.9000,,,,,,257,10,,,,,,,,,,,,,,,,
HH,IE-IGFS,4,IE,45CE,GOV,110,S,P,PO22,164,2013,11,26,1201,16,31,D,53.5890,-11.7850,53.5820,-11.8390,36D8,260,V,,1,2,R,4.1000,-9,,3660,770,26,,5.2000,1400,129.0,22.6,247,,998,257,3.8000,,,,,,245,16,,,,,,,,,,,,,,,,
HH,IE-IGFS,4,IE,45CE,GOV,110,S,P,PO138,165,2013,11,26,1426,16,30,D,53.7910,-11.9280,53.8190,-11.8990,36D8,322,V,,1,2,R,4.3000,-9,,3655,965,26,,5.2000,1400,129.2,23.0,247,,998,31,3.9000,,,,,,244,16,,,,,,,,,,,,,,,,
HH,IE-IGFS,4,IE,45CE,GOV,110,S,P,PO113,166,2013,11,26,1627,16,30,D,53.9500,-11.8690,53.9510,-11.9230,36D8,359,V,,1,2,R,4.1000,-9,,3547,1041,26,,5.2000,1400,131.5,23.2,247,,998,271,3.8000,,,,,,250,17,,,,,,,,,,,,,,,,
HH,IE-IGFS,4,IE,45CE,GOV,55,S,P,53A,96,2013,11,9,1615,26,30,D,51.6410,-8.2560,51.6100,-8.2540,32E1,59,V,,1,2,R,4.2000,-9,,3451,284,26,,5.2000,1400,87.1,20.9,247,,998,177,3.7000,,,,,,261,9,,,,,,,,,,,,,,,,
HH,IE-IGFS,4,IE,45CE,GOV,55,S,P,42A,97,2013,11,10,0700,26,30,D,52.0300,-7.4200,52.0330,-7.3670,33E2,46,V,,1,2,R,4.2000,-9,,3652,233,26,,5.2000,1400,78.6,19.0,247,,998,84,3.9000,,,,,,305,9,,,,,,,,,,,,,,,,
HH,IE-IGFS,4,IE,45CE,GOV,55,S,P,FG138,98,2013,11,10,0849,26,30,D,51.9270,-7.3920,51.9020,-7.4250,32E2,60,V,,1,2,R,4.0000,-9,,3590,259,26,,5.2000,1400,80.7,19.3,247,,998,219,3.9000,,,,,,310,4,,,,,,,,,,,,,,,,
HH,IE-IGFS,4,IE,45CE,GOV,55,S,P,FG46,99,2013,11,10,1108,26,30,D,51.8030,-7.0850,51.8350,-7.0650,32E2,77,V,,1,2,R,3.8000,-9,,3818,297,26,,5.2000,1400,81.7,19.2,247,,998,21,4.1000,,,,,,170,2,,,,,,,,,,,,,,,,
HH,IE-IGFS,4,IE,45CE,GOV,55,S,P,SJM1,100,2013,11,10,1338,26,30,D,52.0010,-6.8080,51.9760,-6.7750,33E3,57,V,,1,2,R,4.2000,-9,,3588,245,26,,5.2000,1400,74.4,17.8,247,,998,140,3.9000,,,,,,197,11,,,,,,,,,,,,,,,,
HH,IE-IGFS,4,IE,45CE,GOV,110,S,P,62A,90,2019,11,21,1302,21,30,D,50.7090,-8.4900,50.7340,-8.4520,30E1,112,V,-9,1,2,R,3.9000,-9,-9,3864,415,26,-9,5.2000,1400,119.6,23.2,247,-9.0000,998,43,4.2000,-9.0000,-9,-9.0000,-9,-9.0000,160,8,-9,-9.0000,-9.0,-9.0,-9.00,-9.00,-9,-9,20,-9,-9,-9,-9,-9,-9,-9
HH,IE-IGFS,4,IE,45CE,GOV,110,S,P,FG53,94,2019,11,22,1127,21,30,D,50.7210,-7.8440,50.7050,-7.8840,30E2,108,V,-9,1,2,R,4.1000,-9,-9,3339,402,26,-9,5.2000,1400,116.9,22.8,247,-9.0000,998,237,3.6000,-9.0000,-9,-9.0000,-9,-9.0000,95,4,-9,-9.0000,-9.0,-9.0,-9.00,-9.00,-9,-9,20,-9,-9,-9,-9,-9,-9,-9
HH,IE-IGFS,4,IE,45CE,GOV,110,S,P,84,135,2019,12,1,1115,29,30,D,50.7510,-9.8990,50.7450,-9.9510,30E0,120,V,-9,1,2,R,4.3000,-9,-9,3730,415,26,-9,5.2000,1400,116.0,23.0,247,-9.0000,998,259,4.0000,-9.0000,-9,-9.0000,-9,-9.0000,20,16,-9,-9.0000,-9.0,-9.0,-9.00,-9.00,-9,-9,20,-9,-9,-9,-9,-9,-9,-9
HH,IE-IGFS,4,IE,45CE,GOV,110,S,P,FG13,95,2019,11,22,1343,21,30,D,50.7570,-8.2000,50.7390,-8.2430,30E1,111,V,-9,1,2,R,4.1000,-9,-9,3635,402,26,-9,5.2000,1400,116.4,22.8,247,-9.0000,998,236,3.9000,-9.0000,-9,-9.0000,-9,-9.0000,5,6,-9,-9.0000,-9.0,-9.0,-9.00,-9.00,-9,-9,20,-9,-9,-9,-9,-9,-9,-9
HH,IE-IGFS,4,IE,45CE,GOV,110,S,P,FG130,136,2019,12,1,1329,29,30,D,50.7780,-10.2760,50.7460,-10.2810,30D9,138,V,-9,1,2,R,4.1000,-9,-9,3577,462,26,-9,5.2000,1400,117.7,22.9,247,-9.0000,998,185,3.9000,-9.0000,-9,-9.0000,-9,-9.0000,42,13,-9,-9.0000,-9.0,-9.0,-9.00,-9.00,-9,-9,20,-9,-9,-9,-9,-9,-9,-9
HH,IE-IGFS,4,IE,45CE,GOV,110,S,P,FG132,87,2019,11,21,0723,29,30,D,50.5180,-9.1540,50.5210,-9.1020,30E0,122,V,-9,1,2,R,4.2000,-9,-9,3702,438,26,-9,5.2000,1400,119.4,23.6,247,-9.0000,998,84,4.0000,-9.0000,-9,-9.0000,-9,-9.0000,175,16,-9,-9.0000,-9.0,-9.0,-9.00,-9.00,-9,-9,20,-9,-9,-9,-9,-9,-9,-9
HH,IE-IGFS,4,IE,45CE,GOV,110,S,P,FG160,137,2019,12,1,1553,29,30,D,50.5440,-10.4630,50.5430,-10.4110,30D9,163,V,-9,1,2,R,4.1000,-9,-9,3687,513,26,-9,5.2000,1400,119.9,23.3,247,-9.0000,998,91,4.0000,-9.0000,-9,-9.0000,-9,-9.0000,34,24,-9,-9.0000,-9.0,-9.0,-9.00,-9.00,-9,-9,20,-9,-9,-9,-9,-9,-9,-9
HH,IE-IGFS,4,IE,45CE,GOV,110,S,P,FG12,89,2019,11,21,1123,21,30,D,50.5570,-8.6130,50.5900,-8.5940,30E1,118,V,-9,1,2,R,3.9000,-9,-9,3909,438,26,-9,5.2000,1400,120.7,23.3,247,-9.0000,998,20,4.2000,-9.0000,-9,-9.0000,-9,-9.0000,100,10,-9,-9.0000,-9.0,-9.0,-9.00,-9.00,-9,-9,20,-9,-9,-9,-9,-9,-9,-9
HH,IE-IGFS,4,IE,45CE,GOV,110,S,P,FG62,81,2019,11,19,1537,17,30,D,50.5610,-10.9370,50.5330,-10.9150,30D9,307,V,-9,1,2,R,4.0000,-9,-9,3483,937,26,-9,5.2000,1400,132.2,24.7,247,-9.0000,998,153,3.8000,-9.0000,-9,-9.0000,-9,-9.0000,165,25,-9,-9.0000,-9.0,-9.0,-9.00,-9.00,-9,-9,20,-9,-9,-9,-9,-9,-9,-9
HH,IE-IGFS,4,IE,45CE,GOV,110,S,P,MB30,93,2019,11,22,0932,21,30,D,50.6140,-7.6030,50.6450,-7.6160,30E2,107,V,-9,1,2,R,4.1000,-9,-9,3569,402,26,-9,5.2000,1400,118.4,23.2,247,-9.0000,998,345,3.8000,-9.0000,-9,-9.0000,-9,-9.0000,235,3,-9,-9.0000,-9.0,-9.0,-9.00,-9.00,-9,-9,20,-9,-9,-9,-9,-9,-9,-9
HH,IE-IGFS,4,IE,45CE,GOV,110,S,P,CC306,88,2019,11,21,0919,21,30,D,50.6290,-8.9140,50.6040,-8.8800,30E1,119,V,-9,1,2,R,4.2000,-9,-9,3677,438,26,-9,5.2000,1400,117.4,23.1,247,-9.0000,998,139,4.0000,-9.0000,-9,-9.0000,-9,-9.0000,150,12,-9,-9.0000,-9.0,-9.0,-9.00,-9.00,-9,-9,20,-9,-9,-9,-9,-9,-9,-9
HH,IE-IGFS,4,IE,45CE,GOV,55,S,P,FG38,101,2013,11,11,0708,26,30,D,51.7080,-6.4690,51.7360,-6.4970,32E3,74,V,,1,2,R,4.0000,-9,,3667,282,26,,5.2000,1400,81.1,19.5,247,,998,328,4.0000,,,,,,258,21,,,,,,,,,,,,,,,,
HH,IE-IGFS,4,IE,45CE,GOV,110,S,P,56,71,2018,11,16,1444,31,30,D,53.0640,-10.1840,53.0960,-10.1950,35D9,108,V,,1,2,R,4.0000,-9,,3636,390,26,,5.2000,1400,115.9,22.8,247,,998,348,3.9000,,,,,,144,23,,,,,,,,,,,,,,,,
HH,IE-IGFS,4,IE,45CE,GOV,110,S,P,58,72,2018,11,16,1644,31,30,D,53.1200,-9.9320,53.1010,-9.8860,35E0,92,V,,1,2,R,4.2000,-9,,3736,336,26,,5.2000,1400,108.3,21.8,247,,998,124,4.0000,,,,,,139,22,,,,,,,,,,,,,,,,
HH,IE-IGFS,4,IE,45CE,GOV,110,S,P,CC307,69,2016,11,20,0720,21,31,D,50.6460,-7.2710,50.6490,-7.3230,30E2,107,V,,1,2,R,4.1000,-9,,3692,390,26,,5.2000,1400,115.2,22.2,247,,998,275,3.9000,,,,,,10,7,,,,,,,,,,,,,,,,
HH,IE-IGFS,4,IE,45CE,GOV,110,S,P,MB30,70,2016,11,20,0926,21,30,D,50.6150,-7.6050,50.6490,-7.6170,30E2,114,V,,1,2,R,4.1000,-9,,3876,402,26,,5.2000,1400,117.1,22.7,247,,998,347,4.2000,,,,,,53,6,,,,,,,,,,,,,,,,
HH,IE-IGFS,4,IE,45CE,GOV,110,S,P,FG53,71,2016,11,20,1117,21,30,D,50.7230,-7.8430,50.7030,-7.8850,30E2,107,V,,1,2,R,4.2000,-9,,3708,401,26,,5.2000,1400,118.8,23.2,247,,998,233,4.0000,,,,,,64,8,,,,,,,,,,,,,,,,
HH,IE-IGFS,4,IE,45CE,GOV,110,S,P,FG133,72,2016,11,20,1313,21,30,D,50.5340,-8.0240,50.5160,-8.0720,30E1,118,V,,1,2,R,4.1000,-9,,3949,415,26,,5.2000,1400,119.8,23.4,247,,998,239,4.3000,,,,,,67,12,,,,,,,,,,,,,,,,
HH,IE-IGFS,4,IE,45CE,GOV,110,S,P,FG66,59,2013,10,30,1708,29,30,D,51.0550,-10.2350,51.0220,-10.2320,31D9,131,V,,1,2,R,3.8000,-9,,3677,438,26,,5.2000,1400,116.8,21.3,247,,998,176,4.0000,,,,,,304,13,,,,,,,,,,,,,,,,
HH,IE-IGFS,4,IE,45CE,GOV,110,S,P,FG68,142,2013,11,19,1433,29,30,D,51.8180,-10.7620,51.8510,-10.7660,32D9,127,V,,1,2,R,4.6000,-9,,3682,440,26,,5.2000,1400,112.1,20.5,247,,998,355,4.0000,,,,,,321,15,,,,,,,,,,,,,,,,
HH,IE-IGFS,4,IE,45CE,GOV,110,S,P,38,143,2013,11,19,1650,29,30,D,52.0050,-10.9420,52.0360,-10.9250,33D9,138,V,,1,2,R,4.7000,-9,,3641,467,26,,5.2000,1400,113.2,20.7,247,,998,18,3.9000,,,,,,296,16,,,,,,,,,,,,,,,,
HH,IE-IGFS,4,IE,45CE,GOV,110,S,P,FG1,145,2013,11,22,1030,29,30,D,52.1630,-11.3380,52.1940,-11.3560,33D8,150,V,,1,2,R,4.2000,-9,,3662,500,26,,5.2000,1400,121.7,21.4,247,,998,340,3.9000,,,,,,58,19,,,,,,,,,,,,,,,,
HH,IE-IGFS,4,IE,45CE,GOV,110,S,P,FG171,146,2013,11,22,1304,29,30,D,52.3650,-11.6240,52.3940,-11.6520,33D8,176,V,,1,2,R,4.5000,-9,,3748,568,26,,5.2000,1400,118.3,21.2,247,,998,329,4.0000,,,,,,70,14,,,,,,,,,,,,,,,,
HH,IE-IGFS,4,IE,45CE,GOV,110,S,P,FG130,119,2013,11,15,0722,29,30,D,50.7720,-10.2750,50.7470,-10.2810,30D9,139,V,,1,2,R,4.7000,-9,,2813,454,26,,5.2000,1400,112.4,20.4,247,,998,188,3.0000,,,,,,315,13,,,,,,,,,,,,,,,,
HH,IE-IGFS,4,IE,45CE,GOV,110,S,P,FG188,120,2013,11,15,0921,29,30,D,50.7630,-10.4950,50.7350,-10.5210,30D9,157,V,,1,2,R,4.6000,-9,,3615,485,26,,5.2000,1400,114.6,20.7,247,,998,210,3.9000,,,,,,320,8,,,,,,,,,,,,,,,,
HH,IE-IGFS,4,IE,45CE,GOV,110,S,P,FG160,121,2013,11,15,1148,29,30,D,50.5440,-10.3670,50.5440,-10.4200,30D9,159,V,,1,2,R,4.4000,-9,,3756,496,26,,5.2000,1400,118.4,21.2,247,,998,270,4.0000,,,,,,318,7,,,,,,,,,,,,,,,,
HH,IE-IGFS,4,IE,45CE,GOV,110,S,P,FG30,122,2013,11,15,1405,29,30,D,50.3760,-10.5820,50.3480,-10.5630,29D9,160,V,,1,2,R,4.5000,-9,,3395,511,26,,5.2000,1400,115.1,20.7,247,,998,156,3.7000,,,,,,304,8,,,,,,,,,,,,,,,,
HH,IE-IGFS,4,IE,45CE,GOV,110,S,P,FG212,123,2013,11,15,1604,29,30,D,50.1660,-10.5900,50.1340,-10.6040,29D9,153,V,,1,2,R,4.7000,-9,,3697,486,26,,5.2000,1400,112.4,20.6,247,,998,195,4.0000,,,,,,317,10,,,,,,,,,,,,,,,,
HH,IE-IGFS,4,IE,45CE,GOV,110,S,P,82,126,2013,11,16,1235,29,30,D,50.7170,-10.7020,50.7170,-10.7550,30D9,165,V,,1,2,R,4.5000,-9,,3743,525,26,,5.2000,1400,121.6,21.4,247,,998,270,4.0000,,,,,,273,7,,,,,,,,,,,,,,,,
HH,IE-IGFS,4,IE,45CE,GOV,110,S,P,FG6,127,2013,11,16,1434,29,30,D,50.8450,-10.8540,50.8410,-10.9070,30D9,170,V,,1,2,R,4.4000,-9,,3759,538,26,,5.2000,1400,121.1,21.5,247,,998,263,4.1000,,,,,,227,12,,,,,,,,,,,,,,,,
HH,IE-IGFS,4,IE,45CE,GOV,110,S,P,FG159,129,2013,11,17,0732,29,30,D,51.0380,-11.0720,51.0700,-11.0720,31D8,182,V,,1,2,R,4.5000,-9,,3559,568,26,,5.2000,1400,115.2,20.5,247,,998,360,3.8000,,,,,,252,10,,,,,,,,,,,,,,,,
HH,IE-IGFS,4,IE,45CE,GOV,110,S,P,FG209,130,2013,11,17,0950,29,30,D,51.2420,-11.0930,51.2200,-11.1320,31D8,185,V,,1,2,R,4.4000,-9,,3662,579,26,,5.2000,1400,119.6,21.4,247,,998,228,3.9000,,,,,,231,9,,,,,,,,,,,,,,,,
HH,IE-IGFS,4,IE,45CE,GOV,110,S,P,39,134,2013,11,18,0736,29,30,D,52.0580,-11.2000,52.0440,-11.1520,33D8,155,V,,1,2,R,4.5000,-9,,3642,495,26,,5.2000,1400,113.8,20.5,247,,998,115,3.9000,,,,,,0,19,,,,,,,,,,,,,,,,
HH,IE-IGFS,4,IE,45CE,GOV,110,S,P,FG67,135,2013,11,18,0950,29,30,D,51.8340,-11.0090,51.8040,-10.9870,32D8,158,V,,1,2,R,4.7000,-9,,3666,497,26,,5.2000,1400,112.8,20.6,247,,998,155,4.0000,,,,,,351,21,,,,,,,,,,,,,,,,
HH,IE-IGFS,4,IE,45CE,GOV,110,S,P,FG3,136,2013,11,18,1204,29,30,D,51.6150,-11.1180,51.5870,-11.0880,32D8,183,V,,1,2,R,4.7000,-9,,3745,566,26,,5.2000,1400,117.9,20.4,247,,998,146,4.0000,,,,,,353,19,,,,,,,,,,,,,,,,
HH,IE-IGFS,4,IE,45CE,GOV,110,S,P,42,137,2013,11,18,1424,29,30,D,51.6550,-10.8290,51.6260,-10.7990,32D9,154,V,,1,2,R,4.5000,-9,,3837,495,26,,5.2000,1400,113.5,20.4,247,,998,147,4.1000,,,,,,343,21,,,,,,,,,,,,,,,,
HH,IE-IGFS,4,IE,45CE,GOV,110,S,P,FG4,138,2013,11,18,1611,29,30,D,51.4920,-10.8300,51.4640,-10.8010,31D9,165,V,,1,2,R,4.6000,-9,,3709,525,26,,5.2000,1400,114.4,20.6,247,,998,147,4.0000,,,,,,332,21,,,,,,,,,,,,,,,,
HH,IE-IGFS,4,IE,45CE,GOV,110,S,P,FG170,139,2013,11,19,0737,29,31,D,51.4520,-10.4150,51.4730,-10.4550,31D9,130,V,,1,2,R,4.6000,-9,,3631,462,26,,5.2000,1400,117.2,21.1,247,,998,310,3.8000,,,,,,353,26,,,,,,,,,,,,,,,,
HH,IE-IGFS,4,IE,45CE,GOV,55,S,P,FG199,118,2013,11,14,1540,28,30,D,51.2900,-9.2220,51.2570,-9.2390,31E0,115,V,,1,2,R,4.9000,-9,,3858,415,26,,5.2000,1400,78.4,19.3,247,,998,197,4.2000,,,,,,328,15,,,,,,,,,,,,,,,,
HH,IE-IGFS,4,IE,45CE,GOV,110,S,P,43,141,2013,11,19,1205,28,30,D,51.6840,-10.4510,51.6680,-10.4970,32D9,85,V,,1,2,R,4.8000,-9,,3646,324,26,,5.2000,1400,101.5,19.2,247,,998,240,3.9000,,,,,,10,11,,,,,,,,,,,,,,,,
HH,IE-IGFS,4,IE,45CE,GOV,110,S,P,FG58,71,2013,11,3,0821,28,30,D,51.3560,-9.7830,51.3320,-9.8220,31E0,81,V,,1,2,R,3.6000,-9,,3809,311,26,,5.2000,1400,111.3,21.7,247,,998,225,4.1000,,,,,,265,18,,,,,,,,,,,,,,,,
HH,IE-IGFS,4,IE,45CE,GOV,55,S,P,CN207,102,2013,11,11,0905,26,30,D,51.7980,-6.6660,51.7740,-6.7160,32E3,73,V,,1,2,R,4.2000,-9,,4362,283,26,,5.2000,1400,82.7,19.9,247,,998,232,4.7000,,,,,,261,20,,,,,,,,,,,,,,,,
HH,IE-IGFS,4,IE,45CE,GOV,110,S,P,113,114,2019,11,27,0726,21,30,D,51.0580,-5.7840,51.0880,-5.8020,31E4,90,V,-9,1,2,R,4.6000,-9,-9,3567,336,26,-9,5.2000,1400,108.3,22.4,247,-9.0000,998,339,3.8000,-9.0000,-9,-9.0000,-9,-9.0000,313,21,-9,-9.0000,-9.0,-9.0,-9.00,-9.00,-9,-9,20,-9,-9,-9,-9,-9,-9,-9
HH,IE-IGFS,4,IE,45CE,GOV,110,S,P,CN302,118,2019,11,27,1633,21,20,D,51.0650,-6.4650,51.0440,-6.4550,31E3,100,V,-9,1,2,R,4.1000,-9,-9,2439,366,26,-9,5.2000,1400,113.8,22.6,247,-9.0000,998,163,3.9000,-9.0000,-9,-9.0000,-9,-9.0000,275,11,-9,-9.0000,-9.0,-9.0,-9.00,-9.00,-9,-9,20,-9,-9,-9,-9,-9,-9,-9
HH,IE-IGFS,4,IE,45CE,GOV,110,S,P,FG163,134,2019,12,1,0914,29,30,D,50.8350,-9.5320,50.8330,-9.5840,30E0,121,V,-9,1,2,R,4.1000,-9,-9,3670,415,26,-9,5.2000,1400,115.6,22.8,247,-9.0000,998,266,4.0000,-9.0000,-9,-9.0000,-9,-9.0000,12,18,-9,-9.0000,-9.0,-9.0,-9.00,-9.00,-9,-9,20,-9,-9,-9,-9,-9,-9,-9
HH,IE-IGFS,4,IE,45CE,GOV,110,S,P,COD5A,72,2013,11,3,1020,28,30,D,51.1680,-9.9330,51.1450,-9.9720,31E0,119,V,,1,2,R,3.6000,-9,,3740,415,26,,5.2000,1400,120.4,22.2,247,,998,226,4.0000,,,,,,211,15,,,,,,,,,,,,,,,,
HH,IE-IGFS,4,IE,45CE,GOV,110,S,P,MB20A,73,2013,11,3,1242,28,30,D,51.1070,-9.6400,51.1160,-9.5860,31E0,118,V,,1,2,R,3.9000,-9,,3911,415,26,,5.2000,1400,115.0,21.3,247,,998,75,4.2000,,,,,,134,19,,,,,,,,,,,,,,,,
HH,IE-IGFS,4,IE,45CE,GOV,110,S,P,CC322,74,2013,11,3,1507,28,30,D,50.9340,-9.6190,50.9080,-9.6490,30E0,123,V,,1,2,R,3.6000,-9,,3579,415,26,,5.2000,1400,116.4,23.4,247,,998,216,3.9000,,,,,,262,18,,,,,,,,,,,,,,,,
HH,IE-IGFS,4,IE,45CE,GOV,110,S,P,VMS2,75,2013,11,3,1653,28,30,D,50.8430,-9.4090,50.8260,-9.3610,30E0,121,V,,1,2,R,3.7000,-9,,3874,415,26,,5.2000,1400,118.3,21.8,247,,998,119,4.2000,,,,,,274,29,,,,,,,,,,,,,,,,
HH,IE-IGFS,4,IE,45CE,GOV,110,S,P,FG190,57,2013,10,30,1210,28,30,D,51.3740,-10.2540,51.3510,-10.2940,31D9,122,V,,1,2,R,3.7000,-9,,3782,402,26,,5.2000,1400,116.5,21.2,247,,998,227,4.1000,,,,,,290,18,,,,,,,,,,,,,,,,
HH,IE-IGFS,4,IE,45CE,GOV,110,S,P,FG155,147,2013,11,22,1505,17,30,D,52.4150,-11.9400,52.4380,-11.9810,33D8,280,V,,1,2,R,4.3000,-9,,3785,850,26,,5.2000,1400,128.0,22.3,247,,998,312,4.1000,,,,,,105,12,,,,,,,,,,,,,,,,
HH,IE-IGFS,4,IE,45CE,GOV,110,S,P,FG71,144,2013,11,22,0739,17,31,D,51.8750,-11.5300,51.9090,-11.5240,32D8,251,V,,1,2,R,4.2000,-9,,3805,770,26,,5.2000,1400,126.0,22.2,247,,998,6,4.0000,,,,,,54,15,,,,,,,,,,,,,,,,
HH,IE-IGFS,4,IE,45CE,GOV,110,S,P,FG158,131,2013,11,17,1214,17,30,D,51.2460,-11.4620,51.2790,-11.4740,31D8,363,V,,1,2,R,4.3000,-9,,3765,1073,26,,5.2000,1400,128.4,22.4,247,,998,347,4.1000,,,,,,223,16,,,,,,,,,,,,,,,,
HH,IE-IGFS,4,IE,45CE,GOV,110,S,P,FG157,132,2013,11,17,1424,17,30,D,51.4330,-11.3930,51.4660,-11.3950,31D8,244,V,,1,2,R,4.3000,-9,,3674,730,26,,5.2000,1400,123.6,21.8,247,,998,357,4.0000,,,,,,225,18,,,,,,,,,,,,,,,,
HH,IE-IGFS,4,IE,45CE,GOV,110,S,P,FG28,133,2013,11,17,1614,17,30,D,51.5970,-11.3840,51.6300,-11.3950,32D8,234,V,,1,2,R,4.6000,-9,,3749,716,26,,5.2000,1400,122.2,21.5,247,,998,348,4.0000,,,,,,225,15,,,,,,,,,,,,,,,,
HH,IE-IGFS,4,IE,45CE,GOV,110,S,P,FG196,128,2013,11,16,1643,17,30,D,50.9400,-11.1740,50.9630,-11.2140,30D8,239,V,,1,2,R,4.5000,-9,,3801,688,26,,5.2000,1400,121.9,21.8,247,,998,312,4.1000,,,,,,222,11,,,,,,,,,,,,,,,,
HH,IE-IGFS,4,IE,45CE,GOV,110,S,P,FG62,124,2013,11,16,0737,17,30,D,50.5560,-10.9330,50.5270,-10.9090,30D9,297,V,,1,2,R,4.3000,-9,,3647,896,26,,5.2000,1400,125.8,21.8,247,,998,152,3.9000,,,,,,280,9,,,,,,,,,,,,,,,,
HH,IE-IGFS,4,IE,45CE,GOV,110,I2,P,FG119,18,2014,9,28,0835,36,30,D,56.0240,-8.4110,55.9940,-8.3830,41E1,137,V,,1,2,R,4.1000,-9,,3769,462,26,,5.2000,1400,109.3,20.9,247,,2212,152,4.1000,,,,,,219,10,,,,,,,,,,,,,,,,
HH,IE-IGFS,4,IE,45CE,GOV,110,S,P,FG37A,174,2017,12,6,1454,21,30,D,51.3630,-7.8540,51.3910,-7.8270,31E2,88,V,,1,2,R,4.2000,-9,,3638,336,26,,5.2000,1400,112.1,22.8,247,,998,31,3.9000,,,,,,199,29,,,,,,,,,,,,,,,,
HH,IE-IGFS,4,IE,45CE,GOV,110,S,P,FG17A,175,2017,12,7,0732,21,30,D,51.4820,-8.1450,51.5010,-8.1030,31E1,90,V,,1,2,R,4.4000,-9,,3602,336,26,,5.2000,1400,111.9,23.0,247,,998,53,3.9000,,,,,,328,11,,,,,,,,,,,,,,,,
HH,IE-IGFS,4,IE,45CE,GOV,110,S,P,FG18,176,2017,12,7,0932,21,30,D,51.6150,-7.8630,51.6280,-7.8140,32E2,85,V,,1,2,R,4.2000,-9,,3688,324,26,,5.2000,1400,111.4,22.3,247,,998,66,4.0000,,,,,,318,26,,,,,,,,,,,,,,,,
HH,IE-IGFS,4,IE,45CE,GOV,110,S,P,FG165,142,2017,11,29,1033,21,31,D,51.3010,-5.8140,51.3330,-5.8130,31E4,87,V,,1,2,R,4.0000,-9,,3560,568,26,,5.2000,1400,133.4,23.8,247,,998,1,3.7000,,,,,,348,23,,,,,,,,,,,,,,,,
HH,IE-IGFS,4,IE,45CE,GOV,110,,P,CC502,76,2020,11,21,1346,29,31,D,50.0650,-10.8830,50.0860,-10.9250,29D9,160,V,-9,1,2,R,3.9000,-9,-9,3807,513,26,-9,5.2000,1400,124.6,23.6,247,-9.0000,998,307,4.0000,-9.0000,-9,-9.0000,-9,-9.0000,286,14,-9,-9.0000,-9.0,-9.0,-9.00,-9.00,-9,-9,20,-9,-9,-9,-9,-9,-9,-9
HH,IE-IGFS,4,IE,45CE,GOV,110,,P,FG195,74,2020,11,21,0732,29,30,D,50.0830,-9.9330,50.0690,-9.9760,29E0,135,V,-9,1,2,R,4.0000,-9,-9,3449,462,26,-9,5.2000,1400,121.1,23.2,247,-9.0000,998,243,3.7000,-9.0000,-9,-9.0000,-9,-9.0000,237,22,-9,-9.0000,-9.0,-9.0,-9.00,-9.00,-9,-9,20,-9,-9,-9,-9,-9,-9,-9
HH,IE-IGFS,4,IE,45CE,GOV,110,,P,FG212,75,2020,11,21,1131,29,20,D,50.1640,-10.5900,50.1420,-10.6000,29D9,151,V,-9,1,2,R,4.1000,-9,-9,2549,486,26,-9,5.2000,1400,120.8,23.1,247,-9.0000,998,196,4.1000,-9.0000,-9,-9.0000,-9,-9.0000,242,20,-9,-9.0000,-9.0,-9.0,-9.00,-9.00,-9,-9,20,-9,-9,-9,-9,-9,-9,-9
HH,IE-IGFS,4,IE,45CE,GOV,110,,P,FG61,77,2020,11,21,1626,17,20,D,50.3610,-10.8790,50.3800,-10.8630,29D9,240,V,-9,1,2,R,4.0000,-9,-9,2400,732,26,-9,5.2000,1400,127.6,23.8,247,-9.0000,998,28,3.9000,-9.0000,-9,-9.0000,-9,-9.0000,285,10,-9,-9.0000,-9.0,-9.0,-9.00,-9.00,-9,-9,20,-9,-9,-9,-9,-9,-9,-9
HH,IE-IGFS,4,IE,45CE,GOV,110,,P,DS2,73,2020,11,20,1533,29,30,D,50.4650,-10.0160,50.4390,-10.0400,29D9,138,V,-9,1,2,R,3.9000,-9,-9,3357,462,26,-9,5.2000,1400,119.5,23.0,247,-9.0000,998,210,3.6000,-9.0000,-9,-9.0000,-9,-9.0000,252,21,-9,-9.0000,-9.0,-9.0,-9.00,-9.00,-9,-9,20,-9,-9,-9,-9,-9,-9,-9
HH,IE-IGFS,4,IE,45CE,GOV,110,,P,FG132,71,2020,11,20,0931,28,30,D,50.5210,-9.0820,50.5190,-9.1330,30E0,121,V,-9,1,2,R,3.9000,-9,-9,3623,427,26,-9,5.2000,1400,120.2,23.4,247,-9.0000,998,266,3.9000,-9.0000,-9,-9.0000,-9,-9.0000,245,20,-9,-9.0000,-9.0,-9.0,-9.00,-9.00,-9,-9,20,-9,-9,-9,-9,-9,-9,-9
HH,IE-IGFS,4,IE,45CE,GOV,110,,P,FG133,68,2020,11,19,1219,21,30,D,50.5340,-8.0280,50.5140,-8.0740,30E1,115,V,-9,1,2,R,4.1000,-9,-9,3948,402,26,-9,5.2000,1400,122.1,23.4,247,-9.0000,998,235,4.3000,-9.0000,-9,-9.0000,-9,-9.0000,300,13,-9,-9.0000,-9.0,-9.0,-9.00,-9.00,-9,-9,20,-9,-9,-9,-9,-9,-9,-9
HH,IE-IGFS,4,IE,45CE,GOV,110,,P,FG12,69,2020,11,19,1544,21,30,D,50.5640,-8.6110,50.5940,-8.5920,30E1,117,V,-9,1,2,R,4.0000,-9,-9,3598,415,26,-9,5.2000,1400,117.9,22.9,247,-9.0000,998,21,3.9000,-9.0000,-9,-9.0000,-9,-9.0000,260,12,-9,-9.0000,-9.0,-9.0,-9.00,-9.00,-9,-9,20,-9,-9,-9,-9,-9,-9,-9
HH,IE-IGFS,4,IE,45CE,GOV,110,,P,CC306,70,2020,11,20,0727,21,30,D,50.6010,-8.8700,50.6230,-8.9070,30E1,120,V,-9,1,2,R,3.9000,-9,-9,3584,427,26,-9,5.2000,1400,120.0,23.0,247,-9.0000,998,313,3.9000,-9.0000,-9,-9.0000,-9,-9.0000,235,23,-9,-9.0000,-9.0,-9.0,-9.00,-9.00,-9,-9,20,-9,-9,-9,-9,-9,-9,-9
HH,IE-IGFS,4,IE,45CE,GOV,110,,P,FG55,72,2020,11,20,1201,28,30,D,50.6020,-9.4630,50.5820,-9.5020,30E0,121,V,-9,1,2,R,3.9000,-9,-9,3546,427,26,-9,5.2000,1400,119.3,24.7,247,-9.0000,998,231,3.8000,-9.0000,-9,-9.0000,-9,-9.0000,245,23,-9,-9.0000,-9.0,-9.0,-9.00,-9.00,-9,-9,20,-9,-9,-9,-9,-9,-9,-9
HH,IE-IGFS,4,IE,45CE,GOV,110,,P,MB30,67,2020,11,19,0936,21,30,D,50.6090,-7.6030,50.6400,-7.6140,30E2,110,V,-9,1,2,R,3.9000,-9,-9,3535,402,26,-9,5.2000,1400,119.1,22.8,247,-9.0000,998,347,3.8000,-9.0000,-9,-9.0000,-9,-9.0000,320,20,-9,-9.0000,-9.0,-9.0,-9.00,-9.00,-9,-9,20,-9,-9,-9,-9,-9,-9,-9
HH,IE-IGFS,4,IE,45CE,GOV,110,,P,FG14,21,2020,11,6,1156,21,32,D,50.6260,-8.2380,50.6450,-8.1960,30E1,123,V,-9,1,2,R,3.9000,-9,-9,3646,415,26,-9,5.2000,1400,119.7,23.4,247,-9.0000,998,54,3.7000,-9.0000,-9,-9.0000,-9,-9.0000,100,19,-9,-9.0000,-9.0,-9.0,-9.00,-9.00,-9,-9,20,-9,-9,-9,-9,-9,-9,-9
HH,IE-IGFS,4,IE,45CE,GOV,110,,P,CC307,66,2020,11,19,0721,21,30,D,50.6460,-7.2870,50.6490,-7.3350,30E2,103,V,-9,1,2,R,3.9000,-9,-9,3411,378,26,-9,5.2000,1400,120.2,22.9,247,-9.0000,998,275,3.7000,-9.0000,-9,-9.0000,-9,-9.0000,320,22,-9,-9.0000,-9.0,-9.0,-9.00,-9.00,-9,-9,20,-9,-9,-9,-9,-9,-9,-9
HH,IE-IGFS,4,IE,45CE,GOV,110,,P,FG53,22,2020,11,6,1428,21,33,D,50.7040,-7.8840,50.7250,-7.8410,30E2,110,V,-9,1,2,R,4.1000,-9,-9,3831,390,26,-9,5.2000,1400,123.2,23.4,247,-9.0000,998,52,3.8000,-9.0000,-9,-9.0000,-9,-9.0000,115,17,-9,-9.0000,-9.0,-9.0,-9.00,-9.00,-9,-9,20,-9,-9,-9,-9,-9,-9,-9
HH,IE-IGFS,4,IE,45CE,GOV,110,,P,62A,20,2020,11,6,0925,21,30,D,50.7230,-8.4710,50.7000,-8.5040,30E1,117,V,-9,1,2,R,4.1000,-9,-9,3461,402,26,-9,5.2000,1400,118.5,24.2,247,-9.0000,998,222,3.7000,-9.0000,-9,-9.0000,-9,-9.0000,104,23,-9,-9.0000,-9.0,-9.0,-9.00,-9.00,-9,-9,20,-9,-9,-9,-9,-9,-9,-9
HH,IE-IGFS,4,IE,45CE,GOV,110,,P,FG130,62,2020,11,18,0730,29,30,D,50.7240,-10.2850,50.7480,-10.2810,30D9,142,V,-9,1,2,R,3.9000,-9,-9,2684,474,26,-9,5.2000,1400,121.0,23.0,247,-9.0000,998,6,2.9000,-9.0000,-9,-9.0000,-9,-9.0000,280,35,-9,-9.0000,-9.0,-9.0,-9.00,-9.00,-9,-9,20,-9,-9,-9,-9,-9,-9,-9
HH,IE-IGFS,4,IE,45CE,GOV,110,,P,FG57,63,2020,11,18,1007,29,30,D,50.8360,-9.8300,50.8330,-9.7770,30E0,120,V,-9,1,2,R,3.8000,-9,-9,3748,427,26,-9,5.2000,1400,120.9,22.9,247,-9.0000,998,95,4.0000,-9.0000,-9,-9.0000,-9,-9.0000,270,30,-9,-9.0000,-9.0,-9.0,-9.00,-9.00,-9,-9,20,-9,-9,-9,-9,-9,-9,-9
HH,IE-IGFS,4,IE,45CE,GOV,110,,P,VMS2,64,2020,11,18,1219,28,30,D,50.8430,-9.4130,50.8280,-9.3680,30E0,115,V,-9,1,2,R,3.8000,-9,-9,3582,415,26,-9,5.2000,1400,119.0,22.6,247,-9.0000,998,117,3.9000,-9.0000,-9,-9.0000,-9,-9.0000,265,32,-9,-9.0000,-9.0,-9.0,-9.00,-9.00,-9,-9,20,-9,-9,-9,-9,-9,-9,-9
HH,IE-IGFS,4,IE,45CE,GOV,110,,P,FG11,65,2020,11,18,1513,21,30,D,50.8510,-8.8960,50.8840,-8.8890,30E1,113,V,-9,1,2,R,3.9000,-9,-9,3704,415,26,-9,5.2000,1400,121.5,25.1,247,-9.0000,998,7,4.0000,-9.0000,-9,-9.0000,-9,-9.0000,260,35,-9,-9.0000,-9.0,-9.0,-9.00,-9.00,-9,-9,20,-9,-9,-9,-9,-9,-9,-9
HH,IE-IGFS,4,IE,45CE,GOV,110,,P,FG35,23,2020,11,6,1623,21,32,D,50.8840,-7.7870,50.9090,-7.7480,30E2,104,V,-9,1,2,R,4.0000,-9,-9,3906,378,26,-9,5.2000,1400,115.3,23.3,247,-9.0000,998,44,3.9000,-9.0000,-9,-9.0000,-9,-9.0000,108,15,-9,-9.0000,-9.0,-9.0,-9.00,-9.00,-9,-9,20,-9,-9,-9,-9,-9,-9,-9
HH,IE-IGFS,4,IE,45CE,GOV,110,,P,VMS1,19,2020,11,6,0713,21,31,D,50.9140,-8.4310,50.8930,-8.4750,30E1,110,V,-9,1,2,R,4.0000,-9,-9,3877,390,26,-9,5.2000,1400,117.4,23.5,247,-9.0000,998,232,4.0000,-9.0000,-9,-9.0000,-9,-9.0000,94,12,-9,-9.0000,-9.0,-9.0,-9.00,-9.00,-9,-9,20,-9,-9,-9,-9,-9,-9,-9
HH,IE-IGFS,4,IE,45CE,GOV,110,,P,FG36A,24,2020,11,7,0717,21,31,D,51.0260,-7.6310,51.0510,-7.5960,31E2,120,V,-9,1,2,R,3.8000,-9,-9,3709,415,26,-9,5.2000,1400,115.7,25.4,247,-9.0000,998,41,3.9000,-9.0000,-9,-9.0000,-9,-9.0000,93,17,-9,-9.0000,-9.0,-9.0,-9.00,-9.00,-9,-9,20,-9,-9,-9,-9,-9,-9,-9
HH,IE-IGFS,4,IE,45CE,GOV,110,,P,FG66,55,2020,11,16,1018,29,30,D,51.0460,-10.2340,51.0140,-10.2320,31D9,123,V,-9,1,2,R,4.0000,-9,-9,3562,438,26,-9,5.2000,1400,117.5,22.7,247,-9.0000,998,177,3.8000,-9.0000,-9,-9.0000,-9,-9.0000,220,28,-9,-9.0000,-9.0,-9.0,-9.00,-9.00,-9,-9,20,-9,-9,-9,-9,-9,-9,-9
HH,IE-IGFS,4,IE,45CE,GOV,110,,P,113,38,2020,11,10,0707,21,20,D,51.0460,-5.7770,51.0680,-5.7900,31E4,85,V,-9,1,2,R,3.9000,-9,-9,2611,324,26,-9,5.2000,1400,108.0,20.3,247,-9.0000,998,339,4.2000,-9.0000,-9,-9.0000,-9,-9.0000,250,15,-9,-9.0000,-9.0,-9.0,-9.00,-9.00,-9,-9,20,-9,-9,-9,-9,-9,-9,-9
HH,IE-IGFS,4,IE,45CE,GOV,110,,P,FG16,51,2020,11,14,0710,21,30,D,51.0930,-8.2580,51.1100,-8.2150,31E1,102,V,-9,1,2,R,3.9000,-9,-9,3556,378,26,-9,5.2000,1400,116.1,22.8,247,-9.0000,998,57,3.8000,-9.0000,-9,-9.0000,-9,-9.0000,170,25,-9,-9.0000,-9.0,-9.0,-9.00,-9.00,-9,-9,20,-9,-9,-9,-9,-9,-9,-9
HH,IE-IGFS,4,IE,45CE,GOV,110,,P,FG141,18,2020,11,5,1604,21,32,D,51.1030,-8.8590,51.1000,-8.8090,31E1,111,V,-9,1,2,R,4.0000,-9,-9,3518,390,26,-9,5.2000,1400,117.1,23.7,247,-9.0000,998,95,3.6000,-9.0000,-9,-9.0000,-9,-9.0000,86,9,-9,-9.0000,-9.0,-9.0,-9.00,-9.00,-9,-9,20,-9,-9,-9,-9,-9,-9,-9
HH,IE-IGFS,4,IE,45CE,GOV,110,,P,FG34A,17,2020,11,5,1334,28,31,D,51.1170,-9.3490,51.1170,-9.2960,31E0,115,V,-9,1,2,R,3.9000,-9,-9,3711,395,26,-9,5.2000,1400,113.7,22.6,247,-9.0000,998,89,3.9000,-9.0000,-9,-9.0000,-9,-9.0000,67,9,-9,-9.0000,-9.0,-9.0,-9.00,-9.00,-9,-9,20,-9,-9,-9,-9,-9,-9,-9
HH,IE-IGFS,4,IE,45CE,GOV,110,,P,MB20,16,2020,11,5,1139,28,27,D,51.1200,-9.5940,51.0910,-9.5940,31E0,120,V,-9,1,2,R,4.1000,-9,-9,3226,402,26,-9,5.2000,1400,111.1,22.4,247,-9.0000,998,180,3.9000,-9.0000,-9,-9.0000,-9,-9.0000,88,5,-9,-9.0000,-9.0,-9.0,-9.00,-9.00,-9,-9,20,-9,-9,-9,-9,-9,-9,-9
HH,IE-IGFS,4,IE,45CE,GOV,110,,P,FG129,56,2020,11,16,1319,29,25,D,51.1250,-10.5300,51.1510,-10.5470,31D9,153,V,-9,1,2,R,4.0000,-9,-9,3127,486,26,-9,5.2000,1400,121.1,23.2,247,-9.0000,998,337,4.0000,-9.0000,-9,-9.0000,-9,-9.0000,230,33,-9,-9.0000,-9.0,-9.0,-9.00,-9.00,-9,-9,20,-9,-9,-9,-9,-9,-9,-9
HH,IE-IGFS,4,IE,45CE,GOV,110,,P,FG23,25,2020,11,7,0901,21,31,D,51.1600,-7.4410,51.1830,-7.4060,31E2,108,V,-9,1,2,R,4.0000,-9,-9,3541,378,26,-9,5.2000,1400,114.5,24.0,247,-9.0000,998,43,3.7000,-9.0000,-9,-9.0000,-9,-9.0000,98,15,-9,-9.0000,-9.0,-9.0,-9.00,-9.00,-9,-9,20,-9,-9,-9,-9,-9,-9,-9
HH,IE-IGFS,4,IE,45CE,GOV,110,,P,FG39,41,2020,11,10,1602,21,31,D,51.1890,-6.6370,51.2160,-6.6020,31E3,107,V,-9,1,2,R,4.2000,-9,-9,3873,390,26,-9,5.2000,1400,113.1,22.2,247,-9.0000,998,39,4.0000,-9.0000,-9,-9.0000,-9,-9.0000,196,15,-9,-9.0000,-9.0,-9.0,-9.00,-9.00,-9,-9,20,-9,-9,-9,-9,-9,-9,-9
HH,IE-IGFS,4,IE,45CE,GOV,110,,P,FG52,52,2020,11,14,0844,21,30,D,51.2190,-8.1160,51.2410,-8.0720,31E1,95,V,-9,1,2,R,3.8000,-9,-9,3928,349,26,-9,5.2000,1400,115.8,22.4,247,-9.0000,998,51,4.2000,-9.0000,-9,-9.0000,-9,-9.0000,165,33,-9,-9.0000,-9.0,-9.0,-9.00,-9.00,-9,-9,20,-9,-9,-9,-9,-9,-9,-9
HH,IE-IGFS,4,IE,45CE,GOV,110,,P,FG203,57,2020,11,16,1548,29,30,D,51.2280,-10.7400,51.2580,-10.7230,31D9,165,V,-9,1,2,R,4.0000,-9,-9,3542,527,26,-9,5.2000,1400,121.1,23.2,247,-9.0000,998,19,3.8000,-9.0000,-9,-9.0000,-9,-9.0000,235,27,-9,-9.0000,-9.0,-9.0,-9.00,-9.00,-9,-9,20,-9,-9,-9,-9,-9,-9,-9
HH,IE-IGFS,4,IE,45CE,GOV,110,,P,112,39,2020,11,10,1022,21,31,D,51.2510,-6.3300,51.2180,-6.3370,31E3,110,V,-9,1,2,R,3.6000,-9,-9,3703,390,26,-9,5.2000,1400,118.4,24.5,247,-9.0000,998,187,3.9000,-9.0000,-9,-9.0000,-9,-9.0000,237,13,-9,-9.0000,-9.0,-9.0,-9.00,-9.00,-9,-9,20,-9,-9,-9,-9,-9,-9,-9
HH,IE-IGFS,4,IE,45CE,GOV,110,,P,MB20,15,2020,11,5,0920,28,33,D,51.2550,-9.7980,51.2260,-9.8370,31E0,106,V,-9,1,2,R,4.0000,-9,-9,4222,378,26,-9,5.2000,1400,112.9,22.8,247,-9.0000,998,220,4.1000,-9.0000,-9,-9.0000,-9,-9.0000,76,5,-9,-9.0000,-9.0,-9.0,-9.00,-9.00,-9,-9,20,-9,-9,-9,-9,-9,-9,-9
HH,IE-IGFS,4,IE,45CE,GOV,110,,P,64,53,2020,11,14,1234,21,30,D,51.2600,-8.6770,51.2610,-8.7250,31E1,97,V,-9,1,2,R,3.9000,-9,-9,3352,366,26,-9,5.2000,1400,115.8,22.8,247,-9.0000,998,271,3.6000,-9.0000,-9,-9.0000,-9,-9.0000,200,35,-9,-9.0000,-9.0,-9.0,-9.00,-9.00,-9,-9,20,-9,-9,-9,-9,-9,-9,-9
HH,IE-IGFS,4,IE,45CE,GOV,55,,P,44,30,2020,11,8,0928,26,21,D,51.2720,-5.5220,51.2540,-5.5040,31E4,77,V,-9,1,2,R,4.1000,-9,-9,2364,298,26,-9,5.2000,1400,83.6,22.4,247,-9.0000,998,147,3.6000,-9.0000,-9,-9.0000,-9,-9.0000,183,13,-9,-9.0000,-9.0,-9.0,-9.00,-9.00,-9,-9,20,-9,-9,-9,-9,-9,-9,-9
HH,IE-IGFS,4,IE,45CE,GOV,110,,P,FG168,26,2020,11,7,1052,21,22,D,51.2890,-7.2500,51.2940,-7.2120,31E2,85,V,-9,1,2,R,4.1000,-9,-9,2708,336,26,-9,5.2000,1400,111.4,22.9,247,-9.0000,998,78,4.0000,-9.0000,-9,-9.0000,-9,-9.0000,94,13,-9,-9.0000,-9.0,-9.0,-9.00,-9.00,-9,-9,20,-9,-9,-9,-9,-9,-9,-9
HH,IE-IGFS,4,IE,45CE,GOV,110,,P,FG187,27,2020,11,7,1305,21,30,D,51.3160,-6.9210,51.3440,-6.8940,31E3,110,V,-9,1,2,R,3.7000,-9,-9,3639,390,26,-9,5.2000,1400,117.4,24.6,247,-9.0000,998,31,3.9000,-9.0000,-9,-9.0000,-9,-9.0000,136,9,-9,-9.0000,-9.0,-9.0,-9.00,-9.00,-9,-9,20,-9,-9,-9,-9,-9,-9,-9
HH,IE-IGFS,4,IE,45CE,GOV,110,,P,FG15,50,2020,11,13,1644,21,30,D,51.3490,-7.4660,51.3290,-7.4250,31E2,85,V,-9,1,2,R,3.9000,-9,-9,3621,336,26,-9,5.2000,1400,114.4,22.8,247,-9.0000,998,127,3.9000,-9.0000,-9,-9.0000,-9,-9.0000,200,21,-9,-9.0000,-9.0,-9.0,-9.00,-9.00,-9,-9,20,-9,-9,-9,-9,-9,-9,-9
HH,IE-IGFS,4,IE,45CE,GOV,110,,P,FG126,58,2020,11,17,0737,17,30,D,51.3550,-11.4670,51.3880,-11.4630,31D8,315,V,-9,1,2,R,3.8000,-9,-9,3681,937,26,-9,5.2000,1400,134.0,24.8,247,-9.0000,998,4,4.0000,-9.0000,-9,-9.0000,-9,-9.0000,195,25,-9,-9.0000,-9.0,-9.0,-9.00,-9.00,-9,-9,20,-9,-9,-9,-9,-9,-9,-9
HH,IE-IGFS,4,IE,45CE,GOV,110,,P,FG165,29,2020,11,8,0706,21,17,D,51.3590,-5.8100,51.3400,-5.8110,31E4,85,V,-9,1,2,R,4.2000,-9,-9,2114,324,26,-9,5.2000,1400,107.2,22.0,247,-9.0000,998,181,4.0000,-9.0000,-9,-9.0000,-9,-9.0000,188,13,-9,-9.0000,-9.0,-9.0,-9.00,-9.00,-9,-9,20,-9,-9,-9,-9,-9,-9,-9
HH,IE-IGFS,4,IE,45CE,GOV,110,,P,FG190,54,2020,11,16,0721,28,30,D,51.3730,-10.2540,51.3520,-10.2930,31D9,114,V,-9,1,2,R,4.2000,-9,-9,3582,415,26,-9,5.2000,1400,118.0,23.2,247,-9.0000,998,229,3.9000,-9.0000,-9,-9.0000,-9,-9.0000,200,25,-9,-9.0000,-9.0,-9.0,-9.00,-9.00,-9,-9,20,-9,-9,-9,-9,-9,-9,-9
HH,IE-IGFS,4,IE,45CE,GOV,110,,P,111,28,2020,11,7,1618,21,31,D,51.3840,-6.3750,51.4160,-6.3580,31E3,117,V,-9,1,2,R,3.8000,-9,-9,3751,402,26,-9,5.2000,1400,120.1,23.7,247,-9.0000,998,18,3.9000,-9.0000,-9,-9.0000,-9,-9.0000,145,9,-9,-9.0000,-9.0,-9.0,-9.00,-9.00,-9,-9,20,-9,-9,-9,-9,-9,-9,-9
HH,IE-IGFS,4,IE,45CE,GOV,110,,P,FG37A,49,2020,11,13,1427,21,30,D,51.3910,-7.8270,51.3650,-7.8530,31E2,87,V,-9,1,2,R,3.9000,-9,-9,3412,336,26,-9,5.2000,1400,111.0,22.5,247,-9.0000,998,211,3.7000,-9.0000,-9,-9.0000,-9,-9.0000,210,25,-9,-9.0000,-9.0,-9.0,-9.00,-9.00,-9,-9,20,-9,-9,-9,-9,-9,-9,-9
HH,IE-IGFS,4,IE,45CE,GOV,110,,P,FG134,46,2020,11,13,0714,21,31,D,51.4170,-8.2710,51.4310,-8.3190,31E1,86,V,-9,1,2,R,4.2000,-9,-9,3684,336,26,-9,5.2000,1400,112.3,22.9,247,-9.0000,998,295,3.8000,-9.0000,-9,-9.0000,-9,-9.0000,242,26,-9,-9.0000,-9.0,-9.0,-9.00,-9.00,-9,-9,20,-9,-9,-9,-9,-9,-9,-9
HH,IE-IGFS,4,IE,45CE,GOV,55,,P,CN203,31,2020,11,8,1133,26,24,D,51.4180,-5.2670,51.4440,-5.2660,31E4,69,V,-9,1,2,R,4.2000,-9,-9,2893,280,26,-9,5.2000,1400,84.6,22.7,247,-9.0000,998,1,3.9000,-9.0000,-9,-9.0000,-9,-9.0000,164,11,-9,-9.0000,-9.0,-9.0,-9.00,-9.00,-9,-9,20,-9,-9,-9,-9,-9,-9,-9
HH,IE-IGFS,4,IE,45CE,GOV,55,,P,FG9,14,2020,11,5,0710,27,32,D,51.4630,-9.6210,51.4510,-9.6710,31E0,50,V,-9,1,2,R,4.2000,-9,-9,3722,220,26,-9,5.2000,1400,79.2,21.4,247,-9.0000,998,248,3.8000,-9.0000,-9,-9.0000,-9,-9.0000,58,3,-9,-9.0000,-9.0,-9.0,-9.00,-9.00,-9,-9,20,-9,-9,-9,-9,-9,-9,-9
HH,IE-IGFS,4,IE,45CE,GOV,55,,P,MB32,32,2020,11,8,1321,26,24,D,51.4710,-5.5110,51.4850,-5.5400,31E4,72,V,-9,1,2,R,4.6000,-9,-9,2546,298,26,-9,5.2000,1400,87.4,23.4,247,-9.0000,998,307,3.4000,-9.0000,-9,-9.0000,-9,-9.0000,164,15,-9,-9.0000,-9.0,-9.0,-9.00,-9.00,-9,-9,20,-9,-9,-9,-9,-9,-9,-9
HH,IE-IGFS,4,IE,45CE,GOV,110,,P,FG4,60,2020,11,17,1309,29,30,D,51.4750,-10.8120,51.4480,-10.7840,31D9,161,V,-9,1,2,R,3.8000,-9,-9,3579,513,26,-9,5.2000,1400,124.2,23.4,247,-9.0000,998,147,3.9000,-9.0000,-9,-9.0000,-9,-9.0000,185,30,-9,-9.0000,-9.0,-9.0,-9.00,-9.00,-9,-9,20,-9,-9,-9,-9,-9,-9,-9
HH,IE-IGFS,4,IE,45CE,GOV,55,,P,FG176,45,2020,11,12,1511,26,30,D,51.4910,-7.4950,51.4840,-7.5410,31E2,80,V,-9,1,2,R,4.2000,-9,-9,3288,324,26,-9,5.2000,1400,88.8,22.7,247,-9.0000,998,256,3.5000,-9.0000,-9,-9.0000,-9,-9.0000,197,34,-9,-9.0000,-9.0,-9.0,-9.00,-9.00,-9,-9,20,-9,-9,-9,-9,-9,-9,-9
HH,IE-IGFS,4,IE,45CE,GOV,110,,P,FG136,33,2020,11,8,1555,21,24,D,51.4920,-5.7830,51.5090,-5.8080,31E4,86,V,-9,1,2,R,4.0000,-9,-9,2567,324,26,-9,5.2000,1400,109.2,22.4,247,-9.0000,998,317,3.5000,-9.0000,-9,-9.0000,-9,-9.0000,144,11,-9,-9.0000,-9.0,-9.0,-9.00,-9.00,-9,-9,20,-9,-9,-9,-9,-9,-9,-9
HH,IE-IGFS,4,IE,45CE,GOV,55,,P,FG201,44,2020,11,12,1254,26,30,D,51.5020,-7.1770,51.5000,-7.2280,32E2,76,V,-9,1,2,R,4.1000,-9,-9,3548,311,26,-9,5.2000,1400,87.3,22.5,247,-9.0000,998,266,3.8000,-9.0000,-9,-9.0000,-9,-9.0000,193,31,-9,-9.0000,-9.0,-9.0,-9.00,-9.00,-9,-9,20,-9,-9,-9,-9,-9,-9,-9
HH,IE-IGFS,4,IE,45CE,GOV,55,,P,FG139,37,2020,11,9,1410,21,31,D,51.5940,-6.2030,51.6250,-6.1840,32E3,117,V,-9,1,2,R,4.2000,-9,-9,3691,402,26,-9,5.2000,1400,115.3,23.1,247,-9.0000,998,20,3.9000,-9.0000,-9,-9.0000,-9,-9.0000,169,9,-9,-9.0000,-9.0,-9.0,-9.00,-9.00,-9,-9,20,-9,-9,-9,-9,-9,-9,-9
HH,IE-IGFS,4,IE,45CE,GOV,55,,P,53A,47,2020,11,13,0920,26,30,D,51.6090,-8.2530,51.6420,-8.2560,32E1,75,V,-9,1,2,R,4.1000,-9,-9,3677,286,26,-9,5.2000,1400,86.2,22.2,247,-9.0000,998,356,4.0000,-9.0000,-9,-9.0000,-9,-9.0000,250,29,-9,-9.0000,-9.0,-9.0,-9.00,-9.00,-9,-9,20,-9,-9,-9,-9,-9,-9,-9
HH,IE-IGFS,4,IE,45CE,GOV,110,,P,FG18,48,2020,11,13,1144,21,30,D,51.6150,-7.8620,51.6280,-7.8140,32E2,80,V,-9,1,2,R,4.1000,-9,-9,3625,324,26,-9,5.2000,1400,109.9,22.2,247,-9.0000,998,66,3.9000,-9.0000,-9,-9.0000,-9,-9.0000,230,18,-9,-9.0000,-9.0,-9.0,-9.00,-9.00,-9,-9,20,-9,-9,-9,-9,-9,-9,-9
HH,IE-IGFS,4,IE,45CE,GOV,55,,P,110,36,2020,11,9,1204,21,31,D,51.6170,-6.5230,51.5870,-6.5040,32E3,78,V,-9,1,2,R,4.2000,-9,-9,3588,298,26,-9,5.2000,1400,86.5,22.8,247,-9.0000,998,158,3.7000,-9.0000,-9,-9.0000,-9,-9.0000,159,15,-9,-9.0000,-9.0,-9.0,-9.00,-9.00,-9,-9,20,-9,-9,-9,-9,-9,-9,-9
HH,IE-IGFS,4,IE,45CE,GOV,110,,P,FG3,59,2020,11,17,1038,29,30,D,51.6180,-11.1220,51.5920,-11.0940,32D8,180,V,-9,1,2,R,3.8000,-9,-9,3482,568,26,-9,5.2000,1400,125.6,23.6,247,-9.0000,998,146,3.8000,-9.0000,-9,-9.0000,-9,-9.0000,195,30,-9,-9.0000,-9.0,-9.0,-9.00,-9.00,-9,-9,20,-9,-9,-9,-9,-9,-9,-9
HH,IE-IGFS,4,IE,45CE,GOV,110,,P,42,61,2020,11,17,1541,29,30,D,51.6350,-10.8080,51.6630,-10.8360,32D9,153,V,-9,1,2,R,4.0000,-9,-9,3668,486,26,-9,5.2000,1400,121.8,23.3,247,-9.0000,998,328,4.0000,-9.0000,-9,-9.0000,-9,-9.0000,185,26,-9,-9.0000,-9.0,-9.0,-9.00,-9.00,-9,-9,20,-9,-9,-9,-9,-9,-9,-9
HH,IE-IGFS,4,IE,45CE,GOV,55,,P,FG2,80,2020,11,22,1312,27,30,D,51.6800,-10.2490,51.6910,-10.1990,32D9,74,V,-9,1,2,R,4.1000,-9,-9,3668,311,26,-9,5.2000,1400,90.4,23.0,247,-9.0000,998,70,4.0000,-9.0000,-9,-9.0000,-9,-9.0000,287,10,-9,-9.0000,-9.0,-9.0,-9.00,-9.00,-9,-9,20,-9,-9,-9,-9,-9,-9,-9
HH,IE-IGFS,4,IE,45CE,GOV,110,,P,FG73,13,2020,11,4,1650,17,31,D,51.7750,-11.4020,51.7410,-11.4000,32D8,221,V,-9,1,2,R,3.5000,-9,-9,3785,663,26,-9,5.2000,1400,135.1,24.7,247,-9.0000,998,177,3.9000,-9.0000,-9,-9.0000,-9,-9.0000,359,7,-9,-9.0000,-9.0,-9.0,-9.00,-9.00,-9,-9,20,-9,-9,-9,-9,-9,-9,-9
HH,IE-IGFS,4,IE,45CE,GOV,55,,P,CN207,35,2020,11,9,0950,26,32,D,51.7970,-6.6810,51.7730,-6.7170,32E3,73,V,-9,1,2,R,4.2000,-9,-9,3647,296,26,-9,5.2000,1400,86.1,22.5,247,-9.0000,998,222,3.7000,-9.0000,-9,-9.0000,-9,-9.0000,132,19,-9,-9.0000,-9.0,-9.0,-9.00,-9.00,-9,-9,20,-9,-9,-9,-9,-9,-9,-9
HH,IE-IGFS,4,IE,45CE,GOV,55,,P,FG46,43,2020,11,12,0956,26,30,D,51.8370,-7.0650,51.8060,-7.0850,32E2,64,V,-9,1,2,R,4.1000,-9,-9,3714,286,26,-9,5.2000,1400,86.2,22.4,247,-9.0000,998,201,4.0000,-9.0000,-9,-9.0000,-9,-9.0000,194,22,-9,-9.0000,-9.0,-9.0,-9.00,-9.00,-9,-9,20,-9,-9,-9,-9,-9,-9,-9
HH,IE-IGFS,4,IE,45CE,GOV,110,,P,FG68,79,2020,11,22,1008,28,30,D,51.8540,-10.7660,51.8200,-10.7630,32D9,118,V,-9,1,2,R,3.8000,-9,-9,3788,415,26,-9,5.2000,1400,117.5,22.4,247,-9.0000,998,176,4.1000,-9.0000,-9,-9.0000,-9,-9.0000,294,15,-9,-9.0000,-9.0,-9.0,-9.00,-9.00,-9,-9,20,-9,-9,-9,-9,-9,-9,-9
HH,IE-IGFS,4,IE,45CE,GOV,110,,P,FG71,12,2020,11,4,1452,17,30,D,51.9140,-11.5220,51.8820,-11.5300,32D8,255,V,-9,1,2,R,3.5000,-9,-9,3602,755,26,-9,5.2000,1400,137.4,25.8,247,-9.0000,998,188,3.9000,-9.0000,-9,-9.0000,-9,-9.0000,359,3,-9,-9.0000,-9.0,-9.0,-9.00,-9.00,-9,-9,20,-9,-9,-9,-9,-9,-9,-9
HH,IE-IGFS,4,IE,45CE,GOV,55,,P,33A,42,2020,11,12,0726,26,30,D,52.0000,-6.7520,51.9700,-6.7350,33E3,51,V,-9,1,2,R,4.3000,-9,-9,3536,233,26,-9,5.2000,1400,79.7,21.1,247,-9.0000,998,160,3.8000,-9.0000,-9,-9.0000,-9,-9.0000,227,20,-9,-9.0000,-9.0,-9.0,-9.00,-9.00,-9,-9,20,-9,-9,-9,-9,-9,-9,-9
HH,IE-IGFS,4,IE,45CE,GOV,55,,P,FG25,34,2020,11,9,0714,26,16,D,52.0100,-6.2360,52.0050,-6.2630,33E3,78,V,-9,1,2,R,4.1000,-9,-9,1935,311,26,-9,5.2000,1400,88.9,22.7,247,-9.0000,998,253,3.9000,-9.0000,-9,-9.0000,-9,-9.0000,139,21,-9,-9.0000,-9.0,-9.0,-9.00,-9.00,-9,-9,20,-9,-9,-9,-9,-9,-9,-9
HH,IE-IGFS,4,IE,45CE,GOV,55,,P,71,78,2020,11,22,0729,27,30,D,52.0210,-10.3240,52.0020,-10.3660,33D9,52,V,-9,1,2,R,4.2000,-9,-9,3575,246,26,-9,5.2000,1400,81.9,21.2,247,-9.0000,998,233,3.9000,-9.0000,-9,-9.0000,-9,-9.0000,272,13,-9,-9.0000,-9.0,-9.0,-9.00,-9.00,-9,-9,20,-9,-9,-9,-9,-9,-9,-9
HH,IE-IGFS,4,IE,45CE,GOV,110,,P,FG70,10,2020,11,4,0948,16,26,D,52.1420,-11.6170,52.1180,-11.5930,33D8,270,V,-9,1,2,R,3.6000,-9,-9,3135,800,26,-9,5.2000,1400,131.0,24.7,247,-9.0000,998,148,3.9000,-9.0000,-9,-9.0000,-9,-9.0000,17,9,-9,-9.0000,-9.0,-9.0,-9.00,-9.00,-9,-9,20,-9,-9,-9,-9,-9,-9,-9
HH,IE-IGFS,4,IE,45CE,GOV,110,,P,FG1,9,2020,11,4,0715,29,30,D,52.1950,-11.3560,52.1620,-11.3360,33D8,158,V,-9,1,2,R,3.9000,-9,-9,3918,486,26,-9,5.2000,1400,119.6,23.4,247,-9.0000,998,159,4.2000,-9.0000,-9,-9.0000,-9,-9.0000,258,11,-9,-9.0000,-9.0,-9.0,-9.00,-9.00,-9,-9,20,-9,-9,-9,-9,-9,-9,-9
HH,IE-IGFS,4,IE,45CE,GOV,110,,P,70,85,2020,11,24,1132,31,30,D,52.5270,-10.3340,52.5570,-10.3110,34D9,96,V,-9,1,2,R,4.1000,-9,-9,3685,366,26,-9,5.2000,1400,114.6,22.3,247,-9.0000,998,24,4.0000,-9.0000,-9,-9.0000,-9,-9.0000,308,17,-9,-9.0000,-9.0,-9.0,-9.00,-9.00,-9,-9,20,-9,-9,-9,-9,-9,-9,-9
HH,IE-IGFS,4,IE,45CE,GOV,110,,P,48,86,2020,11,24,1406,31,30,D,52.6490,-10.7000,52.6640,-10.7460,34D9,118,V,-9,1,2,R,4.1000,-9,-9,3532,427,26,-9,5.2000,1400,116.9,22.9,247,-9.0000,998,298,3.8000,-9.0000,-9,-9.0000,-9,-9.0000,278,24,-9,-9.0000,-9.0,-9.0,-9.00,-9.00,-9,-9,20,-9,-9,-9,-9,-9,-9,-9
HH,IE-IGFS,4,IE,45CE,GOV,110,,P,PO39,88,2020,11,25,0738,16,30,D,52.6950,-12.0500,52.7240,-12.0670,34D7,247,V,-9,1,2,R,3.8000,-9,-9,3425,745,26,-9,5.2000,1400,132.9,24.2,247,-9.0000,998,340,3.7000,-9.0000,-9,-9.0000,-9,-9.0000,345,27,-9,-9.0000,-9.0,-9.0,-9.00,-9.00,-9,-9,20,-9,-9,-9,-9,-9,-9,-9
HH,IE-IGFS,4,IE,45CE,GOV,55,,P,66,95,2020,11,26,1528,32,25,D,52.7840,-9.6180,52.8090,-9.6060,34E0,54,V,-9,1,2,R,4.2000,-9,-9,2897,246,26,-9,5.2000,1400,82.3,21.4,247,-9.0000,998,16,3.7000,-9.0000,-9,-9.0000,-9,-9.0000,237,8,-9,-9.0000,-9.0,-9.0,-9.00,-9.00,-9,-9,20,-9,-9,-9,-9,-9,-9,-9
HH,IE-IGFS,4,IE,45CE,GOV,110,,P,FG121,89,2020,11,25,1007,30,30,D,52.7890,-11.8340,52.8210,-11.8330,34D8,180,V,-9,1,2,R,3.9000,-9,-9,3561,568,26,-9,5.2000,1400,125.8,23.4,247,-9.0000,998,1,3.8000,-9.0000,-9,-9.0000,-9,-9.0000,346,20,-9,-9.0000,-9.0,-9.0,-9.00,-9.00,-9,-9,20,-9,-9,-9,-9,-9,-9,-9
HH,IE-IGFS,4,IE,45CE,GOV,110,,P,50,87,2020,11,24,1639,30,30,D,52.8590,-11.0430,52.8900,-11.0580,34D8,129,V,-9,1,2,R,3.9000,-9,-9,3594,450,26,-9,5.2000,1400,119.8,22.5,247,-9.0000,998,343,3.9000,-9.0000,-9,-9.0000,-9,-9.0000,272,20,-9,-9.0000,-9.0,-9.0,-9.00,-9.00,-9,-9,20,-9,-9,-9,-9,-9,-9,-9
HH,IE-IGFS,4,IE,45CE,GOV,110,,P,MB15,94,2020,11,26,1246,31,30,D,52.9460,-9.9750,52.9650,-9.9310,34E0,99,V,-9,1,2,R,4.1000,-9,-9,3635,378,26,-9,5.2000,1400,119.4,23.4,247,-9.0000,998,54,3.9000,-9.0000,-9,-9.0000,-9,-9.0000,245,10,-9,-9.0000,-9.0,-9.0,-9.00,-9.00,-9,-9,20,-9,-9,-9,-9,-9,-9,-9
HH,IE-IGFS,4,IE,45CE,GOV,55,,P,FG173,8,2020,11,3,1624,32,31,D,52.9740,-9.6170,52.9570,-9.6630,34E0,71,V,-9,1,2,R,4.1000,-9,-9,3623,273,26,-9,5.2000,1400,85.1,22.2,247,-9.0000,998,238,3.8000,-9.0000,-9,-9.0000,-9,-9.0000,328,11,-9,-9.0000,-9.0,-9.0,-9.00,-9.00,-9,-9,20,-9,-9,-9,-9,-9,-9,-9
HH,IE-IGFS,4,IE,45CE,GOV,110,,P,FG120,90,2020,11,25,1331,30,40,D,53.0010,-11.2370,53.0330,-11.2320,35D8,135,V,-9,1,2,R,4.1000,-9,-9,3576,462,26,-9,5.2000,1400,120.4,23.1,247,-9.0000,998,5,2.9000,-9.0000,-9,-9.0000,-9,-9.0000,356,22,-9,-9.0000,-9.0,-9.0,-9.00,-9.00,-9,-9,20,-9,-9,-9,-9,-9,-9,-9
HH,IE-IGFS,4,IE,45CE,GOV,110,,P,51,91,2020,11,25,1538,31,30,D,53.0390,-10.9230,53.0620,-10.8850,35D9,129,V,-9,1,2,R,4.1000,-9,-9,3611,450,26,-9,5.2000,1400,119.2,22.8,247,-9.0000,998,44,3.9000,-9.0000,-9,-9.0000,-9,-9.0000,346,20,-9,-9.0000,-9.0,-9.0,-9.00,-9.00,-9,-9,20,-9,-9,-9,-9,-9,-9,-9
HH,IE-IGFS,4,IE,45CE,GOV,110,,P,56A,93,2020,11,26,1050,31,30,D,53.1030,-10.1960,53.0700,-10.1870,35D9,102,V,-9,1,2,R,4.0000,-9,-9,3721,378,26,-9,5.2000,1400,119.9,23.6,247,-9.0000,998,170,4.0000,-9.0000,-9,-9.0000,-9,-9.0000,245,13,-9,-9.0000,-9.0,-9.0,-9.00,-9.00,-9,-9,20,-9,-9,-9,-9,-9,-9,-9
HH,IE-IGFS,4,IE,45CE,GOV,110,,P,FG224,99,2020,11,28,1608,30,30,D,53.1080,-11.6410,53.1410,-11.6420,35D8,161,V,-9,1,2,R,4.1000,-9,-9,3673,499,26,-9,5.2000,1400,124.4,23.9,247,-9.0000,998,358,4.0000,-9.0000,-9,-9.0000,-9,-9.0000,51,12,-9,-9.0000,-9.0,-9.0,-9.00,-9.00,-9,-9,20,-9,-9,-9,-9,-9,-9,-9
HH,IE-IGFS,4,IE,45CE,GOV,55,,P,MB52,6,2020,11,3,0744,32,22,D,53.1410,-9.3250,53.1230,-9.3490,35E0,37,V,-9,1,2,R,4.8000,-9,-9,2567,193,26,-9,5.2000,1400,74.4,20.2,247,-9.0000,998,218,3.8000,-9.0000,-9,-9.0000,-9,-9.0000,287,19,-9,-9.0000,-9.0,-9.0,-9.00,-9.00,-9,-9,20,-9,-9,-9,-9,-9,-9,-9
HH,IE-IGFS,4,IE,45CE,GOV,55,,P,BH1,5,2020,11,2,1521,32,32,D,53.1850,-9.2660,53.1690,-9.3130,35E0,35,V,-9,1,2,R,4.6000,-9,-9,3611,179,26,-9,5.2000,1400,73.4,20.4,247,-9.0000,998,240,3.7000,-9.0000,-9,-9.0000,-9,-9.0000,273,31,-9,-9.0000,-9.0,-9.0,-9.00,-9.00,-9,-9,20,-9,-9,-9,-9,-9,-9,-9
HH,IE-IGFS,4,IE,45CE,GOV,55,,P,62,2,2020,11,2,0752,32,33,D,53.1910,-9.3810,53.1940,-9.4400,35E0,37,V,-9,1,2,R,4.7000,-9,-9,3957,193,26,-9,5.2000,1400,78.4,21.5,247,-9.0000,998,274,3.9000,-9.0000,-9,-9.0000,-9,-9.0000,284,15,-9,-9.0000,-9.0,-9.0,-9.00,-9.00,-9,-9,20,-9,-9,-9,-9,-9,-9,-9
HH,IE-IGFS,4,IE,45CE,GOV,55,,P,FG217,92,2020,11,26,0746,32,30,D,53.1950,-9.5740,53.1920,-9.6280,35E0,43,V,-9,1,2,R,4.2000,-9,-9,3624,230,26,-9,5.2000,1400,84.2,21.9,247,-9.0000,998,264,3.9000,-9.0000,-9,-9.0000,-9,-9.0000,315,5,-9,-9.0000,-9.0,-9.0,-9.00,-9.00,-9,-9,20,-9,-9,-9,-9,-9,-9,-9
HH,IE-IGFS,4,IE,45CE,GOV,110,,P,89,98,2020,11,28,1249,30,30,D,53.2210,-11.2290,53.2030,-11.2700,35D8,147,V,-9,1,2,R,4.0000,-9,-9,3393,474,26,-9,5.2000,1400,118.4,22.8,247,-9.0000,998,233,3.7000,-9.0000,-9,-9.0000,-9,-9.0000,100,13,-9,-9.0000,-9.0,-9.0,-9.00,-9.00,-9,-9,20,-9,-9,-9,-9,-9,-9,-9
HH,IE-IGFS,4,IE,45CE,GOV,110,,P,FG75,96,2020,11,28,0739,31,30,D,53.2900,-10.2320,53.3110,-10.2750,35D9,115,V,-9,1,2,R,3.9000,-9,-9,3698,415,26,-9,5.2000,1400,120.6,23.4,247,-9.0000,998,309,4.0000,-9.0000,-9,-9.0000,-9,-9.0000,88,14,-9,-9.0000,-9.0,-9.0,-9.00,-9.00,-9,-9,20,-9,-9,-9,-9,-9,-9,-9
HH,IE-IGFS,4,IE,45CE,GOV,110,,P,FG78,97,2020,11,28,1056,30,30,D,53.3080,-10.9200,53.2940,-10.9650,35D9,130,V,-9,1,2,R,4.1000,-9,-9,3380,450,26,-9,5.2000,1400,117.3,22.8,247,-9.0000,998,242,3.6000,-9.0000,-9,-9.0000,-9,-9.0000,100,12,-9,-9.0000,-9.0,-9.0,-9.00,-9.00,-9,-9,20,-9,-9,-9,-9,-9,-9,-9
HH,IE-IGFS,4,IE,45CE,GOV,110,,P,FG76,101,2020,11,29,1122,16,20,D,53.9310,-11.1950,53.9510,-11.1810,36D8,222,V,-9,1,2,R,3.9000,-9,-9,2408,663,26,-9,5.2000,1400,125.3,23.4,247,-9.0000,998,22,3.9000,-9.0000,-9,-9.0000,-9,-9.0000,276,8,-9,-9.0000,-9.0,-9.0,-9.00,-9.00,-9,-9,20,-9,-9,-9,-9,-9,-9,-9
HH,IE-IGFS,4,IE,45CE,GOV,110,,P,PO113,100,2020,11,29,0749,16,30,D,53.9510,-11.9660,53.9500,-11.9080,36D8,382,V,-9,1,2,R,3.2000,-9,-9,3809,1128,26,-9,5.2000,1400,138.6,25.2,247,-9.0000,998,91,4.1000,-9.0000,-9,-9.0000,-9,-9.0000,100,6,-9,-9.0000,-9.0,-9.0,-9.00,-9.00,-9,-9,20,-9,-9,-9,-9,-9,-9,-9
HH,IE-IGFS,4,IE,45CE,GOV,110,,P,21,103,2020,11,29,1558,30,30,D,54.1500,-10.6950,54.1820,-10.6790,37D9,181,V,-9,1,2,R,3.8000,-9,-9,3711,554,26,-9,5.2000,1400,127.8,24.4,247,-9.0000,998,16,4.0000,-9.0000,-9,-9.0000,-9,-9.0000,261,12,-9,-9.0000,-9.0,-9.0,-9.00,-9.00,-9,-9,20,-9,-9,-9,-9,-9,-9,-9
HH,IE-IGFS,4,IE,45CE,GOV,110,,P,FG91,102,2020,11,29,1340,16,30,D,54.2000,-10.9990,54.2320,-10.9990,37D9,266,V,-9,1,2,R,3.8000,-9,-9,3561,789,26,-9,5.2000,1400,135.3,24.4,247,-9.0000,998,360,3.8000,-9.0000,-9,-9.0000,-9,-9.0000,292,10,-9,-9.0000,-9.0,-9.0,-9.00,-9.00,-9,-9,20,-9,-9,-9,-9,-9,-9,-9
HH,IE-IGFS,4,IE,45CE,GOV,110,,P,22,104,2020,11,30,0751,31,30,D,54.2880,-10.3700,54.3010,-10.3190,37D9,135,V,-9,1,2,R,4.2000,-9,-9,3622,427,26,-9,5.2000,1400,116.3,22.9,247,-9.0000,998,66,3.9000,-9.0000,-9,-9.0000,-9,-9.0000,271,23,-9,-9.0000,-9.0,-9.0,-9.00,-9.00,-9,-9,20,-9,-9,-9,-9,-9,-9,-9
HH,IE-IGFS,4,IE,45CE,GOV,55,,P,20,105,2020,11,30,1054,32,30,D,54.3470,-9.6840,54.3410,-9.6280,37E0,49,V,-9,1,2,R,4.2000,-9,-9,3702,233,26,-9,5.2000,1400,83.6,21.8,247,-9.0000,998,100,4.0000,-9.0000,-9,-9.0000,-9,-9.0000,292,19,-9,-9.0000,-9.0,-9.0,-9.00,-9.00,-9,-9,20,-9,-9,-9,-9,-9,-9,-9
HH,IE-IGFS,4,IE,45CE,GOV,55,,P,MB27,106,2020,11,30,1444,32,30,D,54.3970,-8.8230,54.4270,-8.8440,37E1,60,V,-9,1,2,R,4.4000,-9,-9,3607,246,26,-9,5.2000,1400,83.4,21.6,247,-9.0000,998,337,3.9000,-9.0000,-9,-9.0000,-9,-9.0000,345,12,-9,-9.0000,-9.0,-9.0,-9.00,-9.00,-9,-9,20,-9,-9,-9,-9,-9,-9,-9
HH,IE-IGFS,4,IE,45CE,GOV,110,,P,FG193,107,2020,12,1,0753,34,30,D,54.5150,-9.9710,54.5310,-10.0210,38E0,103,V,-9,1,2,R,4.6000,-9,-9,3695,378,26,-9,5.2000,1400,106.4,21.6,247,-9.0000,2212,298,4.0000,-9.0000,-9,-9.0000,-9,-9.0000,245,17,-9,-9.0000,-9.0,-9.0,-9.00,-9.00,-9,-9,20,-9,-9,-9,-9,-9,-9,-9
HH,IE-IGFS,4,IE,45CE,GOV,55,,P,14,113,2020,12,2,1059,33,31,D,54.5670,-8.3950,54.5830,-8.3470,38E1,42,V,-9,1,2,R,4.4000,-9,-9,3578,220,26,-9,5.2000,1400,77.8,20.8,247,-9.0000,2212,60,3.7000,-9.0000,-9,-9.0000,-9,-9.0000,-9,-9,-9,-9.0000,-9.0,-9.0,-9.00,-9.00,-9,-9,20,-9,-9,-9,-9,-9,-9,-9
HH,IE-IGFS,4,IE,45CE,GOV,110,,P,MB45,112,2020,12,2,0802,33,30,D,54.5770,-8.7580,54.5670,-8.7040,38E1,84,V,-9,1,2,R,3.9000,-9,-9,3665,324,26,-9,5.2000,1400,82.0,21.9,247,-9.0000,2212,107,4.0000,-9.0000,-9,-9.0000,-9,-9.0000,279,23,-9,-9.0000,-9.0,-9.0,-9.00,-9.00,-9,-9,20,-9,-9,-9,-9,-9,-9,-9
HH,IE-IGFS,4,IE,45CE,GOV,110,,P,FG150,108,2020,12,1,0951,34,30,D,54.5910,-10.2620,54.5620,-10.2870,38D9,121,V,-9,1,2,R,4.3000,-9,-9,3610,415,26,-9,5.2000,1400,110.1,21.8,247,-9.0000,2212,206,3.9000,-9.0000,-9,-9.0000,-9,-9.0000,248,17,-9,-9.0000,-9.0,-9.0,-9.00,-9.00,-9,-9,20,-9,-9,-9,-9,-9,-9,-9
HH,IE-IGFS,4,IE,45CE,GOV,110,,P,FG149,109,2020,12,1,1221,15,30,D,54.5920,-10.5980,54.6210,-10.5660,38D9,236,V,-9,1,2,R,4.4000,-9,-9,3833,964,26,-9,5.2000,1400,133.8,25.0,247,-9.0000,2212,32,4.1000,-9.0000,-9,-9.0000,-9,-9.0000,260,19,-9,-9.0000,-9.0,-9.0,-9.00,-9.00,-9,-9,20,-9,-9,-9,-9,-9,-9,-9
HH,IE-IGFS,4,IE,45CE,GOV,110,,P,MM4,114,2020,12,3,0752,34,30,D,54.6180,-9.0100,54.6510,-9.0160,38E0,-9,V,-9,1,2,R,4.1000,-9,-9,3693,324,26,-9,5.2000,1400,101.2,20.9,247,-9.0000,2212,353,4.0000,-9.0000,-9,-9.0000,-9,-9.0000,265,16,-9,-9.0000,-9.0,-9.0,-9.00,-9.00,-9,-9,20,-9,-9,-9,-9,-9,-9,-9
HH,IE-IGFS,4,IE,45CE,GOV,110,,P,MM5,115,2020,12,3,1105,34,30,D,54.7120,-9.5670,54.6900,-9.6060,38E0,103,V,-9,1,2,R,4.8000,-9,-9,3509,366,26,-9,5.2000,1400,103.7,21.3,247,-9.0000,2212,225,3.8000,-9.0000,-9,-9.0000,-9,-9.0000,350,8,-9,-9.0000,-9.0,-9.0,-9.00,-9.00,-9,-9,20,-9,-9,-9,-9,-9,-9,-9
HH,IE-IGFS,4,IE,45CE,GOV,55,,P,MM6,118,2020,12,5,1330,33,30,D,54.8680,-8.7880,54.8540,-8.8430,38E1,73,V,-9,1,2,R,4.1000,-9,-9,3860,275,26,-9,5.2000,1400,82.2,20.4,247,-9.0000,2212,246,4.2000,-9.0000,-9,-9.0000,-9,-9.0000,26,25,-9,-9.0000,-9.0,-9.0,-9.00,-9.00,-9,-9,20,-9,-9,-9,-9,-9,-9,-9
HH,IE-IGFS,4,IE,45CE,GOV,110,,P,FG102,116,2020,12,3,1351,34,30,D,54.9460,-9.7040,54.9750,-9.7080,38E0,106,V,-9,1,2,R,4.9000,-9,-9,3238,378,26,-9,5.2000,1400,104.1,22.0,247,-9.0000,2212,355,3.5000,-9.0000,-9,-9.0000,-9,-9.0000,33,8,-9,-9.0000,-9.0,-9.0,-9.00,-9.00,-9,-9,20,-9,-9,-9,-9,-9,-9,-9
HH,IE-IGFS,4,IE,45CE,GOV,110,,P,FG151,111,2020,12,1,1639,36,20,D,54.9650,-10.1690,54.9810,-10.1510,38D9,223,V,-9,1,2,R,4.6000,-9,-9,2121,718,26,-9,5.2000,1400,120.6,23.4,247,-9.0000,2212,32,3.4000,-9.0000,-9,-9.0000,-9,-9.0000,237,16,-9,-9.0000,-9.0,-9.0,-9.00,-9.00,-9,-9,20,-9,-9,-9,-9,-9,-9,-9
HH,IE-IGFS,4,IE,45CE,GOV,110,,P,27,117,2020,12,3,1552,34,30,D,55.0000,-9.4200,54.9700,-9.4000,39E0,97,V,-9,1,2,R,4.6000,-9,-9,3576,349,26,-9,5.2000,1400,106.5,21.2,247,-9.0000,2212,159,3.9000,-9.0000,-9,-9.0000,-9,-9.0000,353,12,-9,-9.0000,-9.0,-9.0,-9.00,-9.00,-9,-9,20,-9,-9,-9,-9,-9,-9,-9
HH,IE-IGFS,4,IE,45CE,GOV,110,,P,MAR4,119,2020,12,5,1637,34,20,D,55.0770,-8.9940,55.0960,-9.0050,39E1,89,V,-9,1,2,R,4.8000,-9,-9,2228,336,26,-9,5.2000,1400,103.8,21.8,247,-9.0000,2212,341,3.6000,-9.0000,-9,-9.0000,-9,-9.0000,3,17,-9,-9.0000,-9.0,-9.0,-9.00,-9.00,-9,-9,20,-9,-9,-9,-9,-9,-9,-9
HH,IE-IGFS,4,IE,45CE,GOV,110,,P,MB41,120,2020,12,6,0746,34,30,D,55.2760,-8.4770,55.3080,-8.4730,39E1,93,V,-9,1,2,R,4.4000,-9,-9,3571,336,26,-9,5.2000,1400,106.2,21.4,247,-9.0000,2212,4,3.9000,-9.0000,-9,-9.0000,-9,-9.0000,208,4,-9,-9.0000,-9.0,-9.0,-9.00,-9.00,-9,-9,20,-9,-9,-9,-9,-9,-9,-9
HH,IE-IGFS,4,IE,45CE,GOV,110,,P,FG45,138,2020,12,10,0809,34,30,D,55.3390,-6.3250,55.3710,-6.3080,39E3,173,V,-9,1,2,R,4.3000,-9,-9,3722,527,26,-9,5.2000,1400,114.2,21.9,247,-9.0000,2212,16,4.0000,-9.0000,-9,-9.0000,-9,-9.0000,156,18,-9,-9.0000,-9.0,-9.0,-9.00,-9.00,-9,-9,20,-9,-9,-9,-9,-9,-9,-9
HH,IE-IGFS,4,IE,45CE,GOV,110,,P,R210,123,2020,12,6,1332,36,30,D,55.4060,-9.2500,55.4380,-9.2530,39E0,126,V,-9,1,2,R,4.4000,-9,-9,3567,415,26,-9,5.2000,1400,110.0,22.9,247,-9.0000,2212,356,3.8000,-9.0000,-9,-9.0000,-9,-9.0000,156,4,-9,-9.0000,-9.0,-9.0,-9.00,-9.00,-9,-9,20,-9,-9,-9,-9,-9,-9,-9
HH,IE-IGFS,4,IE,45CE,GOV,110,,P,12,121,2020,12,6,0931,34,30,D,55.4190,-8.5760,55.4490,-8.6010,39E1,102,V,-9,1,2,R,4.6000,-9,-9,3695,366,26,-9,5.2000,1400,104.1,21.2,247,-9.0000,2212,334,4.0000,-9.0000,-9,-9.0000,-9,-9.0000,178,4,-9,-9.0000,-9.0,-9.0,-9.00,-9.00,-9,-9,20,-9,-9,-9,-9,-9,-9,-9
HH,IE-IGFS,4,IE,45CE,GOV,110,S,P,FG64,87,2016,11,23,1627,17,32,D,50.2810,-11.0910,50.2490,-11.1090,29D8,507,V,,1,2,R,3.9000,-9,,3783,1483,26,,5.2000,1400,138.4,25.1,247,,998,199,3.8000,,,,,,48,14,,,,,,,,,,,,,,,,
HH,IE-IGFS,4,IE,45CE,GOV,110,S,P,FG71,99,2016,11,29,0737,17,30,D,51.8780,-11.5290,51.9110,-11.5240,32D8,248,V,,1,2,R,3.9000,-9,,3687,760,26,,5.2000,1400,130.0,24.2,247,,998,5,4.0000,,,,,,88,9,,,,,,,,,,,,,,,,
HH,IE-IGFS,4,IE,45CE,GOV,110,S,P,FG70,100,2016,11,29,0953,17,30,D,52.1290,-11.6020,52.1550,-11.6310,33D8,262,V,,1,2,R,4.2000,-9,,3508,785,26,,5.2000,1400,127.3,24.0,247,,998,325,3.8000,,,,,,132,5,,,,,,,,,,,,,,,,
HH,IE-IGFS,4,IE,45CE,GOV,110,S,P,FG203,99,2018,11,23,1152,29,31,D,51.2510,-10.7270,51.2210,-10.7470,31D9,166,V,,1,2,R,3.6000,-9,,3618,513,26,,5.2000,1400,122.5,23.2,247,,998,202,3.8000,,,,,,192,3,,,,,,,,,,,,,,,,
HH,IE-IGFS,4,IE,45CE,GOV,110,S,P,FG159,100,2018,11,23,1459,29,17,D,51.0530,-11.0710,51.0870,-11.0710,31D8,186,V,,1,2,R,3.6000,-9,,3782,568,26,,5.2000,1400,126.4,24.0,247,,998,360,7.2000,,,,,,310,8,,,,,,,,,,,,,,,,
HH,IE-IGFS,4,IE,45CE,GOV,110,S,P,CC502,103,2018,11,24,1027,29,30,D,50.0820,-10.9190,50.0630,-10.8780,29D9,173,V,,1,2,R,4.1000,-9,,3616,554,26,,5.2000,1400,120.9,23.4,247,,998,125,3.9000,,,,,,349,8,,,,,,,,,,,,,,,,
HH,IE-IGFS,4,IE,45CE,GOV,110,S,P,FG212,104,2018,11,24,1241,29,21,D,50.1340,-10.6030,50.1560,-10.5940,29D9,153,V,,1,2,R,3.8000,-9,,2530,486,26,,5.2000,1400,120.1,23.1,247,,998,14,3.9000,,,,,,28,1,,,,,,,,,,,,,,,,
HH,IE-IGFS,4,IE,45CE,GOV,110,S,P,FG195,105,2018,11,24,1609,29,30,D,50.0660,-9.9870,50.0800,-9.9430,29E0,140,V,,1,2,R,4.2000,-9,,3513,450,26,,5.2000,1400,117.6,23.3,247,,998,63,3.8000,,,,,,57,20,,,,,,,,,,,,,,,,
HH,IE-IGFS,4,IE,45CE,GOV,110,S,P,FG132,106,2018,11,24,0743,29,30,D,50.5210,-9.0840,50.5190,-9.1360,30E0,127,V,,1,2,R,4.1000,-9,,3694,427,26,,5.2000,1400,114.8,22.8,247,,998,266,4.0000,,,,,,68,14,,,,,,,,,,,,,,,,
HH,IE-IGFS,4,IE,45CE,GOV,110,S,P,FG161,108,2018,11,25,1144,29,30,D,50.3580,-9.7190,50.3450,-9.7660,29E0,126,V,,1,2,R,4.1000,-9,,3644,438,26,,5.2000,1400,115.8,23.1,247,,998,246,3.9000,,,,,,83,19,,,,,,,,,,,,,,,,
HH,IE-IGFS,4,IE,45CE,GOV,110,S,P,FG160,110,2018,11,25,1603,29,31,D,50.5430,-10.3780,50.5430,-10.4290,30D9,159,V,,1,2,R,3.9000,-9,,3615,494,26,,5.2000,1400,119.0,22.8,247,,998,270,3.8000,,,,,,118,17,,,,,,,,,,,,,,,,
HH,IE-IGFS,4,IE,45CE,GOV,110,S,P,82,111,2018,11,26,0743,29,20,D,50.7170,-10.7550,50.7170,-10.7170,30D9,173,V,,1,2,R,3.9000,-9,,2683,540,26,,5.2000,1400,120.4,22.6,247,,998,89,4.3000,,,,,,243,7,,,,,,,,,,,,,,,,
HH,IE-IGFS,4,IE,45CE,GOV,110,S,P,FG130,112,2018,11,26,1011,29,31,D,50.7410,-10.2820,50.7750,-10.2770,30D9,142,V,,1,2,R,3.9000,-9,,3798,462,26,,5.2000,1400,118.9,22.9,247,,998,5,4.0000,,,,,,247,9,,,,,,,,,,,,,,,,
HH,IE-IGFS,4,IE,45CE,GOV,110,S,P,FG57,113,2018,11,26,1255,29,30,D,50.8370,-9.8300,50.8330,-9.7800,30E0,123,V,,1,2,R,4.0000,-9,,3550,412,26,,5.2000,1400,115.8,22.8,247,,998,97,3.8000,,,,,,213,10,,,,,,,,,,,,,,,,
HH,IE-IGFS,4,IE,45CE,GOV,110,S,P,FG163,114,2018,11,26,1435,29,31,D,50.8340,-9.5780,50.8360,-9.5270,30E0,119,V,,1,2,R,4.1000,-9,,3599,415,26,,5.2000,1400,115.8,23.1,247,,998,86,3.8000,,,,,,192,10,,,,,,,,,,,,,,,,
HH,IE-IGFS,4,IE,45CE,GOV,110,S,P,FG3,92,2018,11,22,0746,29,31,D,51.5920,-11.0940,51.6210,-11.1260,32D8,184,V,,1,2,R,3.5000,-9,,3914,554,26,,5.2000,1400,124.9,24.1,247,,998,325,4.1000,,,,,,111,9,,,,,,,,,,,,,,,,
HH,IE-IGFS,4,IE,45CE,GOV,55,I2,P,FG192,23,2012,9,29,1506,33,30,D,56.3030,-7.0680,56.3250,-7.0240,41E2,90,V,,1,2,R,4.2000,-9,,3662,300,26,,5.2000,1400,79.3,20.0,247,,2212,47,3.9000,,,,,,253,16,,,12.9,,,,,,,,,,,,,
HH,IE-IGFS,4,IE,45CE,GOV,110,I2,P,FG144,20,2012,9,29,0912,36,29,D,56.3350,-7.5800,56.3410,-7.6340,41E2,143,V,,1,2,R,4.3000,-9,,3405,525,26,,5.2000,1400,102.7,19.8,247,,2212,281,3.8000,,,,,,294,17,,,,,,,,,,,,,,,,
HH,IE-IGFS,4,IE,45CE,GOV,110,S,P,FG126,93,2016,11,27,1615,17,30,D,51.3880,-11.4620,51.4200,-11.4560,31D8,301,V,,1,2,R,4.2000,-9,,3584,910,26,,5.2000,1400,130.3,24.2,247,,998,6,3.9000,,,,,,125,14,,,,,,,,,,,,,,,,
HH,IE-IGFS,4,IE,45CE,GOV,110,S,P,FG196,90,2016,11,27,0739,17,30,D,50.9460,-11.1850,50.9680,-11.2250,30D8,244,V,,1,2,R,4.1000,-9,,3726,718,26,,5.2000,1400,127.9,24.0,247,,998,311,4.0000,,,,,,89,16,,,,,,,,,,,,,,,,
HH,IE-IGFS,4,IE,45CE,GOV,110,S,P,FG155,102,2016,11,29,1409,17,30,D,52.4230,-11.9540,52.4460,-11.9930,33D8,288,V,,1,2,R,4.1000,-9,,3685,855,26,,5.2000,1400,130.6,24.4,247,,998,314,4.0000,,,,,,150,3,,,,,,,,,,,,,,,,
HH,IE-IGFS,4,IE,45CE,GOV,110,I2,P,GD17,14,2017,10,7,1341,36,30,D,56.3420,-8.5210,56.3550,-8.4640,41E1,154,V,,1,2,R,4.1000,-9,,3810,486,26,,5.2000,1400,112.1,21.9,247,,2212,67,4.1000,,,,,,307,16,,,,,,,,,,,,,,,,
HH,IE-IGFS,4,IE,45CE,GOV,110,I2,P,FG94,15,2017,10,7,1648,36,18,D,56.3830,-7.8080,56.3970,-7.7810,41E2,174,V,,1,2,R,3.6000,-9,,2282,554,26,,5.2000,1400,120.5,23.5,247,,2212,46,4.1000,,,,,,307,16,,,,,,,,,,,,,,,,
HH,IE-IGFS,4,IE,45CE,GOV,110,I2,P,FG102,4,2017,10,5,1425,34,32,D,54.9040,-9.6950,54.9360,-9.7010,38E0,100,V,,1,2,R,,-9,,3583,364,26,,5.2000,1400,106.8,21.9,247,,2212,353,3.6000,,,,,,320,19,,,,,,,,,,,,,,,,
HH,IE-IGFS,4,IE,45CE,GOV,110,I2,P,93,17,2017,10,8,0830,34,31,D,56.2100,-7.3040,56.2180,-7.2520,41E2,95,V,,1,2,R,4.3000,-9,,3347,195,26,,5.2000,1400,104.8,21.3,247,,2212,74,3.5000,,,,,,267,11,,,,,,,,,,,,,,,,
HH,IE-IGFS,4,IE,45CE,GOV,110,I2,P,SC575,22,2015,9,24,0930,34,29,D,55.9800,-7.2780,55.9800,-7.2170,40E2,111,V,,1,2,R,3.9000,-9,,3807,390,26,,5.2000,1400,108.2,20.6,247,,2212,89,4.2000,,,,,,255,24,,,,,,,,,,,,,,,,
HH,IE-IGFS,4,IE,45CE,GOV,110,I2,P,MB25,32,2015,9,26,0759,34,30,D,55.7570,-8.0530,55.7290,-8.0840,40E1,101,V,,1,2,R,4.1000,-9,,3675,378,26,,5.2000,1400,105.0,20.3,247,,2212,211,4.0000,,,,,,179,13,,,,,,,,,,,,,,,,
HH,IE-IGFS,4,IE,45CE,GOV,110,I2,P,6A,33,2015,9,26,1032,34,30,D,55.6610,-8.6020,55.6690,-8.6610,40E1,91,V,,1,2,R,4.1000,-9,,3818,336,26,,5.2000,1400,106.6,20.0,247,,2212,283,4.1000,,,,,,180,18,,,,,,,,,,,,,,,,
HH,IE-IGFS,4,IE,45CE,GOV,110,I2,P,GD2,34,2015,9,26,1241,34,21,D,55.5640,-8.3580,55.5760,-8.3190,40E1,84,V,,1,2,R,4.1000,-9,,2799,311,26,,5.2000,1400,104.4,16.6,247,,2212,61,4.3000,,,,,,194,15,,,,,,,,,,,,,,,,
HH,IE-IGFS,4,IE,45CE,GOV,110,I2,P,12,40,2015,9,27,1115,34,31,D,55.4350,-8.5900,55.4650,-8.6150,39E1,100,V,,1,2,R,4.1000,-9,,3695,366,26,,5.2000,1400,103.5,19.6,247,,2212,334,3.9000,,,,,,,,,,,,,,,,,,,,,,,
HH,IE-IGFS,4,IE,45CE,GOV,110,I2,P,MB106,41,2015,9,27,1401,34,30,D,55.2740,-8.6960,55.2720,-8.7560,39E1,97,V,,1,2,R,4.1000,-9,,3820,360,26,,5.2000,1400,105.1,19.8,247,,2212,266,4.1000,,,,,,179,17,,,,,,,,,,,,,,,,
HH,IE-IGFS,4,IE,45CE,GOV,110,I2,P,MAR4,44,2015,9,28,0816,34,19,D,55.0780,-9.0020,55.0980,-9.0070,39E0,-9,V,,1,2,R,4.1000,-9,,2249,336,26,,5.2000,1400,100.0,19.5,247,,2212,351,3.8000,,,,,,,,,,,,,,,,,,,,,,,
HH,IE-IGFS,4,IE,45CE,GOV,110,I2,P,SC546,45,2015,9,28,1032,34,40,D,55.1410,-9.3780,55.0960,-9.3590,39E0,111,V,,1,2,R,3.9000,-9,,5154,390,26,,5.2000,1400,110.2,20.6,247,,2212,166,4.2000,,,,,,168,19,,,,,,,,,,,,,,,,
HH,IE-IGFS,4,IE,45CE,GOV,110,I2,P,FG102,46,2015,9,28,1327,34,28,D,54.9760,-9.7070,54.9450,-9.7030,38E0,111,V,,1,2,R,3.9000,-9,,3460,402,26,,5.2000,1400,111.1,20.8,247,,2212,175,4.0000,,,,,,173,24,,,,,,,,,,,,,,,,
HH,IE-IGFS,4,IE,45CE,GOV,110,I2,P,MM5,47,2015,9,28,1606,34,29,D,54.7140,-9.5620,54.6930,-9.6020,38E0,101,V,,1,2,R,4.1000,-9,,3480,366,26,,5.2000,1400,105.7,19.9,247,,2212,227,3.9000,,,,,,178,19,,,,,,,,,,,,,,,,
HH,IE-IGFS,4,IE,45CE,GOV,110,I2,P,MAR5,24,2015,9,24,1530,34,30,D,55.5860,-6.6840,55.5690,-6.7360,40E3,112,V,,1,2,R,4.0000,-9,,3786,390,26,,5.2000,1400,108.4,19.8,247,,2212,239,4.1000,,,,,,268,21,,,,,,,,,,,,,,,,
HH,IE-IGFS,4,IE,45CE,GOV,110,I2,P,6A,13,2019,11,2,1436,34,31,D,55.6640,-8.6210,55.6710,-8.6800,40E1,93,V,-9,1,2,R,4.4000,-9,-9,3793,232,26,-9,5.2000,1400,106.8,22.3,247,-9.0000,2212,281,4.0000,-9.0000,-9,-9.0000,-9,-9.0000,68,7,-9,-9.0000,-9.0,-9.0,-9.00,-9.00,-9,-9,20,-9,-9,-9,-9,-9,-9,-9
HH,IE-IGFS,4,IE,45CE,GOV,110,I2,P,SC544,14,2019,11,2,1711,36,24,D,55.7830,-8.9930,55.8090,-8.9920,40E1,129,V,-9,1,2,R,4.1000,-9,-9,2895,430,26,-9,5.2000,1400,112.8,22.8,247,-9.0000,2212,1,3.9000,-9.0000,-9,-9.0000,-9,-9.0000,60,15,-9,-9.0000,-9.0,-9.0,-9.00,-9.00,-9,-9,20,-9,-9,-9,-9,-9,-9,-9
HH,IE-IGFS,4,IE,45CE,GOV,110,I2,P,GD9,11,2019,11,2,1003,34,31,D,55.2900,-9.1240,55.3240,-9.1260,39E0,104,V,-9,1,2,R,4.2000,-9,-9,3787,366,26,-9,5.2000,1400,109.3,22.2,247,-9.0000,2212,358,4.0000,-9.0000,-9,-9.0000,-9,-9.0000,320,24,-9,-9.0000,-9.0,-9.0,-9.00,-9.00,-9,-9,20,-9,-9,-9,-9,-9,-9,-9
HH,IE-IGFS,4,IE,45CE,GOV,110,I2,P,MB41,42,2019,11,8,1228,34,22,D,55.3010,-8.4740,55.2780,-8.4780,39E1,97,V,-9,1,2,R,4.2000,-9,-9,2573,349,26,-9,5.2000,1400,86.3,22.0,247,-9.0000,2212,185,3.8000,-9.0000,-9,-9.0000,-9,-9.0000,134,6,-9,-9.0000,-9.0,-9.0,-9.00,-9.00,-9,-9,20,-9,-9,-9,-9,-9,-9,-9
HH,IE-IGFS,4,IE,45CE,GOV,110,I2,P,GD7,26,2019,11,5,1008,34,34,D,55.3480,-6.5860,55.3260,-6.6410,39E3,98,V,-9,1,2,R,4.4000,-9,-9,4263,349,26,-9,5.2000,1400,105.0,22.1,247,-9.0000,2212,234,4.1000,-9.0000,-9,-9.0000,-9,-9.0000,355,8,-9,-9.0000,-9.0,-9.0,-9.00,-9.00,-9,-9,20,-9,-9,-9,-9,-9,-9,-9
HH,IE-IGFS,4,IE,45CE,GOV,110,I2,P,MM15,12,2019,11,2,1157,34,31,D,55.4440,-8.9200,55.4700,-8.8830,39E1,95,V,-9,1,2,R,4.2000,-9,-9,3722,336,26,-9,5.2000,1400,107.0,22.3,247,-9.0000,2212,38,3.9000,-9.0000,-9,-9.0000,-9,-9.0000,7,10,-9,-9.0000,-9.0,-9.0,-9.00,-9.00,-9,-9,20,-9,-9,-9,-9,-9,-9,-9
HH,IE-IGFS,4,IE,45CE,GOV,55,I2,P,FG100,29,2019,11,5,1555,33,33,D,55.5010,-7.3540,55.5020,-7.4130,40E2,58,V,-9,1,2,R,4.4000,-9,-9,3730,259,26,-9,5.2000,1400,80.2,-9.0,247,-9.0000,2212,271,3.7000,-9.0000,-9,-9.0000,-9,-9.0000,346,11,-9,-9.0000,-9.0,-9.0,-9.00,-9.00,-9,-9,20,-9,-9,-9,-9,-9,-9,-9
HH,IE-IGFS,4,IE,45CE,GOV,55,I2,P,33,28,2019,11,5,1405,33,31,D,55.5110,-7.0340,55.5320,-7.0800,40E2,76,V,-9,1,2,R,4.1000,-9,-9,3729,298,26,-9,5.2000,1400,84.0,22.2,247,-9.0000,2212,308,3.9000,-9.0000,-9,-9.0000,-9,-9.0000,356,9,-9,-9.0000,-9.0,-9.0,-9.00,-9.00,-9,-9,20,-9,-9,-9,-9,-9,-9,-9
HH,IE-IGFS,4,IE,45CE,GOV,110,I2,P,FG108,9,2019,11,1,1556,36,16,D,55.0770,-10.0700,55.0930,-10.0570,39D9,234,V,-9,1,2,R,4.2000,-9,-9,1965,691,26,-9,5.2000,1400,119.0,22.4,247,-9.0000,2212,24,4.0000,-9.0000,-9,-9.0000,-9,-9.0000,60,15,-9,-9.0000,-9.0,-9.0,-9.00,-9.00,-9,-9,20,-9,-9,-9,-9,-9,-9,-9
HH,IE-IGFS,4,IE,45CE,GOV,110,I2,P,28,10,2019,11,2,0723,34,31,D,55.1060,-9.5650,55.1170,-9.5090,39E0,121,V,-9,1,2,R,4.2000,-9,-9,3777,415,26,-9,5.2000,1400,111.3,22.4,247,-9.0000,2212,71,3.9000,-9.0000,-9,-9.0000,-9,-9.0000,340,21,-9,-9.0000,-9.0,-9.0,-9.00,-9.00,-9,-9,20,-9,-9,-9,-9,-9,-9,-9
HH,IE-IGFS,4,IE,45CE,GOV,110,I2,P,MAR4,43,2019,11,8,1522,34,31,D,55.1210,-9.0150,55.0890,-9.0030,39E0,96,V,-9,1,2,R,4.2000,-9,-9,3643,349,26,-9,5.2000,1400,107.0,21.9,247,-9.0000,2212,167,3.8000,-9.0000,-9,-9.0000,-9,-9.0000,154,16,-9,-9.0000,-9.0,-9.0,-9.00,-9.00,-9,-9,20,-9,-9,-9,-9,-9,-9,-9
HH,IE-IGFS,4,IE,45CE,GOV,55,I2,P,10,41,2019,11,8,0935,33,31,D,55.2120,-7.9660,55.2400,-7.9500,39E2,25,V,-9,1,2,R,4.6000,-9,-9,3279,170,26,-9,5.2000,1400,68.4,19.5,247,-9.0000,2212,18,3.4000,-9.0000,-9,-9.0000,-9,-9.0000,123,3,-9,-9.0000,-9.0,-9.0,-9.00,-9.00,-9,-9,20,-9,-9,-9,-9,-9,-9,-9
HH,IE-IGFS,4,IE,45CE,GOV,55,I2,P,FG115,40,2019,11,8,0711,33,31,D,55.2220,-7.5860,55.2530,-7.5830,39E2,17,V,-9,1,2,R,4.8000,-9,-9,3456,140,26,-9,5.2000,1400,64.7,18.8,247,-9.0000,2212,3,3.6000,-9.0000,-9,-9.0000,-9,-9.0000,62,5,-9,-9.0000,-9.0,-9.0,-9.00,-9.00,-9,-9,20,-9,-9,-9,-9,-9,-9,-9
HH,IE-IGFS,4,IE,45CE,GOV,55,I2,P,COD2,27,2019,11,5,1146,33,36,D,55.2860,-6.8710,55.3210,-6.9260,39E3,58,V,-9,1,2,R,4.3000,-9,-9,5233,246,26,-9,5.2000,1400,79.6,21.3,247,-9.0000,2212,318,4.7000,-9.0000,-9,-9.0000,-9,-9.0000,350,8,-9,-9.0000,-9.0,-9.0,-9.00,-9.00,-9,-9,20,-9,-9,-9,-9,-9,-9,-9
HH,IE-IGFS,4,IE,45CE,GOV,110,I2,P,MM3,48,2019,11,10,0714,34,31,D,54.6560,-8.8940,54.6700,-8.9450,38E1,90,V,-9,1,2,R,4.4000,-9,-9,3641,336,26,-9,5.2000,1400,103.8,21.5,247,-9.0000,2212,295,3.8000,-9.0000,-9,-9.0000,-9,-9.0000,120,9,-9,-9.0000,-9.0,-9.0,-9.00,-9.00,-9,-9,20,-9,-9,-9,-9,-9,-9,-9
HH,IE-IGFS,4,IE,45CE,GOV,110,I2,P,FG113,6,2019,11,1,0935,15,35,D,54.7180,-10.4560,54.7490,-10.4250,38D9,215,V,-9,1,2,R,4.1000,-9,-9,3987,636,26,-9,5.2000,1400,119.8,23.8,247,-9.0000,2212,29,3.7000,-9.0000,-9,-9.0000,-9,-9.0000,62,8,-9,-9.0000,-9.0,-9.0,-9.00,-9.00,-9,-9,20,-9,-9,-9,-9,-9,-9,-9
HH,IE-IGFS,4,IE,45CE,GOV,110,I2,P,FG98,25,2015,9,24,1811,34,31,D,55.2970,-6.4830,55.2780,-6.5310,39E3,129,V,,1,2,R,,-9,,3711,415,26,,5.2000,1400,110.1,20.7,247,,2212,235,3.9000,,,,,,260,17,,,,,,,,,,,,,,,,
HH,IE-IGFS,4,IE,45CE,GOV,110,I2,P,FG109,4,2015,9,20,1556,15,30,D,55.3300,-9.8620,55.3560,-9.8270,39E0,247,V,,1,2,R,4.0000,-9,,3648,745,26,,5.2000,1400,116.0,21.7,247,,2212,37,3.9000,,,,,,275,12,,,,,,,,,,,,,,,,
HH,IE-IGFS,4,IE,45CE,GOV,110,I2,P,FG112,8,2015,9,21,1324,15,32,D,56.0130,-9.2130,56.0460,-9.1980,41E0,241,V,,1,2,R,4.0000,-9,,3791,718,26,,5.2000,1400,121.3,23.0,247,,2212,14,3.8000,,,,,,259,8,,,,,,,,,,,,,,,,
HH,IE-IGFS,4,IE,45CE,GOV,110,I2,P,94,9,2015,9,21,1519,15,20,D,56.1860,-9.1850,56.2080,-9.1770,41E0,233,V,,1,2,R,4.2000,-9,,2499,691,26,,5.2000,1400,121.5,22.8,247,,2212,11,4.0000,,,,,,309,8,,,,,,,,,,,,,,,,
HH,IE-IGFS,4,IE,45CE,GOV,110,I2,P,FG106,10,2015,9,21,1750,15,30,D,56.4510,-9.0730,56.4830,-9.0680,41E0,340,V,,1,2,R,4.0000,-9,,3576,1068,26,,5.2000,1400,125.0,23.0,247,,2212,4,3.9000,,,,,,328,8,,,,,,,,,,,,,,,,
HH,IE-IGFS,4,IE,45CE,GOV,110,S,P,FG136,143,2017,11,29,1305,21,30,D,51.4900,-5.7790,51.5170,-5.8200,31E4,88,V,,1,2,R,4.1000,-9,,4138,324,26,,5.2000,1400,110.4,22.3,247,,998,316,4.5000,,,,,,353,23,,,,,,,,,,,,,,,,
HH,IE-IGFS,4,IE,45CE,GOV,110,S,P,FG139,144,2017,11,29,1610,21,30,D,51.5880,-6.2070,51.6180,-6.1870,32E3,116,V,,1,2,R,4.3000,-9,,3613,402,26,,5.2000,1400,118.0,23.1,247,,998,22,3.9000,,,,,,4,25,,,,,,,,,,,,,,,,
HH,IE-IGFS,4,IE,45CE,GOV,110,S,P,FG26,145,2017,11,30,0737,21,30,D,51.7990,-6.0720,51.8290,-6.0780,32E3,113,V,,1,2,R,4.2000,-9,,3363,402,26,,5.2000,1400,115.8,24.2,247,,998,352,3.6000,,,,,,340,30,,,,,,,,,,,,,,,,
HH,IE-IGFS,4,IE,45CE,GOV,110,S,P,FG52,153,2017,12,2,0732,21,30,D,51.2510,-8.0510,51.2300,-8.0920,31E1,98,V,,1,2,R,4.4000,-9,,3695,355,26,,5.2000,1400,112.3,22.8,247,,998,230,4.0000,,,,,,354,11,,,,,,,,,,,,,,,,
HH,IE-IGFS,4,IE,45CE,GOV,110,S,P,FG140,154,2017,12,2,0940,21,30,D,51.0300,-8.0810,51.0180,-8.1290,31E1,97,V,,1,2,R,4.2000,-9,,3622,366,26,,5.2000,1400,115.1,23.1,247,,998,248,3.9000,,,,,,328,9,,,,,,,,,,,,,,,,
HH,IE-IGFS,4,IE,45CE,GOV,110,S,P,VMS1,155,2017,12,2,1154,21,30,D,50.9000,-8.4590,50.8800,-8.4990,30E1,114,V,,1,2,R,4.1000,-9,,3587,402,26,,5.2000,1400,116.4,22.3,247,,998,231,3.9000,,,,,,337,7,,,,,,,,,,,,,,,,
HH,IE-IGFS,4,IE,45CE,GOV,110,S,P,FG11,156,2017,12,2,1435,21,30,D,50.8430,-8.8970,50.8750,-8.8920,30E1,121,V,,1,2,R,4.2000,-9,,3577,415,26,,5.2000,1400,116.8,22.7,247,,998,5,3.9000,,,,,,334,12,,,,,,,,,,,,,,,,
HH,IE-IGFS,4,IE,45CE,GOV,110,S,P,CC306,128,2017,11,25,1036,21,30,D,50.6260,-8.9100,50.6010,-8.8760,30E1,118,V,,1,2,R,4.1000,-9,,3677,428,26,,5.2000,1400,117.8,22.6,247,,998,139,4.0000,,,,,,309,17,,,,,,,,,,,,,,,,
HH,IE-IGFS,4,IE,45CE,GOV,110,S,P,FG12,129,2017,11,25,1237,21,30,D,50.5560,-8.6150,50.5870,-8.5970,30E1,116,V,,1,2,R,4.1000,-9,,3676,427,26,,5.2000,1400,118.4,22.8,247,,998,20,4.0000,,,,,,321,20,,,,,,,,,,,,,,,,
HH,IE-IGFS,4,IE,45CE,GOV,110,S,P,62A,130,2017,11,25,1420,21,30,D,50.7030,-8.4980,50.7270,-8.4640,30E1,110,V,,1,2,R,4.1000,-9,,3590,402,26,,5.2000,1400,116.7,22.7,247,,998,41,3.9000,,,,,,330,21,,,,,,,,,,,,,,,,
HH,IE-IGFS,4,IE,45CE,GOV,110,S,P,FG13,131,2017,11,25,1605,21,30,D,50.7380,-8.2450,50.7560,-8.2010,30E1,109,V,,1,2,R,4.2000,-9,,3695,402,26,,5.2000,1400,116.9,22.6,247,,998,57,4.0000,,,,,,323,18,,,,,,,,,,,,,,,,
HH,IE-IGFS,4,IE,45CE,GOV,110,S,P,MB30,133,2017,11,26,0935,21,30,D,50.6130,-7.6020,50.6440,-7.6150,30E2,108,V,,1,2,R,4.2000,-9,,3569,402,26,,5.2000,1400,116.9,22.4,247,,998,345,3.8000,,,,,,298,17,,,,,,,,,,,,,,,,
HH,IE-IGFS,4,IE,45CE,GOV,110,S,P,FG53,134,2017,11,26,1158,21,30,D,50.7030,-7.8840,50.7230,-7.8430,30E2,107,V,,1,2,R,4.1000,-9,,3651,402,26,,5.2000,1400,116.4,22.3,247,,998,52,3.9000,,,,,,266,16,,,,,,,,,,,,,,,,
HH,IE-IGFS,4,IE,45CE,GOV,110,S,P,FG35,135,2017,11,26,1351,21,30,D,50.8820,-7.7880,50.9050,-7.7520,30E2,99,V,,1,2,R,4.1000,-9,,3600,378,26,,5.2000,1400,114.9,22.4,247,,998,44,3.9000,,,,,,266,19,,,,,,,,,,,,,,,,
HH,IE-IGFS,4,IE,45CE,GOV,55,S,P,FG178,159,2019,12,7,1011,26,20,D,51.5890,-7.4690,51.5860,-7.5040,32E2,80,V,-9,1,2,R,4.1000,-9,-9,2448,298,26,-9,5.2000,1400,87.4,22.5,247,-9.0000,998,262,4.0000,-9.0000,-9,-9.0000,-9,-9.0000,351,26,-9,-9.0000,-9.0,-9.0,-9.00,-9.00,-9,-9,20,-9,-9,-9,-9,-9,-9,-9
HH,IE-IGFS,4,IE,45CE,GOV,55,S,P,53A,99,2019,11,23,1140,26,25,D,51.6090,-8.2530,51.6360,-8.2560,32E1,69,V,-9,1,2,R,4.2000,-9,-9,3011,311,26,-9,5.2000,1400,88.4,22.8,247,-9.0000,998,356,3.9000,-9.0000,-9,-9.0000,-9,-9.0000,325,26,-9,-9.0000,-9.0,-9.0,-9.00,-9.00,-9,-9,20,-9,-9,-9,-9,-9,-9,-9
HH,IE-IGFS,4,IE,45CE,GOV,55,S,P,FG205,157,2019,12,6,1451,27,30,D,51.6110,-9.7420,51.6280,-9.6960,32E0,50,V,-9,1,2,R,4.3000,-9,-9,3705,234,26,-9,5.2000,1400,80.4,21.1,247,-9.0000,998,59,4.0000,-9.0000,-9,-9.0000,-9,-9.0000,250,22,-9,-9.0000,-9.0,-9.0,-9.00,-9.00,-9,-9,20,-9,-9,-9,-9,-9,-9,-9
HH,IE-IGFS,4,IE,45CE,GOV,55,S,P,FG208,158,2019,12,7,0749,26,15,D,51.6220,-6.9950,51.6110,-7.0150,32E3,74,V,-9,1,2,R,4.2000,-9,-9,1848,298,26,-9,5.2000,1400,87.3,22.6,247,-9.0000,998,228,4.0000,-9.0000,-9,-9.0000,-9,-9.0000,18,16,-9,-9.0000,-9.0,-9.0,-9.00,-9.00,-9,-9,20,-9,-9,-9,-9,-9,-9,-9
HH,IE-IGFS,4,IE,45CE,GOV,55,S,P,CN203,110,2019,11,26,0725,26,30,D,51.4600,-5.2670,51.4280,-5.2640,31E4,70,V,-9,1,2,R,4.1000,-9,-9,3566,286,26,-9,5.2000,1400,84.6,22.2,247,-9.0000,998,176,3.8000,-9.0000,-9,-9.0000,-9,-9.0000,181,38,-9,-9.0000,-9.0,-9.0,-9.00,-9.00,-9,-9,20,-9,-9,-9,-9,-9,-9,-9
HH,IE-IGFS,4,IE,45CE,GOV,55,S,P,MB32,111,2019,11,26,0914,26,30,D,51.4650,-5.4970,51.4850,-5.5400,31E4,72,V,-9,1,2,R,4.7000,-9,-9,3725,298,26,-9,5.2000,1400,82.3,23.1,247,-9.0000,998,306,4.0000,-9.0000,-9,-9.0000,-9,-9.0000,190,32,-9,-9.0000,-9.0,-9.0,-9.00,-9.00,-9,-9,20,-9,-9,-9,-9,-9,-9,-9
HH,IE-IGFS,4,IE,45CE,GOV,110,S,P,CN308,113,2019,11,26,1528,21,20,D,51.4780,-6.1180,51.4590,-6.1290,31E3,114,V,-9,1,2,R,4.2000,-9,-9,2247,415,26,-9,5.2000,1400,123.7,24.2,247,-9.0000,998,199,3.6000,-9.0000,-9,-9.0000,-9,-9.0000,193,35,-9,-9.0000,-9.0,-9.0,-9.00,-9.00,-9,-9,20,-9,-9,-9,-9,-9,-9,-9
HH,IE-IGFS,4,IE,45CE,GOV,110,S,P,FG17A,97,2019,11,23,0731,21,31,D,51.4800,-8.1510,51.5000,-8.1070,31E1,81,V,-9,1,2,R,4.1000,-9,-9,3780,324,26,-9,5.2000,1400,108.6,21.9,247,-9.0000,998,53,3.9000,-9.0000,-9,-9.0000,-9,-9.0000,330,30,-9,-9.0000,-9.0,-9.0,-9.00,-9.00,-9,-9,20,-9,-9,-9,-9,-9,-9,-9
HH,IE-IGFS,4,IE,45CE,GOV,110,S,P,FG157,76,2019,11,18,1331,17,30,D,51.4830,-11.3990,51.4510,-11.3930,31D8,248,V,-9,1,2,R,3.8000,-9,-9,3584,759,26,-9,5.2000,1400,129.9,24.9,247,-9.0000,998,173,3.9000,-9.0000,-9,-9.0000,-9,-9.0000,164,30,-9,-9.0000,-9.0,-9.0,-9.00,-9.00,-9,-9,20,-9,-9,-9,-9,-9,-9,-9
HH,IE-IGFS,4,IE,45CE,GOV,110,S,P,FG36,136,2017,11,26,1548,21,30,D,51.0360,-7.5610,51.0560,-7.5190,31E2,94,V,,1,2,R,4.0000,-9,,3691,349,26,,5.2000,1400,113.6,22.8,247,,998,52,4.0000,,,,,,256,20,,,,,,,,,,,,,,,,
HH,IE-IGFS,4,IE,45CE,GOV,110,S,P,FG181,137,2017,11,27,0737,21,30,D,51.0970,-8.5960,51.0790,-8.6380,31E1,103,V,,1,2,R,4.1000,-9,,3559,390,26,,5.2000,1400,115.4,22.3,247,,998,235,3.8000,,,,,,280,23,,,,,,,,,,,,,,,,
HH,IE-IGFS,4,IE,45CE,GOV,110,S,P,CC425,140,2012,12,6,0802,29,32,D,50.1330,-9.6310,50.1360,-9.6840,29E0,127,V,,1,2,R,4.5000,-9,,3803,438,26,,5.2000,1400,111.7,20.3,247,,998,275,3.8000,,,,,,217,13,,,,,,,,,,,,,,,,
HH,IE-IGFS,4,IE,45CE,GOV,110,S,P,FG211,139,2012,12,5,1642,29,30,D,50.3790,-9.8270,50.4090,-9.8060,29E0,113,V,,1,2,R,4.8000,-9,,3655,390,26,,5.2000,1400,108.6,20.5,247,,998,24,3.9000,,,,,,340,1,,,,,,,,,,,,,,,,
HH,IE-IGFS,4,IE,45CE,GOV,55,S,P,FG177,120,2012,12,1,0732,26,26,D,52.0570,-7.4820,52.0270,-7.4980,33E2,26,V,,1,2,R,5.1000,-9,,3513,193,26,,5.2000,1400,71.2,18.0,247,,998,198,4.4000,,,,,,312,5,,,,,,,,,,,,,,,,
HH,IE-IGFS,4,IE,45CE,GOV,55,S,P,FG25,113,2012,11,28,1157,26,30,D,52.0050,-6.2610,52.0170,-6.2110,33E3,74,V,,1,2,R,4.4000,-9,,3683,298,26,,5.2000,1400,80.5,19.7,247,,998,68,4.0000,,,,,,4,20,,,,,,,,,,,,,,,,
HH,IE-IGFS,4,IE,45CE,GOV,55,S,P,33A,111,2012,11,28,0724,26,30,D,52.0070,-6.7580,51.9750,-6.7390,33E3,53,V,,1,2,R,4.9000,-9,,3792,223,26,,5.2000,1400,72.5,18.3,247,,998,159,4.1000,,,,,,347,16,,,,,,,,,,,,,,,,
HH,IE-IGFS,4,IE,45CE,GOV,110,S,P,PO39,156,2012,12,9,1626,16,30,D,52.7060,-12.0560,52.7380,-12.0750,34D7,247,V,,1,2,R,4.1000,-9,,3785,745,26,,5.2000,1400,123.0,21.7,247,,998,340,4.1000,,,,,,179,3,,,,,,,,,,,,,,,,
HH,IE-IGFS,4,IE,45CE,GOV,110,S,P,PO174,159,2012,12,10,1251,16,31,D,53.2970,-12.2550,53.3280,-12.2310,35D7,313,V,,1,2,R,4.1000,-9,,3802,,26,,5.2000,1400,132.3,23.3,247,,998,24,4.0000,,,,,,141,12,,,,,,,,,,,,,,,,
HH,IE-IGFS,4,IE,45CE,GOV,110,S,P,PO161,160,2012,12,10,1453,16,30,D,53.4620,-12.1280,53.4920,-12.1070,35D7,312,V,,1,2,R,4.1000,-9,,3618,,26,,5.2000,1400,131.5,23.5,247,,998,22,3.9000,,,,,,150,15,,,,,,,,,,,,,,,,
HH,IE-IGFS,4,IE,45CE,GOV,110,S,P,FG216,177,2012,12,14,1242,16,30,D,54.0640,-11.0810,54.0790,-11.0340,37D8,223,V,,1,2,R,4.4000,-9,,3500,,26,,5.2000,1400,120.5,21.4,247,,998,61,3.8000,,,,,,274,14,,,,,,,,,,,,,,,,
HH,IE-IGFS,4,IE,45CE,GOV,110,S,P,FG152,175,2012,12,14,0825,16,30,D,54.2670,-11.1950,54.2970,-11.1690,37D8,325,V,,1,2,R,4.2000,-9,,3744,,26,,5.2000,1400,133.2,23.2,247,,998,26,4.0000,,,,,,215,21,,,,,,,,,,,,,,,,
HH,IE-IGFS,4,IE,45CE,GOV,110,S,P,FG152,47,2012,10,5,0626,16,30,D,54.2850,-11.1830,54.2550,-11.2070,37D8,326,V,,1,2,R,4.1000,-9,,3687,970,26,,5.2000,1400,132.1,22.7,247,,998,205,4.0000,,,,,,285,10,,,,,,,,,,,,,,,,
HH,IE-IGFS,4,IE,45CE,GOV,110,S,P,FG210,143,2012,12,6,1633,17,31,D,50.0140,-11.0100,50.0420,-11.0370,29D8,273,V,,1,2,R,4.4000,-9,,3666,745,26,,5.2000,1400,123.2,22.1,247,,998,328,3.8000,,,,,,300,25,,,,,,,,,,,,,,,,
HH,IE-IGFS,4,IE,45CE,GOV,55,S,P,59,186,2012,12,16,1030,32,31,D,53.0320,-9.6680,53.0510,-9.7120,35E0,66,V,,1,2,R,4.9000,-9,,3630,,26,,5.2000,1400,79.7,19.6,247,,998,305,3.8000,,,,,,181,23,,,,,,,,,,,,,,,,
HH,IE-IGFS,4,IE,45CE,GOV,55,S,P,58,168,2012,12,12,1156,32,30,D,53.1020,-9.8920,53.1220,-9.9360,35E0,86,V,,1,2,R,4.7000,-9,,3692,,26,,5.2000,1400,82.6,20.6,247,,998,307,4.0000,,,,,,143,23,,,,,,,,,,,,,,,,
HH,IE-IGFS,4,IE,45CE,GOV,55,S,P,MB52,185,2012,12,16,0811,32,30,D,53.1080,-9.3730,53.1320,-9.3390,35E0,40,V,,1,2,R,5.0000,-9,,3509,,26,,5.2000,1400,75.5,18.7,247,,998,40,3.8000,,,,,,171,20,,,,,,,,,,,,,,,,
HH,IE-IGFS,4,IE,45CE,GOV,55,S,P,62,49,2012,10,6,0847,32,30,D,53.1920,-9.4160,53.1960,-9.4700,35E0,34,V,,1,2,R,5.4000,-9,,3636,192,26,,5.2000,1400,68.7,18.0,247,,998,277,3.9000,,,,,,342,2,,,13.7,,,,,,,,,,,,,
HH,IE-IGFS,4,IE,45CE,GOV,55,S,P,62,187,2012,12,16,1259,32,30,D,53.1950,-9.4500,53.1920,-9.3930,35E0,33,V,,1,2,R,4.9000,-9,,3824,,26,,5.2000,1400,80.0,19.7,247,,998,94,4.1000,,,,,,201,10,,,,,,,,,,,,,,,,
HH,IE-IGFS,4,IE,45CE,GOV,55,S,P,66,60,2012,11,16,1015,32,30,D,52.7960,-9.6120,52.7640,-9.6270,34E0,58,V,,1,2,R,5.1000,-9,,3702,260,26,,5.2000,1400,77.9,19.7,247,,998,195,4.0000,,,,,,210,10,,,,,,,,,,,,,,,,
HH,IE-IGFS,4,IE,45CE,GOV,55,S,P,60,167,2012,12,12,1001,32,31,D,52.9230,-9.7190,52.9560,-9.7030,34E0,72,V,,1,2,R,4.8000,-9,,3826,,26,,5.2000,1400,79.9,19.7,247,,998,16,4.0000,,,,,,145,23,,,,,,,,,,,,,,,,
HH,IE-IGFS,4,IE,45CE,GOV,55,S,P,FG207,166,2012,12,12,0818,32,30,D,52.9820,-9.4830,52.9540,-9.5100,34E0,47,V,,1,2,R,5.2000,-9,,3605,,26,,5.2000,1400,78.5,19.9,247,,998,210,3.9000,,,,,,123,23,,,,,,,,,,,,,,,,
HH,IE-IGFS,4,IE,45CE,GOV,110,S,P,MB30,93,2012,11,24,0923,21,30,D,50.6170,-7.6060,50.6500,-7.6180,30E2,109,V,,1,2,R,4.4000,-9,,3767,390,26,,5.2000,1400,112.7,20.9,247,,998,347,4.1000,,,,,,82,11,,,,,,,,,,,,,,,,
HH,IE-IGFS,4,IE,45CE,GOV,110,S,P,CC307,92,2012,11,24,0728,21,30,D,50.6460,-7.2810,50.6490,-7.3340,30E2,104,V,,1,2,R,4.6000,-9,,3763,337,26,,5.2000,1400,111.8,21.1,247,,998,275,4.1000,,,,,,81,19,,,,,,,,,,,,,,,,
HH,IE-IGFS,4,IE,45CE,GOV,110,S,P,FG53,94,2012,11,24,1113,21,30,D,50.7250,-7.8400,50.7050,-7.8820,30E2,111,V,,1,2,R,4.4000,-9,,3707,390,26,,5.2000,1400,111.1,20.3,247,,998,233,4.0000,,,,,,60,20,,,,,,,,,,,,,,,,
HH,IE-IGFS,4,IE,45CE,GOV,110,S,P,FG35,106,2012,11,26,1626,21,30,D,50.8840,-7.7870,50.9070,-7.7510,30E2,107,V,,1,2,R,4.7000,-9,,3600,366,26,,5.2000,1400,109.1,20.3,247,,998,44,3.9000,,,,,,351,35,,,,,,,,,,,,,,,,
HH,IE-IGFS,4,IE,45CE,GOV,110,S,P,113,91,2012,11,23,1640,21,30,D,51.0870,-5.8030,51.0570,-5.7820,31E4,88,V,,1,2,R,4.8000,-9,,3647,324,26,,5.2000,1400,101.0,19.3,247,,998,156,3.9000,,,,,,277,11,,,,,,,,,,,,,,,,
HH,IE-IGFS,4,IE,45CE,GOV,55,S,P,44,89,2012,11,23,1140,26,30,D,51.2710,-5.5200,51.2420,-5.4930,31E4,75,V,,1,2,R,4.6000,-9,,3736,298,26,,5.2000,1400,82.1,20.3,247,,998,149,4.0000,,,,,,269,10,,,,,,,,,,,,,,,,
HH,IE-IGFS,4,IE,45CE,GOV,110,S,P,FG165,90,2012,11,23,1423,21,30,D,51.3330,-5.8120,51.3010,-5.8140,31E4,85,V,,1,2,R,4.5000,-9,,3562,324,26,,5.2000,1400,102.6,19.2,247,,998,182,3.8000,,,,,,,11,,,,,,,,,,,,,,,,
HH,IE-IGFS,4,IE,45CE,GOV,110,S,P,52,171,2012,12,13,0816,31,30,D,53.1770,-10.6980,53.1540,-10.7370,35D9,120,V,,1,2,R,4.8000,-9,,3654,,26,,5.2000,1400,109.2,20.3,247,,998,225,3.9000,,,,,,133,26,,,,,,,,,,,,,,,,
HH,IE-IGFS,4,IE,45CE,GOV,110,S,P,MB13,172,2012,12,13,1026,30,30,D,53.2610,-10.9850,53.2910,-10.9680,35D9,129,V,,1,2,R,4.6000,-9,,3526,,26,,5.2000,1400,116.5,21.0,247,,998,18,3.8000,,,,,,140,26,,,,,,,,,,,,,,,,
HH,IE-IGFS,4,IE,45CE,GOV,110,S,P,MB28,173,2012,12,13,1159,30,30,D,53.3970,-10.8830,53.4270,-10.8590,35D9,129,V,,1,2,R,4.4000,-9,,3700,,26,,5.2000,1400,114.3,20.7,247,,998,25,4.0000,,,,,,148,25,,,,,,,,,,,,,,,,
HH,IE-IGFS,4,IE,45CE,GOV,110,S,P,42,151,2012,12,8,1448,29,30,D,51.6330,-10.8060,51.6600,-10.8340,32D9,150,V,,1,2,R,4.5000,-9,,3574,486,26,,5.2000,1400,114.5,20.9,247,,998,327,3.9000,,,,,,244,14,,,,,,,,,,,,,,,,
HH,IE-IGFS,4,IE,45CE,GOV,110,S,P,FG54,138,2012,12,5,1437,28,30,D,50.5170,-10.0860,50.5050,-10.0390,30D9,140,V,,1,2,R,4.5000,-9,,3591,485,26,,5.2000,1400,113.1,20.9,247,,998,111,3.9000,,,,,,48,10,,,,,,,,,,,,,,,,
HH,IE-IGFS,4,IE,45CE,GOV,110,S,P,FG63,145,2012,12,7,1042,29,30,D,50.5760,-10.6560,50.5790,-10.6060,30D9,163,V,,1,2,R,4.4000,-9,,3557,527,26,,5.2000,1400,116.8,21.3,247,,998,84,3.8000,,,,,,339,22,,,,,,,,,,,,,,,,
HH,IE-IGFS,4,IE,45CE,GOV,110,S,P,82,146,2012,12,7,1251,29,30,D,50.7160,-10.7050,50.7180,-10.7560,30D9,164,V,,1,2,R,4.6000,-9,,3608,527,26,,5.2000,1400,116.9,21.9,247,,998,273,3.9000,,,,,,331,17,,,,,,,,,,,,,,,,
HH,IE-IGFS,4,IE,45CE,GOV,110,S,P,FG130,137,2012,12,5,1205,29,30,D,50.7800,-10.2750,50.7480,-10.2810,30D9,135,V,,1,2,R,4.9000,-9,,3584,450,26,,5.2000,1400,110.1,21.0,247,,998,186,3.9000,,,,,,41,7,,,,,,,,,,,,,,,,
HH,IE-IGFS,4,IE,45CE,GOV,110,S,P,70,62,2012,11,16,1456,31,30,D,52.5490,-10.3180,52.5190,-10.3420,34D9,97,V,,1,2,R,4.6000,-9,,3714,336,26,,5.2000,1400,104.3,19.9,247,,998,205,4.0000,,,,,,336,13,,,,,,,,,,,,,,,,
HH,IE-IGFS,4,IE,45CE,GOV,110,S,P,MB17,61,2012,11,16,1311,31,30,D,52.5860,-10.0710,52.5760,-10.1220,34D9,85,V,,1,2,R,4.9000,-9,,3631,311,26,,5.2000,1400,100.4,19.4,247,,998,252,3.9000,,,,,,235,17,,,,,,,,,,,,,,,,
HH,IE-IGFS,4,IE,45CE,GOV,110,S,P,MB14,165,2012,12,11,1635,30,29,D,52.7770,-10.8790,52.7500,-10.9150,34D9,123,V,,1,2,R,4.7000,-9,,3864,,26,,5.2000,1400,112.7,21.0,247,,998,218,4.3000,,,,,,150,27,,,,,,,,,,,,,,,,
HH,IE-IGFS,4,IE,45CE,GOV,110,S,P,53,170,2012,12,12,1611,31,29,D,52.9200,-10.3950,52.9000,-10.4360,34D9,110,V,,1,2,R,4.7000,-9,,3544,,26,,5.2000,1400,108.5,20.3,247,,998,231,4.0000,,,,,,139,20,,,,,,,,,,,,,,,,
HH,IE-IGFS,4,IE,45CE,GOV,110,S,P,FG66,136,2012,12,5,0956,29,29,D,51.0540,-10.2350,51.0200,-10.2330,31D9,128,V,,1,2,R,4.8000,-9,,3785,450,26,,5.2000,1400,112.6,21.0,247,,998,177,4.2000,,,,,,30,11,,,,,,,,,,,,,,,,
HH,IE-IGFS,4,IE,45CE,GOV,110,S,P,FG129,69,2012,11,18,0935,29,30,D,51.1330,-10.5350,51.1020,-10.5160,31D9,159,V,,1,2,R,4.6000,-9,,3696,490,26,,5.2000,1400,114.1,21.2,247,,998,158,4.0000,,,,,,168,19,,,,,,,,,,,,,,,,
HH,IE-IGFS,4,IE,45CE,GOV,110,S,P,FG203,68,2012,11,18,0736,29,30,D,51.2560,-10.7240,51.2250,-10.7450,31D9,167,V,,1,2,R,4.4000,-9,,3747,513,26,,5.2000,1400,116.2,21.4,247,,998,202,4.0000,,,,,,181,21,,,,,,,,,,,,,,,,
HH,IE-IGFS,4,IE,45CE,GOV,110,S,P,FG128,70,2012,11,18,1200,29,30,D,51.3120,-10.3490,51.3300,-10.3940,31D9,132,V,,1,2,R,4.6000,-9,,3721,438,26,,5.2000,1400,112.4,20.8,247,,998,302,4.0000,,,,,,169,33,,,,,,,,,,,,,,,,
HH,IE-IGFS,4,IE,45CE,GOV,110,S,P,FG4,150,2012,12,8,1259,29,30,D,51.4600,-10.7990,51.4870,-10.8260,31D9,160,V,,1,2,R,4.7000,-9,,3541,513,26,,5.2000,1400,114.9,21.2,247,,998,328,3.8000,,,,,,255,9,,,,,,,,,,,,,,,,
HH,IE-IGFS,4,IE,45CE,GOV,55,S,P,FG33,71,2012,11,18,1445,27,30,D,51.4920,-10.0780,51.5120,-10.0350,31D9,71,V,,1,2,R,4.5000,-9,,3723,273,26,,5.2000,1400,79.1,19.7,247,,998,53,4.0000,,,,,,180,26,,,,,,,,,,,,,,,,
HH,IE-IGFS,4,IE,45CE,GOV,110,S,P,CC424,141,2012,12,6,1056,29,30,D,50.0980,-10.1950,50.0660,-10.2120,29D9,125,V,,1,2,R,4.6000,-9,,3761,438,26,,5.2000,1400,110.4,20.9,247,,998,198,4.1000,,,,,,232,12,,,,,,,,,,,,,,,,
HH,IE-IGFS,4,IE,45CE,GOV,110,S,P,FG212,142,2012,12,6,1337,29,30,D,50.1670,-10.5900,50.1350,-10.6030,29D9,147,V,,1,2,R,4.6000,-9,,3678,485,26,,5.2000,1400,113.8,21.0,247,,998,194,4.0000,,,,,,260,10,,,,,,,,,,,,,,,,
HH,IE-IGFS,4,IE,45CE,GOV,110,S,P,FG61,144,2012,12,7,0752,17,30,D,50.3450,-10.8930,50.3740,-10.8680,29D9,240,V,,1,2,R,4.4000,-9,,3683,745,26,,5.2000,1400,124.0,21.9,247,,998,28,4.0000,,,,,,349,24,,,,,,,,,,,,,,,,
HH,IE-IGFS,4,IE,45CE,GOV,110,S,P,MB20,74,2012,11,19,1218,28,30,D,51.1050,-9.6440,51.1140,-9.5940,31E0,120,V,,1,2,R,4.4000,-9,,3641,415,26,,5.2000,1400,110.8,20.4,247,,998,73,3.9000,,,,,,234,17,,,,,,,,,,,,,,,,
HH,IE-IGFS,4,IE,45CE,GOV,110,S,P,FG34A,75,2012,11,19,1409,28,30,D,51.1170,-9.3540,51.1160,-9.3020,31E0,115,V,,1,2,R,4.4000,-9,,3642,390,26,,5.2000,1400,110.5,20.3,247,,998,91,3.9000,,,,,,232,13,,,,,,,,,,,,,,,,
HH,IE-IGFS,4,IE,45CE,GOV,110,S,P,COD5A,135,2012,12,5,0749,28,29,D,51.1680,-9.9310,51.1450,-9.9680,31E0,115,V,,1,2,R,4.2000,-9,,3639,405,26,,5.2000,1400,112.9,20.9,247,,998,225,4.1000,,,,,,35,12,,,,,,,,,,,,,,,,
HH,IE-IGFS,4,IE,45CE,GOV,110,S,P,FG10,73,2012,11,19,1009,28,30,D,51.2570,-9.7930,51.2330,-9.8280,31E0,107,V,,1,2,R,4.8000,-9,,3619,366,26,,5.2000,1400,108.1,20.4,247,,998,222,3.9000,,,,,,236,18,,,,,,,,,,,,,,,,
HH,IE-IGFS,4,IE,45CE,GOV,110,S,P,FG199,76,2012,11,19,1603,28,30,D,51.2640,-9.2360,51.2960,-9.2200,31E0,115,V,,1,2,R,4.3000,-9,,3731,390,26,,5.2000,1400,112.5,21.2,247,,998,17,4.0000,,,,,,206,12,,,,,,,,,,,,,,,,
HH,IE-IGFS,4,IE,45CE,GOV,55,S,P,FG56,133,2012,12,4,0741,27,30,D,51.4240,-9.3440,51.4180,-9.3920,31E0,59,V,,1,2,R,4.8000,-9,,3404,265,26,,5.2000,1400,79.8,19.8,247,,998,258,3.7000,,,,,,283,28,,,,,,,,,,,,,,,,
HH,IE-IGFS,4,IE,45CE,GOV,55,S,P,FG9,134,2012,12,4,0937,27,30,D,51.4580,-9.6410,51.4460,-9.6900,31E0,45,V,,1,2,R,5.0000,-9,,3658,220,26,,5.2000,1400,75.1,19.0,247,,998,248,3.9000,,,,,,289,27,,,,,,,,,,,,,,,,
HH,IE-IGFS,4,IE,45CE,GOV,110,S,P,FG132,100,2012,11,25,1154,29,30,D,50.5210,-9.0790,50.5190,-9.1300,30E0,124,V,,1,2,R,4.4000,-9,,3623,415,26,,5.2000,1400,115.4,21.0,247,,998,266,3.9000,,,,,,236,17,,,,,,,,,,,,,,,,
HH,IE-IGFS,4,IE,45CE,GOV,110,S,P,FG55,101,2012,11,25,1431,28,30,D,50.6120,-9.4460,50.5910,-9.4850,30E0,129,V,,1,2,R,4.4000,-9,,3616,438,26,,5.2000,1400,117.2,21.4,247,,998,229,3.9000,,,,,,238,17,,,,,,,,,,,,,,,,
HH,IE-IGFS,4,IE,45CE,GOV,110,S,P,85,130,2012,12,3,1246,28,30,D,50.7550,-9.2260,50.7500,-9.2780,30E0,123,V,,1,2,R,4.7000,-9,,3711,425,26,,5.2000,1400,111.8,20.5,247,,998,261,4.0000,,,,,,284,13,,,,,,,,,,,,,,,,
HH,IE-IGFS,4,IE,45CE,GOV,110,S,P,FG57,132,2012,12,3,1643,29,30,D,50.8320,-9.7650,50.8350,-9.8100,30E0,116,V,,1,2,R,4.7000,-9,,3187,425,26,,5.2000,1400,109.6,20.4,247,,998,276,3.4000,,,,,,289,21,,,,,,,,,,,,,,,,
HH,IE-IGFS,4,IE,45CE,GOV,110,S,P,FG163,131,2012,12,3,1447,29,30,D,50.8370,-9.5040,50.8350,-9.5530,30E0,113,V,,1,2,R,4.8000,-9,,3458,415,26,,5.2000,1400,110.1,20.2,247,,998,266,3.7000,,,,,,291,25,,,,,,,,,,,,,,,,
HH,IE-IGFS,4,IE,45CE,GOV,110,S,P,FG59,129,2012,12,3,1020,28,30,D,50.9770,-9.2090,50.9830,-9.2600,30E0,112,V,,1,2,R,4.6000,-9,,3643,415,26,,5.2000,1400,111.5,20.7,247,,998,280,3.9000,,,,,,286,13,,,,,,,,,,,,,,,,
HH,IE-IGFS,4,IE,45CE,GOV,55,S,P,53A,118,2012,11,29,1219,26,30,D,51.6130,-8.2540,51.6460,-8.2560,32E1,70,V,,1,2,R,4.7000,-9,,3674,286,26,,5.2000,1400,82.1,19.7,247,,998,357,4.0000,,,,,,216,5,,,,,,,,,,,,,,,,
HH,IE-IGFS,4,IE,45CE,GOV,55,S,P,FG205,72,2012,11,18,1656,27,30,D,51.6070,-9.7530,51.6240,-9.7060,32E0,50,V,,1,2,R,4.8000,-9,,3765,233,26,,5.2000,1400,77.2,19.5,247,,998,59,4.1000,,,,,,192,31,,,,,,,,,,,,,,,,
HH,IE-IGFS,4,IE,45CE,GOV,55,I2,P,FG116,16,2015,9,23,0637,33,30,D,56.0520,-7.0490,56.0520,-6.9880,41E2,94,V,,1,2,R,4.1000,-9,,3800,366,26,,5.2000,1400,82.8,20.7,247,,2212,89,4.1000,,,,,,210,19,,,,,,,,,,,,,,,,
HH,IE-IGFS,4,IE,45CE,GOV,55,I2,P,FG117,17,2015,9,23,0831,33,27,D,56.1860,-6.7980,56.1860,-6.7460,41E3,71,V,,1,2,R,4.3000,-9,,3228,286,26,,5.2000,1400,77.9,19.8,247,,2212,89,3.9000,,,,,,228,16,,,,,,,,,,,,,,,,
HH,IE-IGFS,4,IE,45CE,GOV,55,I2,P,SC583,18,2015,9,23,1057,33,31,D,56.3950,-6.7710,56.3680,-6.7970,41E3,78,V,,1,2,R,4.1000,-9,,3408,298,26,,5.2000,1400,80.4,20.1,247,,2212,208,3.6000,,,,,,274,13,,,,,,,,,,,,,,,,
HH,IE-IGFS,4,IE,45CE,GOV,55,I2,P,COD1,26,2015,9,25,0559,33,32,D,55.3670,-6.8210,55.3680,-6.8810,39E3,76,V,,1,2,R,3.8000,-9,,3806,298,26,,5.2000,1400,81.0,19.4,247,,2212,271,3.8000,,,,,,290,15,,,,,,,,,,,,,,,,
HH,IE-IGFS,4,IE,45CE,GOV,55,I2,P,33,27,2015,9,25,0802,33,28,D,55.5080,-7.0300,55.5280,-7.0710,40E2,72,V,,1,2,R,4.0000,-9,,3415,311,26,,5.2000,1400,81.6,19.8,247,,2212,310,3.9000,,,,,,293,15,,,,,,,,,,,,,,,,
HH,IE-IGFS,4,IE,45CE,GOV,55,I2,P,FG100,28,2015,9,25,0955,33,30,D,55.5020,-7.3750,55.5030,-7.4350,40E2,54,V,,1,2,R,4.8000,-9,,3793,246,26,,5.2000,1400,77.8,19.9,247,,2212,271,4.1000,,,,,,273,10,,,,,,,,,,,,,,,,
HH,IE-IGFS,4,IE,45CE,GOV,55,I2,P,FG114,29,2015,9,25,1204,33,31,D,55.6510,-7.5270,55.6510,-7.5850,40E2,65,V,,1,2,R,4.3000,-9,,3651,273,26,,5.2000,1400,79.3,13.4,247,,2212,270,3.8000,,,,,,260,16,,,,,,,,,,,,,,,,
HH,IE-IGFS,4,IE,45CE,GOV,55,I2,P,GD4,30,2015,9,25,1503,33,30,D,55.7720,-7.1500,55.7990,-7.1160,40E2,51,V,,1,2,R,4.3000,-9,,3686,233,26,,5.2000,1400,75.0,19.2,247,,2212,35,4.0000,,,,,,252,17,,,,,,,,,,,,,,,,
HH,IE-IGFS,4,IE,45CE,GOV,55,I2,P,FG115,36,2015,9,26,1747,33,20,D,55.2580,-7.5830,55.2370,-7.5850,39E2,23,V,,1,2,R,4.6000,-9,,2341,151,26,,5.2000,1400,65.1,16.9,247,,2212,183,3.8000,,,,,,193,5,,,,,,,,,,,,,,,,
HH,IE-IGFS,4,IE,45CE,GOV,55,I2,P,10,38,2015,9,27,0722,33,15,D,55.2070,-7.9110,55.2190,-7.9290,39E2,23,V,,1,2,R,4.8000,-9,,1759,165,26,,5.2000,1400,66.1,17.3,247,,2212,319,3.8000,,,,,,150,8,,,,,,,,,,,,,,,,
HH,IE-IGFS,4,IE,45CE,GOV,55,I2,P,9,39,2015,9,27,0859,33,30,D,55.3540,-8.1880,55.3760,-8.2340,39E1,76,V,,1,2,R,4.1000,-9,,3808,298,26,,5.2000,1400,81.9,20.4,247,,2212,310,4.1000,,,,,,169,13,,,,,,,,,,,,,,,,
HH,IE-IGFS,4,IE,45CE,GOV,110,I2,P,14,48,2015,9,29,0607,33,22,D,54.5850,-8.3410,54.5740,-8.3780,38E1,34,V,,1,2,R,4.1000,-9,,2687,206,26,,5.2000,1400,105.7,,247,,2212,242,4.0000,,,,,,107,7,,,,,,,,,,,,,,,,
HH,IE-IGFS,4,IE,45CE,GOV,55,I2,P,MB9,49,2015,9,29,0814,33,30,D,54.5570,-8.8150,54.5390,-8.8620,38E1,84,V,,1,2,R,4.1000,-9,,3642,311,26,,5.2000,1400,80.2,22.2,247,,2212,236,3.9000,,,,,,159,18,,,,,,,,,,,,,,,,
HH,IE-IGFS,4,IE,45CE,GOV,55,I2,P,MB44,43,2015,9,28,0602,33,30,D,54.8700,-8.7820,54.8560,-8.8340,38E1,71,V,,1,2,R,4.3000,-9,,3684,273,26,,5.2000,1400,79.6,19.4,247,,2212,244,4.0000,,,,,,163,21,,,,,,,,,,,,,,,,
HH,IE-IGFS,4,IE,45CE,GOV,55,I2,P,SC573,23,2015,9,24,1217,33,31,D,55.9370,-6.6670,55.9030,-6.6790,40E3,52,V,,1,2,R,3.9000,-9,,3859,273,26,,5.2000,1400,80.3,20.1,247,,2212,191,4.0000,,,,,,260,23,,,,,,,,,,,,,,,,
HH,IE-IGFS,4,IE,45CE,GOV,110,I2,P,MB6,31,2015,9,26,0600,36,16,D,55.8560,-7.6580,55.8500,-7.6880,40E2,139,V,,1,2,R,3.9000,-9,,1994,450,26,,5.2000,1400,110.6,20.5,247,,2212,250,4.0000,,,,,,184,13,,,,,,,,,,,,,,,,
HH,IE-IGFS,4,IE,45CE,GOV,110,I2,P,2,11,2015,9,22,0557,36,21,D,56.3140,-8.3300,56.3110,-8.3700,41E1,152,V,,1,2,R,4.1000,-9,,2497,485,26,,5.2000,1400,111.0,20.7,247,,2212,262,3.8000,,,,,,335,10,,,,,,,,,,,,,,,,
HH,IE-IGFS,4,IE,45CE,GOV,110,I2,P,FG119,12,2015,9,22,0838,36,30,D,56.0260,-8.4130,55.9960,-8.3850,41E1,138,V,,1,2,R,4.1000,-9,,3769,462,26,,5.2000,1400,112.0,21.1,247,,2212,152,4.1000,,,,,,336,12,,,,,,,,,,,,,,,,
HH,IE-IGFS,4,IE,45CE,GOV,110,I2,P,MMMA3,13,2015,9,22,1101,36,31,D,55.8150,-8.3880,55.8230,-8.3280,40E1,134,V,,1,2,R,4.1000,-9,,3865,440,26,,5.2000,1400,108.0,20.4,247,,2212,76,4.0000,,,,,,325,14,,,,,,,,,,,,,,,,
HH,IE-IGFS,4,IE,45CE,GOV,110,I2,P,FG96,14,2015,9,22,1333,36,21,D,55.9230,-7.9740,55.9140,-7.9360,40E2,172,V,,1,2,R,3.4000,-9,,2578,527,26,,5.2000,1400,121.0,22.2,247,,2212,112,4.0000,,,,,,337,14,,,,,,,,,,,,,,,,
HH,IE-IGFS,4,IE,45CE,GOV,110,I2,P,FG93,15,2015,9,22,1530,36,30,D,56.0370,-7.7000,56.0570,-7.6520,41E2,158,V,,1,2,R,3.9000,-9,,3729,499,26,,5.2000,1400,113.1,21.2,247,,2212,53,4.0000,,,,,,326,14,,,,,,,,,,,,,,,,
HH,IE-IGFS,4,IE,45CE,GOV,110,I2,P,GD11,2,2015,9,20,1045,36,30,D,54.8310,-10.3180,54.8620,-10.2870,38D9,142,V,,1,2,R,4.3000,-9,,3984,609,26,,5.2000,1400,117.0,22.2,247,,2212,29,4.3000,,,,,,196,17,,,,,,,,,,,,,,,,
HH,IE-IGFS,4,IE,45CE,GOV,110,I2,P,FG108,3,2015,9,20,1314,36,30,D,55.0740,-10.0750,55.1040,-10.0470,39D9,230,V,,1,2,R,4.2000,-9,,3788,691,26,,5.2000,1400,116.0,22.1,247,,2212,28,4.1000,,,,,,193,12,,,,,,,,,,,,,,,,
HH,IE-IGFS,4,IE,45CE,GOV,110,I2,P,SC544,6,2015,9,21,0835,36,31,D,55.7890,-8.9910,55.8260,-8.9920,40E1,133,V,,1,2,R,4.2000,-9,,4119,438,26,,5.2000,1400,109.6,21.1,247,,2212,359,4.3000,,,,,,262,13,,,,,,,,,,,,,,,,
HH,IE-IGFS,4,IE,45CE,GOV,110,I2,P,MB23,7,2015,9,21,1048,36,30,D,55.9950,-8.8120,56.0080,-8.8650,40E1,133,V,,1,2,R,4.0000,-9,,3609,450,26,,5.2000,1400,111.0,21.1,247,,2212,293,3.9000,,,,,,262,12,,,,,,,,,,,,,,,,
HH,IE-IGFS,4,IE,45CE,GOV,55,I2,P,14,5,2016,9,27,0911,33,16,D,54.5850,-8.3380,54.5770,-8.3650,38E1,35,V,,1,2,R,4.8000,-9,,1959,179,26,,5.2000,1400,67.3,18.8,247,,2212,242,4.0000,,,,,,251,22,,,,,,,,,,,,,,,,
HH,IE-IGFS,4,IE,45CE,GOV,55,I2,P,15,6,2016,9,27,1037,33,29,D,54.5190,-8.5170,54.5180,-8.5700,38E1,59,V,,1,2,R,4.4000,-9,,3433,246,26,,5.2000,1400,74.3,20.1,247,,2212,268,3.8000,,,,,,258,26,,,,,,,,,,,,,,,,
HH,IE-IGFS,4,IE,45CE,GOV,55,I2,P,MB45,7,2016,9,27,1342,33,30,D,54.6020,-8.7110,54.5780,-8.7620,38E1,82,V,,1,2,R,4.3000,-9,,4243,286,26,,5.2000,1400,78.9,21.0,247,,2212,230,4.6000,,,,,,239,25,,,,,,,,,,,,,,,,
HH,IE-IGFS,4,IE,45CE,GOV,55,I2,P,MM6,8,2016,9,27,1749,33,29,D,54.8690,-8.6260,54.8350,-8.6270,38E1,55,V,,1,2,R,4.2000,-9,,3785,246,26,,5.2000,1400,75.4,20.0,247,,2212,180,4.2000,,,,,,227,29,,,,,,,,,,,,,,,,
HH,IE-IGFS,4,IE,45CE,GOV,55,I2,P,FG192,26,2016,10,1,1430,33,32,D,56.3010,-7.0720,56.3240,-7.0300,41E2,97,V,,1,2,R,4.1000,-9,,3648,324,26,,5.2000,1400,73.6,19.8,247,,2212,45,3.7000,,,,,,12,11,,,,,,,,,,,,,,,,
HH,IE-IGFS,4,IE,45CE,GOV,55,I2,P,SC583,27,2016,10,1,1643,33,30,D,56.4040,-6.7650,56.3750,-6.7930,41E3,85,V,,1,2,R,3.9000,-9,,3663,311,26,,5.2000,1400,75.8,20.2,247,,2212,208,3.9000,,,,,,1,12,,,,,,,,,,,,,,,,
HH,IE-IGFS,4,IE,45CE,GOV,55,I2,P,FG116,29,2016,10,2,0807,33,30,D,56.0520,-7.0440,56.0520,-6.9830,41E2,99,V,,1,2,R,3.8000,-9,,3800,336,26,,5.2000,1400,79.6,21.2,247,,2212,89,4.1000,,,,,,148,13,,,,,,,,,,,,,,,,
HH,IE-IGFS,4,IE,45CE,GOV,55,I2,P,FG117,30,2016,10,2,1039,33,29,D,56.1850,-6.8040,56.1860,-6.7460,41E3,77,V,,1,2,R,4.0000,-9,,3603,286,26,,5.2000,1400,76.9,20.6,247,,2212,88,4.0000,,,,,,144,14,,,,,,,,,,,,,,,,
HH,IE-IGFS,4,IE,45CE,GOV,55,I2,P,SC573,31,2016,10,2,1308,33,20,D,55.9250,-6.6740,55.9030,-6.6790,40E3,60,V,,1,2,R,4.1000,-9,,2469,246,26,,5.2000,1400,76.4,20.6,247,,2212,187,4.0000,,,,,,155,20,,,,,,,,,,,,,,,,
HH,IE-IGFS,4,IE,45CE,GOV,55,I2,P,31A,32,2016,10,2,1506,33,30,D,55.8800,-7.0580,55.8490,-7.0760,40E2,57,V,,1,2,R,3.8000,-9,,3630,233,26,,5.2000,1400,76.3,20.4,247,,2212,198,3.9000,,,,,,153,21,,,,,,,,,,,,,,,,
HH,IE-IGFS,4,IE,45CE,GOV,110,S,P,FG58,163,2019,12,9,1551,28,31,D,51.3520,-9.7890,51.3300,-9.8260,31E0,85,V,-9,1,2,R,4.0000,-9,-9,3555,324,26,-9,5.2000,1400,110.8,22.7,247,-9.0000,998,226,3.7000,-9.0000,-9,-9.0000,-9,-9.0000,347,18,-9,-9.0000,-9.0,-9.0,-9.00,-9.00,-9,-9,20,-9,-9,-9,-9,-9,-9,-9
HH,IE-IGFS,4,IE,45CE,GOV,55,I2,P,32,33,2016,10,2,1746,33,30,D,55.6370,-7.3340,55.6060,-7.3140,40E2,67,V,,1,2,R,4.0000,-9,,3674,259,26,,5.2000,1400,78.9,,247,,2212,159,4.0000,,,,,,151,26,,,,,,,,,,,,,,,,
HH,IE-IGFS,4,IE,45CE,GOV,55,I2,P,FG115,34,2016,10,3,0609,33,30,D,55.2250,-7.5860,55.2570,-7.5820,39E2,18,V,,1,2,R,4.4000,-9,,3571,137,26,,5.2000,1400,61.3,17.4,247,,2212,4,3.9000,,,,,,163,23,,,,,,,,,,,,,,,,
HH,IE-IGFS,4,IE,45CE,GOV,55,I2,P,COD1,35,2016,10,3,0912,33,25,D,55.3680,-6.8830,55.3670,-6.8280,39E3,72,V,,1,2,R,4.1000,-9,,3489,298,26,,5.2000,1400,80.9,21.8,247,,2212,91,4.5000,,,,,,151,21,,,,,,,,,,,,,,,,
HH,IE-IGFS,4,IE,45CE,GOV,110,I2,P,MB48,22,2016,10,1,0646,36,15,D,56.3930,-8.2750,56.3830,-8.2980,41E1,168,V,,1,2,R,3.7000,-9,,1805,527,26,,5.2000,1400,116.7,23.2,247,,2212,231,3.9000,,,,,,35,13,,,,,,,,,,,,,,,,
HH,IE-IGFS,4,IE,45CE,GOV,110,I2,P,MB48,23,2016,10,1,0825,36,18,D,56.2920,-8.1030,56.2870,-8.0680,41E1,177,V,,1,2,R,3.6000,-9,,2237,540,26,,5.2000,1400,117.8,22.8,247,,2212,104,4.0000,,,,,,29,15,,,,,,,,,,,,,,,,
HH,IE-IGFS,4,IE,45CE,GOV,110,I2,P,FG144,24,2016,10,1,1042,36,20,D,56.3400,-7.6240,56.3350,-7.5840,41E2,157,V,,1,2,R,3.8000,-9,,2535,485,26,,5.2000,1400,109.8,21.9,247,,2212,102,4.1000,,,,,,33,10,,,,,,,,,,,,,,,,
HH,IE-IGFS,4,IE,45CE,GOV,110,I2,P,MMMA3,13,2016,9,29,0845,36,30,D,55.8230,-8.3230,55.8170,-8.3800,40E1,147,V,,1,2,R,3.9000,-9,,3634,485,26,,5.2000,1400,112.7,22.4,247,,2212,259,3.9000,,,,,,265,24,,,,,,,,,,,,,,,,
HH,IE-IGFS,4,IE,45CE,GOV,110,I2,P,FG95,14,2016,9,29,1239,36,21,D,55.8660,-7.9380,55.8690,-7.9780,40E2,151,V,,1,2,R,3.9000,-9,,2526,474,26,,5.2000,1400,114.9,22.4,247,,2212,277,3.9000,,,,,,268,27,,,,,,,,,,,,,,,,
HH,IE-IGFS,4,IE,45CE,GOV,110,I2,P,MB4,15,2016,9,29,1515,36,30,D,55.9970,-7.8100,55.9780,-7.8580,40E2,165,V,,1,2,R,3.8000,-9,,3667,513,26,,5.2000,1400,117.9,22.9,247,,2212,234,4.0000,,,,,,274,23,,,,,,,,,,,,,,,,
HH,IE-IGFS,4,IE,45CE,GOV,110,I2,P,GD19,17,2016,9,30,0607,36,22,D,56.1990,-8.2400,56.1990,-8.2820,41E1,155,V,,1,2,R,,-9,,2607,485,26,,5.2000,1400,114.8,22.2,247,,2212,270,3.8000,,,,,,268,10,,,,,,,,,,,,,,,,
HH,IE-IGFS,4,IE,45CE,GOV,110,I2,P,FG119,18,2016,9,30,0828,36,30,D,56.0180,-8.4040,55.9880,-8.3760,41E1,145,V,,1,2,R,,-9,,3769,462,26,,5.2000,1400,112.8,22.3,247,,2212,152,4.1000,,,,,,279,9,,,,,,,,,,,,,,,,
HH,IE-IGFS,4,IE,45CE,GOV,110,I2,P,MB23,19,2016,9,30,1109,36,30,D,55.9930,-8.8070,56.0070,-8.8640,40E1,137,V,,1,2,R,3.6000,-9,,3883,438,26,,5.2000,1400,114.8,22.8,247,,2212,293,4.2000,,,,,,317,3,,,,,,,,,,,,,,,,
HH,IE-IGFS,4,IE,45CE,GOV,110,I2,P,FG118,20,2016,9,30,1327,36,30,D,56.1550,-8.7710,56.1410,-8.8240,41E1,130,V,,1,2,R,3.8000,-9,,3644,427,26,,5.2000,1400,113.4,22.8,247,,2212,244,3.9000,,,,,,226,10,,,,,,,,,,,,,,,,
HH,IE-IGFS,4,IE,45CE,GOV,110,I2,P,FG101,2,2016,9,26,0849,36,30,D,54.7560,-10.0950,54.7850,-10.0720,38D9,116,V,,1,2,R,4.2000,-9,,3551,390,26,,5.2000,1400,108.7,,247,,2212,24,3.8000,,,,,,227,11,,,,,,,,,,,,,,,,
HH,IE-IGFS,4,IE,45CE,GOV,110,I2,P,MB2,16,2016,9,29,1759,34,30,D,56.2110,-7.7530,56.1890,-7.7940,41E2,116,V,,1,2,R,3.8000,-9,,3532,366,26,,5.2000,1400,107.2,22.4,247,,2212,226,3.8000,,,,,,284,17,,,,,,,,,,,,,,,,
HH,IE-IGFS,4,IE,45CE,GOV,55,I2,P,FG192,18,2013,9,29,0859,33,32,D,56.3040,-7.0660,56.3260,-7.0240,41E2,85,V,,1,2,R,4.5000,-9,,3571,349,26,,5.2000,1400,75.0,19.0,247,,2212,46,3.6000,,,,,,111,21,,,,,,,,,,,,,,,,
HH,IE-IGFS,4,IE,45CE,GOV,55,I2,P,FG117,19,2013,9,29,1247,33,30,D,56.1860,-6.7270,56.1860,-6.7850,41E3,58,V,,1,2,R,4.3000,-9,,3601,273,26,,5.2000,1400,73.7,18.5,247,,2212,270,3.9000,,,,,,129,16,,,,,,,,,,,,,,,,
HH,IE-IGFS,4,IE,45CE,GOV,55,I2,P,FG116,20,2013,9,29,1456,33,30,D,56.0520,-6.9680,56.0520,-7.0280,41E3,74,V,,1,2,R,4.2000,-9,,3738,311,26,,5.2000,1400,77.4,19.3,247,,2212,270,4.0000,,,,,,127,18,,,,,,,,,,,,,,,,
HH,IE-IGFS,4,IE,45CE,GOV,55,I2,P,FG98,22,2013,9,30,0755,33,30,D,55.2970,-6.4820,55.2790,-6.5290,39E3,133,V,,1,2,R,4.2000,-9,,3596,480,26,,5.2000,1400,85.0,21.2,247,,2212,236,3.9000,,,,,,106,17,,,,,,,,,,,,,,,,
HH,IE-IGFS,4,IE,45CE,GOV,55,I2,P,COD1,23,2013,9,30,0952,33,30,D,55.3680,-6.8490,55.3690,-6.9100,39E3,70,V,,1,2,R,4.1000,-9,,3869,311,26,,5.2000,1400,77.0,19.4,247,,2212,271,4.2000,,,,,,114,23,,,,,,,,,,,,,,,,
HH,IE-IGFS,4,IE,45CE,GOV,55,I2,P,SC573,26,2013,9,30,1738,33,30,D,55.8930,-6.6810,55.9260,-6.6720,40E3,54,V,,1,2,R,4.0000,-9,,3717,260,26,,5.2000,1400,77.4,19.1,247,,2212,8,4.0000,,,,,,121,17,,,,,,,,,,,,,,,,
HH,IE-IGFS,4,IE,45CE,GOV,55,I2,P,GD4,28,2013,10,1,0838,33,30,D,55.8030,-7.1140,55.7770,-7.1450,40E2,49,V,,1,2,R,4.2000,-9,,3487,259,26,,5.2000,1400,76.3,19.3,247,,2212,213,3.8000,,,,,,116,32,,,,,,,,,,,,,,,,
HH,IE-IGFS,4,IE,45CE,GOV,55,I2,P,32,29,2013,10,1,1059,33,31,D,55.6290,-7.3300,55.5980,-7.3080,40E2,52,V,,1,2,R,4.0000,-9,,3719,273,26,,5.2000,1400,78.9,19.7,247,,2212,158,3.9000,,,,,,122,34,,,,,,,,,,,,,,,,
HH,IE-IGFS,4,IE,45CE,GOV,55,I2,P,FG114,30,2013,10,1,1317,33,30,D,55.6170,-7.5120,55.6160,-7.5690,40E2,64,V,,1,2,R,4.2000,-9,,3593,298,26,,5.2000,1400,79.9,19.7,247,,2212,268,3.9000,,,,,,124,34,,,,,,,,,,,,,,,,
HH,IE-IGFS,4,IE,45CE,GOV,55,I2,P,MB7,31,2013,10,1,1509,33,30,D,55.5390,-7.7450,55.5090,-7.7690,40E2,62,V,,1,2,R,4.1000,-9,,3667,286,26,,5.2000,1400,80.2,20.1,247,,2212,204,4.0000,,,,,,123,26,,,,,,,,,,,,,,,,
HH,IE-IGFS,4,IE,45CE,GOV,55,I2,P,FG115,32,2013,10,1,1746,33,30,D,55.2570,-7.5820,55.2240,-7.5870,39E2,16,V,,1,2,R,4.5000,-9,,3687,151,26,,5.2000,1400,63.3,16.5,247,,2212,184,4.0000,,,,,,131,29,,,,,,,,,,,,,,,,
HH,IE-IGFS,4,IE,45CE,GOV,55,I2,P,MM8,41,2013,10,3,1835,33,21,D,54.8630,-8.6670,54.8690,-8.7050,38E1,57,V,,1,2,R,4.8000,-9,,2529,259,26,,5.2000,1400,71.6,,247,,2212,285,3.9000,,,,,,243,7,,,,,,,,,,,,,,,,
HH,IE-IGFS,4,IE,45CE,GOV,55,I2,P,14,42,2013,10,4,0623,33,30,D,54.5810,-8.3550,54.5660,-8.4040,38E1,30,V,,1,2,R,5.0000,-9,,3581,,26,,5.2000,1400,66.1,17.6,247,,2212,242,3.9000,,,,,,273,8,,,,,,,,,,,,,,,,
HH,IE-IGFS,4,IE,45CE,GOV,55,I2,P,15,43,2013,10,4,0754,33,29,D,54.5190,-8.5330,54.5180,-8.5860,38E1,52,V,,1,2,R,5.1000,-9,,3433,230,26,,5.2000,1400,66.5,17.7,247,,2212,268,3.8000,,,,,,279,8,,,,,,,,,,,,,,,,
HH,IE-IGFS,4,IE,45CE,GOV,55,I2,P,GD10,44,2013,10,4,1140,33,30,D,54.5400,-8.8970,54.5620,-8.9420,38E1,77,V,,1,2,R,4.4000,-9,,3804,311,26,,5.2000,1400,77.2,19.5,247,,2212,310,4.1000,,,,,,278,14,,,,,,,,,,,,,,,,
HH,IE-IGFS,4,IE,45CE,GOV,110,I2,P,MMMA3,34,2013,10,2,0841,36,30,D,55.8240,-8.3230,55.8170,-8.3800,40E1,138,V,,1,2,R,4.2000,-9,,3656,490,26,,5.2000,1400,108.8,20.4,247,,2212,257,3.9000,,,,,,129,22,,,,,,,,,,,,,,,,
HH,IE-IGFS,4,IE,45CE,GOV,110,I2,P,FG93,15,2013,9,28,1500,36,31,D,56.0650,-7.6340,56.0450,-7.6820,41E2,144,V,,1,2,R,4.2000,-9,,3728,474,26,,5.2000,1400,107.1,20.4,247,,2212,233,3.9000,,,,,,92,9,,,,,,,,,,,,,,,,
HH,IE-IGFS,4,IE,45CE,GOV,110,I2,P,MB6,16,2013,9,28,1659,36,30,D,55.8790,-7.6710,55.8640,-7.6180,40E2,127,V,,1,2,R,4.1000,-9,,3714,450,26,,5.2000,1400,104.8,19.9,247,,2212,116,4.0000,,,,,,106,16,,,,,,,,,,,,,,,,
HH,IE-IGFS,4,IE,45CE,GOV,110,I2,P,MB23,9,2013,9,27,1457,36,30,D,56.0090,-8.8700,55.9950,-8.8130,41E1,126,V,,1,2,R,4.0000,-9,,3882,462,26,,5.2000,1400,114.0,21.4,247,,2212,113,4.2000,,,,,,176,9,,,,,,,,,,,,,,,,
HH,IE-IGFS,4,IE,45CE,GOV,110,I2,P,FG118,10,2013,9,27,1654,36,30,D,56.1430,-8.8170,56.1560,-8.7640,41E1,121,V,,1,2,R,4.0000,-9,,3598,433,26,,5.2000,1400,112.3,21.3,247,,2212,66,3.9000,,,,,,200,7,,,,,,,,,,,,,,,,
HH,IE-IGFS,4,IE,45CE,GOV,110,I2,P,MB3,11,2013,9,28,0613,36,30,D,56.0000,-8.2110,56.0220,-8.1710,41E1,150,V,,1,2,R,4.2000,-9,,3496,513,26,,5.2000,1400,109.5,21.5,247,,2212,45,3.8000,,,,,,130,5,,,,,,,,,,,,,,,,
HH,IE-IGFS,4,IE,45CE,GOV,110,I2,P,MB48,12,2013,9,28,0850,36,28,D,56.2940,-8.1120,56.2850,-8.0580,41E1,166,V,,1,2,R,4.0000,-9,,3490,581,26,,5.2000,1400,114.4,21.5,247,,2212,106,4.0000,,,,,,119,6,,,,,,,,,,,,,,,,
HH,IE-IGFS,4,IE,45CE,GOV,110,I2,P,FG144,13,2013,9,28,1106,36,30,D,56.3410,-7.6320,56.3340,-7.5740,41E2,149,V,,1,2,R,4.1000,-9,,3670,499,26,,5.2000,1400,108.0,20.5,247,,2212,102,4.0000,,,,,,137,10,,,,,,,,,,,,,,,,
HH,IE-IGFS,4,IE,45CE,GOV,110,S,P,FG129,157,2014,12,9,1006,29,31,D,51.1370,-10.5370,51.1070,-10.5190,31D9,150,V,,1,2,R,4.1000,-9,,3567,498,26,,5.2000,1400,119.8,21.4,247,,998,159,3.7000,,,,,,237,23,,,,,,,,,,,,,,,,
HH,IE-IGFS,4,IE,45CE,GOV,110,S,P,FG128,158,2014,12,9,1232,29,30,D,51.2940,-10.3080,51.3120,-10.3500,31D9,124,V,,1,2,R,4.2000,-9,,3548,435,26,,5.2000,1400,116.7,21.1,247,,998,304,3.8000,,,,,,243,33,,,,,,,,,,,,,,,,
HH,IE-IGFS,4,IE,45CE,GOV,110,S,P,FG4,150,2014,12,8,0808,29,31,D,51.4580,-10.7960,51.4850,-10.8240,31D9,157,V,,1,2,R,3.8000,-9,,3578,528,26,,5.2000,1400,122.8,21.5,247,,998,327,3.7000,,,,,,318,26,,,,,,,,,,,,,,,,
HH,IE-IGFS,4,IE,45CE,GOV,110,S,P,FG170,151,2014,12,8,1059,29,30,D,51.4540,-10.4160,51.4740,-10.4570,31D9,123,V,,1,2,R,3.8000,-9,,3615,450,26,,5.2000,1400,119.8,21.4,247,,998,308,3.9000,,,,,,329,16,,,,,,,,,,,,,,,,
HH,IE-IGFS,4,IE,45CE,GOV,110,S,P,FG195,80,2014,11,22,0733,29,30,D,50.0660,-9.9880,50.0800,-9.9430,29E0,130,V,,1,2,R,4.4000,-9,,3578,445,26,,5.2000,1400,116.2,21.0,247,,998,64,3.9000,,,,,,317,21,,,,,,,,,,,,,,,,
HH,IE-IGFS,4,IE,45CE,GOV,110,S,P,CC425,81,2014,11,22,0929,29,30,D,50.1370,-9.7100,50.1340,-9.6590,29E0,131,V,,1,2,R,4.3000,-9,,3661,435,26,,5.2000,1400,116.7,21.0,247,,998,95,3.9000,,,,,,324,16,,,,,,,,,,,,,,,,
HH,IE-IGFS,4,IE,45CE,GOV,110,S,P,FG161,82,2014,11,22,1159,29,30,D,50.3470,-9.7570,50.3600,-9.7090,29E0,124,V,,1,2,R,4.6000,-9,,3709,425,26,,5.2000,1400,114.2,21.0,247,,998,66,4.0000,,,,,,312,13,,,,,,,,,,,,,,,,
HH,IE-IGFS,4,IE,45CE,GOV,110,S,P,FG162,83,2014,11,22,1401,29,30,D,50.3380,-9.4000,50.3610,-9.3620,29E0,125,V,,1,2,R,4.4000,-9,,3722,425,26,,5.2000,1400,115.1,23.0,247,,998,46,4.0000,,,,,,315,14,,,,,,,,,,,,,,,,
HH,IE-IGFS,4,IE,45CE,GOV,110,S,P,FG132,84,2014,11,22,1609,29,30,D,50.5180,-9.1500,50.5210,-9.0980,30E0,125,V,,1,2,R,4.7000,-9,,3702,435,26,,5.2000,1400,114.8,21.4,247,,998,84,4.0000,,,,,,318,12,,,,,,,,,,,,,,,,
HH,IE-IGFS,4,IE,45CE,GOV,110,S,P,FG66,133,2014,12,4,0741,29,30,D,51.0650,-10.2360,51.0320,-10.2330,31D9,128,V,,1,2,R,4.0000,-9,,3677,450,26,,5.2000,1400,115.1,20.6,247,,998,176,4.0000,,,,,,175,4,,,,,,,,,,,,,,,,
HH,IE-IGFS,4,IE,45CE,GOV,110,S,P,FG131,134,2014,12,4,0950,29,30,D,50.9270,-9.9980,50.9030,-10.0300,30E0,129,V,,1,2,R,4.1000,-9,,3491,438,26,,5.2000,1400,115.1,20.8,247,,998,220,3.8000,,,,,,200,4,,,,,,,,,,,,,,,,
HH,IE-IGFS,4,IE,45CE,GOV,110,S,P,84,135,2014,12,4,1152,29,30,D,50.7470,-9.9360,50.7530,-9.8850,30E0,119,V,,1,2,R,4.1000,-9,,3660,427,26,,5.2000,1400,116.0,21.2,247,,998,79,3.9000,,,,,,236,7,,,,,,,,,,,,,,,,
HH,IE-IGFS,4,IE,45CE,GOV,110,S,P,FG163,136,2014,12,4,1351,29,30,D,50.8330,-9.5900,50.8360,-9.5370,30E0,120,V,,1,2,R,4.2000,-9,,3748,427,26,,5.2000,1400,114.3,20.9,247,,998,84,4.0000,,,,,,254,6,,,,,,,,,,,,,,,,
HH,IE-IGFS,4,IE,45CE,GOV,110,S,P,FG159,77,2014,11,21,1129,29,30,D,51.0850,-11.0710,51.0530,-11.0720,31D8,181,V,,1,2,R,4.2000,-9,,3560,550,26,,5.2000,1400,122.2,22.0,247,,998,181,3.8000,,,,,,202,13,,,,,,,,,,,,,,,,
HH,IE-IGFS,4,IE,45CE,GOV,110,S,P,39,72,2014,11,20,1021,29,20,D,52.0590,-11.1970,52.0480,-11.1660,33D8,149,V,,1,2,R,5.6000,-9,,2453,485,26,,5.2000,1400,118.1,21.1,247,,998,119,4.0000,,,,,,118,14,,,,,,,,,,,,,,,,
HH,IE-IGFS,4,IE,45CE,GOV,110,S,P,FG67,73,2014,11,20,1236,29,30,D,51.8360,-11.0070,51.8060,-10.9870,32D8,156,V,,1,2,R,4.5000,-9,,3611,484,26,,5.2000,1400,121.7,21.8,247,,998,157,3.9000,,,,,,130,16,,,,,,,,,,,,,,,,
HH,IE-IGFS,4,IE,45CE,GOV,110,S,P,FG68,74,2014,11,20,1436,29,30,D,51.8520,-10.7670,51.8200,-10.7620,32D9,121,V,,1,2,R,4.7000,-9,,3577,415,26,,5.2000,1400,110.2,20.3,247,,998,174,3.9000,,,,,,108,12,,,,,,,,,,,,,,,,
HH,IE-IGFS,4,IE,45CE,GOV,110,S,P,42,75,2014,11,20,1632,29,30,D,51.6630,-10.8370,51.6350,-10.8090,32D9,154,V,,1,2,R,4.6000,-9,,3668,485,26,,5.2000,1400,116.1,20.9,247,,998,148,4.0000,,,,,,113,20,,,,,,,,,,,,,,,,
HH,IE-IGFS,4,IE,45CE,GOV,110,S,P,FG55,137,2014,12,4,1609,28,30,D,50.6090,-9.4500,50.5880,-9.4900,30E0,129,V,,1,2,R,3.9000,-9,,3671,428,26,,5.2000,1400,118.1,22.2,247,,998,230,4.0000,,,,,,294,3,,,,,,,,,,,,,,,,
HH,IE-IGFS,4,IE,45CE,GOV,110,S,P,85,138,2014,12,5,0729,28,30,D,50.7500,-9.2720,50.7550,-9.2220,30E0,119,V,,1,2,R,3.9000,-9,,3572,427,26,,5.2000,1400,115.8,20.5,247,,998,80,3.9000,,,,,,348,19,,,,,,,,,,,,,,,,
HH,IE-IGFS,4,IE,45CE,GOV,110,S,P,CC321,139,2014,12,5,0943,28,30,D,50.9040,-9.1100,50.8770,-9.0800,30E0,115,V,,1,2,R,3.9000,-9,,3671,415,26,,5.2000,1400,116.7,21.7,247,,998,144,4.0000,,,,,,329,17,,,,,,,,,,,,,,,,
HH,IE-IGFS,4,IE,45CE,GOV,110,S,P,FG199,88,2014,11,23,1341,28,30,D,51.2880,-9.2230,51.2570,-9.2380,31E0,113,V,,1,2,R,4.2000,-9,,3604,405,26,,5.2000,1400,110.6,22.9,247,,998,196,3.9000,,,,,,312,3,,,,,,,,,,,,,,,,
HH,IE-IGFS,4,IE,45CE,GOV,110,S,P,FG34,89,2014,11,23,1529,28,30,D,51.1170,-9.3180,51.1170,-9.3690,31E0,114,V,,1,2,R,4.4000,-9,,3571,400,26,,5.2000,1400,113.8,20.6,247,,998,270,3.8000,,,,,,278,3,,,,,,,,,,,,,,,,
HH,IE-IGFS,4,IE,45CE,GOV,110,S,P,MB20,90,2014,11,23,1711,28,20,D,51.1150,-9.5910,51.1090,-9.6250,31E0,119,V,,1,2,R,4.4000,-9,,2472,410,26,,5.2000,1400,112.4,20.6,247,,998,254,4.0000,,,,,,295,5,,,,,,,,,,,,,,,,
HH,IE-IGFS,4,IE,45CE,GOV,110,S,P,43,152,2014,12,8,1334,28,30,D,51.6690,-10.4940,51.6690,-10.4470,32D9,81,V,,1,2,R,4.4000,-9,,3251,347,26,,5.2000,1400,108.2,20.1,247,,998,89,3.5000,,,,,,312,21,,,,,,,,,,,,,,,,
RecordType,Quarter,Country,Ship,Gear,Survey,Reserved1,Reserved2,StNo,HaulNo,Year,LTREF,PARAM,LTSZC,UnitWgt,LT_Weight,UnitItem,LT_Items,LTSRC,TYPPL,LTPRP
LT,4,IE,45CE,GOV,IE-IGFS,,,FG149,1,2012,RECO-LT,LT-TOT,-9,kg/haul,0.0000,items/haul,0,-9,-9,-9
LT,4,IE,45CE,GOV,IE-IGFS,,,FG113,2,2012,RECO-LT,LT-TOT,-9,kg/haul,0.0000,items/haul,0,-9,-9,-9
LT,4,IE,45CE,GOV,IE-IGFS,,,FG101,3,2012,RECO-LT,LT-TOT,-9,kg/haul,0.0000,items/haul,0,-9,-9,-9
LT,4,IE,45CE,GOV,IE-IGFS,,,14,4,2012,RECO-LT,LT-TOT,-9,kg/haul,0.0000,items/haul,0,-9,-9,-9
LT,4,IE,45CE,GOV,IE-IGFS,,,MB45,5,2012,RECO-LT,LT-TOT,-9,kg/haul,0.0000,items/haul,0,-9,-9,-9
LT,4,IE,45CE,GOV,IE-IGFS,,,VMS2,64,2020,RECO-LT,LT-TOT,-9,kg/haul,0.0000,items/haul,0,-9,-9,-9
LT,4,IE,45CE,GOV,IE-IGFS,,,MB17,76,2018,C-TS-REV,A2,B,kg/haul,0.0240,items/haul,1,UNK,-9,-9
LT,4,IE,45CE,GOV,IE-IGFS,,,FG206,74,2018,C-TS-REV,A2,B,kg/haul,0.0160,items/haul,1,UNK,-9,-9
LT,4,IE,45CE,GOV,IE-IGFS,,,FG159,100,2018,C-TS-REV,A2,B,kg/haul,0.0040,items/haul,1,UNK,-9,-9
LT,4,IE,45CE,GOV,IE-IGFS,,,FG191,84,2018,C-TS-REV,A2,B,kg/haul,0.0200,items/haul,1,UNK,-9,-9
LT,4,IE,45CE,GOV,IE-IGFS,,,FG62,81,2019,C-TS-REV,A2,B,kg/haul,0.0160,items/haul,1,UNK,-9,-9
LT,4,IE,45CE,GOV,IE-IGFS,,,26,49,2019,C-TS-REV,A2,B,kg/haul,0.0060,items/haul,1,UNK,-9,-9
LT,4,IE,45CE,GOV,IE-IGFS,,,PO238,81,2018,C-TS-REV,A2,B,kg/haul,0.0700,items/haul,1,UNK,-9,-9
LT,4,IE,45CE,GOV,IE-IGFS,,,66,75,2018,C-TS-REV,A2,B,kg/haul,0.0360,items/haul,1,UNK,-9,-9
LT,4,IE,45CE,GOV,IE-IGFS,,,FG187,139,2018,C-TS-REV,A2,B,kg/haul,3.0800,items/haul,1,UNK,-9,-9
LT,4,IE,45CE,GOV,IE-IGFS,,,CN303,140,2018,C-TS-REV,A2,B,kg/haul,0.0900,items/haul,1,UNK,-9,-9
LT,4,IE,45CE,GOV,IE-IGFS,,,84,135,2019,C-TS-REV,A2,B,kg/haul,0.0020,items/haul,1,UNK,-9,-9
LT,4,IE,45CE,GOV,IE-IGFS,,,FG168,124,2019,C-TS-REV,A2,B,kg/haul,0.0330,items/haul,1,UNK,-9,-9
LT,4,IE,45CE,GOV,IE-IGFS,,,FG160,110,2018,C-TS-REV,A2,B,kg/haul,0.0140,items/haul,1,UNK,-9,-9
LT,4,IE,45CE,GOV,IE-IGFS,,,FG195,105,2018,C-TS-REV,A2,B,kg/haul,0.0040,items/haul,1,UNK,-9,-9
LT,4,IE,45CE,GOV,IE-IGFS,,,53A,99,2019,C-TS-REV,A2,B,kg/haul,0.0260,items/haul,2,UNK,-9,-9
LT,4,IE,45CE,GOV,IE-IGFS,,,CC306,88,2019,C-TS-REV,A2,B,kg/haul,0.0270,items/haul,1,UNK,-9,-9
LT,4,IE,45CE,GOV,IE-IGFS,,,FG55,72,2020,C-TS-REV,A2,B,kg/haul,0.0080,items/haul,1,UNK,-9,-9
LT,4,IE,45CE,GOV,IE-IGFS,,,FG187,27,2020,C-TS-REV,A2,B,kg/haul,0.0130,items/haul,1,UNK,-9,-9
LT,4,IE,45CE,GOV,IE-IGFS,,,MB32,149,2018,C-TS-REV,A2,B,kg/haul,0.0100,items/haul,1,UNK,-9,-9
LT,4,IE,45CE,GOV,IE-IGFS,,,FG52,132,2018,C-TS-REV,A2,B,kg/haul,0.0380,items/haul,1,UNK,-9,-9
LT,4,IE,45CE,GOV,IE-IGFS,,,113,38,2020,C-TS-REV,A2,B,kg/haul,0.0130,items/haul,1,UNK,-9,-9
LT,4,IE,45CE,GOV,IE-IGFS,,,FG141,138,2019,C-TS-REV,A2,B,kg/haul,0.0380,items/haul,1,UNK,-9,-9
LT,4,IE,45CE,GOV,IE-IGFS,,,CC307,64,2013,C-TS-REV,A2,A,kg/haul,0.0010,items/haul,1,UNK,-9,-9
LT,4,IE,45CE,GOV,IE-IGFS,,,26,46,2013,C-TS-REV,A2,A,kg/haul,0.0100,items/haul,1,UNK,-9,-9
LT,4,IE,45CE,GOV,IE-IGFS,,,MB32,111,2019,C-TS-REV,A2,B,kg/haul,0.0200,items/haul,1,UNK,-9,-9
LT,4,IE,45CE,GOV,IE-IGFS,,,FG138,100,2019,C-TS-REV,A2,B,kg/haul,0.0160,items/haul,1,UNK,-9,-9
LT,4,IE,45CE,GOV,IE-IGFS,,,FG163,131,2012,C-TS-REV,A2,A,kg/haul,0.0020,items/haul,1,UNK,-9,-9
LT,4,IE,45CE,GOV,IE-IGFS,,,62A,128,2018,C-TS-REV,A2,F,kg/haul,0.3280,items/haul,1,UNK,-9,-9
LT,4,IE,45CE,GOV,IE-IGFS,,,FG155,147,2013,C-TS-REV,A2,A,kg/haul,0.0060,items/haul,1,UNK,-9,-9
LT,4,IE,45CE,GOV,IE-IGFS,,,FG28,133,2013,C-TS-REV,A2,A,kg/haul,0.0020,items/haul,1,UNK,-9,-9
LT,4,IE,45CE,GOV,IE-IGFS,,,FG126,58,2020,C-TS-REV,A2,B,kg/haul,0.0050,items/haul,1,UNK,-9,-9
LT,4,IE,45CE,GOV,IE-IGFS,,,42,61,2020,C-TS-REV,A2,B,kg/haul,0.0090,items/haul,1,UNK,-9,-9
LT,4,IE,45CE,GOV,IE-IGFS,,,FG23,80,2013,C-TS-REV,A2,A,kg/haul,0.0010,items/haul,1,UNK,-9,-9
LT,4,IE,45CE,GOV,IE-IGFS,,,FG53,61,2013,C-TS-REV,A2,A,kg/haul,0.0010,items/haul,1,UNK,-9,-9
LT,4,IE,45CE,GOV,IE-IGFS,,,FG181,91,2014,C-TS-REV,A2,A,kg/haul,0.0010,items/haul,1,UNK,-9,-9
LT,4,IE,45CE,GOV,IE-IGFS,,,FG195,80,2014,C-TS-REV,A2,A,kg/haul,0.0010,items/haul,1,UNK,-9,-9
LT,4,IE,45CE,GOV,IE-IGFS,,,FG101,48,2013,C-TS-REV,A2,A,kg/haul,0.0450,items/haul,1,UNK,-9,-9
LT,4,IE,45CE,GOV,IE-IGFS,,,GD10,44,2013,C-TS-REV,A2,A,kg/haul,0.0100,items/haul,1,UNK,-9,-9
LT,4,IE,45CE,GOV,IE-IGFS,,,FG91,170,2013,C-TS-REV,A2,A,kg/haul,0.0100,items/haul,1,UNK,-9,-9
LT,4,IE,45CE,GOV,IE-IGFS,,,51,156,2013,C-TS-REV,A2,A,kg/haul,0.0010,items/haul,1,UNK,-9,-9
LT,4,IE,45CE,GOV,IE-IGFS,,,FG25,113,2014,C-TS-REV,A2,A,kg/haul,0.0010,items/haul,1,UNK,-9,-9
LT,4,IE,45CE,GOV,IE-IGFS,,,FG139,111,2014,C-TS-REV,A2,A,kg/haul,0.0020,items/haul,1,UNK,-9,-9
LT,4,IE,45CE,GOV,IE-IGFS,,,FG48,90,2013,C-TS-REV,A2,A,kg/haul,0.0010,items/haul,1,UNK,-9,-9
LT,4,IE,45CE,GOV,IE-IGFS,,,FG139,83,2013,C-TS-REV,A2,A,kg/haul,0.0010,items/haul,1,UNK,-9,-9
LT,4,IE,45CE,GOV,IE-IGFS,,,FG182,93,2014,C-TS-REV,A2,A,kg/haul,0.0010,items/haul,1,UNK,-9,-9
LT,4,IE,45CE,GOV,IE-IGFS,,,FG204,85,2014,C-TS-REV,A2,A,kg/haul,0.0010,items/haul,1,UNK,-9,-9
LT,4,IE,45CE,GOV,IE-IGFS,,,FG3,96,2016,C-TS-REV,A2,A,kg/haul,0.0010,items/haul,1,UNK,-9,-9
LT,4,IE,45CE,GOV,IE-IGFS,,,68,179,2014,C-TS-REV,A2,A,kg/haul,0.0030,items/haul,1,UNK,-9,-9
LT,4,IE,45CE,GOV,IE-IGFS,,,FG68,74,2014,C-TS-REV,A2,A,kg/haul,0.0030,items/haul,1,UNK,-9,-9
LT,4,IE,45CE,GOV,IE-IGFS,,,FG172,68,2014,C-TS-REV,A2,A,kg/haul,0.0310,items/haul,1,UNK,-9,-9
LT,4,IE,45CE,GOV,IE-IGFS,,,FG4,150,2014,C-TS-REV,A2,A,kg/haul,0.0010,items/haul,1,UNK,-9,-9
LT,4,IE,45CE,GOV,IE-IGFS,,,FG36A,128,2014,C-TS-REV,A2,A,kg/haul,0.0030,items/haul,1,UNK,-9,-9
LT,4,IE,45CE,GOV,IE-IGFS,,,PO189,106,2016,C-TS-REV,A2,A,kg/haul,0.0010,items/haul,1,UNK,-9,-9
LT,4,IE,45CE,GOV,IE-IGFS,,,PO34,105,2016,C-TS-REV,A2,A,kg/haul,0.0010,items/haul,1,UNK,-9,-9
LT,4,IE,45CE,GOV,IE-IGFS,,,MB32,106,2014,C-TS-REV,A2,A,kg/haul,0.0010,items/haul,1,UNK,-9,-9
LT,4,IE,45CE,GOV,IE-IGFS,,,53A,95,2014,C-TS-REV,A2,A,kg/haul,0.0050,items/haul,1,UNK,-9,-9
LT,4,IE,45CE,GOV,IE-IGFS,,,FG3,96,2016,C-TS-REV,A2,A,kg/haul,0.0010,items/haul,1,UNK,-9,-9
LT,4,IE,45CE,GOV,IE-IGFS,,,FG171,101,2016,C-TS-REV,A2,A,kg/haul,0.0010,items/haul,1,UNK,-9,-9
LT,4,IE,45CE,GOV,IE-IGFS,,,52,91,2017,C-TS-REV,A2,A,kg/haul,0.0010,items/haul,1,UNK,-9,-9
LT,4,IE,45CE,GOV,IE-IGFS,,,PO16,86,2017,C-TS-REV,A2,A,kg/haul,0.0010,items/haul,1,UNK,-9,-9
LT,4,IE,45CE,GOV,IE-IGFS,,,52,172,2014,C-TS-REV,A2,A,kg/haul,0.0010,items/haul,1,UNK,-9,-9
LT,4,IE,45CE,GOV,IE-IGFS,,,FG203,156,2014,C-TS-REV,A2,A,kg/haul,0.0010,items/haul,1,UNK,-9,-9
LT,4,IE,45CE,GOV,IE-IGFS,,,71,54,2017,C-TS-REV,A2,A,kg/haul,0.0010,items/haul,1,UNK,-9,-9
LT,4,IE,45CE,GOV,IE-IGFS,,,FG115,31,2017,C-TS-REV,A2,A,kg/haul,0.0050,items/haul,1,UNK,-9,-9
LT,4,IE,45CE,GOV,IE-IGFS,,,82,101,2017,C-TS-REV,A2,A,kg/haul,0.0060,items/haul,1,UNK,-9,-9
LT,4,IE,45CE,GOV,IE-IGFS,,,FG223,95,2017,C-TS-REV,A2,A,kg/haul,0.0010,items/haul,1,UNK,-9,-9
LT,4,IE,45CE,GOV,IE-IGFS,,,FG171,101,2016,C-TS-REV,A2,A,kg/haul,0.0020,items/haul,1,UNK,-9,-9
LT,4,IE,45CE,GOV,IE-IGFS,,,FG105,103,2016,C-TS-REV,A2,A,kg/haul,0.0100,items/haul,1,UNK,-9,-9
LT,4,IE,45CE,GOV,IE-IGFS,,,MB28,89,2017,C-TS-REV,A2,A,kg/haul,0.0010,items/haul,1,UNK,-9,-9
LT,4,IE,45CE,GOV,IE-IGFS,,,MB12,90,2017,C-TS-REV,A2,A,kg/haul,0.0010,items/haul,1,UNK,-9,-9
LT,4,IE,45CE,GOV,IE-IGFS,,,FG136,143,2017,C-TS-REV,A2,A,kg/haul,0.0010,items/haul,1,UNK,-9,-9
LT,4,IE,45CE,GOV,IE-IGFS,,,CC306,128,2017,C-TS-REV,A2,A,kg/haul,0.0010,items/haul,1,UNK,-9,-9
LT,4,IE,45CE,GOV,IE-IGFS,,,PO24,87,2017,C-TS-REV,A2,A,kg/haul,0.0010,items/haul,1,UNK,-9,-9
LT,4,IE,45CE,GOV,IE-IGFS,,,FG158,67,2017,C-TS-REV,A2,A,kg/haul,0.0010,items/haul,1,UNK,-9,-9
LT,4,IE,45CE,GOV,IE-IGFS,,,CC425,107,2017,C-TS-REV,A2,A,kg/haul,0.0140,items/haul,1,UNK,-9,-9
LT,4,IE,45CE,GOV,IE-IGFS,,,CC502,114,2017,C-TS-REV,A2,A,kg/haul,0.0060,items/haul,1,UNK,-9,-9
LT,4,IE,45CE,GOV,IE-IGFS,,,FG140,154,2017,C-TS-REV,A2,A,kg/haul,0.0010,items/haul,1,UNK,-9,-9
LT,4,IE,45CE,GOV,IE-IGFS,,,VMS1,155,2017,C-TS-REV,A2,A,kg/haul,0.0010,items/haul,1,UNK,-9,-9
LT,4,IE,45CE,GOV,IE-IGFS,,,FG33,94,2017,C-TS-REV,A2,A,kg/haul,0.0060,items/haul,1,UNK,-9,-9
LT,4,IE,45CE,GOV,IE-IGFS,,,PO14,88,2017,C-TS-REV,A2,A,kg/haul,0.0010,items/haul,1,UNK,-9,-9
LT,4,IE,45CE,GOV,IE-IGFS,,,FG165,142,2017,C-TS-REV,A2,A,kg/haul,0.0010,items/haul,1,UNK,-9,-9
LT,4,IE,45CE,GOV,IE-IGFS,,,FG180,138,2017,C-TS-REV,A2,A,kg/haul,0.0010,items/haul,1,UNK,-9,-9
LT,4,IE,45CE,GOV,IE-IGFS,,,FG176,177,2017,C-TS-REV,A2,A,kg/haul,0.0010,items/haul,1,UNK,-9,-9
LT,4,IE,45CE,GOV,IE-IGFS,,,FG201,178,2017,C-TS-REV,A2,A,kg/haul,0.0040,items/haul,1,UNK,-9,-9
LT,4,IE,45CE,GOV,IE-IGFS,,,FG56,127,2017,C-TS-REV,A2,A,kg/haul,0.0030,items/haul,1,UNK,-9,-9
LT,4,IE,45CE,GOV,IE-IGFS,,,CC322,123,2017,C-TS-REV,A2,A,kg/haul,0.0010,items/haul,1,UNK,-9,-9
LT,4,IE,45CE,GOV,IE-IGFS,,,FG11,156,2017,C-TS-REV,A2,A,kg/haul,0.0010,items/haul,1,UNK,-9,-9
LT,4,IE,45CE,GOV,IE-IGFS,,,FG133,169,2017,C-TS-REV,A2,A,kg/haul,0.0010,items/haul,1,UNK,-9,-9
LT,4,IE,45CE,GOV,IE-IGFS,,,90,78,2018,C-TS-REV,A2,A,kg/haul,0.0020,items/haul,1,UNK,-9,-9
LT,4,IE,45CE,GOV,IE-IGFS,,,53,70,2018,C-TS-REV,A2,A,kg/haul,0.0100,items/haul,1,UNK,-9,-9
LT,4,IE,45CE,GOV,IE-IGFS,,,FG52,153,2017,C-TS-REV,A2,A,kg/haul,0.0010,items/haul,1,UNK,-9,-9
LT,4,IE,45CE,GOV,IE-IGFS,,,FG25,146,2017,C-TS-REV,A2,A,kg/haul,0.0080,items/haul,1,UNK,-9,-9
LT,4,IE,45CE,GOV,IE-IGFS,,,MB10,50,2018,C-TS-REV,A2,A,kg/haul,0.0010,items/haul,1,UNK,-9,-9
LT,4,IE,45CE,GOV,IE-IGFS,,,FG91,51,2018,C-TS-REV,A2,A,kg/haul,0.0180,items/haul,1,UNK,-9,-9
LT,4,IE,45CE,GOV,IE-IGFS,,,113,144,2018,C-TS-REV,A2,A,kg/haul,0.0010,items/haul,1,UNK,-9,-9
LT,4,IE,45CE,GOV,IE-IGFS,,,FG16,131,2018,C-TS-REV,A2,A,kg/haul,0.0040,items/haul,1,UNK,-9,-9
LT,4,IE,45CE,GOV,IE-IGFS,,,53A,180,2017,C-TS-REV,A2,A,kg/haul,0.0010,items/haul,1,UNK,-9,-9
LT,4,IE,45CE,GOV,IE-IGFS,,,FG168,172,2017,C-TS-REV,A2,A,kg/haul,0.0010,items/haul,1,UNK,-9,-9
LT,4,IE,45CE,GOV,IE-IGFS,,,FG122,69,2018,C-TS-REV,A2,A,kg/haul,0.0030,items/haul,1,UNK,-9,-9
LT,4,IE,45CE,GOV,IE-IGFS,,,56,71,2018,C-TS-REV,A2,A,kg/haul,0.0080,items/haul,1,UNK,-9,-9
LT,4,IE,45CE,GOV,IE-IGFS,,,48,86,2020,C-TS-REV,A2,A,kg/haul,0.0010,items/haul,1,UNK,-9,-9
LT,4,IE,45CE,GOV,IE-IGFS,,,FG167,109,2019,C-TS-REV,A2,A,kg/haul,0.0120,items/haul,1,UNK,-9,-9
LT,4,IE,45CE,GOV,IE-IGFS,,,FG224,65,2018,C-TS-REV,A2,A,kg/haul,0.0080,items/haul,1,UNK,-9,-9
LT,4,IE,45CE,GOV,IE-IGFS,,,FG103,57,2018,C-TS-REV,A2,A,kg/haul,0.0040,items/haul,1,UNK,-9,-9
LT,4,IE,45CE,GOV,IE-IGFS,,,22,58,2019,C-TS-REV,A2,A,kg/haul,0.0020,items/haul,1,UNK,-9,-9
LT,4,IE,45CE,GOV,IE-IGFS,,,MB10,55,2019,C-TS-REV,A2,A,kg/haul,0.0100,items/haul,1,UNK,-9,-9
LT,4,IE,45CE,GOV,IE-IGFS,,,FG76,101,2020,C-TS-REV,A2,A,kg/haul,0.0150,items/haul,1,UNK,-9,-9
LT,4,IE,45CE,GOV,IE-IGFS,,,FG78,97,2020,C-TS-REV,A2,A,kg/haul,0.0140,items/haul,1,UNK,-9,-9
LT,4,IE,45CE,GOV,IE-IGFS,,,50,85,2018,C-TS-REV,A2,A,kg/haul,0.0140,items/haul,1,UNK,-9,-9
LT,4,IE,45CE,GOV,IE-IGFS,,,FG105,79,2018,C-TS-REV,A2,A,kg/haul,0.0120,items/haul,1,UNK,-9,-9
LT,4,IE,45CE,GOV,IE-IGFS,,,FG1,9,2020,C-TS-REV,A2,A,kg/haul,0.0010,items/haul,1,UNK,-9,-9
LT,4,IE,45CE,GOV,IE-IGFS,,,12,121,2020,C-TS-REV,A2,A,kg/haul,0.0010,items/haul,1,UNK,-9,-9
LT,4,IE,45CE,GOV,IE-IGFS,,,68,179,2014,C-TS-REV,A2,C,kg/haul,0.0550,items/haul,1,UNK,-9,-9
LT,4,IE,45CE,GOV,IE-IGFS,,,48,167,2014,C-TS-REV,A2,C,kg/haul,0.0050,items/haul,1,UNK,-9,-9
LT,4,IE,45CE,GOV,IE-IGFS,,,111,119,2019,C-TS-REV,A2,A,kg/haul,0.0010,items/haul,1,UNK,-9,-9
LT,4,IE,45CE,GOV,IE-IGFS,,,FG46,101,2019,C-TS-REV,A2,A,kg/haul,0.0060,items/haul,1,UNK,-9,-9
LT,4,IE,45CE,GOV,IE-IGFS,,,MB24,132,2020,C-TS-REV,A2,A,kg/haul,0.0010,items/haul,1,UNK,-9,-9
LT,4,IE,45CE,GOV,IE-IGFS,,,MAR4,119,2020,C-TS-REV,A2,A,kg/haul,0.0020,items/haul,1,UNK,-9,-9
LT,4,IE,45CE,GOV,IE-IGFS,,,FG199,122,2018,C-TS-REV,A2,C,kg/haul,0.0300,items/haul,1,UNK,-9,-9
LT,4,IE,45CE,GOV,IE-IGFS,,,FG180,117,2018,C-TS-REV,A2,C,kg/haul,0.0120,items/haul,1,UNK,-9,-9
LT,4,IE,45CE,GOV,IE-IGFS,,,FG36A,24,2020,C-TS-REV,A2,A,kg/haul,0.0010,items/haul,1,UNK,-9,-9
LT,4,IE,45CE,GOV,IE-IGFS,,,FG165,29,2020,C-TS-REV,A2,A,kg/haul,0.0020,items/haul,1,UNK,-9,-9
LT,4,IE,45CE,GOV,IE-IGFS,,,FG61,99,2017,C-TS-REV,A2,C,kg/haul,0.1990,items/haul,1,UNK,-9,-9
LT,4,IE,45CE,GOV,IE-IGFS,,,FG124,66,2017,C-TS-REV,A2,C,kg/haul,0.3500,items/haul,1,UNK,-9,-9
LT,4,IE,45CE,GOV,IE-IGFS,,,110,36,2020,C-TS-REV,A2,C,kg/haul,0.0170,items/haul,1,UNK,-9,-9
LT,4,IE,45CE,GOV,IE-IGFS,,,FG11,132,2019,C-TS-REV,A2,C,kg/haul,0.0490,items/haul,1,UNK,-9,-9
LT,4,IE,45CE,GOV,IE-IGFS,,,85,138,2014,C-TS-REV,A2,C,kg/haul,0.0710,items/haul,1,UNK,-9,-9
LT,4,IE,45CE,GOV,IE-IGFS,,,FG201,102,2014,C-TS-REV,A2,C,kg/haul,0.0720,items/haul,1,UNK,-9,-9
LT,4,IE,45CE,GOV,IE-IGFS,,,MAR5,25,2019,C-TS-REV,A2,C,kg/haul,0.0250,items/haul,1,UNK,-9,-9
LT,4,IE,45CE,GOV,IE-IGFS,,,FG182,123,2018,C-TS-REV,A2,C,kg/haul,0.0900,items/haul,1,UNK,-9,-9
LT,4,IE,45CE,GOV,IE-IGFS,,,MB32,32,2020,C-TS-REV,A7,C,kg/haul,0.0380,items/haul,1,UNK,-9,-9
LT,4,IE,45CE,GOV,IE-IGFS,,,MB15,169,2019,C-TS-REV,A7,C,kg/haul,0.2000,items/haul,1,UNK,-9,-9
LT,4,IE,45CE,GOV,IE-IGFS,,,SC573,29,2018,C-TS-REV,A2,C,kg/haul,0.0040,items/haul,1,UNK,-9,-9
LT,4,IE,45CE,GOV,IE-IGFS,,,FG192,33,2018,C-TS-REV,A2,C,kg/haul,0.0180,items/haul,1,UNK,-9,-9
LT,4,IE,45CE,GOV,IE-IGFS,,,FG25,147,2018,C-TS-REV,A7,C,kg/haul,0.2000,items/haul,1,UNK,-9,-9
LT,4,IE,45CE,GOV,IE-IGFS,,,FG161,108,2018,C-TS-REV,A7,C,kg/haul,0.5700,items/haul,1,UNK,-9,-9
LT,4,IE,45CE,GOV,IE-IGFS,,,62,2,2020,C-TS-REV,A7,D,kg/haul,0.4210,items/haul,1,UNK,-9,-9
LT,4,IE,45CE,GOV,IE-IGFS,,,FG128,158,2014,C-TS-REV,A7,D,kg/haul,0.9630,items/haul,1,UNK,-9,-9
LT,4,IE,45CE,GOV,IE-IGFS,,,VMS1,131,2019,C-TS-REV,A2,C,kg/haul,0.0650,items/haul,1,UNK,-9,-9
LT,4,IE,45CE,GOV,IE-IGFS,,,PO9,63,2019,C-TS-REV,A2,C,kg/haul,0.7260,items/haul,1,UNK,-9,-9
LT,4,IE,45CE,GOV,IE-IGFS,,,FG91,47,2014,C-TS-REV,A7,B,kg/haul,0.0730,items/haul,1,UNK,-9,-9
LT,4,IE,45CE,GOV,IE-IGFS,,,21,48,2014,C-TS-REV,A7,B,kg/haul,0.0480,items/haul,1,UNK,-9,-9
LT,4,IE,45CE,GOV,IE-IGFS,,,CN303,92,2013,C-TS-REV,A7,B,kg/haul,0.1250,items/haul,1,UNK,-9,-9
LT,4,IE,45CE,GOV,IE-IGFS,,,FG133,95,2012,C-TS-REV,A7,B,kg/haul,0.0260,items/haul,1,UNK,-9,-9
LT,4,IE,45CE,GOV,IE-IGFS,,,FG138,100,2019,C-TS-REV,A7,C,kg/haul,0.0080,items/haul,1,UNK,-9,-9
LT,4,IE,45CE,GOV,IE-IGFS,,,CN204,102,2019,C-TS-REV,A7,C,kg/haul,0.1280,items/haul,1,UNK,-9,-9
LT,4,IE,45CE,GOV,IE-IGFS,,,90,165,2014,C-TS-REV,A7,B,kg/haul,0.0470,items/haul,1,UNK,-9,-9
LT,4,IE,45CE,GOV,IE-IGFS,,,FG33,159,2014,C-TS-REV,A7,B,kg/haul,0.1690,items/haul,1,UNK,-9,-9
LT,4,IE,45CE,GOV,IE-IGFS,,,FG33,159,2014,C-TS-REV,A7,B,kg/haul,0.0300,items/haul,1,UNK,-9,-9
LT,4,IE,45CE,GOV,IE-IGFS,,,71,153,2014,C-TS-REV,A7,B,kg/haul,0.0290,items/haul,1,UNK,-9,-9
LT,4,IE,45CE,GOV,IE-IGFS,,,53A,95,2014,C-TS-REV,A7,B,kg/haul,0.0320,items/haul,1,UNK,-9,-9
LT,4,IE,45CE,GOV,IE-IGFS,,,MB20,90,2014,C-TS-REV,A7,B,kg/haul,0.0980,items/haul,1,UNK,-9,-9
LT,4,IE,45CE,GOV,IE-IGFS,,,FG45,26,2018,C-TS-REV,A7,B,kg/haul,0.1160,items/haul,1,UNK,-9,-9
LT,4,IE,45CE,GOV,IE-IGFS,,,33,28,2018,C-TS-REV,A7,B,kg/haul,0.0520,items/haul,1,UNK,-9,-9
LT,4,IE,45CE,GOV,IE-IGFS,,,GD8,6,2018,C-TS-REV,A7,B,kg/haul,0.0540,items/haul,1,UNK,-9,-9
LT,4,IE,45CE,GOV,IE-IGFS,,,FG212,97,2017,C-TS-REV,A7,B,kg/haul,0.0030,items/haul,1,UNK,-9,-9
LT,4,IE,45CE,GOV,IE-IGFS,,,FG203,63,2017,C-TS-REV,A7,B,kg/haul,0.0230,items/haul,1,UNK,-9,-9
LT,4,IE,45CE,GOV,IE-IGFS,,,FG203,91,2016,C-TS-REV,A7,B,kg/haul,0.1210,items/haul,1,UNK,-9,-9
LT,4,IE,45CE,GOV,IE-IGFS,,,FG56,121,2018,C-TS-REV,A7,B,kg/haul,0.0040,items/haul,1,UNK,-9,-9
LT,4,IE,45CE,GOV,IE-IGFS,,,82,111,2018,C-TS-REV,A7,B,kg/haul,0.0240,items/haul,1,UNK,-9,-9
LT,4,IE,45CE,GOV,IE-IGFS,,,FG161,108,2018,C-TS-REV,A7,B,kg/haul,0.0120,items/haul,1,UNK,-9,-9
LT,4,IE,45CE,GOV,IE-IGFS,,,FG132,106,2018,C-TS-REV,A7,B,kg/haul,0.0180,items/haul,1,UNK,-9,-9
LT,4,IE,45CE,GOV,IE-IGFS,,,FG159,100,2018,C-TS-REV,A7,B,kg/haul,0.0040,items/haul,1,UNK,-9,-9
LT,4,IE,45CE,GOV,IE-IGFS,,,FG75,42,2018,C-TS-REV,A7,B,kg/haul,0.0560,items/haul,1,UNK,-9,-9
LT,4,IE,45CE,GOV,IE-IGFS,,,FG168,138,2018,C-TS-REV,A7,B,kg/haul,0.0100,items/haul,1,UNK,-9,-9
LT,4,IE,45CE,GOV,IE-IGFS,,,FG187,139,2018,C-TS-REV,A7,B,kg/haul,1.5200,items/haul,1,UNK,-9,-9
LT,4,IE,45CE,GOV,IE-IGFS,,,FG52,132,2018,C-TS-REV,A7,B,kg/haul,0.0200,items/haul,1,UNK,-9,-9
LT,4,IE,45CE,GOV,IE-IGFS,,,FG56,121,2018,C-TS-REV,A7,B,kg/haul,0.0260,items/haul,1,UNK,-9,-9
LT,4,IE,45CE,GOV,IE-IGFS,,,FG199,122,2018,C-TS-REV,A7,B,kg/haul,0.6000,items/haul,1,UNK,-9,-9
LT,4,IE,45CE,GOV,IE-IGFS,,,FG182,123,2018,C-TS-REV,A7,B,kg/haul,0.1100,items/haul,1,UNK,-9,-9
LT,4,IE,45CE,GOV,IE-IGFS,,,CC425,83,2019,C-TS-REV,A7,B,kg/haul,0.0100,items/haul,1,UNK,-9,-9
LT,4,IE,45CE,GOV,IE-IGFS,,,FG69,72,2019,C-TS-REV,A7,B,kg/haul,0.0580,items/haul,1,UNK,-9,-9
LT,4,IE,45CE,GOV,IE-IGFS,,,FG175,67,2019,C-TS-REV,A7,B,kg/haul,0.0040,items/haul,1,UNK,-9,-9
LT,4,IE,45CE,GOV,IE-IGFS,,,26,49,2019,C-TS-REV,A7,B,kg/haul,0.0280,items/haul,1,UNK,-9,-9
LT,4,IE,45CE,GOV,IE-IGFS,,,FG115,40,2019,C-TS-REV,A7,B,kg/haul,0.1540,items/haul,1,UNK,-9,-9
LT,4,IE,45CE,GOV,IE-IGFS,,,FG113,6,2019,C-TS-REV,A7,B,kg/haul,0.0260,items/haul,1,UNK,-9,-9
LT,4,IE,45CE,GOV,IE-IGFS,,,62,168,2019,C-TS-REV,A7,B,kg/haul,0.0040,items/haul,1,UNK,-9,-9
LT,4,IE,45CE,GOV,IE-IGFS,,,FG160,137,2019,C-TS-REV,A7,B,kg/haul,0.5210,items/haul,1,UNK,-9,-9
LT,4,IE,45CE,GOV,IE-IGFS,,,VMS1,131,2019,C-TS-REV,A7,B,kg/haul,0.0070,items/haul,1,UNK,-9,-9
LT,4,IE,45CE,GOV,IE-IGFS,,,FG167,109,2019,C-TS-REV,A7,B,kg/haul,0.0600,items/haul,1,UNK,-9,-9
LT,4,IE,45CE,GOV,IE-IGFS,,,CN207,107,2019,C-TS-REV,A7,B,kg/haul,0.0150,items/haul,1,UNK,-9,-9
LT,4,IE,45CE,GOV,IE-IGFS,,,33A,108,2019,C-TS-REV,A7,B,kg/haul,0.0200,items/haul,1,UNK,-9,-9
LT,4,IE,45CE,GOV,IE-IGFS,,,FG35,23,2020,C-TS-REV,A7,B,kg/haul,0.0190,items/haul,1,UNK,-9,-9
LT,4,IE,45CE,GOV,IE-IGFS,,,FG193,107,2020,C-TS-REV,A7,B,kg/haul,0.0170,items/haul,3,UNK,-9,-9
LT,4,IE,45CE,GOV,IE-IGFS,,,FG187,27,2020,C-TS-REV,A7,B,kg/haul,0.0070,items/haul,1,UNK,-9,-9
LT,4,IE,45CE,GOV,IE-IGFS,,,FG102,116,2020,C-TS-REV,A7,B,kg/haul,0.0220,items/haul,1,UNK,-9,-9
LT,4,IE,45CE,GOV,IE-IGFS,,,27,117,2020,C-TS-REV,A7,B,kg/haul,0.0060,items/haul,1,UNK,-9,-9
LT,4,IE,45CE,GOV,IE-IGFS,,,51,91,2020,C-TS-REV,A7,B,kg/haul,0.0030,items/haul,1,UNK,-9,-9
LT,4,IE,45CE,GOV,IE-IGFS,,,FG161,82,2014,C-TS-REV,A7,A,kg/haul,0.0070,items/haul,1,UNK,-9,-9
LT,4,IE,45CE,GOV,IE-IGFS,,,PO174,64,2014,C-TS-REV,A7,A,kg/haul,0.0010,items/haul,1,UNK,-9,-9
LT,4,IE,45CE,GOV,IE-IGFS,,,FG119,18,2014,C-TS-REV,A7,A,kg/haul,0.0010,items/haul,1,UNK,-9,-9
LT,4,IE,45CE,GOV,IE-IGFS,,,110,82,2013,C-TS-REV,A7,A,kg/haul,0.0160,items/haul,1,UNK,-9,-9
LT,4,IE,45CE,GOV,IE-IGFS,,,33A,156,2016,C-TS-REV,A7,F,kg/haul,0.2380,items/haul,1,UNK,-9,-9
LT,4,IE,45CE,GOV,IE-IGFS,,,FG39,41,2020,C-TS-REV,A7,B,kg/haul,0.0540,items/haul,1,UNK,-9,-9
LT,4,IE,45CE,GOV,IE-IGFS,,,FG136,110,2014,C-TS-REV,A7,A,kg/haul,0.0010,items/haul,1,UNK,-9,-9
LT,4,IE,45CE,GOV,IE-IGFS,,,FG177,105,2014,C-TS-REV,A7,A,kg/haul,0.0080,items/haul,1,UNK,-9,-9
LT,4,IE,45CE,GOV,IE-IGFS,,,FG23,100,2014,C-TS-REV,A7,A,kg/haul,0.0010,items/haul,1,UNK,-9,-9
LT,4,IE,45CE,GOV,IE-IGFS,,,CN203,107,2014,C-TS-REV,A7,A,kg/haul,0.0010,items/haul,1,UNK,-9,-9
LT,4,IE,45CE,GOV,IE-IGFS,,,44,108,2014,C-TS-REV,A7,A,kg/haul,0.0060,items/haul,1,UNK,-9,-9
LT,4,IE,45CE,GOV,IE-IGFS,,,PO39,67,2014,C-TS-REV,A7,A,kg/haul,0.0010,items/haul,1,UNK,-9,-9
LT,4,IE,45CE,GOV,IE-IGFS,,,FG39,122,2014,C-TS-REV,A7,A,kg/haul,0.0010,items/haul,1,UNK,-9,-9
LT,4,IE,45CE,GOV,IE-IGFS,,,111,117,2014,C-TS-REV,A7,A,kg/haul,0.0010,items/haul,1,UNK,-9,-9
LT,4,IE,45CE,GOV,IE-IGFS,,,CN304,120,2014,C-TS-REV,A7,A,kg/haul,0.0010,items/haul,1,UNK,-9,-9
LT,4,IE,45CE,GOV,IE-IGFS,,,FG25,113,2014,C-TS-REV,A7,A,kg/haul,0.0010,items/haul,1,UNK,-9,-9
LT,4,IE,45CE,GOV,IE-IGFS,,,33A,114,2014,C-TS-REV,A7,A,kg/haul,0.0100,items/haul,1,UNK,-9,-9
LT,4,IE,45CE,GOV,IE-IGFS,,,FG165,109,2014,C-TS-REV,A7,A,kg/haul,0.0010,items/haul,1,UNK,-9,-9
LT,4,IE,45CE,GOV,IE-IGFS,,,FG170,151,2014,C-TS-REV,A7,A,kg/haul,0.0030,items/haul,1,UNK,-9,-9
LT,4,IE,45CE,GOV,IE-IGFS,,,FG51,147,2014,C-TS-REV,A7,A,kg/haul,0.0030,items/haul,1,UNK,-9,-9
LT,4,IE,45CE,GOV,IE-IGFS,,,113,119,2014,C-TS-REV,A7,A,kg/haul,0.0040,items/haul,1,UNK,-9,-9
LT,4,IE,45CE,GOV,IE-IGFS,,,FG180,149,2014,C-TS-REV,A7,A,kg/haul,0.0020,items/haul,1,UNK,-9,-9
LT,4,IE,45CE,GOV,IE-IGFS,,,112,121,2014,C-TS-REV,A7,A,kg/haul,0.0010,items/haul,1,UNK,-9,-9
LT,4,IE,45CE,GOV,IE-IGFS,,,112,121,2014,C-TS-REV,A7,A,kg/haul,0.0010,items/haul,1,UNK,-9,-9
LT,4,IE,45CE,GOV,IE-IGFS,,,48,167,2014,C-TS-REV,A7,A,kg/haul,0.0010,items/haul,1,UNK,-9,-9
LT,4,IE,45CE,GOV,IE-IGFS,,,FG33,159,2014,C-TS-REV,A7,A,kg/haul,0.0010,items/haul,1,UNK,-9,-9
LT,4,IE,45CE,GOV,IE-IGFS,,,FG121,164,2014,C-TS-REV,A7,A,kg/haul,0.0070,items/haul,1,UNK,-9,-9
LT,4,IE,45CE,GOV,IE-IGFS,,,FG129,157,2014,C-TS-REV,A7,A,kg/haul,0.0100,items/haul,1,UNK,-9,-9
LT,4,IE,45CE,GOV,IE-IGFS,,,VMS1,144,2014,C-TS-REV,A7,A,kg/haul,0.0020,items/haul,1,UNK,-9,-9
LT,4,IE,45CE,GOV,IE-IGFS,,,FG37,146,2014,C-TS-REV,A7,A,kg/haul,0.0020,items/haul,1,UNK,-9,-9
LT,4,IE,45CE,GOV,IE-IGFS,,,MB14,68,2018,C-TS-REV,A7,A,kg/haul,0.0100,items/haul,1,UNK,-9,-9
LT,4,IE,45CE,GOV,IE-IGFS,,,MB12,60,2018,C-TS-REV,A7,A,kg/haul,0.0320,items/haul,1,UNK,-9,-9
LT,4,IE,45CE,GOV,IE-IGFS,,,FG99,53,2018,C-TS-REV,A7,A,kg/haul,0.0010,items/haul,1,UNK,-9,-9
LT,4,IE,45CE,GOV,IE-IGFS,,,FG67,97,2016,C-TS-REV,A7,A,kg/haul,0.0010,items/haul,1,UNK,-9,-9
LT,4,IE,45CE,GOV,IE-IGFS,,,56A,174,2014,C-TS-REV,A7,A,kg/haul,0.0070,items/haul,1,UNK,-9,-9
LT,4,IE,45CE,GOV,IE-IGFS,,,48,167,2014,C-TS-REV,A7,A,kg/haul,0.0010,items/haul,1,UNK,-9,-9
LT,4,IE,45CE,GOV,IE-IGFS,,,FG206,74,2018,C-TS-REV,A7,A,kg/haul,0.0040,items/haul,1,UNK,-9,-9
LT,4,IE,45CE,GOV,IE-IGFS,,,FG221,82,2018,C-TS-REV,A7,A,kg/haul,0.0020,items/haul,1,UNK,-9,-9
LT,4,IE,45CE,GOV,IE-IGFS,,,66,75,2018,C-TS-REV,A7,A,kg/haul,0.0060,items/haul,1,UNK,-9,-9
LT,4,IE,45CE,GOV,IE-IGFS,,,90,78,2018,C-TS-REV,A7,A,kg/haul,0.0020,items/haul,1,UNK,-9,-9
LT,4,IE,45CE,GOV,IE-IGFS,,,PO34,66,2018,C-TS-REV,A7,A,kg/haul,0.0560,items/haul,1,UNK,-9,-9
LT,4,IE,45CE,GOV,IE-IGFS,,,FG173,73,2018,C-TS-REV,A7,A,kg/haul,0.0100,items/haul,1,UNK,-9,-9
LT,4,IE,45CE,GOV,IE-IGFS,,,FG67,93,2018,C-TS-REV,A7,A,kg/haul,0.0340,items/haul,1,UNK,-9,-9
LT,4,IE,45CE,GOV,IE-IGFS,,,38,94,2018,C-TS-REV,A7,A,kg/haul,0.0040,items/haul,1,UNK,-9,-9
LT,4,IE,45CE,GOV,IE-IGFS,,,FG74,89,2018,C-TS-REV,A7,A,kg/haul,0.0080,items/haul,1,UNK,-9,-9
LT,4,IE,45CE,GOV,IE-IGFS,,,FG70,88,2018,C-TS-REV,A7,A,kg/haul,0.0290,items/haul,1,UNK,-9,-9
LT,4,IE,45CE,GOV,IE-IGFS,,,FG71,90,2018,C-TS-REV,A7,A,kg/haul,0.0070,items/haul,1,UNK,-9,-9
LT,4,IE,45CE,GOV,IE-IGFS,,,FG105,79,2018,C-TS-REV,A7,A,kg/haul,0.0810,items/haul,1,UNK,-9,-9
LT,4,IE,45CE,GOV,IE-IGFS,,,110,152,2018,C-TS-REV,A7,A,kg/haul,0.0040,items/haul,1,UNK,-9,-9
LT,4,IE,45CE,GOV,IE-IGFS,,,FG34,118,2018,C-TS-REV,A7,A,kg/haul,0.0020,items/haul,1,UNK,-9,-9
LT,4,IE,45CE,GOV,IE-IGFS,,,FG12,127,2018,C-TS-REV,A7,A,kg/haul,0.0080,items/haul,1,UNK,-9,-9
LT,4,IE,45CE,GOV,IE-IGFS,,,FG183,124,2018,C-TS-REV,A7,A,kg/haul,0.0040,items/haul,1,UNK,-9,-9
LT,4,IE,45CE,GOV,IE-IGFS,,,FG64,102,2018,C-TS-REV,A7,A,kg/haul,0.0400,items/haul,1,UNK,-9,-9
LT,4,IE,45CE,GOV,IE-IGFS,,,FG212,104,2018,C-TS-REV,A7,A,kg/haul,0.0020,items/haul,1,UNK,-9,-9
LT,4,IE,45CE,GOV,IE-IGFS,,,MB10,55,2019,C-TS-REV,A7,A,kg/haul,0.0120,items/haul,1,UNK,-9,-9
LT,4,IE,45CE,GOV,IE-IGFS,,,FG101,7,2019,C-TS-REV,A7,A,kg/haul,0.0060,items/haul,1,UNK,-9,-9
LT,4,IE,45CE,GOV,IE-IGFS,,,MMMA3,38,2019,C-TS-REV,A7,A,kg/haul,0.0040,items/haul,1,UNK,-9,-9
LT,4,IE,45CE,GOV,IE-IGFS,,,MM3,48,2019,C-TS-REV,A7,A,kg/haul,0.0520,items/haul,1,UNK,-9,-9
LT,4,IE,45CE,GOV,IE-IGFS,,,6A,13,2019,C-TS-REV,A7,A,kg/haul,0.0060,items/haul,1,UNK,-9,-9
LT,4,IE,45CE,GOV,IE-IGFS,,,FG149,5,2019,C-TS-REV,A7,A,kg/haul,0.0060,items/haul,1,UNK,-9,-9
LT,4,IE,45CE,GOV,IE-IGFS,,,FG172,71,2019,C-TS-REV,A7,A,kg/haul,0.0100,items/haul,1,UNK,-9,-9
LT,4,IE,45CE,GOV,IE-IGFS,,,FG69,72,2019,C-TS-REV,A7,A,kg/haul,0.0140,items/haul,1,UNK,-9,-9
LT,4,IE,45CE,GOV,IE-IGFS,,,PO189,65,2019,C-TS-REV,A7,A,kg/haul,0.0020,items/haul,1,UNK,-9,-9
LT,4,IE,45CE,GOV,IE-IGFS,,,FG83,54,2019,C-TS-REV,A7,A,kg/haul,0.0040,items/haul,1,UNK,-9,-9
LT,4,IE,45CE,GOV,IE-IGFS,,,FG175,68,2019,C-TS-REV,A7,A,kg/haul,0.0050,items/haul,1,UNK,-9,-9
LT,4,IE,45CE,GOV,IE-IGFS,,,FG80,53,2019,C-TS-REV,A7,A,kg/haul,0.0120,items/haul,1,UNK,-9,-9
LT,4,IE,45CE,GOV,IE-IGFS,,,FG37A,104,2019,C-TS-REV,A7,A,kg/haul,0.0050,items/haul,1,UNK,-9,-9
LT,4,IE,45CE,GOV,IE-IGFS,,,FG38,106,2019,C-TS-REV,A7,A,kg/haul,0.0040,items/haul,1,UNK,-9,-9
LT,4,IE,45CE,GOV,IE-IGFS,,,FG132,87,2019,C-TS-REV,A7,A,kg/haul,0.0160,items/haul,1,UNK,-9,-9
LT,4,IE,45CE,GOV,IE-IGFS,,,FG162,84,2019,C-TS-REV,A7,A,kg/haul,0.0010,items/haul,1,UNK,-9,-9
LT,4,IE,45CE,GOV,IE-IGFS,,,FG157,76,2019,C-TS-REV,A7,A,kg/haul,0.0010,items/haul,1,UNK,-9,-9
LT,4,IE,45CE,GOV,IE-IGFS,,,FG121,69,2019,C-TS-REV,A7,A,kg/haul,0.0060,items/haul,1,UNK,-9,-9
LT,4,IE,45CE,GOV,IE-IGFS,,,FG33,156,2019,C-TS-REV,A7,A,kg/haul,0.0010,items/haul,1,UNK,-9,-9
LT,4,IE,45CE,GOV,IE-IGFS,,,FG141,138,2019,C-TS-REV,A7,A,kg/haul,0.0690,items/haul,1,UNK,-9,-9
LT,4,IE,45CE,GOV,IE-IGFS,,,HG1,146,2019,C-TS-REV,A7,A,kg/haul,0.0120,items/haul,1,UNK,-9,-9
LT,4,IE,45CE,GOV,IE-IGFS,,,FG207,148,2019,C-TS-REV,A7,A,kg/haul,0.0040,items/haul,1,UNK,-9,-9
LT,4,IE,45CE,GOV,IE-IGFS,,,FG160,137,2019,C-TS-REV,A7,A,kg/haul,0.0430,items/haul,1,UNK,-9,-9
LT,4,IE,45CE,GOV,IE-IGFS,,,FG176,103,2019,C-TS-REV,A7,A,kg/haul,0.0080,items/haul,1,UNK,-9,-9
LT,4,IE,45CE,GOV,IE-IGFS,,,FG67,153,2019,C-TS-REV,A7,A,kg/haul,0.0080,items/haul,1,UNK,-9,-9
LT,4,IE,45CE,GOV,IE-IGFS,,,MB52,166,2019,C-TS-REV,A7,A,kg/haul,0.0060,items/haul,1,UNK,-9,-9
LT,4,IE,45CE,GOV,IE-IGFS,,,MB18,151,2019,C-TS-REV,A7,A,kg/haul,0.0100,items/haul,1,UNK,-9,-9
LT,4,IE,45CE,GOV,IE-IGFS,,,DS1,152,2019,C-TS-REV,A7,A,kg/haul,0.0060,items/haul,1,UNK,-9,-9
LT,4,IE,45CE,GOV,IE-IGFS,,,42,154,2019,C-TS-REV,A7,A,kg/haul,0.0010,items/haul,1,UNK,-9,-9
LT,4,IE,45CE,GOV,IE-IGFS,,,43,155,2019,C-TS-REV,A7,A,kg/haul,0.0010,items/haul,1,UNK,-9,-9
LT,4,IE,45CE,GOV,IE-IGFS,,,FG183,160,2019,C-TS-REV,A7,A,kg/haul,0.0060,items/haul,1,UNK,-9,-9
LT,4,IE,45CE,GOV,IE-IGFS,,,FG56,162,2019,C-TS-REV,A7,A,kg/haul,0.0010,items/haul,1,UNK,-9,-9
LT,4,IE,45CE,GOV,IE-IGFS,,,FG213,164,2019,C-TS-REV,A7,A,kg/haul,0.0010,items/haul,1,UNK,-9,-9
LT,4,IE,45CE,GOV,IE-IGFS,,,71,150,2019,C-TS-REV,A7,A,kg/haul,0.0240,items/haul,1,UNK,-9,-9
LT,4,IE,45CE,GOV,IE-IGFS,,,FG205,157,2019,C-TS-REV,A7,A,kg/haul,0.0010,items/haul,1,UNK,-9,-9
LT,4,IE,45CE,GOV,IE-IGFS,,,FG183,160,2019,C-TS-REV,A7,A,kg/haul,0.0060,items/haul,1,UNK,-9,-9
LT,4,IE,45CE,GOV,IE-IGFS,,,66,95,2020,C-TS-REV,A7,A,kg/haul,0.0030,items/haul,1,UNK,-9,-9
LT,4,IE,45CE,GOV,IE-IGFS,,,FG217,167,2019,C-TS-REV,A7,A,kg/haul,0.0010,items/haul,1,UNK,-9,-9
LT,4,IE,45CE,GOV,IE-IGFS,,,56A,170,2019,C-TS-REV,A7,A,kg/haul,0.0010,items/haul,1,UNK,-9,-9
LT,4,IE,45CE,GOV,IE-IGFS,,,56A,170,2019,C-TS-REV,A7,A,kg/haul,0.0010,items/haul,1,UNK,-9,-9
LT,4,IE,45CE,GOV,IE-IGFS,,,21,103,2020,C-TS-REV,A7,A,kg/haul,0.0100,items/haul,1,UNK,-9,-9
LT,4,IE,45CE,GOV,IE-IGFS,,,MB52,166,2019,C-TS-REV,A7,A,kg/haul,0.0010,items/haul,1,UNK,-9,-9
LT,4,IE,45CE,GOV,IE-IGFS,,,MB45,112,2020,C-TS-REV,A7,A,kg/haul,0.0040,items/haul,1,UNK,-9,-9
LT,4,IE,45CE,GOV,IE-IGFS,,,FG78,97,2020,C-TS-REV,A7,A,kg/haul,0.0050,items/haul,1,UNK,-9,-9
LT,4,IE,45CE,GOV,IE-IGFS,,,FG151,111,2020,C-TS-REV,A7,A,kg/haul,0.0010,items/haul,1,UNK,-9,-9
LT,4,IE,45CE,GOV,IE-IGFS,,,FG165,29,2020,C-TS-REV,A7,A,kg/haul,0.0010,items/haul,1,UNK,-9,-9
LT,4,IE,45CE,GOV,IE-IGFS,,,FG1,9,2020,C-TS-REV,A7,A,kg/haul,0.0030,items/haul,1,UNK,-9,-9
LT,4,IE,45CE,GOV,IE-IGFS,,,44,30,2020,C-TS-REV,A7,A,kg/haul,0.0010,items/haul,1,UNK,-9,-9
LT,4,IE,45CE,GOV,IE-IGFS,,,CC306,88,2019,C-TS-REV,A14,C,kg/haul,0.0520,items/haul,1,UNK,-9,-9
LT,4,IE,45CE,GOV,IE-IGFS,,,GD4,32,2019,C-TS-REV,A14,C,kg/haul,0.0500,items/haul,1,UNK,-9,-9
LT,4,IE,45CE,GOV,IE-IGFS,,,82,111,2018,C-TS-REV,A14,C,kg/haul,0.2940,items/haul,1,UNK,-9,-9
LT,4,IE,45CE,GOV,IE-IGFS,,,DS1,163,2014,C-TS-REV,A14,C,kg/haul,0.2260,items/haul,1,UNK,-9,-9
LT,4,IE,45CE,GOV,IE-IGFS,,,MMMA3,127,2020,C-TS-REV,A7,A,kg/haul,0.0020,items/haul,1,UNK,-9,-9
LT,4,IE,45CE,GOV,IE-IGFS,,,MB27,106,2020,C-TS-REV,A7,A,kg/haul,0.0030,items/haul,1,UNK,-9,-9
LT,4,IE,45CE,GOV,IE-IGFS,,,FG183,94,2014,C-TS-REV,A14,B,kg/haul,0.3100,items/haul,1,UNK,-9,-9
LT,4,IE,45CE,GOV,IE-IGFS,,,MM10,136,2020,C-TS-REV,A14,D,kg/haul,0.0050,items/haul,1,UNK,-9,-9
LT,4,IE,45CE,GOV,IE-IGFS,,,MM5,115,2020,C-TS-REV,A14,D,kg/haul,0.0160,items/haul,1,UNK,-9,-9
LT,4,IE,45CE,GOV,IE-IGFS,,,CN307,112,2019,C-TS-REV,A14,D,kg/haul,0.2200,items/haul,1,UNK,-9,-9
LT,4,IE,45CE,GOV,IE-IGFS,,,FG212,75,2020,C-TS-REV,A14,C,kg/haul,0.0260,items/haul,2,UNK,-9,-9
LT,4,IE,45CE,GOV,IE-IGFS,,,50,87,2020,C-TS-REV,A14,C,kg/haul,0.3770,items/haul,1,UNK,-9,-9
LT,4,IE,45CE,GOV,IE-IGFS,,,FG6,80,2019,C-TS-REV,A14,B,kg/haul,0.0220,items/haul,1,UNK,-9,-9
LT,4,IE,45CE,GOV,IE-IGFS,,,FG46,135,2018,C-TS-REV,A14,B,kg/haul,0.0150,items/haul,1,UNK,-9,-9
LT,4,IE,45CE,GOV,IE-IGFS,,,MB17,180,2014,C-TS-REV,A14,B,kg/haul,0.0700,items/haul,1,UNK,-9,-9
LT,4,IE,45CE,GOV,IE-IGFS,,,66,181,2014,C-TS-REV,A14,B,kg/haul,1.4500,items/haul,1,UNK,-9,-9
LT,4,IE,45CE,GOV,IE-IGFS,,,CN205,98,2019,C-TS-REV,A14,E,kg/haul,0.2000,items/haul,1,UNK,-9,-9
LT,4,IE,45CE,GOV,IE-IGFS,,,90,165,2014,C-TS-REV,A14,B,kg/haul,0.0220,items/haul,1,UNK,-9,-9
LT,4,IE,45CE,GOV,IE-IGFS,,,FG11,65,2020,C-TS-REV,A14,B,kg/haul,0.0240,items/haul,1,UNK,-9,-9
LT,4,IE,45CE,GOV,IE-IGFS,,,CC307,66,2020,C-TS-REV,A14,B,kg/haul,1.1120,items/haul,1,UNK,-9,-9
LT,4,IE,45CE,GOV,IE-IGFS,,,28A,133,2020,C-TS-REV,A14,B,kg/haul,0.0300,items/haul,1,UNK,-9,-9
LT,4,IE,45CE,GOV,IE-IGFS,,,HG1,146,2019,C-TS-REV,A14,B,kg/haul,0.0240,items/haul,1,UNK,-9,-9
LT,4,IE,45CE,GOV,IE-IGFS,,,PO174,64,2014,C-TS-REV,A14,D,kg/haul,1.0240,items/haul,1,UNK,-9,-9
LT,4,IE,45CE,GOV,IE-IGFS,,,FG39,121,2019,C-TS-REV,A14,B,kg/haul,0.0160,items/haul,1,UNK,-9,-9
LT,4,IE,45CE,GOV,IE-IGFS,,,22,49,2014,C-TS-REV,A14,A,kg/haul,0.0010,items/haul,1,UNK,-9,-9
LT,4,IE,45CE,GOV,IE-IGFS,,,150,1,2014,C-TS-REV,A14,A,kg/haul,0.0010,items/haul,1,UNK,-9,-9
LT,4,IE,45CE,GOV,IE-IGFS,,,CN303,117,2019,C-TS-REV,A14,F,kg/haul,2.1810,items/haul,1,UNK,-9,-9
LT,4,IE,45CE,GOV,IE-IGFS,,,MB52,6,2020,C-TS-REV,A14,B,kg/haul,0.0520,items/haul,1,UNK,-9,-9
LT,4,IE,45CE,GOV,IE-IGFS,,,DS1,163,2014,C-TS-REV,A14,B,kg/haul,0.0320,items/haul,1,UNK,-9,-9
LT,4,IE,45CE,GOV,IE-IGFS,,,FG34A,17,2020,C-TS-REV,A14,B,kg/haul,0.0520,items/haul,1,UNK,-9,-9
LT,4,IE,45CE,GOV,IE-IGFS,,,56A,174,2014,C-TS-REV,A14,A,kg/haul,0.0120,items/haul,1,UNK,-9,-9
LT,4,IE,45CE,GOV,IE-IGFS,,,FG128,158,2014,C-TS-REV,A14,A,kg/haul,0.0020,items/haul,1,UNK,-9,-9
LT,4,IE,45CE,GOV,IE-IGFS,,,FG23,100,2014,C-TS-REV,A14,A,kg/haul,0.0030,items/haul,1,UNK,-9,-9
LT,4,IE,45CE,GOV,IE-IGFS,,,FG34,89,2014,C-TS-REV,A14,A,kg/haul,0.0010,items/haul,1,UNK,-9,-9
LT,4,IE,45CE,GOV,IE-IGFS,,,FG168,124,2019,C-TS-REV,A14,B,kg/haul,0.0010,items/haul,1,UNK,-9,-9
LT,4,IE,45CE,GOV,IE-IGFS,,,FG80,56,2014,C-TS-REV,A14,A,kg/haul,0.0030,items/haul,1,UNK,-9,-9
LT,4,IE,45CE,GOV,IE-IGFS,,,FG38,153,2018,C-TS-REV,A14,A,kg/haul,0.0020,items/haul,1,UNK,-9,-9
LT,4,IE,45CE,GOV,IE-IGFS,,,FG71,90,2018,C-TS-REV,A14,A,kg/haul,0.0030,items/haul,1,UNK,-9,-9
LT,4,IE,45CE,GOV,IE-IGFS,,,90,78,2018,C-TS-REV,A14,A,kg/haul,0.0140,items/haul,1,UNK,-9,-9
LT,4,IE,45CE,GOV,IE-IGFS,,,MB52,40,2018,C-TS-REV,A14,A,kg/haul,0.0060,items/haul,1,UNK,-9,-9
LT,4,IE,45CE,GOV,IE-IGFS,,,FG95,128,2020,C-TS-REV,A14,B,kg/haul,0.0190,items/haul,1,UNK,-9,-9
LT,4,IE,45CE,GOV,IE-IGFS,,,MB17,180,2014,C-TS-REV,A14,A,kg/haul,0.0020,items/haul,1,UNK,-9,-9
LT,4,IE,45CE,GOV,IE-IGFS,,,FG133,68,2020,C-TS-REV,A14,A,kg/haul,0.0010,items/haul,1,UNK,-9,-9
LT,4,IE,45CE,GOV,IE-IGFS,,,FG126,58,2020,C-TS-REV,A14,A,kg/haul,0.0020,items/haul,1,UNK,-9,-9
LT,4,IE,45CE,GOV,IE-IGFS,,,12,121,2020,C-TS-REV,A14,A,kg/haul,0.0010,items/haul,1,UNK,-9,-9
LT,4,IE,45CE,GOV,IE-IGFS,,,FG157,76,2019,C-TS-REV,A14,A,kg/haul,0.0060,items/haul,1,UNK,-9,-9
LT,4,IE,45CE,GOV,IE-IGFS,,,81,79,2014,C-TS-REV,A14,A,kg/haul,0.0010,items/haul,1,UNK,-9,-9
LT,4,IE,45CE,GOV,IE-IGFS,,,110,152,2018,C-TS-REV,A14,A,kg/haul,0.0020,items/haul,1,UNK,-9,-9
LT,4,IE,45CE,GOV,IE-IGFS,,,22,49,2014,C-TS-REV,A14,C,kg/haul,0.5500,items/haul,1,UNK,-9,-9
LT,4,IE,45CE,GOV,IE-IGFS,,,PO12,60,2014,C-TS-REV,A14,C,kg/haul,0.2280,items/haul,1,UNK,-9,-9
LT,4,IE,45CE,GOV,IE-IGFS,,,MM15,122,2020,C-TS-REV,A14,A,kg/haul,0.0010,items/haul,1,UNK,-9,-9
LT,4,IE,45CE,GOV,IE-IGFS,,,FG68,79,2020,C-TS-REV,A14,A,kg/haul,0.0010,items/haul,1,UNK,-9,-9
LT,4,IE,45CE,GOV,IE-IGFS,,,GD8,6,2018,C-TS-REV,A14,A,kg/haul,0.0020,items/haul,1,UNK,-9,-9
LT,4,IE,45CE,GOV,IE-IGFS,,,FG15,50,2020,C-TS-REV,A14,A,kg/haul,0.0490,items/haul,1,UNK,-9,-9
LT,4,IE,45CE,GOV,IE-IGFS,,,FG172,71,2019,C-TS-REV,F3,A,kg/haul,0.0040,items/haul,1,UNK,-9,-9
LT,4,IE,45CE,GOV,IE-IGFS,,,CC502,114,2017,C-TS-REV,F3,A,kg/haul,0.0110,items/haul,1,UNK,-9,-9
LT,4,IE,45CE,GOV,IE-IGFS,,,62,136,2016,C-TS-REV,F3,A,kg/haul,0.0010,items/haul,1,UNK,-9,-9
LT,4,IE,45CE,GOV,IE-IGFS,,,85,171,2016,C-TS-REV,F3,F,kg/haul,0.0180,items/haul,1,UNK,-9,-9
LT,4,IE,45CE,GOV,IE-IGFS,,,FG80,53,2019,C-TS-REV,A14,A,kg/haul,0.0060,items/haul,1,UNK,-9,-9
LT,4,IE,45CE,GOV,IE-IGFS,,,FG121,164,2014,C-TS-REV,A14,C,kg/haul,0.2440,items/haul,1,UNK,-9,-9
LT,4,IE,45CE,GOV,IE-IGFS,,,VMS1,19,2020,C-TS-REV,A6,C,kg/haul,0.0340,items/haul,1,UNK,-9,-9
LT,4,IE,45CE,GOV,IE-IGFS,,,FG9,14,2020,C-TS-REV,A6,C,kg/haul,0.0240,items/haul,1,UNK,-9,-9
LT,4,IE,45CE,GOV,IE-IGFS,,,113,38,2020,C-TS-REV,A6,C,kg/haul,0.0420,items/haul,1,UNK,-9,-9
LT,4,IE,45CE,GOV,IE-IGFS,,,FG133,127,2014,C-TS-REV,A6,C,kg/haul,0.5160,items/haul,1,UNK,-9,-9
LT,4,IE,45CE,GOV,IE-IGFS,,,FG18,48,2020,C-TS-REV,A14,A,kg/haul,0.0250,items/haul,1,UNK,-9,-9
LT,4,IE,45CE,GOV,IE-IGFS,,,CC424,141,2012,C-TS-REV,F3,C,kg/haul,0.0540,items/haul,1,UNK,-9,-9
LT,4,IE,45CE,GOV,IE-IGFS,,,FG130,112,2018,C-TS-REV,A6,D,kg/haul,0.9100,items/haul,1,UNK,-9,-9
LT,4,IE,45CE,GOV,IE-IGFS,,,FG190,54,2020,C-TS-REV,A6,B,kg/haul,0.0730,items/haul,1,UNK,-9,-9
LT,4,IE,45CE,GOV,IE-IGFS,,,CN203,31,2020,C-TS-REV,A6,B,kg/haul,0.0030,items/haul,1,UNK,-9,-9
LT,4,IE,45CE,GOV,IE-IGFS,,,22,104,2020,C-TS-REV,A6,B,kg/haul,0.0230,items/haul,1,UNK,-9,-9
LT,4,IE,45CE,GOV,IE-IGFS,,,113,144,2018,C-TS-REV,F3,B,kg/haul,0.1700,items/haul,1,UNK,-9,-9
LT,4,IE,45CE,GOV,IE-IGFS,,,R210,123,2020,C-TS-REV,A6,C,kg/haul,0.0040,items/haul,1,UNK,-9,-9
LT,4,IE,45CE,GOV,IE-IGFS,,,71,153,2014,C-TS-REV,A6,B,kg/haul,0.0140,items/haul,1,UNK,-9,-9
LT,4,IE,45CE,GOV,IE-IGFS,,,FG170,151,2014,C-TS-REV,A6,A,kg/haul,0.0010,items/haul,1,UNK,-9,-9
LT,4,IE,45CE,GOV,IE-IGFS,,,53A,95,2014,C-TS-REV,A6,A,kg/haul,0.0120,items/haul,1,UNK,-9,-9
LT,4,IE,45CE,GOV,IE-IGFS,,,FG141,138,2019,C-TS-REV,A6,F,kg/haul,1.1030,items/haul,1,UNK,-9,-9
LT,4,IE,45CE,GOV,IE-IGFS,,,FG129,56,2020,C-TS-REV,A6,A,kg/haul,0.0020,items/haul,1,UNK,-9,-9
LT,4,IE,45CE,GOV,IE-IGFS,,,FG208,103,2013,C-TS-REV,A6,B,kg/haul,0.0070,items/haul,1,UNK,-9,-9
LT,4,IE,45CE,GOV,IE-IGFS,,,FG70,10,2020,C-TS-REV,A6,B,kg/haul,0.0200,items/haul,1,UNK,-9,-9
LT,4,IE,45CE,GOV,IE-IGFS,,,20,105,2020,C-TS-REV,A6,A,kg/haul,0.0020,items/haul,1,UNK,-9,-9
LT,4,IE,45CE,GOV,IE-IGFS,,,25,43,2018,C-TS-REV,A6,A,kg/haul,0.0030,items/haul,1,UNK,-9,-9
LT,4,IE,45CE,GOV,IE-IGFS,,,50,168,2014,C-TS-REV,A6,A,kg/haul,0.0010,items/haul,1,UNK,-9,-9
LT,4,IE,45CE,GOV,IE-IGFS,,,FG121,69,2019,C-TS-REV,A6,B,kg/haul,0.0680,items/haul,1,UNK,-9,-9
LT,4,IE,45CE,GOV,IE-IGFS,,,DS1,163,2014,C-TS-REV,A6,B,kg/haul,0.1620,items/haul,1,UNK,-9,-9
LT,4,IE,45CE,GOV,IE-IGFS,,,FG129,157,2014,C-TS-REV,A6,A,kg/haul,0.0050,items/haul,1,UNK,-9,-9
LT,4,IE,45CE,GOV,IE-IGFS,,,VMS1,19,2020,C-TS-REV,A3,C,kg/haul,0.3900,items/haul,1,UNK,-9,-9
LT,4,IE,45CE,GOV,IE-IGFS,,,CN203,31,2020,C-TS-REV,A3,C,kg/haul,0.0160,items/haul,1,UNK,-9,-9
LT,4,IE,45CE,GOV,IE-IGFS,,,56A,170,2019,C-TS-REV,A3,C,kg/haul,0.0080,items/haul,1,UNK,-9,-9
LT,4,IE,45CE,GOV,IE-IGFS,,,MB52,6,2020,C-TS-REV,A6,B,kg/haul,0.0160,items/haul,1,UNK,-9,-9
LT,4,IE,45CE,GOV,IE-IGFS,,,MM4,114,2020,C-TS-REV,A6,B,kg/haul,0.0510,items/haul,1,UNK,-9,-9
LT,4,IE,45CE,GOV,IE-IGFS,,,FG56,162,2019,C-TS-REV,A3,C,kg/haul,0.0480,items/haul,1,UNK,-9,-9
LT,4,IE,45CE,GOV,IE-IGFS,,,FG56,87,2014,C-TS-REV,A3,D,kg/haul,0.1530,items/haul,1,UNK,-9,-9
LT,4,IE,45CE,GOV,IE-IGFS,,,84,135,2014,C-TS-REV,A3,D,kg/haul,0.0880,items/haul,1,UNK,-9,-9
LT,4,IE,45CE,GOV,IE-IGFS,,,VMS1,19,2020,C-TS-REV,A3,E,kg/haul,0.1300,items/haul,1,UNK,-9,-9
LT,4,IE,45CE,GOV,IE-IGFS,,,FG120,169,2014,C-TS-REV,A6,A,kg/haul,0.0010,items/haul,1,UNK,-9,-9
LT,4,IE,45CE,GOV,IE-IGFS,,,MB12,170,2014,C-TS-REV,A6,A,kg/haul,0.0010,items/haul,1,UNK,-9,-9
LT,4,IE,45CE,GOV,IE-IGFS,,,MB27,50,2014,C-TS-REV,A3,E,kg/haul,0.2130,items/haul,1,UNK,-9,-9
LT,4,IE,45CE,GOV,IE-IGFS,,,62A,90,2019,C-TS-REV,A3,D,kg/haul,0.4000,items/haul,1,UNK,-9,-9
LT,4,IE,45CE,GOV,IE-IGFS,,,CN203,110,2019,C-TS-REV,A3,D,kg/haul,0.0240,items/haul,1,UNK,-9,-9
LT,4,IE,45CE,GOV,IE-IGFS,,,FG212,104,2018,C-TS-REV,A3,D,kg/haul,0.1180,items/haul,1,UNK,-9,-9
LT,4,IE,45CE,GOV,IE-IGFS,,,42,154,2019,C-TS-REV,A3,C,kg/haul,0.0280,items/haul,1,UNK,-9,-9
LT,4,IE,45CE,GOV,IE-IGFS,,,FG33,156,2019,C-TS-REV,A3,C,kg/haul,0.0120,items/haul,1,UNK,-9,-9
LT,4,IE,45CE,GOV,IE-IGFS,,,FG12,142,2014,C-TS-REV,A3,D,kg/haul,0.0890,items/haul,1,UNK,-9,-9
LT,4,IE,45CE,GOV,IE-IGFS,,,MB32,88,2013,C-TS-REV,A3,B,kg/haul,0.0750,items/haul,1,UNK,-9,-9
LT,4,IE,45CE,GOV,IE-IGFS,,,FG11,76,2013,C-TS-REV,A3,B,kg/haul,0.0030,items/haul,1,UNK,-9,-9
LT,4,IE,45CE,GOV,IE-IGFS,,,FG141,128,2012,C-TS-REV,A3,B,kg/haul,0.0300,items/haul,1,UNK,-9,-9
LT,4,IE,45CE,GOV,IE-IGFS,,,FG10,120,2018,C-TS-REV,A3,E,kg/haul,0.3000,items/haul,1,UNK,-9,-9
LT,4,IE,45CE,GOV,IE-IGFS,,,FG158,77,2019,C-TS-REV,A3,E,kg/haul,0.2000,items/haul,1,UNK,-9,-9
LT,4,IE,45CE,GOV,IE-IGFS,,,VMS1,131,2019,C-TS-REV,A3,D,kg/haul,0.1210,items/haul,1,UNK,-9,-9
LT,4,IE,45CE,GOV,IE-IGFS,,,71,153,2014,C-TS-REV,A3,B,kg/haul,0.0250,items/haul,1,UNK,-9,-9
LT,4,IE,45CE,GOV,IE-IGFS,,,FG128,158,2014,C-TS-REV,A3,B,kg/haul,0.0420,items/haul,1,UNK,-9,-9
LT,4,IE,45CE,GOV,IE-IGFS,,,FG201,102,2014,C-TS-REV,A3,B,kg/haul,0.0070,items/haul,1,UNK,-9,-9
LT,4,IE,45CE,GOV,IE-IGFS,,,FG158,77,2019,C-TS-REV,A3,D,kg/haul,0.1000,items/haul,2,UNK,-9,-9
LT,4,IE,45CE,GOV,IE-IGFS,,,MB32,60,2016,C-TS-REV,A3,D,kg/haul,0.3220,items/haul,1,UNK,-9,-9
LT,4,IE,45CE,GOV,IE-IGFS,,,FG187,95,2013,C-TS-REV,A3,B,kg/haul,0.0970,items/haul,1,UNK,-9,-9
LT,4,IE,45CE,GOV,IE-IGFS,,,50,168,2014,C-TS-REV,A3,B,kg/haul,0.0020,items/haul,1,UNK,-9,-9
LT,4,IE,45CE,GOV,IE-IGFS,,,53,173,2014,C-TS-REV,A3,B,kg/haul,0.0010,items/haul,1,UNK,-9,-9
LT,4,IE,45CE,GOV,IE-IGFS,,,FG206,182,2014,C-TS-REV,A3,B,kg/haul,0.0030,items/haul,1,UNK,-9,-9
LT,4,IE,45CE,GOV,IE-IGFS,,,FG130,136,2019,C-TS-REV,A3,D,kg/haul,0.1080,items/haul,1,UNK,-9,-9
LT,4,IE,45CE,GOV,IE-IGFS,,,MB52,166,2019,C-TS-REV,A3,D,kg/haul,0.0800,items/haul,1,UNK,-9,-9
LT,4,IE,45CE,GOV,IE-IGFS,,,FG121,164,2014,C-TS-REV,A3,B,kg/haul,0.0140,items/haul,1,UNK,-9,-9
LT,4,IE,45CE,GOV,IE-IGFS,,,82,111,2018,C-TS-REV,A3,B,kg/haul,0.0500,items/haul,1,UNK,-9,-9
LT,4,IE,45CE,GOV,IE-IGFS,,,CC502,103,2018,C-TS-REV,A3,B,kg/haul,0.0100,items/haul,1,UNK,-9,-9
LT,4,IE,45CE,GOV,IE-IGFS,,,89,64,2018,C-TS-REV,A3,B,kg/haul,0.0340,items/haul,1,UNK,-9,-9
LT,4,IE,45CE,GOV,IE-IGFS,,,FG34,89,2014,C-TS-REV,A3,B,kg/haul,0.0200,items/haul,1,UNK,-9,-9
LT,4,IE,45CE,GOV,IE-IGFS,,,111,93,2013,C-TS-REV,A3,B,kg/haul,0.0430,items/haul,1,UNK,-9,-9
LT,4,IE,45CE,GOV,IE-IGFS,,,90,165,2014,C-TS-REV,A3,B,kg/haul,0.0100,items/haul,1,UNK,-9,-9
LT,4,IE,45CE,GOV,IE-IGFS,,,FG38,153,2018,C-TS-REV,A3,B,kg/haul,0.0120,items/haul,1,UNK,-9,-9
LT,4,IE,45CE,GOV,IE-IGFS,,,FG35,155,2018,C-TS-REV,A3,B,kg/haul,0.0040,items/haul,1,UNK,-9,-9
LT,4,IE,45CE,GOV,IE-IGFS,,,FG23,157,2018,C-TS-REV,A3,B,kg/haul,0.0380,items/haul,1,UNK,-9,-9
LT,4,IE,45CE,GOV,IE-IGFS,,,FG33,159,2014,C-TS-REV,A3,B,kg/haul,0.0060,items/haul,1,UNK,-9,-9
LT,4,IE,45CE,GOV,IE-IGFS,,,FG223,160,2014,C-TS-REV,A3,B,kg/haul,0.0020,items/haul,1,UNK,-9,-9
LT,4,IE,45CE,GOV,IE-IGFS,,,FG34,118,2018,C-TS-REV,A3,B,kg/haul,0.0060,items/haul,1,UNK,-9,-9
LT,4,IE,45CE,GOV,IE-IGFS,,,FG73,75,2019,C-TS-REV,A3,B,kg/haul,0.0120,items/haul,1,UNK,-9,-9
LT,4,IE,45CE,GOV,IE-IGFS,,,PO9,63,2019,C-TS-REV,A3,B,kg/haul,0.0120,items/haul,1,UNK,-9,-9
LT,4,IE,45CE,GOV,IE-IGFS,,,GD10,45,2019,C-TS-REV,A3,B,kg/haul,0.0300,items/haul,1,UNK,-9,-9
LT,4,IE,45CE,GOV,IE-IGFS,,,MB32,141,2017,C-TS-REV,A3,B,kg/haul,0.0520,items/haul,1,UNK,-9,-9
LT,4,IE,45CE,GOV,IE-IGFS,,,FG56,127,2017,C-TS-REV,A3,B,kg/haul,0.1420,items/haul,1,UNK,-9,-9
LT,4,IE,45CE,GOV,IE-IGFS,,,FG197,158,2018,C-TS-REV,A3,B,kg/haul,0.1420,items/haul,1,UNK,-9,-9
LT,4,IE,45CE,GOV,IE-IGFS,,,FG45,21,2013,C-TS-REV,A3,A,kg/haul,0.0210,items/haul,1,UNK,-9,-9
LT,4,IE,45CE,GOV,IE-IGFS,,,FG223,179,2016,C-TS-REV,A3,F,kg/haul,0.2990,items/haul,1,UNK,-9,-9
LT,4,IE,45CE,GOV,IE-IGFS,,,FG133,68,2020,C-TS-REV,A3,B,kg/haul,0.0020,items/haul,1,UNK,-9,-9
LT,4,IE,45CE,GOV,IE-IGFS,,,FG17A,133,2018,C-TS-REV,A3,B,kg/haul,0.0140,items/haul,1,UNK,-9,-9
LT,4,IE,45CE,GOV,IE-IGFS,,,CC306,126,2018,C-TS-REV,A3,B,kg/haul,0.1800,items/haul,1,UNK,-9,-9
LT,4,IE,45CE,GOV,IE-IGFS,,,FG17A,97,2019,C-TS-REV,A3,B,kg/haul,0.0190,items/haul,1,UNK,-9,-9
LT,4,IE,45CE,GOV,IE-IGFS,,,43,141,2013,C-TS-REV,A3,A,kg/haul,0.0060,items/haul,1,UNK,-9,-9
LT,4,IE,45CE,GOV,IE-IGFS,,,CN307,89,2013,C-TS-REV,A3,A,kg/haul,0.0130,items/haul,1,UNK,-9,-9
LT,4,IE,45CE,GOV,IE-IGFS,,,FG140,78,2013,C-TS-REV,A3,A,kg/haul,0.0080,items/haul,1,UNK,-9,-9
LT,4,IE,45CE,GOV,IE-IGFS,,,15,46,2019,C-TS-REV,A3,B,kg/haul,0.0150,items/haul,1,UNK,-9,-9
LT,4,IE,45CE,GOV,IE-IGFS,,,GD7,26,2019,C-TS-REV,A3,B,kg/haul,0.0600,items/haul,1,UNK,-9,-9
LT,4,IE,45CE,GOV,IE-IGFS,,,FG190,57,2013,C-TS-REV,A3,A,kg/haul,0.0050,items/haul,1,UNK,-9,-9
LT,4,IE,45CE,GOV,IE-IGFS,,,FG185,148,2014,C-TS-REV,A3,A,kg/haul,0.0020,items/haul,1,UNK,-9,-9
LT,4,IE,45CE,GOV,IE-IGFS,,,33A,114,2014,C-TS-REV,A3,A,kg/haul,0.0020,items/haul,1,UNK,-9,-9
LT,4,IE,45CE,GOV,IE-IGFS,,,FG201,102,2014,C-TS-REV,A3,A,kg/haul,0.0020,items/haul,1,UNK,-9,-9
LT,4,IE,45CE,GOV,IE-IGFS,,,MB18,151,2019,C-TS-REV,A3,B,kg/haul,0.0300,items/haul,1,UNK,-9,-9
LT,4,IE,45CE,GOV,IE-IGFS,,,MB17,144,2019,C-TS-REV,A3,B,kg/haul,0.0200,items/haul,1,UNK,-9,-9
LT,4,IE,45CE,GOV,IE-IGFS,,,PO22,61,2014,C-TS-REV,A3,A,kg/haul,0.0010,items/haul,1,UNK,-9,-9
LT,4,IE,45CE,GOV,IE-IGFS,,,FG71,99,2016,C-TS-REV,A3,A,kg/haul,0.0100,items/haul,1,UNK,-9,-9
LT,4,IE,45CE,GOV,IE-IGFS,,,FG105,103,2016,C-TS-REV,A3,A,kg/haul,0.0160,items/haul,1,UNK,-9,-9
LT,4,IE,45CE,GOV,IE-IGFS,,,66,181,2014,C-TS-REV,A3,A,kg/haul,0.0010,items/haul,1,UNK,-9,-9
LT,4,IE,45CE,GOV,IE-IGFS,,,CC322,74,2013,C-TS-REV,A3,A,kg/haul,0.0930,items/haul,1,UNK,-9,-9
LT,4,IE,45CE,GOV,IE-IGFS,,,VMS2,75,2013,C-TS-REV,A3,A,kg/haul,0.0010,items/haul,1,UNK,-9,-9
LT,4,IE,45CE,GOV,IE-IGFS,,,DS1,163,2014,C-TS-REV,A3,A,kg/haul,0.0020,items/haul,1,UNK,-9,-9
LT,4,IE,45CE,GOV,IE-IGFS,,,71,96,2018,C-TS-REV,A3,A,kg/haul,0.0020,items/haul,1,UNK,-9,-9
LT,4,IE,45CE,GOV,IE-IGFS,,,12,36,2018,C-TS-REV,A3,A,kg/haul,0.0010,items/haul,1,UNK,-9,-9
LT,4,IE,45CE,GOV,IE-IGFS,,,FG34A,125,2017,C-TS-REV,A3,A,kg/haul,0.1640,items/haul,1,UNK,-9,-9
LT,4,IE,45CE,GOV,IE-IGFS,,,PO189,65,2014,C-TS-REV,A3,A,kg/haul,0.0190,items/haul,1,UNK,-9,-9
LT,4,IE,45CE,GOV,IE-IGFS,,,MAR5,37,2014,C-TS-REV,A3,A,kg/haul,0.0010,items/haul,1,UNK,-9,-9
LT,4,IE,45CE,GOV,IE-IGFS,,,MB53,57,2017,C-TS-REV,A3,A,kg/haul,0.1600,items/haul,1,UNK,-9,-9
LT,4,IE,45CE,GOV,IE-IGFS,,,FG112,15,2019,C-TS-REV,A3,A,kg/haul,0.0010,items/haul,1,UNK,-9,-9
LT,4,IE,45CE,GOV,IE-IGFS,,,FG53,154,2018,C-TS-REV,A3,A,kg/haul,0.0100,items/haul,1,UNK,-9,-9
LT,4,IE,45CE,GOV,IE-IGFS,,,CN304,143,2018,C-TS-REV,A3,A,kg/haul,0.0200,items/haul,1,UNK,-9,-9
LT,4,IE,45CE,GOV,IE-IGFS,,,52,172,2014,C-TS-REV,A3,A,kg/haul,0.0010,items/haul,1,UNK,-9,-9
LT,4,IE,45CE,GOV,IE-IGFS,,,MB13,171,2014,C-TS-REV,A3,A,kg/haul,0.0040,items/haul,1,UNK,-9,-9
LT,4,IE,45CE,GOV,IE-IGFS,,,FG67,93,2018,C-TS-REV,A3,A,kg/haul,0.0020,items/haul,1,UNK,-9,-9
LT,4,IE,45CE,GOV,IE-IGFS,,,FG49,115,2019,C-TS-REV,A3,A,kg/haul,0.0010,items/haul,1,UNK,-9,-9
LT,4,IE,45CE,GOV,IE-IGFS,,,FG132,87,2019,C-TS-REV,A3,A,kg/haul,0.0020,items/haul,1,UNK,-9,-9
LT,4,IE,45CE,GOV,IE-IGFS,,,FG69,72,2019,C-TS-REV,A3,A,kg/haul,0.0100,items/haul,1,UNK,-9,-9
LT,4,IE,45CE,GOV,IE-IGFS,,,CC322,123,2017,C-TS-REV,A3,A,kg/haul,0.0060,items/haul,1,UNK,-9,-9
LT,4,IE,45CE,GOV,IE-IGFS,,,FG91,78,2017,C-TS-REV,A3,A,kg/haul,0.0020,items/haul,1,UNK,-9,-9
LT,4,IE,45CE,GOV,IE-IGFS,,,FG193,50,2019,C-TS-REV,A3,A,kg/haul,0.0100,items/haul,1,UNK,-9,-9
LT,4,IE,45CE,GOV,IE-IGFS,,,FG217,167,2019,C-TS-REV,A3,A,kg/haul,0.0010,items/haul,1,UNK,-9,-9
LT,4,IE,45CE,GOV,IE-IGFS,,,FG205,157,2019,C-TS-REV,A3,A,kg/haul,0.0020,items/haul,1,UNK,-9,-9
LT,4,IE,45CE,GOV,IE-IGFS,,,DS1,152,2019,C-TS-REV,A3,A,kg/haul,0.0010,items/haul,1,UNK,-9,-9
LT,4,IE,45CE,GOV,IE-IGFS,,,FG17A,133,2018,C-TS-REV,A3,A,kg/haul,0.0040,items/haul,1,UNK,-9,-9
LT,4,IE,45CE,GOV,IE-IGFS,,,FG56,121,2018,C-TS-REV,A3,A,kg/haul,0.0040,items/haul,1,UNK,-9,-9
LT,4,IE,45CE,GOV,IE-IGFS,,,FG15,125,2019,C-TS-REV,A3,A,kg/haul,0.0010,items/haul,1,UNK,-9,-9
LT,4,IE,45CE,GOV,IE-IGFS,,,MB28,61,2018,C-TS-REV,A3,C,kg/haul,0.2820,items/haul,1,UNK,-9,-9
LT,4,IE,45CE,GOV,IE-IGFS,,,10,34,2018,C-TS-REV,A3,C,kg/haul,0.0380,items/haul,1,UNK,-9,-9
LT,4,IE,45CE,GOV,IE-IGFS,,,FG116,32,2014,C-TS-REV,A3,C,kg/haul,0.2520,items/haul,1,UNK,-9,-9
LT,4,IE,45CE,GOV,IE-IGFS,,,FG157,76,2019,C-TS-REV,A3,A,kg/haul,0.0010,items/haul,1,UNK,-9,-9
LT,4,IE,45CE,GOV,IE-IGFS,,,FG143,24,2019,C-TS-REV,A3,A,kg/haul,0.0020,items/haul,1,UNK,-9,-9
LT,4,IE,45CE,GOV,IE-IGFS,,,FG212,75,2020,C-TS-REV,A3,A,kg/haul,0.0030,items/haul,1,UNK,-9,-9
LT,4,IE,45CE,GOV,IE-IGFS,,,FG157,76,2019,C-TS-REV,A3,C,kg/haul,0.0920,items/haul,1,UNK,-9,-9
LT,4,IE,45CE,GOV,IE-IGFS,,,MM3,48,2019,C-TS-REV,A3,C,kg/haul,0.1840,items/haul,1,UNK,-9,-9
LT,4,IE,45CE,GOV,IE-IGFS,,,FG48,142,2018,C-TS-REV,A3,C,kg/haul,0.0360,items/haul,1,UNK,-9,-9
LT,4,IE,45CE,GOV,IE-IGFS,,,66,149,2019,C-TS-REV,A3,A,kg/haul,0.0010,items/haul,1,UNK,-9,-9
LT,4,IE,45CE,GOV,IE-IGFS,,,FG160,137,2019,C-TS-REV,A3,A,kg/haul,0.0120,items/haul,1,UNK,-9,-9
LT,4,IE,45CE,GOV,IE-IGFS,,,FG132,106,2018,C-TS-REV,A3,C,kg/haul,0.0300,items/haul,1,UNK,-9,-9
LT,4,IE,45CE,GOV,IE-IGFS,,,COD5A,141,2019,C-TS-REV,A3,C,kg/haul,0.1360,items/haul,1,UNK,-9,-9
LT,4,IE,45CE,GOV,IE-IGFS,,,68,143,2019,C-TS-REV,A3,C,kg/haul,0.0480,items/haul,1,UNK,-9,-9
LT,4,IE,45CE,GOV,IE-IGFS,,,CN307,112,2019,C-TS-REV,A3,C,kg/haul,0.0230,items/haul,1,UNK,-9,-9
LT,4,IE,45CE,GOV,IE-IGFS,,,PO39,88,2020,C-TS-REV,A3,A,kg/haul,0.0010,items/haul,1,UNK,-9,-9
LT,4,IE,45CE,GOV,IE-IGFS,,,FG39,41,2020,C-TS-REV,A3,A,kg/haul,0.0030,items/haul,1,UNK,-9,-9
LT,4,IE,45CE,GOV,IE-IGFS,,,FG6,80,2019,C-TS-REV,A3,C,kg/haul,0.0260,items/haul,1,UNK,-9,-9
LT,4,IE,45CE,GOV,IE-IGFS,,,MB32,32,2020,C-TS-REV,A5,C,kg/haul,0.0040,items/haul,1,UNK,-9,-9
LT,4,IE,45CE,GOV,IE-IGFS,,,FG136,33,2020,C-TS-REV,A5,C,kg/haul,0.0030,items/haul,1,UNK,-9,-9
LT,4,IE,45CE,GOV,IE-IGFS,,,27,117,2020,C-TS-REV,A5,C,kg/haul,0.0600,items/haul,1,UNK,-9,-9
LT,4,IE,45CE,GOV,IE-IGFS,,,FG11,125,2018,C-TS-REV,A3,C,kg/haul,0.0160,items/haul,1,UNK,-9,-9
LT,4,IE,45CE,GOV,IE-IGFS,,,FG10,120,2018,C-TS-REV,A3,C,kg/haul,0.0260,items/haul,1,UNK,-9,-9
LT,4,IE,45CE,GOV,IE-IGFS,,,FG64,102,2018,C-TS-REV,A5,C,kg/haul,0.0540,items/haul,1,UNK,-9,-9
LT,4,IE,45CE,GOV,IE-IGFS,,,MB32,60,2016,C-TS-REV,A5,D,kg/haul,0.0920,items/haul,1,UNK,-9,-9
LT,4,IE,45CE,GOV,IE-IGFS,,,FG13,73,2016,C-TS-REV,A5,D,kg/haul,0.0340,items/haul,1,UNK,-9,-9
LT,4,IE,45CE,GOV,IE-IGFS,,,18,45,2013,C-TS-REV,A5,E,kg/haul,0.8400,items/haul,1,UNK,-9,-9
LT,4,IE,45CE,GOV,IE-IGFS,,,33A,108,2019,C-TS-REV,A3,C,kg/haul,0.5000,items/haul,1,UNK,-9,-9
LT,4,IE,45CE,GOV,IE-IGFS,,,CC307,92,2019,C-TS-REV,A3,C,kg/haul,0.0340,items/haul,1,UNK,-9,-9
LT,4,IE,45CE,GOV,IE-IGFS,,,68,50,2017,C-TS-REV,A5,B,kg/haul,0.0670,items/haul,1,UNK,-9,-9
LT,4,IE,45CE,GOV,IE-IGFS,,,FG160,83,2016,C-TS-REV,A5,B,kg/haul,0.0020,items/haul,1,UNK,-9,-9
LT,4,IE,45CE,GOV,IE-IGFS,,,43,152,2014,C-TS-REV,A5,B,kg/haul,0.1220,items/haul,1,UNK,-9,-9
LT,4,IE,45CE,GOV,IE-IGFS,,,82,146,2012,C-TS-REV,A5,D,kg/haul,0.0060,items/haul,1,UNK,-9,-9
LT,4,IE,45CE,GOV,IE-IGFS,,,62A,90,2019,C-TS-REV,A5,C,kg/haul,0.1100,items/haul,1,UNK,-9,-9
LT,4,IE,45CE,GOV,IE-IGFS,,,FG62,81,2019,C-TS-REV,A5,C,kg/haul,0.1060,items/haul,1,UNK,-9,-9
LT,4,IE,45CE,GOV,IE-IGFS,,,FG23,157,2018,C-TS-REV,A5,B,kg/haul,0.0920,items/haul,1,UNK,-9,-9
LT,4,IE,45CE,GOV,IE-IGFS,,,FG53,154,2018,C-TS-REV,A5,B,kg/haul,0.0140,items/haul,1,UNK,-9,-9
LT,4,IE,45CE,GOV,IE-IGFS,,,CN303,140,2018,C-TS-REV,A5,B,kg/haul,0.0100,items/haul,1,UNK,-9,-9
LT,4,IE,45CE,GOV,IE-IGFS,,,FG159,100,2018,C-TS-REV,A5,B,kg/haul,0.0040,items/haul,1,UNK,-9,-9
LT,4,IE,45CE,GOV,IE-IGFS,,,CC502,103,2018,C-TS-REV,A5,B,kg/haul,0.0020,items/haul,1,UNK,-9,-9
LT,4,IE,45CE,GOV,IE-IGFS,,,FG168,172,2017,C-TS-REV,A5,B,kg/haul,0.0090,items/haul,1,UNK,-9,-9
LT,4,IE,45CE,GOV,IE-IGFS,,,FG40,122,2019,C-TS-REV,A5,B,kg/haul,0.0190,items/haul,1,UNK,-9,-9
LT,4,IE,45CE,GOV,IE-IGFS,,,FG49,115,2019,C-TS-REV,A5,B,kg/haul,0.0010,items/haul,1,UNK,-9,-9
LT,4,IE,45CE,GOV,IE-IGFS,,,CN303,117,2019,C-TS-REV,A5,B,kg/haul,0.0010,items/haul,1,UNK,-9,-9
LT,4,IE,45CE,GOV,IE-IGFS,,,113,114,2019,C-TS-REV,A5,B,kg/haul,0.0400,items/haul,1,UNK,-9,-9
LT,4,IE,45CE,GOV,IE-IGFS,,,FG175,68,2019,C-TS-REV,A5,B,kg/haul,0.0320,items/haul,1,UNK,-9,-9
LT,4,IE,45CE,GOV,IE-IGFS,,,FG73,75,2019,C-TS-REV,A5,B,kg/haul,0.0440,items/haul,1,UNK,-9,-9
LT,4,IE,45CE,GOV,IE-IGFS,,,FG100,137,2020,C-TS-REV,A5,B,kg/haul,0.2420,items/haul,1,UNK,-9,-9
LT,4,IE,45CE,GOV,IE-IGFS,,,70,85,2020,C-TS-REV,A5,B,kg/haul,0.4900,items/haul,1,UNK,-9,-9
LT,4,IE,45CE,GOV,IE-IGFS,,,CN203,31,2020,C-TS-REV,A5,B,kg/haul,0.0030,items/haul,1,UNK,-9,-9
LT,4,IE,45CE,GOV,IE-IGFS,,,FG36,129,2019,C-TS-REV,A5,B,kg/haul,0.0110,items/haul,1,UNK,-9,-9
LT,4,IE,45CE,GOV,IE-IGFS,,,CC310,128,2019,C-TS-REV,A5,B,kg/haul,0.0040,items/haul,1,UNK,-9,-9
LT,4,IE,45CE,GOV,IE-IGFS,,,112,120,2019,C-TS-REV,A5,B,kg/haul,0.0010,items/haul,1,UNK,-9,-9
LT,4,IE,45CE,GOV,IE-IGFS,,,FG118,17,2012,C-TS-REV,A5,A,kg/haul,0.0010,items/haul,1,UNK,-9,-9
LT,4,IE,45CE,GOV,IE-IGFS,,,CC424,141,2012,C-TS-REV,A5,F,kg/haul,50.0000,items/haul,1,UNK,-9,-9
LT,4,IE,45CE,GOV,IE-IGFS,,,MB20,15,2020,C-TS-REV,A5,B,kg/haul,0.0030,items/haul,1,UNK,-9,-9
LT,4,IE,45CE,GOV,IE-IGFS,,,FG14,21,2020,C-TS-REV,A5,B,kg/haul,0.0060,items/haul,1,UNK,-9,-9
LT,4,IE,45CE,GOV,IE-IGFS,,,FG133,68,2020,C-TS-REV,A5,B,kg/haul,0.0020,items/haul,1,UNK,-9,-9
LT,4,IE,45CE,GOV,IE-IGFS,,,CN207,35,2020,C-TS-REV,A5,B,kg/haul,0.0100,items/haul,1,UNK,-9,-9
LT,4,IE,45CE,GOV,IE-IGFS,,,15,43,2013,C-TS-REV,A5,A,kg/haul,0.0130,items/haul,1,UNK,-9,-9
LT,4,IE,45CE,GOV,IE-IGFS,,,14,42,2013,C-TS-REV,A5,A,kg/haul,0.0490,items/haul,1,UNK,-9,-9
LT,4,IE,45CE,GOV,IE-IGFS,,,MMMA3,34,2013,C-TS-REV,A5,A,kg/haul,0.0050,items/haul,1,UNK,-9,-9
LT,4,IE,45CE,GOV,IE-IGFS,,,SC575,27,2013,C-TS-REV,A5,A,kg/haul,0.0040,items/haul,1,UNK,-9,-9
LT,4,IE,45CE,GOV,IE-IGFS,,,MM8,41,2013,C-TS-REV,A5,A,kg/haul,0.0330,items/haul,1,UNK,-9,-9
LT,4,IE,45CE,GOV,IE-IGFS,,,FG218,180,2012,C-TS-REV,A5,A,kg/haul,0.0060,items/haul,1,UNK,-9,-9
LT,4,IE,45CE,GOV,IE-IGFS,,,PO174,64,2014,C-TS-REV,A5,A,kg/haul,0.0010,items/haul,1,UNK,-9,-9
LT,4,IE,45CE,GOV,IE-IGFS,,,SC555,7,2014,C-TS-REV,A5,A,kg/haul,0.0010,items/haul,1,UNK,-9,-9
LT,4,IE,45CE,GOV,IE-IGFS,,,FG109,5,2014,C-TS-REV,A5,A,kg/haul,0.0020,items/haul,1,UNK,-9,-9
LT,4,IE,45CE,GOV,IE-IGFS,,,SC544,13,2014,C-TS-REV,A5,A,kg/haul,0.0040,items/haul,1,UNK,-9,-9
LT,4,IE,45CE,GOV,IE-IGFS,,,MB28,160,2013,C-TS-REV,A5,A,kg/haul,0.0020,items/haul,1,UNK,-9,-9
LT,4,IE,45CE,GOV,IE-IGFS,,,27,47,2013,C-TS-REV,A5,A,kg/haul,0.0190,items/haul,1,UNK,-9,-9
LT,4,IE,45CE,GOV,IE-IGFS,,,53A,95,2014,C-TS-REV,A5,A,kg/haul,0.0010,items/haul,1,UNK,-9,-9
LT,4,IE,45CE,GOV,IE-IGFS,,,FG46,104,2014,C-TS-REV,A5,A,kg/haul,0.0010,items/haul,1,UNK,-9,-9
LT,4,IE,45CE,GOV,IE-IGFS,,,FG161,82,2014,C-TS-REV,A5,A,kg/haul,0.0010,items/haul,1,UNK,-9,-9
LT,4,IE,45CE,GOV,IE-IGFS,,,FG34,89,2014,C-TS-REV,A5,A,kg/haul,0.0010,items/haul,1,UNK,-9,-9
LT,4,IE,45CE,GOV,IE-IGFS,,,FG9,86,2014,C-TS-REV,A5,A,kg/haul,0.0030,items/haul,1,UNK,-9,-9
LT,4,IE,45CE,GOV,IE-IGFS,,,FG68,74,2014,C-TS-REV,A5,A,kg/haul,0.0010,items/haul,1,UNK,-9,-9
LT,4,IE,45CE,GOV,IE-IGFS,,,44,108,2014,C-TS-REV,A5,A,kg/haul,0.0010,items/haul,1,UNK,-9,-9
LT,4,IE,45CE,GOV,IE-IGFS,,,FG165,109,2014,C-TS-REV,A5,A,kg/haul,0.0010,items/haul,1,UNK,-9,-9
LT,4,IE,45CE,GOV,IE-IGFS,,,FG201,102,2014,C-TS-REV,A5,A,kg/haul,0.0010,items/haul,1,UNK,-9,-9
LT,4,IE,45CE,GOV,IE-IGFS,,,MB32,106,2014,C-TS-REV,A5,A,kg/haul,0.0260,items/haul,1,UNK,-9,-9
LT,4,IE,45CE,GOV,IE-IGFS,,,CN203,107,2014,C-TS-REV,A5,A,kg/haul,0.0010,items/haul,1,UNK,-9,-9
LT,4,IE,45CE,GOV,IE-IGFS,,,MB20,90,2014,C-TS-REV,A5,A,kg/haul,0.0010,items/haul,1,UNK,-9,-9
LT,4,IE,45CE,GOV,IE-IGFS,,,33A,114,2014,C-TS-REV,A5,A,kg/haul,0.0060,items/haul,1,UNK,-9,-9
LT,4,IE,45CE,GOV,IE-IGFS,,,FG39,122,2014,C-TS-REV,A5,A,kg/haul,0.0010,items/haul,1,UNK,-9,-9
LT,4,IE,45CE,GOV,IE-IGFS,,,110,116,2014,C-TS-REV,A5,A,kg/haul,0.0010,items/haul,1,UNK,-9,-9
LT,4,IE,45CE,GOV,IE-IGFS,,,111,117,2014,C-TS-REV,A5,A,kg/haul,0.0010,items/haul,1,UNK,-9,-9
LT,4,IE,45CE,GOV,IE-IGFS,,,40,112,2014,C-TS-REV,A5,A,kg/haul,0.0110,items/haul,1,UNK,-9,-9
LT,4,IE,45CE,GOV,IE-IGFS,,,112,121,2014,C-TS-REV,A5,A,kg/haul,0.0010,items/haul,1,UNK,-9,-9
LT,4,IE,45CE,GOV,IE-IGFS,,,FG223,160,2014,C-TS-REV,A5,A,kg/haul,0.0010,items/haul,1,UNK,-9,-9
LT,4,IE,45CE,GOV,IE-IGFS,,,FG4,150,2014,C-TS-REV,A5,A,kg/haul,0.0130,items/haul,1,UNK,-9,-9
LT,4,IE,45CE,GOV,IE-IGFS,,,FG170,151,2014,C-TS-REV,A5,A,kg/haul,0.0010,items/haul,1,UNK,-9,-9
LT,4,IE,45CE,GOV,IE-IGFS,,,MB30,125,2014,C-TS-REV,A5,A,kg/haul,0.0010,items/haul,1,UNK,-9,-9
LT,4,IE,45CE,GOV,IE-IGFS,,,FG37,146,2014,C-TS-REV,A5,A,kg/haul,0.0010,items/haul,1,UNK,-9,-9
LT,4,IE,45CE,GOV,IE-IGFS,,,62A,143,2014,C-TS-REV,A5,A,kg/haul,0.0130,items/haul,1,UNK,-9,-9
LT,4,IE,45CE,GOV,IE-IGFS,,,53,173,2014,C-TS-REV,A5,A,kg/haul,0.0010,items/haul,1,UNK,-9,-9
LT,4,IE,45CE,GOV,IE-IGFS,,,68,179,2014,C-TS-REV,A5,A,kg/haul,0.0050,items/haul,1,UNK,-9,-9
LT,4,IE,45CE,GOV,IE-IGFS,,,68,179,2014,C-TS-REV,A5,A,kg/haul,0.0010,items/haul,1,UNK,-9,-9
LT,4,IE,45CE,GOV,IE-IGFS,,,MB13,171,2014,C-TS-REV,A5,A,kg/haul,0.0010,items/haul,1,UNK,-9,-9
LT,4,IE,45CE,GOV,IE-IGFS,,,52,172,2014,C-TS-REV,A5,A,kg/haul,0.0010,items/haul,1,UNK,-9,-9
LT,4,IE,45CE,GOV,IE-IGFS,,,FG223,160,2014,C-TS-REV,A5,A,kg/haul,0.0010,items/haul,1,UNK,-9,-9
LT,4,IE,45CE,GOV,IE-IGFS,,,FG71,99,2016,C-TS-REV,A5,A,kg/haul,0.0050,items/haul,1,UNK,-9,-9
LT,4,IE,45CE,GOV,IE-IGFS,,,FG196,90,2016,C-TS-REV,A5,A,kg/haul,0.0020,items/haul,1,UNK,-9,-9
LT,4,IE,45CE,GOV,IE-IGFS,,,FG4,94,2016,C-TS-REV,A5,A,kg/haul,0.0040,items/haul,1,UNK,-9,-9
LT,4,IE,45CE,GOV,IE-IGFS,,,MB4,15,2016,C-TS-REV,A5,A,kg/haul,0.0010,items/haul,1,UNK,-9,-9
LT,4,IE,45CE,GOV,IE-IGFS,,,14,5,2016,C-TS-REV,A5,A,kg/haul,0.2960,items/haul,1,UNK,-9,-9
LT,4,IE,45CE,GOV,IE-IGFS,,,MB17,180,2014,C-TS-REV,A5,A,kg/haul,0.0010,items/haul,1,UNK,-9,-9
LT,4,IE,45CE,GOV,IE-IGFS,,,42,95,2016,C-TS-REV,A5,A,kg/haul,0.0570,items/haul,1,UNK,-9,-9
LT,4,IE,45CE,GOV,IE-IGFS,,,39,98,2016,C-TS-REV,A5,A,kg/haul,0.0120,items/haul,1,UNK,-9,-9
LT,4,IE,45CE,GOV,IE-IGFS,,,FG196,90,2016,C-TS-REV,A5,A,kg/haul,0.0060,items/haul,1,UNK,-9,-9
LT,4,IE,45CE,GOV,IE-IGFS,,,FG67,97,2016,C-TS-REV,A5,A,kg/haul,0.0010,items/haul,1,UNK,-9,-9
LT,4,IE,45CE,GOV,IE-IGFS,,,FG209,92,2016,C-TS-REV,A5,A,kg/haul,0.0020,items/haul,1,UNK,-9,-9
LT,4,IE,45CE,GOV,IE-IGFS,,,FG126,93,2016,C-TS-REV,A5,A,kg/haul,0.0050,items/haul,1,UNK,-9,-9
LT,4,IE,45CE,GOV,IE-IGFS,,,FG152,123,2016,C-TS-REV,A5,A,kg/haul,0.0310,items/haul,1,UNK,-9,-9
LT,4,IE,45CE,GOV,IE-IGFS,,,FG76,113,2016,C-TS-REV,A5,A,kg/haul,0.0030,items/haul,1,UNK,-9,-9
LT,4,IE,45CE,GOV,IE-IGFS,,,PO161,109,2016,C-TS-REV,A5,A,kg/haul,0.0080,items/haul,1,UNK,-9,-9
LT,4,IE,45CE,GOV,IE-IGFS,,,FG155,102,2016,C-TS-REV,A5,A,kg/haul,0.0010,items/haul,1,UNK,-9,-9
LT,4,IE,45CE,GOV,IE-IGFS,,,FG175,108,2016,C-TS-REV,A5,A,kg/haul,0.0010,items/haul,1,UNK,-9,-9
LT,4,IE,45CE,GOV,IE-IGFS,,,FG70,100,2016,C-TS-REV,A5,A,kg/haul,0.0010,items/haul,1,UNK,-9,-9
LT,4,IE,45CE,GOV,IE-IGFS,,,89,125,2016,C-TS-REV,A5,A,kg/haul,0.0060,items/haul,1,UNK,-9,-9
LT,4,IE,45CE,GOV,IE-IGFS,,,20,117,2016,C-TS-REV,A5,A,kg/haul,0.0390,items/haul,1,UNK,-9,-9
LT,4,IE,45CE,GOV,IE-IGFS,,,FG120,127,2016,C-TS-REV,A5,A,kg/haul,0.0230,items/haul,1,UNK,-9,-9
LT,4,IE,45CE,GOV,IE-IGFS,,,23A,119,2016,C-TS-REV,A5,A,kg/haul,0.0150,items/haul,1,UNK,-9,-9
LT,4,IE,45CE,GOV,IE-IGFS,,,21,121,2016,C-TS-REV,A5,A,kg/haul,0.0020,items/haul,1,UNK,-9,-9
LT,4,IE,45CE,GOV,IE-IGFS,,,FG148,107,2016,C-TS-REV,A5,A,kg/haul,0.0090,items/haul,1,UNK,-9,-9
LT,4,IE,45CE,GOV,IE-IGFS,,,MB14,68,2018,C-TS-REV,A5,A,kg/haul,0.0060,items/haul,1,UNK,-9,-9
LT,4,IE,45CE,GOV,IE-IGFS,,,FG91,51,2018,C-TS-REV,A5,A,kg/haul,0.0010,items/haul,1,UNK,-9,-9
LT,4,IE,45CE,GOV,IE-IGFS,,,23A,44,2018,C-TS-REV,A5,A,kg/haul,0.0010,items/haul,1,UNK,-9,-9
LT,4,IE,45CE,GOV,IE-IGFS,,,71,54,2017,C-TS-REV,A5,A,kg/haul,0.0100,items/haul,1,UNK,-9,-9
LT,4,IE,45CE,GOV,IE-IGFS,,,FG216,122,2016,C-TS-REV,A5,A,kg/haul,0.2180,items/haul,1,UNK,-9,-9
LT,4,IE,45CE,GOV,IE-IGFS,,,90,132,2016,C-TS-REV,A5,A,kg/haul,0.0080,items/haul,1,UNK,-9,-9
LT,4,IE,45CE,GOV,IE-IGFS,,,FG38,153,2018,C-TS-REV,A5,A,kg/haul,0.0010,items/haul,1,UNK,-9,-9
LT,4,IE,45CE,GOV,IE-IGFS,,,110,152,2018,C-TS-REV,A5,A,kg/haul,0.0100,items/haul,1,UNK,-9,-9
LT,4,IE,45CE,GOV,IE-IGFS,,,FG138,134,2018,C-TS-REV,A5,A,kg/haul,0.0010,items/haul,1,UNK,-9,-9
LT,4,IE,45CE,GOV,IE-IGFS,,,FG48,142,2018,C-TS-REV,A5,A,kg/haul,0.0300,items/haul,1,UNK,-9,-9
LT,4,IE,45CE,GOV,IE-IGFS,,,FG132,106,2018,C-TS-REV,A5,A,kg/haul,0.0020,items/haul,1,UNK,-9,-9
LT,4,IE,45CE,GOV,IE-IGFS,,,FG212,104,2018,C-TS-REV,A5,A,kg/haul,0.0020,items/haul,1,UNK,-9,-9
LT,4,IE,45CE,GOV,IE-IGFS,,,PO9,63,2019,C-TS-REV,A5,A,kg/haul,0.0120,items/haul,1,UNK,-9,-9
LT,4,IE,45CE,GOV,IE-IGFS,,,MB10,55,2019,C-TS-REV,A5,A,kg/haul,0.0010,items/haul,1,UNK,-9,-9
LT,4,IE,45CE,GOV,IE-IGFS,,,22,58,2019,C-TS-REV,A5,A,kg/haul,0.0010,items/haul,1,UNK,-9,-9
LT,4,IE,45CE,GOV,IE-IGFS,,,FG35,155,2018,C-TS-REV,A5,A,kg/haul,0.0060,items/haul,1,UNK,-9,-9
LT,4,IE,45CE,GOV,IE-IGFS,,,FG36,156,2018,C-TS-REV,A5,A,kg/haul,0.0240,items/haul,1,UNK,-9,-9
LT,4,IE,45CE,GOV,IE-IGFS,,,FG197,158,2018,C-TS-REV,A5,A,kg/haul,0.0010,items/haul,1,UNK,-9,-9
LT,4,IE,45CE,GOV,IE-IGFS,,,FG1,73,2019,C-TS-REV,A5,A,kg/haul,0.0010,items/haul,1,UNK,-9,-9
LT,4,IE,45CE,GOV,IE-IGFS,,,FG73,75,2019,C-TS-REV,A5,A,kg/haul,0.0020,items/haul,1,UNK,-9,-9
LT,4,IE,45CE,GOV,IE-IGFS,,,FG172,71,2019,C-TS-REV,A5,A,kg/haul,0.0020,items/haul,1,UNK,-9,-9
LT,4,IE,45CE,GOV,IE-IGFS,,,FG175,67,2019,C-TS-REV,A5,A,kg/haul,0.0010,items/haul,1,UNK,-9,-9
LT,4,IE,45CE,GOV,IE-IGFS,,,FG69,72,2019,C-TS-REV,A5,A,kg/haul,0.0010,items/haul,1,UNK,-9,-9
LT,4,IE,45CE,GOV,IE-IGFS,,,21,59,2019,C-TS-REV,A5,A,kg/haul,0.0010,items/haul,1,UNK,-9,-9
LT,4,IE,45CE,GOV,IE-IGFS,,,FG6,80,2019,C-TS-REV,A5,A,kg/haul,0.0020,items/haul,1,UNK,-9,-9
LT,4,IE,45CE,GOV,IE-IGFS,,,FG195,82,2019,C-TS-REV,A5,A,kg/haul,0.0010,items/haul,1,UNK,-9,-9
LT,4,IE,45CE,GOV,IE-IGFS,,,FG162,84,2019,C-TS-REV,A5,A,kg/haul,0.0010,items/haul,1,UNK,-9,-9
LT,4,IE,45CE,GOV,IE-IGFS,,,FG158,77,2019,C-TS-REV,A5,A,kg/haul,0.0060,items/haul,1,UNK,-9,-9
LT,4,IE,45CE,GOV,IE-IGFS,,,FG209,78,2019,C-TS-REV,A5,A,kg/haul,0.0010,items/haul,1,UNK,-9,-9
LT,4,IE,45CE,GOV,IE-IGFS,,,FG209,78,2019,C-TS-REV,A5,A,kg/haul,0.0500,items/haul,1,UNK,-9,-9
LT,4,IE,45CE,GOV,IE-IGFS,,,CN304,116,2019,C-TS-REV,A5,A,kg/haul,0.0010,items/haul,1,UNK,-9,-9
LT,4,IE,45CE,GOV,IE-IGFS,,,FG187,123,2019,C-TS-REV,A5,A,kg/haul,0.0010,items/haul,1,UNK,-9,-9
LT,4,IE,45CE,GOV,IE-IGFS,,,FG17A,97,2019,C-TS-REV,A5,A,kg/haul,0.0020,items/haul,2,UNK,-9,-9
LT,4,IE,45CE,GOV,IE-IGFS,,,CC306,88,2019,C-TS-REV,A5,A,kg/haul,0.0010,items/haul,1,UNK,-9,-9
LT,4,IE,45CE,GOV,IE-IGFS,,,CC307,92,2019,C-TS-REV,A5,A,kg/haul,0.0010,items/haul,1,UNK,-9,-9
LT,4,IE,45CE,GOV,IE-IGFS,,,MB30,93,2019,C-TS-REV,A5,A,kg/haul,0.0010,items/haul,1,UNK,-9,-9
LT,4,IE,45CE,GOV,IE-IGFS,,,48,86,2020,C-TS-REV,A5,A,kg/haul,0.0010,items/haul,1,UNK,-9,-9
LT,4,IE,45CE,GOV,IE-IGFS,,,COD5A,141,2019,C-TS-REV,A5,A,kg/haul,0.0010,items/haul,1,UNK,-9,-9
LT,4,IE,45CE,GOV,IE-IGFS,,,FG197,126,2019,C-TS-REV,A5,A,kg/haul,0.0010,items/haul,1,UNK,-9,-9
LT,4,IE,45CE,GOV,IE-IGFS,,,FG163,134,2019,C-TS-REV,A5,A,kg/haul,0.0010,items/haul,1,UNK,-9,-9
LT,4,IE,45CE,GOV,IE-IGFS,,,FG39,121,2019,C-TS-REV,A5,A,kg/haul,0.0010,items/haul,1,UNK,-9,-9
LT,4,IE,45CE,GOV,IE-IGFS,,,FG168,124,2019,C-TS-REV,A5,A,kg/haul,0.0010,items/haul,1,UNK,-9,-9
LT,4,IE,45CE,GOV,IE-IGFS,,,FG39,41,2020,C-TS-REV,A5,A,kg/haul,0.0010,items/haul,1,UNK,-9,-9
LT,4,IE,45CE,GOV,IE-IGFS,,,FG23,25,2020,C-TS-REV,A5,A,kg/haul,0.0010,items/haul,1,UNK,-9,-9
LT,4,IE,45CE,GOV,IE-IGFS,,,FG134,46,2020,C-TS-REV,A5,A,kg/haul,0.0120,items/haul,1,UNK,-9,-9
LT,4,IE,45CE,GOV,IE-IGFS,,,FG139,37,2020,C-TS-REV,A5,A,kg/haul,0.0080,items/haul,1,UNK,-9,-9
LT,4,IE,45CE,GOV,IE-IGFS,,,FG126,58,2020,C-TS-REV,A5,A,kg/haul,0.0010,items/haul,1,UNK,-9,-9
LT,4,IE,45CE,GOV,IE-IGFS,,,112,39,2020,C-TS-REV,A5,A,kg/haul,0.0010,items/haul,1,UNK,-9,-9
LT,4,IE,45CE,GOV,IE-IGFS,,,PO39,156,2012,C-TS-REV,A5,C,kg/haul,0.0100,items/haul,1,UNK,-9,-9
LT,4,IE,45CE,GOV,IE-IGFS,,,FG52,126,2012,C-TS-REV,A5,C,kg/haul,0.3140,items/haul,1,UNK,-9,-9
LT,4,IE,45CE,GOV,IE-IGFS,,,PO39,88,2020,C-TS-REV,A5,A,kg/haul,0.0010,items/haul,1,UNK,-9,-9
LT,4,IE,45CE,GOV,IE-IGFS,,,MB30,67,2020,C-TS-REV,A5,A,kg/haul,0.0010,items/haul,1,UNK,-9,-9
LT,4,IE,45CE,GOV,IE-IGFS,,,FG76,101,2020,C-TS-REV,A5,A,kg/haul,0.0010,items/haul,1,UNK,-9,-9
LT,4,IE,45CE,GOV,IE-IGFS,,,FG2,80,2020,C-TS-REV,A5,A,kg/haul,0.0010,items/haul,1,UNK,-9,-9
LT,4,IE,45CE,GOV,IE-IGFS,,,FG36,129,2019,C-TS-REV,C3,C,kg/haul,0.0830,items/haul,1,UNK,-9,-9
LT,4,IE,45CE,GOV,IE-IGFS,,,FG113,2,2017,C-TS-REV,C3,C,kg/haul,0.6400,items/haul,1,UNK,-9,-9
LT,4,IE,45CE,GOV,IE-IGFS,,,FG110,6,2017,C-TS-REV,C3,C,kg/haul,0.0530,items/haul,1,UNK,-9,-9
LT,4,IE,45CE,GOV,IE-IGFS,,,FG176,45,2020,C-TS-REV,C3,A,kg/haul,0.0620,items/haul,1,UNK,-9,-9
LT,4,IE,45CE,GOV,IE-IGFS,,,E11,152,2017,C-TS-REV,A5,C,kg/haul,1.7140,items/haul,1,UNK,-9,-9
LT,4,IE,45CE,GOV,IE-IGFS,,,41,61,2017,C-TS-REV,A5,C,kg/haul,2.6800,items/haul,1,UNK,-9,-9
LT,4,IE,45CE,GOV,IE-IGFS,,,FG40,122,2019,C-TS-REV,C3,D,kg/haul,0.2240,items/haul,1,UNK,-9,-9
LT,4,IE,45CE,GOV,IE-IGFS,,,FG182,123,2018,C-TS-REV,C3,D,kg/haul,1.8500,items/haul,1,UNK,-9,-9
LT,4,IE,45CE,GOV,IE-IGFS,,,CN303,56,2016,C-TS-REV,C3,D,kg/haul,9.0000,items/haul,1,UNK,-9,-9
LT,4,IE,45CE,GOV,IE-IGFS,,,FG224,99,2020,C-TS-REV,C3,B,kg/haul,0.0880,items/haul,1,UNK,-9,-9
LT,4,IE,45CE,GOV,IE-IGFS,,,GD6,129,2020,C-TS-REV,C3,C,kg/haul,5.4700,items/haul,1,UNK,-9,-9
LT,4,IE,45CE,GOV,IE-IGFS,,,110,36,2020,C-TS-REV,C3,C,kg/haul,0.1310,items/haul,1,UNK,-9,-9
LT,4,IE,45CE,GOV,IE-IGFS,,,FG100,29,2019,C-TS-REV,C3,B,kg/haul,0.0840,items/haul,1,UNK,-9,-9
LT,4,IE,45CE,GOV,IE-IGFS,,,MB20,119,2018,C-TS-REV,C3,B,kg/haul,0.1160,items/haul,1,UNK,-9,-9
LT,4,IE,45CE,GOV,IE-IGFS,,,FG74,89,2018,C-TS-REV,C3,B,kg/haul,0.3890,items/haul,1,UNK,-9,-9
LT,4,IE,45CE,GOV,IE-IGFS,,,CC310,128,2019,C-TS-REV,C3,A,kg/haul,0.0020,items/haul,1,UNK,-9,-9
LT,4,IE,45CE,GOV,IE-IGFS,,,FG112,12,2018,C-TS-REV,C3,B,kg/haul,0.0820,items/haul,1,UNK,-9,-9
LT,4,IE,45CE,GOV,IE-IGFS,,,MB44,8,2014,C-TS-REV,C3,B,kg/haul,0.0500,items/haul,1,UNK,-9,-9
LT,4,IE,45CE,GOV,IE-IGFS,,,MB53,57,2017,C-TS-REV,C3,A,kg/haul,0.3600,items/haul,1,UNK,-9,-9
LT,4,IE,45CE,GOV,IE-IGFS,,,71,153,2014,C-TS-REV,C3,A,kg/haul,0.0250,items/haul,1,UNK,-9,-9
LT,4,IE,45CE,GOV,IE-IGFS,,,FG201,158,2016,C-TS-REV,C3,F,kg/haul,0.0390,items/haul,1,UNK,-9,-9
LT,4,IE,45CE,GOV,IE-IGFS,,,62,2,2020,C-TS-REV,A9,C,kg/haul,0.0020,items/haul,1,UNK,-9,-9
LT,4,IE,45CE,GOV,IE-IGFS,,,48,86,2020,C-TS-REV,C3,B,kg/haul,0.0680,items/haul,1,UNK,-9,-9
LT,4,IE,45CE,GOV,IE-IGFS,,,MMMA3,38,2019,C-TS-REV,C3,B,kg/haul,0.0460,items/haul,1,UNK,-9,-9
LT,4,IE,45CE,GOV,IE-IGFS,,,FG36,136,2017,C-TS-REV,A9,A,kg/haul,0.0140,items/haul,1,UNK,-9,-9
LT,4,IE,45CE,GOV,IE-IGFS,,,FG181,137,2017,C-TS-REV,A9,A,kg/haul,0.0180,items/haul,1,UNK,-9,-9
LT,4,IE,45CE,GOV,IE-IGFS,,,FG54,103,2017,C-TS-REV,A9,A,kg/haul,0.1000,items/haul,1,UNK,-9,-9
LT,4,IE,45CE,GOV,IE-IGFS,,,CC307,64,2013,C-TS-REV,A9,B,kg/haul,0.0110,items/haul,1,UNK,-9,-9
LT,4,IE,45CE,GOV,IE-IGFS,,,FG73,91,2018,C-TS-REV,C3,A,kg/haul,0.0040,items/haul,1,UNK,-9,-9
LT,4,IE,45CE,GOV,IE-IGFS,,,FG53,134,2017,C-TS-REV,C3,A,kg/haul,0.0540,items/haul,1,UNK,-9,-9
LT,4,IE,45CE,GOV,IE-IGFS,,,MB9,49,2015,C-TS-REV,A9,B,kg/haul,0.3100,items/haul,1,UNK,-9,-9
LT,4,IE,45CE,GOV,IE-IGFS,,,FG93,15,2015,C-TS-REV,A9,B,kg/haul,0.3250,items/haul,1,UNK,-9,-9
LT,4,IE,45CE,GOV,IE-IGFS,,,FG223,160,2014,C-TS-REV,A9,B,kg/haul,0.0160,items/haul,1,UNK,-9,-9
LT,4,IE,45CE,GOV,IE-IGFS,,,FG171,146,2013,C-TS-REV,A9,B,kg/haul,1.4120,items/haul,1,UNK,-9,-9
LT,4,IE,45CE,GOV,IE-IGFS,,,FG38,101,2013,C-TS-REV,A9,C,kg/haul,0.0800,items/haul,1,UNK,-9,-9
LT,4,IE,45CE,GOV,IE-IGFS,,,FG45,21,2013,C-TS-REV,A9,C,kg/haul,0.3830,items/haul,1,UNK,-9,-9
LT,4,IE,45CE,GOV,IE-IGFS,,,85,110,2017,C-TS-REV,A9,B,kg/haul,0.0500,items/haul,1,UNK,-9,-9
LT,4,IE,45CE,GOV,IE-IGFS,,,FG55,109,2017,C-TS-REV,A9,B,kg/haul,0.3370,items/haul,1,UNK,-9,-9
LT,4,IE,45CE,GOV,IE-IGFS,,,FG129,64,2017,C-TS-REV,A9,B,kg/haul,0.0100,items/haul,1,UNK,-9,-9
LT,4,IE,45CE,GOV,IE-IGFS,,,MB53,57,2017,C-TS-REV,A9,B,kg/haul,0.0210,items/haul,1,UNK,-9,-9
LT,4,IE,45CE,GOV,IE-IGFS,,,FG52,126,2012,C-TS-REV,A9,B,kg/haul,0.0100,items/haul,1,UNK,-9,-9
LT,4,IE,45CE,GOV,IE-IGFS,,,CN307,61,2016,C-TS-REV,A9,B,kg/haul,0.0060,items/haul,1,UNK,-9,-9
LT,4,IE,45CE,GOV,IE-IGFS,,,VMS2,172,2016,C-TS-REV,A9,F,kg/haul,0.0310,items/haul,1,UNK,-9,-9
LT,4,IE,45CE,GOV,IE-IGFS,,,FG17A,166,2016,C-TS-REV,A9,F,kg/haul,0.0870,items/haul,1,UNK,-9,-9
LT,4,IE,45CE,GOV,IE-IGFS,,,FG197,162,2016,C-TS-REV,A9,F,kg/haul,0.4090,items/haul,1,UNK,-9,-9
LT,4,IE,45CE,GOV,IE-IGFS,,,33A,156,2016,C-TS-REV,A9,F,kg/haul,0.7260,items/haul,1,UNK,-9,-9
LT,4,IE,45CE,GOV,IE-IGFS,,,FG14,66,2013,C-TS-REV,A9,B,kg/haul,0.0270,items/haul,1,UNK,-9,-9
LT,4,IE,45CE,GOV,IE-IGFS,,,FG181,137,2017,C-TS-REV,A9,B,kg/haul,0.6710,items/haul,1,UNK,-9,-9
LT,4,IE,45CE,GOV,IE-IGFS,,,R217,13,2012,C-TS-REV,A9,A,kg/haul,0.0020,items/haul,1,UNK,-9,-9
LT,4,IE,45CE,GOV,IE-IGFS,,,FG223,95,2017,C-TS-REV,A9,F,kg/haul,20.0000,items/haul,1,UNK,-9,-9
LT,4,IE,45CE,GOV,IE-IGFS,,,FG224,181,2016,C-TS-REV,A9,F,kg/haul,0.0100,items/haul,1,UNK,-9,-9
LT,4,IE,45CE,GOV,IE-IGFS,,,FG204,178,2016,C-TS-REV,A9,F,kg/haul,0.0320,items/haul,1,UNK,-9,-9
LT,4,IE,45CE,GOV,IE-IGFS,,,COD2,41,2017,C-TS-REV,A9,B,kg/haul,0.0680,items/haul,1,UNK,-9,-9
LT,4,IE,45CE,GOV,IE-IGFS,,,FG223,179,2016,C-TS-REV,A9,F,kg/haul,0.2710,items/haul,1,UNK,-9,-9
LT,4,IE,45CE,GOV,IE-IGFS,,,FG58,71,2013,C-TS-REV,A9,A,kg/haul,0.0030,items/haul,1,UNK,-9,-9
LT,4,IE,45CE,GOV,IE-IGFS,,,FG53,61,2013,C-TS-REV,A9,A,kg/haul,0.0010,items/haul,1,UNK,-9,-9
LT,4,IE,45CE,GOV,IE-IGFS,,,FG205,55,2013,C-TS-REV,A9,A,kg/haul,0.0010,items/haul,1,UNK,-9,-9
LT,4,IE,45CE,GOV,IE-IGFS,,,FG53,61,2013,C-TS-REV,A9,A,kg/haul,0.0220,items/haul,1,UNK,-9,-9
LT,4,IE,45CE,GOV,IE-IGFS,,,FG187,171,2017,C-TS-REV,A9,B,kg/haul,0.3750,items/haul,1,UNK,-9,-9
LT,4,IE,45CE,GOV,IE-IGFS,,,66,60,2012,C-TS-REV,A9,A,kg/haul,0.0040,items/haul,1,UNK,-9,-9
LT,4,IE,45CE,GOV,IE-IGFS,,,SC573,31,2016,C-TS-REV,A9,A,kg/haul,0.0020,items/haul,1,UNK,-9,-9
LT,4,IE,45CE,GOV,IE-IGFS,,,FG192,26,2016,C-TS-REV,A9,A,kg/haul,0.0820,items/haul,1,UNK,-9,-9
LT,4,IE,45CE,GOV,IE-IGFS,,,FG108,3,2015,C-TS-REV,A9,A,kg/haul,0.0190,items/haul,1,UNK,-9,-9
LT,4,IE,45CE,GOV,IE-IGFS,,,FG105,152,2013,C-TS-REV,A9,A,kg/haul,0.3770,items/haul,1,UNK,-9,-9
LT,4,IE,45CE,GOV,IE-IGFS,,,FG204,178,2016,C-TS-REV,A9,F,kg/haul,0.5640,items/haul,1,UNK,-9,-9
LT,4,IE,45CE,GOV,IE-IGFS,,,FG132,69,2013,C-TS-REV,A9,A,kg/haul,0.0010,items/haul,1,UNK,-9,-9
LT,4,IE,45CE,GOV,IE-IGFS,,,FG121,71,2017,C-TS-REV,A9,A,kg/haul,0.0010,items/haul,1,UNK,-9,-9
LT,4,IE,45CE,GOV,IE-IGFS,,,MAR4,37,2017,C-TS-REV,A9,A,kg/haul,0.0020,items/haul,1,UNK,-9,-9
LT,4,IE,45CE,GOV,IE-IGFS,,,59,135,2016,C-TS-REV,A9,A,kg/haul,0.0080,items/haul,1,UNK,-9,-9
LT,4,IE,45CE,GOV,IE-IGFS,,,48,131,2016,C-TS-REV,A9,A,kg/haul,0.0020,items/haul,1,UNK,-9,-9
LT,4,IE,45CE,GOV,IE-IGFS,,,CN303,84,2012,C-TS-REV,A9,A,kg/haul,0.0010,items/haul,1,UNK,-9,-9
LT,4,IE,45CE,GOV,IE-IGFS,,,PO34,105,2016,C-TS-REV,A9,A,kg/haul,0.0020,items/haul,1,UNK,-9,-9
LT,4,IE,45CE,GOV,IE-IGFS,,,84,135,2019,C-TS-REV,A8,C,kg/haul,0.0530,items/haul,1,UNK,-9,-9
LT,4,IE,45CE,GOV,IE-IGFS,,,FG39,121,2019,C-TS-REV,A8,C,kg/haul,0.0370,items/haul,1,UNK,-9,-9
LT,4,IE,45CE,GOV,IE-IGFS,,,112,120,2019,C-TS-REV,A8,C,kg/haul,0.0370,items/haul,1,UNK,-9,-9
LT,4,IE,45CE,GOV,IE-IGFS,,,CN203,110,2019,C-TS-REV,A8,C,kg/haul,0.0280,items/haul,1,UNK,-9,-9
LT,4,IE,45CE,GOV,IE-IGFS,,,FG188,120,2013,C-TS-REV,A9,A,kg/haul,0.0020,items/haul,1,UNK,-9,-9
LT,4,IE,45CE,GOV,IE-IGFS,,,FG61,99,2017,C-TS-REV,A9,A,kg/haul,0.0080,items/haul,1,UNK,-9,-9
LT,4,IE,45CE,GOV,IE-IGFS,,,MB20A,140,2019,C-TS-REV,A8,D,kg/haul,0.0240,items/haul,1,UNK,-9,-9
LT,4,IE,45CE,GOV,IE-IGFS,,,MB15,169,2019,C-TS-REV,A8,D,kg/haul,0.0450,items/haul,1,UNK,-9,-9
LT,4,IE,45CE,GOV,IE-IGFS,,,111,119,2019,C-TS-REV,A8,D,kg/haul,0.0670,items/haul,1,UNK,-9,-9
LT,4,IE,45CE,GOV,IE-IGFS,,,FG11,132,2019,C-TS-REV,A8,D,kg/haul,0.4390,items/haul,1,UNK,-9,-9
LT,4,IE,45CE,GOV,IE-IGFS,,,PO14,112,2016,C-TS-REV,A9,A,kg/haul,0.0010,items/haul,1,UNK,-9,-9
LT,4,IE,45CE,GOV,IE-IGFS,,,62A,20,2020,C-TS-REV,A8,C,kg/haul,0.0050,items/haul,1,UNK,-9,-9
LT,4,IE,45CE,GOV,IE-IGFS,,,VMS1,144,2014,C-TS-REV,A8,B,kg/haul,0.2670,items/haul,1,UNK,-9,-9
LT,4,IE,45CE,GOV,IE-IGFS,,,FG168,101,2014,C-TS-REV,A8,B,kg/haul,0.2610,items/haul,1,UNK,-9,-9
LT,4,IE,45CE,GOV,IE-IGFS,,,MM12,17,2014,C-TS-REV,A8,B,kg/haul,0.0120,items/haul,1,UNK,-9,-9
LT,4,IE,45CE,GOV,IE-IGFS,,,FG48,90,2013,C-TS-REV,A8,B,kg/haul,0.1720,items/haul,1,UNK,-9,-9
LT,4,IE,45CE,GOV,IE-IGFS,,,CN307,112,2019,C-TS-REV,A8,C,kg/haul,0.0400,items/haul,1,UNK,-9,-9
LT,4,IE,45CE,GOV,IE-IGFS,,,FG130,136,2019,C-TS-REV,A8,E,kg/haul,0.6310,items/haul,1,UNK,-9,-9
LT,4,IE,45CE,GOV,IE-IGFS,,,CN308,113,2019,C-TS-REV,A8,B,kg/haul,0.0110,items/haul,1,UNK,-9,-9
LT,4,IE,45CE,GOV,IE-IGFS,,,MB32,111,2019,C-TS-REV,A8,B,kg/haul,0.0120,items/haul,1,UNK,-9,-9
LT,4,IE,45CE,GOV,IE-IGFS,,,FG25,147,2018,C-TS-REV,A8,B,kg/haul,0.0140,items/haul,1,UNK,-9,-9
LT,4,IE,45CE,GOV,IE-IGFS,,,FG135,148,2018,C-TS-REV,A8,B,kg/haul,0.0120,items/haul,1,UNK,-9,-9
LT,4,IE,45CE,GOV,IE-IGFS,,,FG88,60,2019,C-TS-REV,A8,D,kg/haul,0.3400,items/haul,1,UNK,-9,-9
LT,4,IE,45CE,GOV,IE-IGFS,,,FG38,64,2016,C-TS-REV,A8,D,kg/haul,0.4100,items/haul,1,UNK,-9,-9
LT,4,IE,45CE,GOV,IE-IGFS,,,FG71,12,2020,C-TS-REV,A8,F,kg/haul,5.0000,items/haul,1,UNK,-9,-9
LT,4,IE,45CE,GOV,IE-IGFS,,,62A,20,2020,C-TS-REV,A8,B,kg/haul,0.0150,items/haul,1,UNK,-9,-9
LT,4,IE,45CE,GOV,IE-IGFS,,,FG66,142,2019,C-TS-REV,A8,B,kg/haul,0.0420,items/haul,1,UNK,-9,-9
LT,4,IE,45CE,GOV,IE-IGFS,,,CN302,118,2019,C-TS-REV,A8,B,kg/haul,0.0130,items/haul,1,UNK,-9,-9
LT,4,IE,45CE,GOV,IE-IGFS,,,FG104,158,2012,C-TS-REV,A8,B,kg/haul,0.0040,items/haul,1,UNK,-9,-9
LT,4,IE,45CE,GOV,IE-IGFS,,,FG73,13,2020,C-TS-REV,A8,D,kg/haul,0.0120,items/haul,1,UNK,-9,-9
LT,4,IE,45CE,GOV,IE-IGFS,,,CN304,143,2018,C-TS-REV,A8,A,kg/haul,0.0160,items/haul,1,UNK,-9,-9
LT,4,IE,45CE,GOV,IE-IGFS,,,113,144,2018,C-TS-REV,A8,A,kg/haul,0.0100,items/haul,1,UNK,-9,-9
LT,4,IE,45CE,GOV,IE-IGFS,,,FG100,23,2018,C-TS-REV,A8,A,kg/haul,0.0080,items/haul,1,UNK,-9,-9
LT,4,IE,45CE,GOV,IE-IGFS,,,68,50,2017,C-TS-REV,A8,A,kg/haul,0.0120,items/haul,1,UNK,-9,-9
LT,4,IE,45CE,GOV,IE-IGFS,,,MB32,149,2018,C-TS-REV,A8,B,kg/haul,0.1880,items/haul,1,UNK,-9,-9
LT,4,IE,45CE,GOV,IE-IGFS,,,FG26,146,2018,C-TS-REV,A8,B,kg/haul,0.0260,items/haul,1,UNK,-9,-9
LT,4,IE,45CE,GOV,IE-IGFS,,,FG211,85,2019,C-TS-REV,A8,A,kg/haul,0.0030,items/haul,1,UNK,-9,-9
LT,4,IE,45CE,GOV,IE-IGFS,,,FG196,79,2019,C-TS-REV,A8,A,kg/haul,0.0020,items/haul,1,UNK,-9,-9
LT,4,IE,45CE,GOV,IE-IGFS,,,FG80,53,2019,C-TS-REV,A8,A,kg/haul,0.0040,items/haul,1,UNK,-9,-9
LT,4,IE,45CE,GOV,IE-IGFS,,,FG136,150,2018,C-TS-REV,A8,A,kg/haul,0.0200,items/haul,1,UNK,-9,-9
LT,4,IE,45CE,GOV,IE-IGFS,,,FG40,122,2019,C-TS-REV,A8,B,kg/haul,0.0380,items/haul,1,UNK,-9,-9
LT,4,IE,45CE,GOV,IE-IGFS,,,113,114,2019,C-TS-REV,A8,B,kg/haul,0.0800,items/haul,1,UNK,-9,-9
LT,4,IE,45CE,GOV,IE-IGFS,,,FG141,138,2019,C-TS-REV,A8,A,kg/haul,0.0030,items/haul,1,UNK,-9,-9
LT,4,IE,45CE,GOV,IE-IGFS,,,FG168,124,2019,C-TS-REV,A8,A,kg/haul,0.0020,items/haul,1,UNK,-9,-9
LT,4,IE,45CE,GOV,IE-IGFS,,,FG187,123,2019,C-TS-REV,A8,A,kg/haul,0.0020,items/haul,1,UNK,-9,-9
LT,4,IE,45CE,GOV,IE-IGFS,,,FG49,115,2019,C-TS-REV,A8,A,kg/haul,0.0020,items/haul,1,UNK,-9,-9
LT,4,IE,45CE,GOV,IE-IGFS,,,GD1,9,2014,C-TS-REV,A8,A,kg/haul,0.0400,items/haul,1,UNK,-9,-9
LT,4,IE,45CE,GOV,IE-IGFS,,,FG223,160,2014,C-TS-REV,A8,F,kg/haul,7.9200,items/haul,1,UNK,-9,-9
LT,4,IE,45CE,GOV,IE-IGFS,,,FG34,89,2014,C-TS-REV,A8,C,kg/haul,0.1370,items/haul,1,UNK,-9,-9
LT,4,IE,45CE,GOV,IE-IGFS,,,FG112,14,2014,C-TS-REV,A8,C,kg/haul,0.0400,items/haul,1,UNK,-9,-9
LT,4,IE,45CE,GOV,IE-IGFS,,,FG178,104,2013,C-TS-REV,A8,C,kg/haul,0.0100,items/haul,1,UNK,-9,-9
LT,4,IE,45CE,GOV,IE-IGFS,,,FG141,128,2012,C-TS-REV,A8,C,kg/haul,0.0700,items/haul,1,UNK,-9,-9
LT,4,IE,45CE,GOV,IE-IGFS,,,FG139,151,2018,C-TS-REV,A8,A,kg/haul,0.0080,items/haul,1,UNK,-9,-9
LT,4,IE,45CE,GOV,IE-IGFS,,,44,145,2018,C-TS-REV,A8,A,kg/haul,0.0010,items/haul,1,UNK,-9,-9
LT,4,IE,45CE,GOV,IE-IGFS,,,FG17A,133,2018,C-TS-REV,A8,C,kg/haul,0.0460,items/haul,1,UNK,-9,-9
LT,4,IE,45CE,GOV,IE-IGFS,,,FG182,123,2018,C-TS-REV,A8,C,kg/haul,0.0700,items/haul,1,UNK,-9,-9
LT,4,IE,45CE,GOV,IE-IGFS,,,FG165,142,2017,C-TS-REV,A8,C,kg/haul,0.0500,items/haul,1,UNK,-9,-9
LT,4,IE,45CE,GOV,IE-IGFS,,,FG6,85,2016,C-TS-REV,A8,C,kg/haul,0.0070,items/haul,1,UNK,-9,-9
LT,4,IE,45CE,GOV,IE-IGFS,,,FG12,89,2019,C-TS-REV,A8,A,kg/haul,0.0260,items/haul,1,UNK,-9,-9
LT,4,IE,45CE,GOV,IE-IGFS,,,FG6,80,2019,C-TS-REV,A8,A,kg/haul,0.0020,items/haul,1,UNK,-9,-9
LT,4,IE,45CE,GOV,IE-IGFS,,,FG124,66,2017,C-TS-REV,E2,C,kg/haul,0.3640,items/haul,1,UNK,-9,-9
LT,4,IE,45CE,GOV,IE-IGFS,,,FG114,27,2014,C-TS-REV,E2,C,kg/haul,0.0800,items/haul,1,UNK,-9,-9
LT,4,IE,45CE,GOV,IE-IGFS,,,FG108,10,2012,C-TS-REV,E2,A,kg/haul,0.0150,items/haul,1,UNK,-9,-9
LT,4,IE,45CE,GOV,IE-IGFS,,,FG109,12,2012,C-TS-REV,E2,A,kg/haul,0.3680,items/haul,1,UNK,-9,-9
LT,4,IE,45CE,GOV,IE-IGFS,,,MB41,120,2020,C-TS-REV,A8,A,kg/haul,0.0040,items/haul,1,UNK,-9,-9
LT,4,IE,45CE,GOV,IE-IGFS,,,FG66,55,2020,C-TS-REV,A8,A,kg/haul,0.0030,items/haul,1,UNK,-9,-9
LT,4,IE,45CE,GOV,IE-IGFS,,,42,61,2020,C-TS-REV,E2,B,kg/haul,0.0270,items/haul,1,UNK,-9,-9
LT,4,IE,45CE,GOV,IE-IGFS,,,FG168,124,2019,C-TS-REV,E2,B,kg/haul,0.0130,items/haul,1,UNK,-9,-9
LT,4,IE,45CE,GOV,IE-IGFS,,,FG95,36,2019,C-TS-REV,E2,B,kg/haul,0.0420,items/haul,1,UNK,-9,-9
LT,4,IE,45CE,GOV,IE-IGFS,,,110,152,2018,C-TS-REV,E2,B,kg/haul,0.0420,items/haul,1,UNK,-9,-9
LT,4,IE,45CE,GOV,IE-IGFS,,,MB30,70,2016,C-TS-REV,A8,C,kg/haul,0.0560,items/haul,1,UNK,-9,-9
LT,4,IE,45CE,GOV,IE-IGFS,,,FG133,131,2014,C-TS-REV,A8,C,kg/haul,0.7860,items/haul,1,UNK,-9,-9
LT,4,IE,45CE,GOV,IE-IGFS,,,R217,13,2012,C-TS-REV,E2,A,kg/haul,0.0220,items/haul,1,UNK,-9,-9
LT,4,IE,45CE,GOV,IE-IGFS,,,FG118,17,2012,C-TS-REV,E2,A,kg/haul,0.0020,items/haul,1,UNK,-9,-9
LT,4,IE,45CE,GOV,IE-IGFS,,,2,18,2012,C-TS-REV,E2,A,kg/haul,0.0040,items/haul,1,UNK,-9,-9
LT,4,IE,45CE,GOV,IE-IGFS,,,FG117,25,2012,C-TS-REV,E2,B,kg/haul,0.1050,items/haul,1,UNK,-9,-9
LT,4,IE,45CE,GOV,IE-IGFS,,,GD5,21,2012,C-TS-REV,E2,A,kg/haul,0.0040,items/haul,1,UNK,-9,-9
LT,4,IE,45CE,GOV,IE-IGFS,,,FG52,52,2020,C-TS-REV,E2,A,kg/haul,0.0120,items/haul,1,UNK,-9,-9
LT,4,IE,45CE,GOV,IE-IGFS,,,42,75,2014,C-TS-REV,E2,A,kg/haul,0.0010,items/haul,1,UNK,-9,-9
LT,4,IE,45CE,GOV,IE-IGFS,,,42,75,2014,C-TS-REV,E2,A,kg/haul,0.0060,items/haul,1,UNK,-9,-9
LT,4,IE,45CE,GOV,IE-IGFS,,,42,75,2014,C-TS-REV,E2,A,kg/haul,0.0010,items/haul,1,UNK,-9,-9
LT,4,IE,45CE,GOV,IE-IGFS,,,22,174,2013,C-TS-REV,E2,A,kg/haul,0.0260,items/haul,1,UNK,-9,-9
LT,4,IE,45CE,GOV,IE-IGFS,,,MAR4,45,2016,C-TS-REV,E2,B,kg/haul,0.6620,items/haul,1,UNK,-9,-9
LT,4,IE,45CE,GOV,IE-IGFS,,,93,22,2012,C-TS-REV,E2,A,kg/haul,0.0110,items/haul,1,UNK,-9,-9
LT,4,IE,45CE,GOV,IE-IGFS,,,FG117,30,2016,C-TS-REV,E2,A,kg/haul,0.0180,items/haul,1,UNK,-9,-9
LT,4,IE,45CE,GOV,IE-IGFS,,,SC573,31,2016,C-TS-REV,E2,A,kg/haul,0.0420,items/haul,1,UNK,-9,-9
LT,4,IE,45CE,GOV,IE-IGFS,,,15,6,2016,C-TS-REV,E2,A,kg/haul,0.0700,items/haul,1,UNK,-9,-9
LT,4,IE,45CE,GOV,IE-IGFS,,,MB13,171,2014,C-TS-REV,E2,A,kg/haul,0.0010,items/haul,1,UNK,-9,-9
LT,4,IE,45CE,GOV,IE-IGFS,,,FG4,60,2020,C-TS-REV,E2,B,kg/haul,0.0840,items/haul,1,UNK,-9,-9
LT,4,IE,45CE,GOV,IE-IGFS,,,FG121,164,2014,C-TS-REV,E2,A,kg/haul,0.0010,items/haul,1,UNK,-9,-9
LT,4,IE,45CE,GOV,IE-IGFS,,,FG28,68,2017,C-TS-REV,E2,A,kg/haul,0.0010,items/haul,1,UNK,-9,-9
LT,4,IE,45CE,GOV,IE-IGFS,,,FG129,64,2017,C-TS-REV,E2,A,kg/haul,0.0040,items/haul,1,UNK,-9,-9
LT,4,IE,45CE,GOV,IE-IGFS,,,31A,32,2016,C-TS-REV,E2,A,kg/haul,0.4180,items/haul,1,UNK,-9,-9
LT,4,IE,45CE,GOV,IE-IGFS,,,FG115,34,2016,C-TS-REV,E2,A,kg/haul,0.0480,items/haul,1,UNK,-9,-9
LT,4,IE,45CE,GOV,IE-IGFS,,,44,89,2012,C-TS-REV,E2,A,kg/haul,0.0040,items/haul,1,UNK,-9,-9
LT,4,IE,45CE,GOV,IE-IGFS,,,12,42,2016,C-TS-REV,E2,A,kg/haul,0.0960,items/haul,1,UNK,-9,-9
LT,4,IE,45CE,GOV,IE-IGFS,,,FG38,151,2017,C-TS-REV,E2,A,kg/haul,0.0120,items/haul,1,UNK,-9,-9
LT,4,IE,45CE,GOV,IE-IGFS,,,MB32,141,2017,C-TS-REV,E2,A,kg/haul,0.0070,items/haul,1,UNK,-9,-9
LT,4,IE,45CE,GOV,IE-IGFS,,,FG54,103,2017,C-TS-REV,E2,A,kg/haul,0.0050,items/haul,1,UNK,-9,-9
LT,4,IE,45CE,GOV,IE-IGFS,,,PO24,87,2017,C-TS-REV,E2,A,kg/haul,0.0100,items/haul,1,UNK,-9,-9
LT,4,IE,45CE,GOV,IE-IGFS,,,52,172,2014,C-TS-REV,E2,A,kg/haul,0.0060,items/haul,1,UNK,-9,-9
LT,4,IE,45CE,GOV,IE-IGFS,,,FG224,73,2017,C-TS-REV,E2,A,kg/haul,0.0090,items/haul,1,UNK,-9,-9
LT,4,IE,45CE,GOV,IE-IGFS,,,FG37A,49,2020,C-TS-REV,E2,A,kg/haul,0.0120,items/haul,1,UNK,-9,-9
LT,4,IE,45CE,GOV,IE-IGFS,,,FG197,126,2019,C-TS-REV,E2,A,kg/haul,0.0080,items/haul,1,UNK,-9,-9
LT,4,IE,45CE,GOV,IE-IGFS,,,50,85,2018,C-TS-REV,E2,A,kg/haul,0.0080,items/haul,1,UNK,-9,-9
LT,4,IE,45CE,GOV,IE-IGFS,,,MB23,14,2018,C-TS-REV,E2,A,kg/haul,0.0180,items/haul,1,UNK,-9,-9
LT,4,IE,45CE,GOV,IE-IGFS,,,FG116,29,2016,C-TS-REV,E2,A,kg/haul,0.0700,items/haul,1,UNK,-9,-9
LT,4,IE,45CE,GOV,IE-IGFS,,,FG52,153,2017,C-TS-REV,E2,A,kg/haul,0.0010,items/haul,1,UNK,-9,-9
LT,4,IE,45CE,GOV,IE-IGFS,,,FG9,86,2014,C-TS-REV,C6,C,kg/haul,0.0800,items/haul,1,UNK,-9,-9
LT,4,IE,45CE,GOV,IE-IGFS,,,FG176,45,2020,C-TS-REV,C6,A,kg/haul,0.0170,items/haul,1,UNK,-9,-9
LT,4,IE,45CE,GOV,IE-IGFS,,,FG121,69,2019,C-TS-REV,C6,A,kg/haul,0.0160,items/haul,1,UNK,-9,-9
LT,4,IE,45CE,GOV,IE-IGFS,,,FG133,169,2017,C-TS-REV,C6,A,kg/haul,0.0020,items/haul,1,UNK,-9,-9
LT,4,IE,45CE,GOV,IE-IGFS,,,PO14,88,2017,C-TS-REV,E2,A,kg/haul,0.0160,items/haul,1,UNK,-9,-9
LT,4,IE,45CE,GOV,IE-IGFS,,,FG203,57,2020,C-TS-REV,E2,A,kg/haul,0.0060,items/haul,6,UNK,-9,-9
LT,4,IE,45CE,GOV,IE-IGFS,,,FG35,96,2019,C-TS-REV,C6,B,kg/haul,0.0120,items/haul,2,UNK,-9,-9
LT,4,IE,45CE,GOV,IE-IGFS,,,FG23,157,2018,C-TS-REV,C6,B,kg/haul,0.2860,items/haul,1,UNK,-9,-9
LT,4,IE,45CE,GOV,IE-IGFS,,,110,152,2018,C-TS-REV,C6,B,kg/haul,0.1020,items/haul,1,UNK,-9,-9
LT,4,IE,45CE,GOV,IE-IGFS,,,FG3,92,2018,C-TS-REV,C6,B,kg/haul,0.0720,items/haul,1,UNK,-9,-9
LT,4,IE,45CE,GOV,IE-IGFS,,,FG11,156,2017,C-TS-REV,E2,A,kg/haul,0.0020,items/haul,1,UNK,-9,-9
LT,4,IE,45CE,GOV,IE-IGFS,,,62A,143,2014,C-TS-REV,C6,C,kg/haul,1.0300,items/haul,1,UNK,-9,-9
LT,4,IE,45CE,GOV,IE-IGFS,,,20,183,2012,C-TS-REV,B3,A,kg/haul,0.0060,items/haul,1,UNK,-9,-9
LT,4,IE,45CE,GOV,IE-IGFS,,,FG57,173,2016,C-TS-REV,B3,F,kg/haul,0.5680,items/haul,1,UNK,-9,-9
LT,4,IE,45CE,GOV,IE-IGFS,,,FG197,126,2019,C-TS-REV,A10,C,kg/haul,0.0070,items/haul,1,UNK,-9,-9
LT,4,IE,45CE,GOV,IE-IGFS,,,FG165,142,2017,C-TS-REV,A10,C,kg/haul,0.0360,items/haul,1,UNK,-9,-9
LT,4,IE,45CE,GOV,IE-IGFS,,,14,5,2016,C-TS-REV,C6,A,kg/haul,0.3400,items/haul,1,UNK,-9,-9
LT,4,IE,45CE,GOV,IE-IGFS,,,FG51,147,2014,C-TS-REV,C6,A,kg/haul,0.0440,items/haul,1,UNK,-9,-9
LT,4,IE,45CE,GOV,IE-IGFS,,,FG61,99,2017,C-TS-REV,A10,C,kg/haul,0.0950,items/haul,1,UNK,-9,-9
LT,4,IE,45CE,GOV,IE-IGFS,,,FG94,15,2017,C-TS-REV,A10,C,kg/haul,0.0360,items/haul,1,UNK,-9,-9
LT,4,IE,45CE,GOV,IE-IGFS,,,FG112,8,2013,C-TS-REV,A10,E,kg/haul,0.0300,items/haul,1,UNK,-9,-9
LT,4,IE,45CE,GOV,IE-IGFS,,,15,43,2013,C-TS-REV,A10,E,kg/haul,0.0270,items/haul,1,UNK,-9,-9
LT,4,IE,45CE,GOV,IE-IGFS,,,FG183,160,2019,C-TS-REV,C6,D,kg/haul,0.1380,items/haul,1,UNK,-9,-9
LT,4,IE,45CE,GOV,IE-IGFS,,,FG178,122,2012,C-TS-REV,B3,C,kg/haul,10.3150,items/haul,1,UNK,-9,-9
LT,4,IE,45CE,GOV,IE-IGFS,,,FG46,99,2013,C-TS-REV,A10,D,kg/haul,0.0260,items/haul,1,UNK,-9,-9
LT,4,IE,45CE,GOV,IE-IGFS,,,FG166,105,2013,C-TS-REV,A10,D,kg/haul,0.1520,items/haul,1,UNK,-9,-9
LT,4,IE,45CE,GOV,IE-IGFS,,,MB3,11,2013,C-TS-REV,A10,E,kg/haul,0.0370,items/haul,1,UNK,-9,-9
LT,4,IE,45CE,GOV,IE-IGFS,,,R213,6,2013,C-TS-REV,A10,E,kg/haul,0.0840,items/haul,1,UNK,-9,-9
LT,4,IE,45CE,GOV,IE-IGFS,,,MB32,141,2017,C-TS-REV,A10,C,kg/haul,0.0390,items/haul,1,UNK,-9,-9
LT,4,IE,45CE,GOV,IE-IGFS,,,FG56,127,2017,C-TS-REV,A10,C,kg/haul,0.0260,items/haul,1,UNK,-9,-9
LT,4,IE,45CE,GOV,IE-IGFS,,,FG211,139,2012,C-TS-REV,A10,B,kg/haul,0.0100,items/haul,1,UNK,-9,-9
LT,4,IE,45CE,GOV,IE-IGFS,,,FG3,67,2012,C-TS-REV,A10,B,kg/haul,0.0010,items/haul,1,UNK,-9,-9
LT,4,IE,45CE,GOV,IE-IGFS,,,FG168,81,2012,C-TS-REV,A10,B,kg/haul,0.0100,items/haul,1,UNK,-9,-9
LT,4,IE,45CE,GOV,IE-IGFS,,,FG57,132,2012,C-TS-REV,A10,D,kg/haul,0.0320,items/haul,1,UNK,-9,-9
LT,4,IE,45CE,GOV,IE-IGFS,,,FG163,131,2012,C-TS-REV,A10,D,kg/haul,0.0480,items/haul,1,UNK,-9,-9
LT,4,IE,45CE,GOV,IE-IGFS,,,FG178,104,2013,C-TS-REV,A10,D,kg/haul,0.1160,items/haul,1,UNK,-9,-9
LT,4,IE,45CE,GOV,IE-IGFS,,,PO14,59,2014,C-TS-REV,A10,B,kg/haul,0.0580,items/haul,1,UNK,-9,-9
LT,4,IE,45CE,GOV,IE-IGFS,,,FG183,115,2013,C-TS-REV,A10,B,kg/haul,0.0100,items/haul,1,UNK,-9,-9
LT,4,IE,45CE,GOV,IE-IGFS,,,FG52,110,2013,C-TS-REV,A10,B,kg/haul,0.0020,items/haul,1,UNK,-9,-9
LT,4,IE,45CE,GOV,IE-IGFS,,,FG160,121,2013,C-TS-REV,A10,B,kg/haul,0.0260,items/haul,1,UNK,-9,-9
LT,4,IE,45CE,GOV,IE-IGFS,,,FG30,122,2013,C-TS-REV,A10,B,kg/haul,0.0360,items/haul,1,UNK,-9,-9
LT,4,IE,45CE,GOV,IE-IGFS,,,69,81,2013,C-TS-REV,A10,B,kg/haul,0.1860,items/haul,1,UNK,-9,-9
LT,4,IE,45CE,GOV,IE-IGFS,,,FG207,47,2017,C-TS-REV,A10,B,kg/haul,0.0010,items/haul,1,UNK,-9,-9
LT,4,IE,45CE,GOV,IE-IGFS,,,71,54,2017,C-TS-REV,A10,B,kg/haul,0.0240,items/haul,1,UNK,-9,-9
LT,4,IE,45CE,GOV,IE-IGFS,,,FG175,108,2016,C-TS-REV,A10,B,kg/haul,0.0070,items/haul,1,UNK,-9,-9
LT,4,IE,45CE,GOV,IE-IGFS,,,DS2,89,2016,C-TS-REV,A10,B,kg/haul,0.0640,items/haul,1,UNK,-9,-9
LT,4,IE,45CE,GOV,IE-IGFS,,,FG183,77,2016,C-TS-REV,A10,B,kg/haul,0.0180,items/haul,1,UNK,-9,-9
LT,4,IE,45CE,GOV,IE-IGFS,,,FG190,51,2016,C-TS-REV,A10,B,kg/haul,0.0040,items/haul,1,UNK,-9,-9
LT,4,IE,45CE,GOV,IE-IGFS,,,FG158,67,2017,C-TS-REV,A10,B,kg/haul,0.0250,items/haul,1,UNK,-9,-9
LT,4,IE,45CE,GOV,IE-IGFS,,,32A,83,2017,C-TS-REV,A10,B,kg/haul,0.0080,items/haul,1,UNK,-9,-9
LT,4,IE,45CE,GOV,IE-IGFS,,,FG129,64,2017,C-TS-REV,A10,B,kg/haul,0.0120,items/haul,1,UNK,-9,-9
LT,4,IE,45CE,GOV,IE-IGFS,,,FG28,68,2017,C-TS-REV,A10,B,kg/haul,0.0100,items/haul,1,UNK,-9,-9
LT,4,IE,45CE,GOV,IE-IGFS,,,FG129,64,2017,C-TS-REV,A10,B,kg/haul,0.0150,items/haul,1,UNK,-9,-9
LT,4,IE,45CE,GOV,IE-IGFS,,,FG122,52,2017,C-TS-REV,A10,B,kg/haul,0.0040,items/haul,1,UNK,-9,-9
LT,4,IE,45CE,GOV,IE-IGFS,,,FG136,143,2017,C-TS-REV,A10,B,kg/haul,0.0150,items/haul,1,UNK,-9,-9
LT,4,IE,45CE,GOV,IE-IGFS,,,FG185,140,2017,C-TS-REV,A10,B,kg/haul,0.0720,items/haul,1,UNK,-9,-9
LT,4,IE,45CE,GOV,IE-IGFS,,,FG198,139,2017,C-TS-REV,A10,B,kg/haul,0.0460,items/haul,1,UNK,-9,-9
LT,4,IE,45CE,GOV,IE-IGFS,,,FG195,106,2017,C-TS-REV,A10,B,kg/haul,0.0100,items/haul,1,UNK,-9,-9
LT,4,IE,45CE,GOV,IE-IGFS,,,CC425,107,2017,C-TS-REV,A10,B,kg/haul,0.0200,items/haul,1,UNK,-9,-9
LT,4,IE,45CE,GOV,IE-IGFS,,,FG158,67,2017,C-TS-REV,A10,B,kg/haul,0.0100,items/haul,1,UNK,-9,-9
LT,4,IE,45CE,GOV,IE-IGFS,,,MB51,95,2018,C-TS-REV,A10,B,kg/haul,0.0060,items/haul,1,UNK,-9,-9
LT,4,IE,45CE,GOV,IE-IGFS,,,FG17A,175,2017,C-TS-REV,A10,B,kg/haul,0.1090,items/haul,1,UNK,-9,-9
LT,4,IE,45CE,GOV,IE-IGFS,,,FG18,176,2017,C-TS-REV,A10,B,kg/haul,0.0170,items/haul,1,UNK,-9,-9
LT,4,IE,45CE,GOV,IE-IGFS,,,110,150,2017,C-TS-REV,A10,B,kg/haul,0.0040,items/haul,1,UNK,-9,-9
LT,4,IE,45CE,GOV,IE-IGFS,,,FG38,151,2017,C-TS-REV,A10,B,kg/haul,0.1050,items/haul,1,UNK,-9,-9
LT,4,IE,45CE,GOV,IE-IGFS,,,MB32,141,2017,C-TS-REV,A10,B,kg/haul,0.0170,items/haul,1,UNK,-9,-9
LT,4,IE,45CE,GOV,IE-IGFS,,,FG161,143,2016,C-TS-REV,A10,F,kg/haul,0.0160,items/haul,1,UNK,-9,-9
LT,4,IE,45CE,GOV,IE-IGFS,,,CC306,146,2016,C-TS-REV,A10,F,kg/haul,0.0010,items/haul,1,UNK,-9,-9
LT,4,IE,45CE,GOV,IE-IGFS,,,MM5,115,2020,C-TS-REV,A10,B,kg/haul,0.0080,items/haul,1,UNK,-9,-9
LT,4,IE,45CE,GOV,IE-IGFS,,,CN207,35,2020,C-TS-REV,A10,B,kg/haul,0.0210,items/haul,1,UNK,-9,-9
LT,4,IE,45CE,GOV,IE-IGFS,,,FG26,146,2018,C-TS-REV,A10,B,kg/haul,0.0060,items/haul,1,UNK,-9,-9
LT,4,IE,45CE,GOV,IE-IGFS,,,FG212,104,2018,C-TS-REV,A10,B,kg/haul,0.0580,items/haul,1,UNK,-9,-9
LT,4,IE,45CE,GOV,IE-IGFS,,,FG187,152,2016,C-TS-REV,A10,F,kg/haul,0.2730,items/haul,1,UNK,-9,-9
LT,4,IE,45CE,GOV,IE-IGFS,,,FG46,154,2016,C-TS-REV,A10,F,kg/haul,0.0020,items/haul,1,UNK,-9,-9
LT,4,IE,45CE,GOV,IE-IGFS,,,CN207,155,2016,C-TS-REV,A10,F,kg/haul,0.1530,items/haul,1,UNK,-9,-9
LT,4,IE,45CE,GOV,IE-IGFS,,,FG36,149,2016,C-TS-REV,A10,F,kg/haul,0.1010,items/haul,1,UNK,-9,-9
LT,4,IE,45CE,GOV,IE-IGFS,,,FG23,150,2016,C-TS-REV,A10,F,kg/haul,0.6700,items/haul,1,UNK,-9,-9
LT,4,IE,45CE,GOV,IE-IGFS,,,FG170,142,2016,C-TS-REV,A10,F,kg/haul,0.0160,items/haul,1,UNK,-9,-9
LT,4,IE,45CE,GOV,IE-IGFS,,,FG17A,166,2016,C-TS-REV,A10,F,kg/haul,0.0030,items/haul,1,UNK,-9,-9
LT,4,IE,45CE,GOV,IE-IGFS,,,FG197,162,2016,C-TS-REV,A10,F,kg/haul,0.0630,items/haul,1,UNK,-9,-9
LT,4,IE,45CE,GOV,IE-IGFS,,,FG166,163,2016,C-TS-REV,A10,F,kg/haul,0.0070,items/haul,1,UNK,-9,-9
LT,4,IE,45CE,GOV,IE-IGFS,,,FG37A,164,2016,C-TS-REV,A10,F,kg/haul,0.0050,items/haul,1,UNK,-9,-9
LT,4,IE,45CE,GOV,IE-IGFS,,,FG201,158,2016,C-TS-REV,A10,F,kg/haul,0.0180,items/haul,1,UNK,-9,-9
LT,4,IE,45CE,GOV,IE-IGFS,,,FG208,157,2016,C-TS-REV,A10,F,kg/haul,0.0010,items/haul,1,UNK,-9,-9
LT,4,IE,45CE,GOV,IE-IGFS,,,84,174,2016,C-TS-REV,A10,F,kg/haul,0.0600,items/haul,1,UNK,-9,-9
LT,4,IE,45CE,GOV,IE-IGFS,,,FG58,176,2016,C-TS-REV,A10,F,kg/haul,0.1660,items/haul,1,UNK,-9,-9
LT,4,IE,45CE,GOV,IE-IGFS,,,CC321,170,2016,C-TS-REV,A10,F,kg/haul,0.0140,items/haul,1,UNK,-9,-9
LT,4,IE,45CE,GOV,IE-IGFS,,,FG16,167,2016,C-TS-REV,A10,F,kg/haul,0.0010,items/haul,1,UNK,-9,-9
LT,4,IE,45CE,GOV,IE-IGFS,,,FG11,169,2016,C-TS-REV,A10,F,kg/haul,0.0490,items/haul,1,UNK,-9,-9
LT,4,IE,45CE,GOV,IE-IGFS,,,FG51,165,2016,C-TS-REV,A10,F,kg/haul,0.0240,items/haul,1,UNK,-9,-9
LT,4,IE,45CE,GOV,IE-IGFS,,,SJM1,100,2013,C-TS-REV,A10,A,kg/haul,0.0010,items/haul,1,UNK,-9,-9
LT,4,IE,45CE,GOV,IE-IGFS,,,FG45,21,2013,C-TS-REV,A10,A,kg/haul,0.0220,items/haul,1,UNK,-9,-9
LT,4,IE,45CE,GOV,IE-IGFS,,,SC544,15,2012,C-TS-REV,A10,A,kg/haul,0.0010,items/haul,1,UNK,-9,-9
LT,4,IE,45CE,GOV,IE-IGFS,,,FG12,147,2016,C-TS-REV,A10,F,kg/haul,0.2490,items/haul,1,UNK,-9,-9
LT,4,IE,45CE,GOV,IE-IGFS,,,FG121,180,2016,C-TS-REV,A10,F,kg/haul,0.0060,items/haul,1,UNK,-9,-9
LT,4,IE,45CE,GOV,IE-IGFS,,,FG223,179,2016,C-TS-REV,A10,F,kg/haul,0.1300,items/haul,1,UNK,-9,-9
LT,4,IE,45CE,GOV,IE-IGFS,,,FG71,99,2016,C-TS-REV,A10,A,kg/haul,0.0200,items/haul,1,UNK,-9,-9
LT,4,IE,45CE,GOV,IE-IGFS,,,CN203,59,2016,C-TS-REV,A10,A,kg/haul,0.0020,items/haul,1,UNK,-9,-9
LT,4,IE,45CE,GOV,IE-IGFS,,,FG188,84,2016,C-TS-REV,A10,A,kg/haul,0.0010,items/haul,1,UNK,-9,-9
LT,4,IE,45CE,GOV,IE-IGFS,,,FG129,157,2014,C-TS-REV,A10,A,kg/haul,0.0660,items/haul,1,UNK,-9,-9
LT,4,IE,45CE,GOV,IE-IGFS,,,58,179,2013,C-TS-REV,A10,A,kg/haul,0.0060,items/haul,1,UNK,-9,-9
LT,4,IE,45CE,GOV,IE-IGFS,,,PO113,166,2013,C-TS-REV,A10,A,kg/haul,0.0100,items/haul,1,UNK,-9,-9
LT,4,IE,45CE,GOV,IE-IGFS,,,FG65,65,2017,C-TS-REV,A10,A,kg/haul,0.0010,items/haul,1,UNK,-9,-9
LT,4,IE,45CE,GOV,IE-IGFS,,,FG3,69,2017,C-TS-REV,A10,A,kg/haul,0.0010,items/haul,1,UNK,-9,-9
LT,4,IE,45CE,GOV,IE-IGFS,,,FG128,62,2017,C-TS-REV,A10,A,kg/haul,0.0090,items/haul,1,UNK,-9,-9
LT,4,IE,45CE,GOV,IE-IGFS,,,41,61,2017,C-TS-REV,A10,A,kg/haul,0.0010,items/haul,1,UNK,-9,-9
LT,4,IE,45CE,GOV,IE-IGFS,,,MB53,57,2017,C-TS-REV,A10,A,kg/haul,0.0010,items/haul,1,UNK,-9,-9
LT,4,IE,45CE,GOV,IE-IGFS,,,71,54,2017,C-TS-REV,A10,A,kg/haul,0.0010,items/haul,1,UNK,-9,-9
LT,4,IE,45CE,GOV,IE-IGFS,,,CC322,123,2017,C-TS-REV,A10,A,kg/haul,0.0010,items/haul,1,UNK,-9,-9
LT,4,IE,45CE,GOV,IE-IGFS,,,CC322,123,2017,C-TS-REV,A10,A,kg/haul,0.0010,items/haul,1,UNK,-9,-9
LT,4,IE,45CE,GOV,IE-IGFS,,,FG55,109,2017,C-TS-REV,A10,A,kg/haul,0.0210,items/haul,1,UNK,-9,-9
LT,4,IE,45CE,GOV,IE-IGFS,,,43,93,2017,C-TS-REV,A10,A,kg/haul,0.0180,items/haul,1,UNK,-9,-9
LT,4,IE,45CE,GOV,IE-IGFS,,,43,93,2017,C-TS-REV,A10,A,kg/haul,0.0110,items/haul,1,UNK,-9,-9
LT,4,IE,45CE,GOV,IE-IGFS,,,PO16,86,2017,C-TS-REV,A10,A,kg/haul,0.0010,items/haul,1,UNK,-9,-9
LT,4,IE,45CE,GOV,IE-IGFS,,,MB30,133,2017,C-TS-REV,A10,A,kg/haul,0.0080,items/haul,1,UNK,-9,-9
LT,4,IE,45CE,GOV,IE-IGFS,,,MB30,133,2017,C-TS-REV,A10,A,kg/haul,0.0070,items/haul,1,UNK,-9,-9
LT,4,IE,45CE,GOV,IE-IGFS,,,CC306,128,2017,C-TS-REV,A10,A,kg/haul,0.0140,items/haul,1,UNK,-9,-9
LT,4,IE,45CE,GOV,IE-IGFS,,,FG34A,125,2017,C-TS-REV,A10,A,kg/haul,0.0560,items/haul,1,UNK,-9,-9
LT,4,IE,45CE,GOV,IE-IGFS,,,FG199,126,2017,C-TS-REV,A10,A,kg/haul,0.0940,items/haul,1,UNK,-9,-9
LT,4,IE,45CE,GOV,IE-IGFS,,,CC502,114,2017,C-TS-REV,A10,A,kg/haul,0.0100,items/haul,1,UNK,-9,-9
LT,4,IE,45CE,GOV,IE-IGFS,,,FG187,171,2017,C-TS-REV,A10,A,kg/haul,0.0040,items/haul,1,UNK,-9,-9
LT,4,IE,45CE,GOV,IE-IGFS,,,FG26,145,2017,C-TS-REV,A10,A,kg/haul,0.0010,items/haul,1,UNK,-9,-9
LT,4,IE,45CE,GOV,IE-IGFS,,,E11,152,2017,C-TS-REV,A10,A,kg/haul,0.0030,items/haul,1,UNK,-9,-9
LT,4,IE,45CE,GOV,IE-IGFS,,,FG52,153,2017,C-TS-REV,A10,A,kg/haul,0.0010,items/haul,1,UNK,-9,-9
LT,4,IE,45CE,GOV,IE-IGFS,,,33A,147,2017,C-TS-REV,A10,A,kg/haul,0.0010,items/haul,1,UNK,-9,-9
LT,4,IE,45CE,GOV,IE-IGFS,,,33A,147,2017,C-TS-REV,A10,A,kg/haul,0.0240,items/haul,1,UNK,-9,-9
LT,4,IE,45CE,GOV,IE-IGFS,,,82,111,2018,C-TS-REV,A10,A,kg/haul,0.0040,items/haul,1,UNK,-9,-9
LT,4,IE,45CE,GOV,IE-IGFS,,,FG121,83,2018,C-TS-REV,A10,A,kg/haul,0.0040,items/haul,1,UNK,-9,-9
LT,4,IE,45CE,GOV,IE-IGFS,,,FG201,178,2017,C-TS-REV,A10,A,kg/haul,0.8160,items/haul,1,UNK,-9,-9
LT,4,IE,45CE,GOV,IE-IGFS,,,FG197,173,2017,C-TS-REV,A10,A,kg/haul,0.1000,items/haul,1,UNK,-9,-9
LT,4,IE,45CE,GOV,IE-IGFS,,,FG18,176,2017,C-TS-REV,A10,A,kg/haul,0.0050,items/haul,1,UNK,-9,-9
LT,4,IE,45CE,GOV,IE-IGFS,,,FG176,177,2017,C-TS-REV,A10,A,kg/haul,0.0010,items/haul,1,UNK,-9,-9
LT,4,IE,45CE,GOV,IE-IGFS,,,93,22,2012,C-TS-REV,A10,A,kg/haul,0.0010,items/haul,1,UNK,-9,-9
LT,4,IE,45CE,GOV,IE-IGFS,,,FG203,57,2020,C-TS-REV,A10,A,kg/haul,0.0020,items/haul,1,UNK,-9,-9
LT,4,IE,45CE,GOV,IE-IGFS,,,FG73,75,2019,C-TS-REV,A10,A,kg/haul,0.0010,items/haul,1,UNK,-9,-9
LT,4,IE,45CE,GOV,IE-IGFS,,,110,152,2018,C-TS-REV,A10,A,kg/haul,0.0040,items/haul,1,UNK,-9,-9
LT,4,IE,45CE,GOV,IE-IGFS,,,44,145,2018,C-TS-REV,A10,A,kg/haul,0.0040,items/haul,1,UNK,-9,-9
LT,4,IE,45CE,GOV,IE-IGFS,,,FG3,92,2018,C-TS-REV,A10,A,kg/haul,0.0100,items/haul,1,UNK,-9,-9
LT,4,IE,45CE,GOV,IE-IGFS,,,FG129,52,2016,C-TS-REV,A10,C,kg/haul,0.0420,items/haul,1,UNK,-9,-9
LT,4,IE,45CE,GOV,IE-IGFS,,,FG62,124,2013,C-TS-REV,A10,C,kg/haul,0.1130,items/haul,1,UNK,-9,-9
LT,4,IE,45CE,GOV,IE-IGFS,,,FG138,98,2013,C-TS-REV,A10,C,kg/haul,0.0210,items/haul,1,UNK,-9,-9
LT,4,IE,45CE,GOV,IE-IGFS,,,CN304,91,2013,C-TS-REV,A10,C,kg/haul,0.2460,items/haul,1,UNK,-9,-9
LT,4,IE,45CE,GOV,IE-IGFS,,,FG208,103,2013,C-TS-REV,A10,C,kg/haul,0.0100,items/haul,1,UNK,-9,-9
LT,4,IE,45CE,GOV,IE-IGFS,,,14,42,2013,C-TS-REV,A10,C,kg/haul,0.0760,items/haul,1,UNK,-9,-9
LT,4,IE,45CE,GOV,IE-IGFS,,,FG183,124,2018,C-TS-REV,F1,C,kg/haul,0.1780,items/haul,1,UNK,-9,-9
LT,4,IE,45CE,GOV,IE-IGFS,,,FG223,160,2014,C-TS-REV,F1,C,kg/haul,0.0380,items/haul,1,UNK,-9,-9
LT,4,IE,45CE,GOV,IE-IGFS,,,40,112,2014,C-TS-REV,F1,C,kg/haul,0.2080,items/haul,1,UNK,-9,-9
LT,4,IE,45CE,GOV,IE-IGFS,,,FG126,58,2020,C-TS-REV,F1,B,kg/haul,0.2600,items/haul,1,UNK,-9,-9
LT,4,IE,45CE,GOV,IE-IGFS,,,FG199,80,2016,C-TS-REV,A10,C,kg/haul,0.0410,items/haul,1,UNK,-9,-9
LT,4,IE,45CE,GOV,IE-IGFS,,,CN304,57,2016,C-TS-REV,A10,C,kg/haul,0.0620,items/haul,1,UNK,-9,-9
LT,4,IE,45CE,GOV,IE-IGFS,,,71,153,2014,C-TS-REV,F1,B,kg/haul,0.1630,items/haul,1,UNK,-9,-9
LT,4,IE,45CE,GOV,IE-IGFS,,,FG163,136,2014,C-TS-REV,F1,B,kg/haul,0.0250,items/haul,1,UNK,-9,-9
LT,4,IE,45CE,GOV,IE-IGFS,,,113,38,2020,C-TS-REV,C5,C,kg/haul,0.1360,items/haul,1,UNK,-9,-9
LT,4,IE,45CE,GOV,IE-IGFS,,,FG17A,97,2019,C-TS-REV,C5,C,kg/haul,0.0890,items/haul,1,UNK,-9,-9
LT,4,IE,45CE,GOV,IE-IGFS,,,FG190,54,2020,C-TS-REV,F1,C,kg/haul,0.1850,items/haul,1,UNK,-9,-9
LT,4,IE,45CE,GOV,IE-IGFS,,,FG157,76,2019,C-TS-REV,F1,C,kg/haul,0.3460,items/haul,1,UNK,-9,-9
LT,4,IE,45CE,GOV,IE-IGFS,,,FG121,162,2012,C-TS-REV,C5,C,kg/haul,0.0820,items/haul,1,UNK,-9,-9
LT,4,IE,45CE,GOV,IE-IGFS,,,FG173,73,2018,C-TS-REV,C5,A,kg/haul,0.0120,items/haul,1,UNK,-9,-9
LT,4,IE,45CE,GOV,IE-IGFS,,,CC321,139,2014,C-TS-REV,C5,B,kg/haul,0.0500,items/haul,1,UNK,-9,-9
LT,4,IE,45CE,GOV,IE-IGFS,,,85,138,2014,C-TS-REV,C5,B,kg/haul,0.0940,items/haul,1,UNK,-9,-9
LT,4,IE,45CE,GOV,IE-IGFS,,,FG69,72,2019,C-TS-REV,F1,B,kg/haul,0.1160,items/haul,1,UNK,-9,-9
LT,4,IE,45CE,GOV,IE-IGFS,,,FG172,71,2019,C-TS-REV,F1,B,kg/haul,0.0980,items/haul,1,UNK,-9,-9
LT,4,IE,45CE,GOV,IE-IGFS,,,FG197,79,2012,C-TS-REV,C5,B,kg/haul,0.0780,items/haul,1,UNK,-9,-9
LT,4,IE,45CE,GOV,IE-IGFS,,,FG61,99,2017,C-TS-REV,C5,A,kg/haul,0.0040,items/haul,1,UNK,-9,-9
LT,4,IE,45CE,GOV,IE-IGFS,,,FG18,160,2016,C-TS-REV,C5,F,kg/haul,0.0960,items/haul,1,UNK,-9,-9
LT,4,IE,45CE,GOV,IE-IGFS,,,FG138,153,2016,C-TS-REV,C5,F,kg/haul,0.1030,items/haul,1,UNK,-9,-9
LT,4,IE,45CE,GOV,IE-IGFS,,,20,49,2018,C-TS-REV,C5,C,kg/haul,0.0340,items/haul,1,UNK,-9,-9
LT,4,IE,45CE,GOV,IE-IGFS,,,FG188,84,2016,C-TS-REV,C5,C,kg/haul,0.1210,items/haul,1,UNK,-9,-9
LT,4,IE,45CE,GOV,IE-IGFS,,,FG175,108,2016,C-TS-REV,C5,B,kg/haul,0.0970,items/haul,1,UNK,-9,-9
LT,4,IE,45CE,GOV,IE-IGFS,,,MB52,6,2020,C-TS-REV,B8,C,kg/haul,0.1310,items/haul,1,UNK,-9,-9
LT,4,IE,45CE,GOV,IE-IGFS,,,FG155,102,2016,C-TS-REV,B8,C,kg/haul,0.1630,items/haul,1,UNK,-9,-9
LT,4,IE,45CE,GOV,IE-IGFS,,,FG126,58,2020,C-TS-REV,B8,A,kg/haul,0.0020,items/haul,1,UNK,-9,-9
LT,4,IE,45CE,GOV,IE-IGFS,,,FG23,100,2014,C-TS-REV,C5,B,kg/haul,0.0900,items/haul,1,UNK,-9,-9
LT,4,IE,45CE,GOV,IE-IGFS,,,MB32,106,2014,C-TS-REV,C5,B,kg/haul,0.0760,items/haul,1,UNK,-9,-9
LT,4,IE,45CE,GOV,IE-IGFS,,,FG36,136,2017,C-TS-REV,B8,F,kg/haul,11.0000,items/haul,1,UNK,-9,-9
LT,4,IE,45CE,GOV,IE-IGFS,,,SC554,79,2017,C-TS-REV,B8,B,kg/haul,0.2830,items/haul,1,UNK,-9,-9
LT,4,IE,45CE,GOV,IE-IGFS,,,112,120,2019,C-TS-REV,B8,D,kg/haul,0.5600,items/haul,1,UNK,-9,-9
LT,4,IE,45CE,GOV,IE-IGFS,,,FG16,145,2014,C-TS-REV,B8,D,kg/haul,1.4890,items/haul,1,UNK,-9,-9
LT,4,IE,45CE,GOV,IE-IGFS,,,53,70,2018,C-TS-REV,C5,B,kg/haul,0.0500,items/haul,1,UNK,-9,-9
LT,4,IE,45CE,GOV,IE-IGFS,,,FG198,139,2017,C-TS-REV,C5,B,kg/haul,0.0860,items/haul,1,UNK,-9,-9
LT,4,IE,45CE,GOV,IE-IGFS,,,FG53,134,2017,C-TS-REV,E3,A,kg/haul,0.0540,items/haul,1,UNK,-9,-9
LT,4,IE,45CE,GOV,IE-IGFS,,,FG35,135,2017,C-TS-REV,E3,A,kg/haul,0.0030,items/haul,1,UNK,-9,-9
LT,4,IE,45CE,GOV,IE-IGFS,,,MB15,134,2016,C-TS-REV,E3,A,kg/haul,0.0030,items/haul,1,UNK,-9,-9
LT,4,IE,45CE,GOV,IE-IGFS,,,FG75,133,2016,C-TS-REV,E3,A,kg/haul,0.0040,items/haul,1,UNK,-9,-9
LT,4,IE,45CE,GOV,IE-IGFS,,,FG105,152,2013,C-TS-REV,B8,A,kg/haul,0.0030,items/haul,1,UNK,-9,-9
LT,4,IE,45CE,GOV,IE-IGFS,,,VMS1,77,2013,C-TS-REV,B8,A,kg/haul,0.0150,items/haul,1,UNK,-9,-9
LT,4,IE,45CE,GOV,IE-IGFS,,,FG67,56,2017,C-TS-REV,E3,B,kg/haul,0.0260,items/haul,1,UNK,-9,-9
LT,4,IE,45CE,GOV,IE-IGFS,,,MB3,39,2012,C-TS-REV,E3,B,kg/haul,0.0250,items/haul,1,UNK,-9,-9
LT,4,IE,45CE,GOV,IE-IGFS,,,FG157,76,2019,C-TS-REV,C1,C,kg/haul,0.7080,items/haul,1,UNK,-9,-9
LT,4,IE,45CE,GOV,IE-IGFS,,,CC310,116,2018,C-TS-REV,C1,C,kg/haul,0.6800,items/haul,1,UNK,-9,-9
LT,4,IE,45CE,GOV,IE-IGFS,,,FG67,56,2017,C-TS-REV,E3,C,kg/haul,0.9120,items/haul,1,UNK,-9,-9
LT,4,IE,45CE,GOV,IE-IGFS,,,112,120,2019,C-TS-REV,E3,A,kg/haul,0.0020,items/haul,1,UNK,-9,-9
LT,4,IE,45CE,GOV,IE-IGFS,,,FG67,56,2017,C-TS-REV,A11,C,kg/haul,0.0020,items/haul,1,UNK,-9,-9
LT,4,IE,45CE,GOV,IE-IGFS,,,FG141,75,2016,C-TS-REV,A11,C,kg/haul,0.1100,items/haul,1,UNK,-9,-9
LT,4,IE,45CE,GOV,IE-IGFS,,,FG56,87,2014,C-TS-REV,A11,C,kg/haul,0.0700,items/haul,1,UNK,-9,-9
LT,4,IE,45CE,GOV,IE-IGFS,,,FG187,95,2013,C-TS-REV,A11,C,kg/haul,0.0730,items/haul,1,UNK,-9,-9
LT,4,IE,45CE,GOV,IE-IGFS,,,22,49,2014,C-TS-REV,E3,A,kg/haul,0.0160,items/haul,1,UNK,-9,-9
LT,4,IE,45CE,GOV,IE-IGFS,,,FG126,58,2020,C-TS-REV,E3,B,kg/haul,0.0260,items/haul,1,UNK,-9,-9
LT,4,IE,45CE,GOV,IE-IGFS,,,FG121,162,2012,C-TS-REV,A11,D,kg/haul,0.0940,items/haul,1,UNK,-9,-9
LT,4,IE,45CE,GOV,IE-IGFS,,,64,76,2016,C-TS-REV,A11,D,kg/haul,0.1200,items/haul,1,UNK,-9,-9
LT,4,IE,45CE,GOV,IE-IGFS,,,FG53,71,2016,C-TS-REV,A11,D,kg/haul,0.0440,items/haul,1,UNK,-9,-9
LT,4,IE,45CE,GOV,IE-IGFS,,,64,76,2016,C-TS-REV,A11,D,kg/haul,0.1400,items/haul,1,UNK,-9,-9
LT,4,IE,45CE,GOV,IE-IGFS,,,CC306,126,2018,C-TS-REV,A11,C,kg/haul,0.0410,items/haul,1,UNK,-9,-9
LT,4,IE,45CE,GOV,IE-IGFS,,,FG34,118,2018,C-TS-REV,A11,C,kg/haul,0.0220,items/haul,1,UNK,-9,-9
LT,4,IE,45CE,GOV,IE-IGFS,,,VMS1,103,2012,C-TS-REV,A11,B,kg/haul,0.0260,items/haul,1,UNK,-9,-9
LT,4,IE,45CE,GOV,IE-IGFS,,,FG140,105,2012,C-TS-REV,A11,B,kg/haul,0.0240,items/haul,1,UNK,-9,-9
LT,4,IE,45CE,GOV,IE-IGFS,,,MB32,88,2012,C-TS-REV,A11,B,kg/haul,0.0120,items/haul,1,UNK,-9,-9
LT,4,IE,45CE,GOV,IE-IGFS,,,SC575,29,2012,C-TS-REV,A11,B,kg/haul,0.0140,items/haul,1,UNK,-9,-9
LT,4,IE,45CE,GOV,IE-IGFS,,,FG160,102,2017,C-TS-REV,A11,E,kg/haul,0.3320,items/haul,1,UNK,-9,-9
LT,4,IE,45CE,GOV,IE-IGFS,,,FG144,20,2015,C-TS-REV,A11,E,kg/haul,0.5500,items/haul,1,UNK,-9,-9
LT,4,IE,45CE,GOV,IE-IGFS,,,FG12,67,2013,C-TS-REV,A11,B,kg/haul,0.1670,items/haul,1,UNK,-9,-9
LT,4,IE,45CE,GOV,IE-IGFS,,,FG132,69,2013,C-TS-REV,A11,B,kg/haul,0.0020,items/haul,1,UNK,-9,-9
LT,4,IE,45CE,GOV,IE-IGFS,,,CC431,70,2013,C-TS-REV,A11,B,kg/haul,0.0430,items/haul,1,UNK,-9,-9
LT,4,IE,45CE,GOV,IE-IGFS,,,FG58,71,2013,C-TS-REV,A11,B,kg/haul,0.0580,items/haul,1,UNK,-9,-9
LT,4,IE,45CE,GOV,IE-IGFS,,,FG36A,79,2013,C-TS-REV,A11,D,kg/haul,0.2830,items/haul,1,UNK,-9,-9
LT,4,IE,45CE,GOV,IE-IGFS,,,FG28,66,2012,C-TS-REV,A11,E,kg/haul,0.1560,items/haul,1,UNK,-9,-9
LT,4,IE,45CE,GOV,IE-IGFS,,,FG150,1,2015,C-TS-REV,A11,B,kg/haul,0.0010,items/haul,1,UNK,-9,-9
LT,4,IE,45CE,GOV,IE-IGFS,,,FG223,160,2014,C-TS-REV,A11,B,kg/haul,0.0050,items/haul,1,UNK,-9,-9
LT,4,IE,45CE,GOV,IE-IGFS,,,FG181,91,2014,C-TS-REV,A11,B,kg/haul,0.0090,items/haul,1,UNK,-9,-9
LT,4,IE,45CE,GOV,IE-IGFS,,,FG25,85,2013,C-TS-REV,A11,B,kg/haul,0.1080,items/haul,1,UNK,-9,-9
LT,4,IE,45CE,GOV,IE-IGFS,,,FG51,77,2012,C-TS-REV,A11,D,kg/haul,0.1940,items/haul,1,UNK,-9,-9
LT,4,IE,45CE,GOV,IE-IGFS,,,113,91,2012,C-TS-REV,A11,D,kg/haul,0.0100,items/haul,1,UNK,-9,-9
LT,4,IE,45CE,GOV,IE-IGFS,,,FG23,157,2018,C-TS-REV,A11,B,kg/haul,0.0480,items/haul,1,UNK,-9,-9
LT,4,IE,45CE,GOV,IE-IGFS,,,CC306,126,2018,C-TS-REV,A11,B,kg/haul,0.0280,items/haul,1,UNK,-9,-9
LT,4,IE,45CE,GOV,IE-IGFS,,,FG182,123,2018,C-TS-REV,A11,B,kg/haul,0.0500,items/haul,1,UNK,-9,-9
LT,4,IE,45CE,GOV,IE-IGFS,,,FG180,117,2018,C-TS-REV,A11,B,kg/haul,0.0060,items/haul,1,UNK,-9,-9
LT,4,IE,45CE,GOV,IE-IGFS,,,FG165,90,2012,C-TS-REV,A11,B,kg/haul,0.2200,items/haul,1,UNK,-9,-9
LT,4,IE,45CE,GOV,IE-IGFS,,,CC431,102,2012,C-TS-REV,A11,B,kg/haul,0.0200,items/haul,1,UNK,-9,-9
LT,4,IE,45CE,GOV,IE-IGFS,,,FG144,20,2012,C-TS-REV,A11,A,kg/haul,0.0110,items/haul,1,UNK,-9,-9
LT,4,IE,45CE,GOV,IE-IGFS,,,GD4,28,2012,C-TS-REV,A11,A,kg/haul,0.0010,items/haul,1,UNK,-9,-9
LT,4,IE,45CE,GOV,IE-IGFS,,,FG116,26,2012,C-TS-REV,A11,B,kg/haul,0.0460,items/haul,1,UNK,-9,-9
LT,4,IE,45CE,GOV,IE-IGFS,,,GD5,21,2012,C-TS-REV,A11,B,kg/haul,0.0110,items/haul,1,UNK,-9,-9
LT,4,IE,45CE,GOV,IE-IGFS,,,COD5A,72,2013,C-TS-REV,A11,B,kg/haul,0.0600,items/haul,1,UNK,-9,-9
LT,4,IE,45CE,GOV,IE-IGFS,,,CC307,64,2013,C-TS-REV,A11,B,kg/haul,0.0360,items/haul,1,UNK,-9,-9
LT,4,IE,45CE,GOV,IE-IGFS,,,69,112,2012,C-TS-REV,A11,A,kg/haul,0.0010,items/haul,1,UNK,-9,-9
LT,4,IE,45CE,GOV,IE-IGFS,,,FG35,106,2012,C-TS-REV,A11,A,kg/haul,0.0010,items/haul,1,UNK,-9,-9
LT,4,IE,45CE,GOV,IE-IGFS,,,CN203,87,2012,C-TS-REV,A11,A,kg/haul,0.0005,items/haul,1,UNK,-9,-9
LT,4,IE,45CE,GOV,IE-IGFS,,,FG37A,78,2012,C-TS-REV,A11,A,kg/haul,0.0010,items/haul,1,UNK,-9,-9
LT,4,IE,45CE,GOV,IE-IGFS,,,FG35,135,2017,C-TS-REV,A11,B,kg/haul,0.0840,items/haul,1,UNK,-9,-9
LT,4,IE,45CE,GOV,IE-IGFS,,,FG98,25,2015,C-TS-REV,A11,B,kg/haul,0.0300,items/haul,1,UNK,-9,-9
LT,4,IE,45CE,GOV,IE-IGFS,,,FG190,57,2013,C-TS-REV,A11,A,kg/haul,0.0590,items/haul,1,UNK,-9,-9
LT,4,IE,45CE,GOV,IE-IGFS,,,FG35,60,2013,C-TS-REV,A11,A,kg/haul,0.0060,items/haul,1,UNK,-9,-9
LT,4,IE,45CE,GOV,IE-IGFS,,,FG207,51,2013,C-TS-REV,A11,A,kg/haul,0.0320,items/haul,1,UNK,-9,-9
LT,4,IE,45CE,GOV,IE-IGFS,,,66,52,2013,C-TS-REV,A11,A,kg/haul,0.0010,items/haul,1,UNK,-9,-9
LT,4,IE,45CE,GOV,IE-IGFS,,,FG211,85,2019,C-TS-REV,A11,B,kg/haul,0.0250,items/haul,1,UNK,-9,-9
LT,4,IE,45CE,GOV,IE-IGFS,,,21,59,2019,C-TS-REV,A11,B,kg/haul,0.0120,items/haul,1,UNK,-9,-9
LT,4,IE,45CE,GOV,IE-IGFS,,,CN307,89,2013,C-TS-REV,A11,A,kg/haul,0.0010,items/haul,1,UNK,-9,-9
LT,4,IE,45CE,GOV,IE-IGFS,,,FG23,80,2013,C-TS-REV,A11,A,kg/haul,0.0030,items/haul,1,UNK,-9,-9
LT,4,IE,45CE,GOV,IE-IGFS,,,FG139,83,2013,C-TS-REV,A11,A,kg/haul,0.0010,items/haul,1,UNK,-9,-9
LT,4,IE,45CE,GOV,IE-IGFS,,,FG11,76,2013,C-TS-REV,A11,A,kg/haul,0.0010,items/haul,1,UNK,-9,-9
LT,4,IE,45CE,GOV,IE-IGFS,,,44,89,2012,C-TS-REV,A11,A,kg/haul,0.0010,items/haul,1,UNK,-9,-9
LT,4,IE,45CE,GOV,IE-IGFS,,,FG203,68,2012,C-TS-REV,A11,A,kg/haul,0.0020,items/haul,1,UNK,-9,-9
LT,4,IE,45CE,GOV,IE-IGFS,,,FG117,30,2016,C-TS-REV,A11,A,kg/haul,0.1260,items/haul,1,UNK,-9,-9
LT,4,IE,45CE,GOV,IE-IGFS,,,PO14,162,2013,C-TS-REV,A11,A,kg/haul,0.0010,items/haul,1,UNK,-9,-9
LT,4,IE,45CE,GOV,IE-IGFS,,,FG104,150,2013,C-TS-REV,A11,A,kg/haul,0.0080,items/haul,1,UNK,-9,-9
LT,4,IE,45CE,GOV,IE-IGFS,,,FG71,144,2013,C-TS-REV,A11,A,kg/haul,0.0110,items/haul,1,UNK,-9,-9
LT,4,IE,45CE,GOV,IE-IGFS,,,MB17,53,2013,C-TS-REV,A11,A,kg/haul,0.0010,items/haul,1,UNK,-9,-9
LT,4,IE,45CE,GOV,IE-IGFS,,,FG54,138,2012,C-TS-REV,A11,A,kg/haul,0.0420,items/haul,1,UNK,-9,-9
LT,4,IE,45CE,GOV,IE-IGFS,,,68,137,2016,C-TS-REV,A11,A,kg/haul,0.0050,items/haul,1,UNK,-9,-9
LT,4,IE,45CE,GOV,IE-IGFS,,,FG148,107,2016,C-TS-REV,A11,A,kg/haul,0.0080,items/haul,1,UNK,-9,-9
LT,4,IE,45CE,GOV,IE-IGFS,,,PO161,109,2016,C-TS-REV,A11,A,kg/haul,0.0020,items/haul,1,UNK,-9,-9
LT,4,IE,45CE,GOV,IE-IGFS,,,42,95,2016,C-TS-REV,A11,A,kg/haul,0.0780,items/haul,1,UNK,-9,-9
LT,4,IE,45CE,GOV,IE-IGFS,,,FG14,65,2013,C-TS-REV,A11,A,kg/haul,0.0040,items/haul,1,UNK,-9,-9
LT,4,IE,45CE,GOV,IE-IGFS,,,FG53,61,2013,C-TS-REV,A11,A,kg/haul,0.0080,items/haul,1,UNK,-9,-9
LT,4,IE,45CE,GOV,IE-IGFS,,,20,183,2012,C-TS-REV,A11,C,kg/haul,0.0340,items/haul,1,UNK,-9,-9
LT,4,IE,45CE,GOV,IE-IGFS,,,FG52,126,2012,C-TS-REV,A11,C,kg/haul,0.0160,items/haul,1,UNK,-9,-9
LT,4,IE,45CE,GOV,IE-IGFS,,,18,6,2012,C-TS-REV,A11,A,kg/haul,0.0060,items/haul,1,UNK,-9,-9
LT,4,IE,45CE,GOV,IE-IGFS,,,FG1,73,2019,C-TS-REV,A11,A,kg/haul,0.0120,items/haul,1,UNK,-9,-9
LT,4,IE,45CE,GOV,IE-IGFS,,,FG171,146,2013,C-TS-REV,A11,A,kg/haul,0.0500,items/haul,1,UNK,-9,-9
LT,4,IE,45CE,GOV,IE-IGFS,,,MB32,88,2013,C-TS-REV,A11,A,kg/haul,0.0020,items/haul,1,UNK,-9,-9
LT,4,IE,45CE,GOV,IE-IGFS,,,MB52,166,2019,C-TS-REV,E1,C,kg/haul,0.1540,items/haul,1,UNK,-9,-9
LT,4,IE,45CE,GOV,IE-IGFS,,,62,136,2016,C-TS-REV,E1,C,kg/haul,0.7800,items/haul,1,UNK,-9,-9
LT,4,IE,45CE,GOV,IE-IGFS,,,PO161,160,2012,C-TS-REV,E1,C,kg/haul,0.0840,items/haul,1,UNK,-9,-9
LT,4,IE,45CE,GOV,IE-IGFS,,,FG138,121,2012,C-TS-REV,E1,C,kg/haul,0.3680,items/haul,1,UNK,-9,-9
LT,4,IE,45CE,GOV,IE-IGFS,,,FG116,29,2016,C-TS-REV,A11,A,kg/haul,0.0600,items/haul,1,UNK,-9,-9
LT,4,IE,45CE,GOV,IE-IGFS,,,FG192,26,2016,C-TS-REV,A11,A,kg/haul,0.3140,items/haul,1,UNK,-9,-9
LT,4,IE,45CE,GOV,IE-IGFS,,,FG53,94,2019,C-TS-REV,E1,D,kg/haul,2.4000,items/haul,1,UNK,-9,-9
LT,4,IE,45CE,GOV,IE-IGFS,,,CN203,110,2019,C-TS-REV,E1,D,kg/haul,0.0790,items/haul,1,UNK,-9,-9
LT,4,IE,45CE,GOV,IE-IGFS,,,FG51,147,2014,C-TS-REV,E1,D,kg/haul,0.9880,items/haul,1,UNK,-9,-9
LT,4,IE,45CE,GOV,IE-IGFS,,,PO22,161,2012,C-TS-REV,E1,D,kg/haul,2.0510,items/haul,1,UNK,-9,-9
LT,4,IE,45CE,GOV,IE-IGFS,,,FG181,137,2017,C-TS-REV,A11,A,kg/haul,0.0190,items/haul,1,UNK,-9,-9
LT,4,IE,45CE,GOV,IE-IGFS,,,62,136,2016,C-TS-REV,A11,A,kg/haul,0.0020,items/haul,1,UNK,-9,-9
LT,4,IE,45CE,GOV,IE-IGFS,,,FG46,154,2016,C-TS-REV,E1,F,kg/haul,0.2430,items/haul,1,UNK,-9,-9
LT,4,IE,45CE,GOV,IE-IGFS,,,FG136,150,2018,C-TS-REV,E1,B,kg/haul,0.1940,items/haul,1,UNK,-9,-9
LT,4,IE,45CE,GOV,IE-IGFS,,,FG138,134,2018,C-TS-REV,E1,B,kg/haul,0.0240,items/haul,1,UNK,-9,-9
LT,4,IE,45CE,GOV,IE-IGFS,,,MM10,136,2020,C-TS-REV,E1,D,kg/haul,21.7300,items/haul,1,UNK,-9,-9
LT,4,IE,45CE,GOV,IE-IGFS,,,FG38,153,2018,C-TS-REV,E1,A,kg/haul,0.0180,items/haul,1,UNK,-9,-9
LT,4,IE,45CE,GOV,IE-IGFS,,,FG53,154,2018,C-TS-REV,E1,A,kg/haul,0.0020,items/haul,1,UNK,-9,-9
LT,4,IE,45CE,GOV,IE-IGFS,,,110,109,2012,C-TS-REV,E1,A,kg/haul,0.0020,items/haul,1,UNK,-9,-9
LT,4,IE,45CE,GOV,IE-IGFS,,,44,89,2012,C-TS-REV,E1,A,kg/haul,0.0180,items/haul,1,UNK,-9,-9
LT,4,IE,45CE,GOV,IE-IGFS,,,FG35,106,2012,C-TS-REV,E1,A,kg/haul,0.0320,items/haul,1,UNK,-9,-9
LT,4,IE,45CE,GOV,IE-IGFS,,,FG15,80,2012,C-TS-REV,E1,A,kg/haul,0.0020,items/haul,1,UNK,-9,-9
LT,4,IE,45CE,GOV,IE-IGFS,,,MB18,140,2016,C-TS-REV,E1,F,kg/haul,0.0160,items/haul,1,UNK,-9,-9
LT,4,IE,45CE,GOV,IE-IGFS,,,FG121,180,2016,C-TS-REV,E1,F,kg/haul,0.3420,items/haul,1,UNK,-9,-9
LT,4,IE,45CE,GOV,IE-IGFS,,,FG165,142,2017,C-TS-REV,E1,A,kg/haul,0.0190,items/haul,1,UNK,-9,-9
LT,4,IE,45CE,GOV,IE-IGFS,,,43,93,2017,C-TS-REV,E1,A,kg/haul,0.0040,items/haul,1,UNK,-9,-9
LT,4,IE,45CE,GOV,IE-IGFS,,,FG124,66,2017,C-TS-REV,E1,A,kg/haul,0.0010,items/haul,1,UNK,-9,-9
LT,4,IE,45CE,GOV,IE-IGFS,,,90,132,2016,C-TS-REV,E1,A,kg/haul,0.0050,items/haul,1,UNK,-9,-9
LT,4,IE,45CE,GOV,IE-IGFS,,,FG223,160,2014,C-TS-REV,E1,A,kg/haul,0.0080,items/haul,1,UNK,-9,-9
LT,4,IE,45CE,GOV,IE-IGFS,,,MB32,88,2013,C-TS-REV,E1,A,kg/haul,0.0030,items/haul,1,UNK,-9,-9
LT,4,IE,45CE,GOV,IE-IGFS,,,MB32,149,2018,C-TS-REV,E1,A,kg/haul,0.0100,items/haul,1,UNK,-9,-9
LT,4,IE,45CE,GOV,IE-IGFS,,,113,144,2018,C-TS-REV,E1,A,kg/haul,0.0010,items/haul,1,UNK,-9,-9
LT,4,IE,45CE,GOV,IE-IGFS,,,44,145,2018,C-TS-REV,E1,A,kg/haul,0.1420,items/haul,1,UNK,-9,-9
LT,4,IE,45CE,GOV,IE-IGFS,,,FG46,135,2018,C-TS-REV,E1,A,kg/haul,0.0100,items/haul,1,UNK,-9,-9
LT,4,IE,45CE,GOV,IE-IGFS,,,CN303,140,2018,C-TS-REV,E1,A,kg/haul,0.0040,items/haul,1,UNK,-9,-9
LT,4,IE,45CE,GOV,IE-IGFS,,,53A,180,2017,C-TS-REV,E1,A,kg/haul,0.0050,items/haul,1,UNK,-9,-9
LT,4,IE,45CE,GOV,IE-IGFS,,,FG172,155,2012,C-TS-REV,B2,C,kg/haul,0.0380,items/haul,1,UNK,-9,-9
LT,4,IE,45CE,GOV,IE-IGFS,,,FG158,77,2019,C-TS-REV,B2,A,kg/haul,0.0500,items/haul,1,UNK,-9,-9
LT,4,IE,45CE,GOV,IE-IGFS,,,FG121,69,2019,C-TS-REV,B2,A,kg/haul,0.0080,items/haul,1,UNK,-9,-9
LT,4,IE,45CE,GOV,IE-IGFS,,,FG69,87,2018,C-TS-REV,B2,A,kg/haul,0.0020,items/haul,1,UNK,-9,-9
LT,4,IE,45CE,GOV,IE-IGFS,,,FG26,146,2018,C-TS-REV,E1,A,kg/haul,0.0180,items/haul,1,UNK,-9,-9
LT,4,IE,45CE,GOV,IE-IGFS,,,FG25,147,2018,C-TS-REV,E1,A,kg/haul,0.0120,items/haul,1,UNK,-9,-9
LT,4,IE,45CE,GOV,IE-IGFS,,,FG221,82,2018,C-TS-REV,B2,B,kg/haul,0.0140,items/haul,1,UNK,-9,-9
LT,4,IE,45CE,GOV,IE-IGFS,,,FG195,106,2017,C-TS-REV,B2,B,kg/haul,0.0160,items/haul,1,UNK,-9,-9
LT,4,IE,45CE,GOV,IE-IGFS,,,FG65,65,2017,C-TS-REV,B2,B,kg/haul,0.0340,items/haul,1,UNK,-9,-9
LT,4,IE,45CE,GOV,IE-IGFS,,,FG65,65,2017,C-TS-REV,B2,B,kg/haul,0.0400,items/haul,1,UNK,-9,-9
LT,4,IE,45CE,GOV,IE-IGFS,,,FG183,77,2016,C-TS-REV,B2,C,kg/haul,0.0020,items/haul,1,UNK,-9,-9
LT,4,IE,45CE,GOV,IE-IGFS,,,FG170,151,2014,C-TS-REV,B2,C,kg/haul,0.0170,items/haul,1,UNK,-9,-9
LT,4,IE,45CE,GOV,IE-IGFS,,,FG16,167,2016,C-TS-REV,B2,F,kg/haul,0.0100,items/haul,1,UNK,-9,-9
LT,4,IE,45CE,GOV,IE-IGFS,,,MB52,6,2020,C-TS-REV,B2,B,kg/haul,0.0050,items/haul,1,UNK,-9,-9
LT,4,IE,45CE,GOV,IE-IGFS,,,113,38,2020,C-TS-REV,B2,B,kg/haul,0.0320,items/haul,1,UNK,-9,-9
LT,4,IE,45CE,GOV,IE-IGFS,,,FG67,153,2019,C-TS-REV,B2,B,kg/haul,0.0180,items/haul,1,UNK,-9,-9
LT,4,IE,45CE,GOV,IE-IGFS,,,FG114,27,2014,C-TS-REV,B2,B,kg/haul,0.0400,items/haul,1,UNK,-9,-9
LT,4,IE,45CE,GOV,IE-IGFS,,,SJM1,100,2013,C-TS-REV,B2,B,kg/haul,0.0190,items/haul,1,UNK,-9,-9
LT,4,IE,45CE,GOV,IE-IGFS,,,FG55,109,2017,C-TS-REV,B2,A,kg/haul,0.0020,items/haul,1,UNK,-9,-9
LT,4,IE,45CE,GOV,IE-IGFS,,,FG61,99,2017,C-TS-REV,B2,A,kg/haul,0.0160,items/haul,1,UNK,-9,-9
LT,4,IE,45CE,GOV,IE-IGFS,,,FG160,102,2017,C-TS-REV,B2,A,kg/haul,0.0070,items/haul,1,UNK,-9,-9
LT,4,IE,45CE,GOV,IE-IGFS,,,PO189,106,2016,C-TS-REV,B2,A,kg/haul,0.0010,items/haul,1,UNK,-9,-9
LT,4,IE,45CE,GOV,IE-IGFS,,,FG68,55,2017,C-TS-REV,B2,B,kg/haul,0.0150,items/haul,1,UNK,-9,-9
LT,4,IE,45CE,GOV,IE-IGFS,,,FG105,103,2016,C-TS-REV,B2,B,kg/haul,0.0120,items/haul,1,UNK,-9,-9
LT,4,IE,45CE,GOV,IE-IGFS,,,CN205,98,2019,C-TS-REV,E5,C,kg/haul,0.1500,items/haul,1,UNK,-9,-9
LT,4,IE,45CE,GOV,IE-IGFS,,,6A,24,2014,C-TS-REV,E5,C,kg/haul,2.8400,items/haul,1,UNK,-9,-9
LT,4,IE,45CE,GOV,IE-IGFS,,,GD10,44,2013,C-TS-REV,E5,C,kg/haul,0.1760,items/haul,1,UNK,-9,-9
LT,4,IE,45CE,GOV,IE-IGFS,,,FG66,55,2020,C-TS-REV,E5,A,kg/haul,0.0050,items/haul,1,UNK,-9,-9
LT,4,IE,45CE,GOV,IE-IGFS,,,FG54,109,2018,C-TS-REV,B2,B,kg/haul,0.0160,items/haul,1,UNK,-9,-9
LT,4,IE,45CE,GOV,IE-IGFS,,,FG64,102,2018,C-TS-REV,B2,B,kg/haul,0.0380,items/haul,1,UNK,-9,-9
LT,4,IE,45CE,GOV,IE-IGFS,,,25,43,2018,C-TS-REV,E5,B,kg/haul,1.4940,items/haul,1,UNK,-9,-9
LT,4,IE,45CE,GOV,IE-IGFS,,,FG36,136,2017,C-TS-REV,E5,B,kg/haul,0.3500,items/haul,1,UNK,-9,-9
LT,4,IE,45CE,GOV,IE-IGFS,,,FG182,93,2014,C-TS-REV,E5,B,kg/haul,0.0450,items/haul,1,UNK,-9,-9
LT,4,IE,45CE,GOV,IE-IGFS,,,FG171,101,2016,C-TS-REV,E5,A,kg/haul,0.0010,items/haul,1,UNK,-9,-9
LT,4,IE,45CE,GOV,IE-IGFS,,,FG124,78,2014,C-TS-REV,B2,A,kg/haul,0.0010,items/haul,1,UNK,-9,-9
LT,4,IE,45CE,GOV,IE-IGFS,,,FG195,80,2014,C-TS-REV,B2,A,kg/haul,0.0060,items/haul,1,UNK,-9,-9
LT,4,IE,45CE,GOV,IE-IGFS,,,FG2,141,2016,C-TS-REV,E5,F,kg/haul,0.0400,items/haul,1,UNK,-9,-9
LT,4,IE,45CE,GOV,IE-IGFS,,,FG16,167,2016,C-TS-REV,E5,F,kg/haul,0.0160,items/haul,1,UNK,-9,-9
LT,4,IE,45CE,GOV,IE-IGFS,,,22,58,2019,C-TS-REV,E5,B,kg/haul,0.0100,items/haul,1,UNK,-9,-9
LT,4,IE,45CE,GOV,IE-IGFS,,,FG157,76,2019,C-TS-REV,E5,A,kg/haul,0.0200,items/haul,1,UNK,-9,-9
LT,4,IE,45CE,GOV,IE-IGFS,,,FG2,80,2020,C-TS-REV,E5,A,kg/haul,0.0490,items/haul,1,UNK,-9,-9
LT,4,IE,45CE,GOV,IE-IGFS,,,53A,99,2019,C-TS-REV,E5,A,kg/haul,0.0160,items/haul,1,UNK,-9,-9
LT,4,IE,45CE,GOV,IE-IGFS,,,FG58,96,2017,C-TS-REV,E5,A,kg/haul,0.0150,items/haul,1,UNK,-9,-9
LT,4,IE,45CE,GOV,IE-IGFS,,,FG223,95,2017,C-TS-REV,E5,A,kg/haul,0.0650,items/haul,1,UNK,-9,-9
LT,4,IE,45CE,GOV,IE-IGFS,,,FG105,103,2016,C-TS-REV,E5,A,kg/haul,0.0050,items/haul,1,UNK,-9,-9
LT,4,IE,45CE,GOV,IE-IGFS,,,90,132,2016,C-TS-REV,D1,B,kg/haul,0.3520,items/haul,1,UNK,-9,-9
LT,4,IE,45CE,GOV,IE-IGFS,,,FG70,100,2016,C-TS-REV,E5,A,kg/haul,0.0790,items/haul,1,UNK,-9,-9
LT,4,IE,45CE,GOV,IE-IGFS,,,FG139,83,2013,C-TS-REV,E5,A,kg/haul,0.0070,items/haul,1,UNK,-9,-9
LT,4,IE,45CE,GOV,IE-IGFS,,,FG3,96,2016,C-TS-REV,F,C,kg/haul,0.1080,items/haul,1,UNK,-9,-9
LT,4,IE,45CE,GOV,IE-IGFS,,,FG178,104,2013,C-TS-REV,F,C,kg/haul,0.0540,items/haul,1,UNK,-9,-9
LT,4,IE,45CE,GOV,IE-IGFS,,,FG191,84,2018,C-TS-REV,F,A,kg/haul,0.0080,items/haul,1,UNK,-9,-9
LT,4,IE,45CE,GOV,IE-IGFS,,,53A,180,2017,C-TS-REV,F,A,kg/haul,0.0150,items/haul,1,UNK,-9,-9
LT,4,IE,45CE,GOV,IE-IGFS,,,FG136,150,2018,C-TS-REV,E5,A,kg/haul,0.0080,items/haul,1,UNK,-9,-9
LT,4,IE,45CE,GOV,IE-IGFS,,,FG36,136,2017,C-TS-REV,E5,A,kg/haul,0.0010,items/haul,1,UNK,-9,-9
LT,4,IE,45CE,GOV,IE-IGFS,,,FG76,113,2016,C-TS-REV,F,B,kg/haul,1.7300,items/haul,1,UNK,-9,-9
LT,4,IE,45CE,GOV,IE-IGFS,,,FG203,91,2016,C-TS-REV,F,B,kg/haul,0.2030,items/haul,1,UNK,-9,-9
LT,4,IE,45CE,GOV,IE-IGFS,,,43,93,2017,C-TS-REV,F,D,kg/haul,0.1990,items/haul,1,UNK,-9,-9
LT,4,IE,45CE,GOV,IE-IGFS,,,FG52,153,2017,C-TS-REV,F,A,kg/haul,0.0010,items/haul,1,UNK,-9,-9
LT,4,IE,45CE,GOV,IE-IGFS,,,FG110,124,2020,C-TS-REV,B4,D,kg/haul,20.0000,items/haul,1,UNK,-9,-9
LT,4,IE,45CE,GOV,IE-IGFS,,,FG197,173,2017,C-TS-REV,F,C,kg/haul,0.5050,items/haul,1,UNK,-9,-9
LT,4,IE,45CE,GOV,IE-IGFS,,,FG175,108,2016,C-TS-REV,F,A,kg/haul,0.0010,items/haul,1,UNK,-9,-9
LT,4,IE,45CE,GOV,IE-IGFS,,,FG91,47,2014,C-TS-REV,F,A,kg/haul,0.0010,items/haul,1,UNK,-9,-9
LT,4,IE,45CE,GOV,IE-IGFS,,,MB18,140,2016,C-TS-REV,F,F,kg/haul,0.2430,items/haul,1,UNK,-9,-9
LT,4,IE,45CE,GOV,IE-IGFS,,,31A,20,2018,C-TS-REV,C4,C,kg/haul,0.4220,items/haul,1,UNK,-9,-9
LT,4,IE,45CE,GOV,IE-IGFS,,,VMS1,155,2017,C-TS-REV,F,A,kg/haul,0.0010,items/haul,1,UNK,-9,-9
LT,4,IE,45CE,GOV,IE-IGFS,,,E11,152,2017,C-TS-REV,F,B,kg/haul,0.0860,items/haul,1,UNK,-9,-9
LT,4,IE,45CE,GOV,IE-IGFS,,,FG139,65,2016,C-TS-REV,F2,C,kg/haul,0.1460,items/haul,1,UNK,-9,-9
LT,4,IE,45CE,GOV,IE-IGFS,,,85,130,2012,C-TS-REV,F2,C,kg/haul,0.5520,items/haul,1,UNK,-9,-9
LT,4,IE,45CE,GOV,IE-IGFS,,,FG199,118,2013,C-TS-REV,A4,C,kg/haul,0.1180,items/haul,1,UNK,-9,-9
LT,4,IE,45CE,GOV,IE-IGFS,,,FG38,101,2013,C-TS-REV,A4,C,kg/haul,0.3250,items/haul,1,UNK,-9,-9
LT,4,IE,45CE,GOV,IE-IGFS,,,FG223,95,2017,C-TS-REV,F,A,kg/haul,0.0330,items/haul,1,UNK,-9,-9
LT,4,IE,45CE,GOV,IE-IGFS,,,MB14,53,2017,C-TS-REV,F,A,kg/haul,0.0010,items/haul,1,UNK,-9,-9
LT,4,IE,45CE,GOV,IE-IGFS,,,FG183,160,2019,C-TS-REV,A4,A,kg/haul,0.0010,items/haul,1,UNK,-9,-9
LT,4,IE,45CE,GOV,IE-IGFS,,,FG176,177,2017,C-TS-REV,A4,A,kg/haul,0.0010,items/haul,1,UNK,-9,-9
LT,4,IE,45CE,GOV,IE-IGFS,,,FG208,103,2013,C-TS-REV,A4,D,kg/haul,1.3160,items/haul,1,UNK,-9,-9
LT,4,IE,45CE,GOV,IE-IGFS,,,53A,96,2013,C-TS-REV,A4,B,kg/haul,0.0170,items/haul,1,UNK,-9,-9
LT,4,IE,45CE,GOV,IE-IGFS,,,FG114,24,2017,C-TS-REV,C4,D,kg/haul,0.2390,items/haul,1,UNK,-9,-9
LT,4,IE,45CE,GOV,IE-IGFS,,,FG34,139,2019,C-TS-REV,F2,C,kg/haul,2.1500,items/haul,1,UNK,-9,-9
LT,4,IE,45CE,GOV,IE-IGFS,,,FG152,47,2012,C-TS-REV,A4,B,kg/haul,0.0880,items/haul,1,UNK,-9,-9
LT,4,IE,45CE,GOV,IE-IGFS,,,FG72,65,2012,C-TS-REV,A4,B,kg/haul,0.0010,items/haul,1,UNK,-9,-9
LT,4,IE,45CE,GOV,IE-IGFS,,,FG118,10,2013,C-TS-REV,A4,D,kg/haul,1.3400,items/haul,1,UNK,-9,-9
LT,4,IE,45CE,GOV,IE-IGFS,,,44,58,2016,C-TS-REV,A4,B,kg/haul,0.1080,items/haul,1,UNK,-9,-9
LT,4,IE,45CE,GOV,IE-IGFS,,,FG3,67,2012,C-TS-REV,A4,C,kg/haul,1.1000,items/haul,1,UNK,-9,-9
LT,4,IE,45CE,GOV,IE-IGFS,,,FG126,58,2020,C-TS-REV,A4,A,kg/haul,0.0010,items/haul,1,UNK,-9,-9
LT,4,IE,45CE,GOV,IE-IGFS,,,FG131,54,2016,C-TS-REV,A4,B,kg/haul,0.0400,items/haul,1,UNK,-9,-9
LT,4,IE,45CE,GOV,IE-IGFS,,,FG52,110,2013,C-TS-REV,A4,B,kg/haul,0.0110,items/haul,1,UNK,-9,-9
LT,4,IE,45CE,GOV,IE-IGFS,,,FG197,107,2013,C-TS-REV,A4,B,kg/haul,0.0460,items/haul,1,UNK,-9,-9
LT,4,IE,45CE,GOV,IE-IGFS,,,MB4,22,2017,C-TS-REV,A4,B,kg/haul,0.0340,items/haul,1,UNK,-9,-9
LT,4,IE,45CE,GOV,IE-IGFS,,,FG36A,79,2013,C-TS-REV,A4,B,kg/haul,0.2890,items/haul,1,UNK,-9,-9
LT,4,IE,45CE,GOV,IE-IGFS,,,44,89,2012,C-TS-REV,A4,B,kg/haul,0.0080,items/haul,1,UNK,-9,-9
LT,4,IE,45CE,GOV,IE-IGFS,,,FG218,118,2016,C-TS-REV,A4,B,kg/haul,0.2540,items/haul,1,UNK,-9,-9
LT,4,IE,45CE,GOV,IE-IGFS,,,CN307,61,2016,C-TS-REV,A4,B,kg/haul,0.0020,items/haul,1,UNK,-9,-9
LT,4,IE,45CE,GOV,IE-IGFS,,,FG183,77,2016,C-TS-REV,A4,B,kg/haul,0.0040,items/haul,1,UNK,-9,-9
LT,4,IE,45CE,GOV,IE-IGFS,,,FG38,151,2017,C-TS-REV,A4,B,kg/haul,0.0440,items/haul,1,UNK,-9,-9
LT,4,IE,45CE,GOV,IE-IGFS,,,CN203,59,2016,C-TS-REV,A4,B,kg/haul,0.1400,items/haul,1,UNK,-9,-9
LT,4,IE,45CE,GOV,IE-IGFS,,,FG139,65,2016,C-TS-REV,A4,B,kg/haul,0.0920,items/haul,1,UNK,-9,-9
LT,4,IE,45CE,GOV,IE-IGFS,,,FG3,69,2017,C-TS-REV,A4,B,kg/haul,0.3040,items/haul,1,UNK,-9,-9
LT,4,IE,45CE,GOV,IE-IGFS,,,FG203,63,2017,C-TS-REV,A4,B,kg/haul,0.0250,items/haul,1,UNK,-9,-9
LT,4,IE,45CE,GOV,IE-IGFS,,,FG203,63,2017,C-TS-REV,A4,B,kg/haul,0.0270,items/haul,1,UNK,-9,-9
LT,4,IE,45CE,GOV,IE-IGFS,,,FG208,157,2016,C-TS-REV,A4,F,kg/haul,0.0200,items/haul,1,UNK,-9,-9
LT,4,IE,45CE,GOV,IE-IGFS,,,MB2,16,2017,C-TS-REV,A4,B,kg/haul,0.3050,items/haul,1,UNK,-9,-9
LT,4,IE,45CE,GOV,IE-IGFS,,,SC583,19,2017,C-TS-REV,A4,B,kg/haul,0.0350,items/haul,1,UNK,-9,-9
LT,4,IE,45CE,GOV,IE-IGFS,,,FG23,150,2016,C-TS-REV,A4,F,kg/haul,0.0030,items/haul,1,UNK,-9,-9
LT,4,IE,45CE,GOV,IE-IGFS,,,FG168,151,2016,C-TS-REV,A4,F,kg/haul,0.1670,items/haul,1,UNK,-9,-9
LT,4,IE,45CE,GOV,IE-IGFS,,,FG162,144,2016,C-TS-REV,A4,F,kg/haul,0.0240,items/haul,1,UNK,-9,-9
LT,4,IE,45CE,GOV,IE-IGFS,,,FG166,163,2016,C-TS-REV,A4,F,kg/haul,0.0010,items/haul,1,UNK,-9,-9
LT,4,IE,45CE,GOV,IE-IGFS,,,FG198,139,2017,C-TS-REV,A4,B,kg/haul,0.0240,items/haul,1,UNK,-9,-9
LT,4,IE,45CE,GOV,IE-IGFS,,,82,101,2017,C-TS-REV,A4,B,kg/haul,0.0980,items/haul,1,UNK,-9,-9
LT,4,IE,45CE,GOV,IE-IGFS,,,53A,161,2016,C-TS-REV,A4,F,kg/haul,0.0030,items/haul,1,UNK,-9,-9
LT,4,IE,45CE,GOV,IE-IGFS,,,CN207,155,2016,C-TS-REV,A4,F,kg/haul,0.5380,items/haul,1,UNK,-9,-9
LT,4,IE,45CE,GOV,IE-IGFS,,,33A,156,2016,C-TS-REV,A4,F,kg/haul,0.0370,items/haul,1,UNK,-9,-9
LT,4,IE,45CE,GOV,IE-IGFS,,,85,171,2016,C-TS-REV,A4,F,kg/haul,0.0060,items/haul,1,UNK,-9,-9
LT,4,IE,45CE,GOV,IE-IGFS,,,FG187,152,2016,C-TS-REV,A4,F,kg/haul,0.1670,items/haul,1,UNK,-9,-9
LT,4,IE,45CE,GOV,IE-IGFS,,,FG36,149,2016,C-TS-REV,A4,F,kg/haul,0.0040,items/haul,1,UNK,-9,-9
LT,4,IE,45CE,GOV,IE-IGFS,,,FG51,165,2016,C-TS-REV,A4,F,kg/haul,0.0110,items/haul,1,UNK,-9,-9
LT,4,IE,45CE,GOV,IE-IGFS,,,FG17A,166,2016,C-TS-REV,A4,F,kg/haul,0.0930,items/haul,1,UNK,-9,-9
LT,4,IE,45CE,GOV,IE-IGFS,,,FG197,162,2016,C-TS-REV,A4,F,kg/haul,0.0490,items/haul,1,UNK,-9,-9
LT,4,IE,45CE,GOV,IE-IGFS,,,FG224,181,2016,C-TS-REV,A4,F,kg/haul,0.0030,items/haul,1,UNK,-9,-9
LT,4,IE,45CE,GOV,IE-IGFS,,,FG201,158,2016,C-TS-REV,A4,F,kg/haul,0.0200,items/haul,1,UNK,-9,-9
LT,4,IE,45CE,GOV,IE-IGFS,,,FG178,159,2016,C-TS-REV,A4,F,kg/haul,0.0110,items/haul,1,UNK,-9,-9
LT,4,IE,45CE,GOV,IE-IGFS,,,FG33,177,2016,C-TS-REV,A4,F,kg/haul,0.0060,items/haul,1,UNK,-9,-9
LT,4,IE,45CE,GOV,IE-IGFS,,,FG11,169,2016,C-TS-REV,A4,F,kg/haul,0.0080,items/haul,1,UNK,-9,-9
LT,4,IE,45CE,GOV,IE-IGFS,,,CC321,170,2016,C-TS-REV,A4,F,kg/haul,0.0050,items/haul,1,UNK,-9,-9
LT,4,IE,45CE,GOV,IE-IGFS,,,FG71,64,2012,C-TS-REV,A4,A,kg/haul,0.0010,items/haul,1,UNK,-9,-9
LT,4,IE,45CE,GOV,IE-IGFS,,,FG16,167,2016,C-TS-REV,A4,F,kg/haul,0.0640,items/haul,1,UNK,-9,-9
LT,4,IE,45CE,GOV,IE-IGFS,,,62A,168,2016,C-TS-REV,A4,F,kg/haul,0.0150,items/haul,1,UNK,-9,-9
LT,4,IE,45CE,GOV,IE-IGFS,,,MMMA3,40,2012,C-TS-REV,A4,A,kg/haul,0.0010,items/haul,1,UNK,-9,-9
LT,4,IE,45CE,GOV,IE-IGFS,,,62,49,2012,C-TS-REV,A4,A,kg/haul,0.0010,items/haul,1,UNK,-9,-9
LT,4,IE,45CE,GOV,IE-IGFS,,,FG121,180,2016,C-TS-REV,A4,F,kg/haul,0.0830,items/haul,1,UNK,-9,-9
LT,4,IE,45CE,GOV,IE-IGFS,,,MB30,93,2012,C-TS-REV,A4,A,kg/haul,0.0010,items/haul,1,UNK,-9,-9
LT,4,IE,45CE,GOV,IE-IGFS,,,FG223,179,2016,C-TS-REV,A4,F,kg/haul,0.1990,items/haul,1,UNK,-9,-9
LT,4,IE,45CE,GOV,IE-IGFS,,,84,174,2016,C-TS-REV,A4,F,kg/haul,0.0010,items/haul,1,UNK,-9,-9
LT,4,IE,45CE,GOV,IE-IGFS,,,MB32,88,2012,C-TS-REV,A4,A,kg/haul,0.0005,items/haul,1,UNK,-9,-9
LT,4,IE,45CE,GOV,IE-IGFS,,,66,60,2012,C-TS-REV,A4,A,kg/haul,0.0130,items/haul,1,UNK,-9,-9
LT,4,IE,45CE,GOV,IE-IGFS,,,MB106,43,2012,C-TS-REV,A4,A,kg/haul,0.0040,items/haul,1,UNK,-9,-9
LT,4,IE,45CE,GOV,IE-IGFS,,,FG52,126,2012,C-TS-REV,A4,A,kg/haul,0.0500,items/haul,1,UNK,-9,-9
LT,4,IE,45CE,GOV,IE-IGFS,,,FG40,82,2012,C-TS-REV,A4,A,kg/haul,0.0100,items/haul,1,UNK,-9,-9
LT,4,IE,45CE,GOV,IE-IGFS,,,MM7,45,2012,C-TS-REV,A4,A,kg/haul,0.0070,items/haul,1,UNK,-9,-9
LT,4,IE,45CE,GOV,IE-IGFS,,,FG134,116,2012,C-TS-REV,A4,A,kg/haul,0.0030,items/haul,1,UNK,-9,-9
LT,4,IE,45CE,GOV,IE-IGFS,,,FG165,90,2012,C-TS-REV,A4,A,kg/haul,0.0100,items/haul,1,UNK,-9,-9
LT,4,IE,45CE,GOV,IE-IGFS,,,113,91,2012,C-TS-REV,A4,A,kg/haul,0.0010,items/haul,1,UNK,-9,-9
LT,4,IE,45CE,GOV,IE-IGFS,,,FG101,48,2013,C-TS-REV,A4,A,kg/haul,0.3910,items/haul,1,UNK,-9,-9
LT,4,IE,45CE,GOV,IE-IGFS,,,FG53,94,2012,C-TS-REV,A4,A,kg/haul,0.0010,items/haul,1,UNK,-9,-9
LT,4,IE,45CE,GOV,IE-IGFS,,,FG10,73,2012,C-TS-REV,A4,A,kg/haul,0.0100,items/haul,1,UNK,-9,-9
LT,4,IE,45CE,GOV,IE-IGFS,,,FG113,1,2013,C-TS-REV,A4,A,kg/haul,0.0190,items/haul,1,UNK,-9,-9
LT,4,IE,45CE,GOV,IE-IGFS,,,FG108,2,2013,C-TS-REV,A4,A,kg/haul,0.0140,items/haul,1,UNK,-9,-9
LT,4,IE,45CE,GOV,IE-IGFS,,,CN308,107,2012,C-TS-REV,A4,A,kg/haul,0.0170,items/haul,1,UNK,-9,-9
LT,4,IE,45CE,GOV,IE-IGFS,,,FG53,61,2013,C-TS-REV,A4,A,kg/haul,0.0030,items/haul,1,UNK,-9,-9
LT,4,IE,45CE,GOV,IE-IGFS,,,FG104,158,2012,C-TS-REV,A4,A,kg/haul,0.0150,items/haul,1,UNK,-9,-9
LT,4,IE,45CE,GOV,IE-IGFS,,,FG35,106,2012,C-TS-REV,A4,A,kg/haul,0.0060,items/haul,1,UNK,-9,-9
LT,4,IE,45CE,GOV,IE-IGFS,,,FG33,56,2013,C-TS-REV,A4,A,kg/haul,0.0020,items/haul,1,UNK,-9,-9
LT,4,IE,45CE,GOV,IE-IGFS,,,FG207,51,2013,C-TS-REV,A4,A,kg/haul,0.0130,items/haul,1,UNK,-9,-9
LT,4,IE,45CE,GOV,IE-IGFS,,,MB17,53,2013,C-TS-REV,A4,A,kg/haul,0.0100,items/haul,1,UNK,-9,-9
LT,4,IE,45CE,GOV,IE-IGFS,,,FG23,80,2013,C-TS-REV,A4,A,kg/haul,0.0030,items/haul,1,UNK,-9,-9
LT,4,IE,45CE,GOV,IE-IGFS,,,62,50,2013,C-TS-REV,A4,A,kg/haul,0.1480,items/haul,1,UNK,-9,-9
LT,4,IE,45CE,GOV,IE-IGFS,,,SC575,27,2013,C-TS-REV,A4,A,kg/haul,0.0610,items/haul,1,UNK,-9,-9
LT,4,IE,45CE,GOV,IE-IGFS,,,VMS1,77,2013,C-TS-REV,A4,A,kg/haul,0.0040,items/haul,1,UNK,-9,-9
LT,4,IE,45CE,GOV,IE-IGFS,,,FG140,78,2013,C-TS-REV,A4,A,kg/haul,0.0050,items/haul,1,UNK,-9,-9
LT,4,IE,45CE,GOV,IE-IGFS,,,CC322,74,2013,C-TS-REV,A4,A,kg/haul,0.0130,items/haul,1,UNK,-9,-9
LT,4,IE,45CE,GOV,IE-IGFS,,,FG62,124,2013,C-TS-REV,A4,A,kg/haul,0.0200,items/haul,1,UNK,-9,-9
LT,4,IE,45CE,GOV,IE-IGFS,,,FG14,66,2013,C-TS-REV,A4,A,kg/haul,0.0010,items/haul,1,UNK,-9,-9
LT,4,IE,45CE,GOV,IE-IGFS,,,70,54,2013,C-TS-REV,A4,A,kg/haul,0.0230,items/haul,1,UNK,-9,-9
LT,4,IE,45CE,GOV,IE-IGFS,,,42A,97,2013,C-TS-REV,A4,A,kg/haul,0.0100,items/haul,1,UNK,-9,-9
LT,4,IE,45CE,GOV,IE-IGFS,,,CN207,102,2013,C-TS-REV,A4,A,kg/haul,0.0100,items/haul,1,UNK,-9,-9
LT,4,IE,45CE,GOV,IE-IGFS,,,CN304,91,2013,C-TS-REV,A4,A,kg/haul,0.0060,items/haul,1,UNK,-9,-9
LT,4,IE,45CE,GOV,IE-IGFS,,,60,181,2013,C-TS-REV,A4,A,kg/haul,0.0110,items/haul,1,UNK,-9,-9
LT,4,IE,45CE,GOV,IE-IGFS,,,69,81,2013,C-TS-REV,A4,A,kg/haul,0.1860,items/haul,1,UNK,-9,-9
LT,4,IE,45CE,GOV,IE-IGFS,,,FG11,76,2013,C-TS-REV,A4,A,kg/haul,0.0010,items/haul,1,UNK,-9,-9
LT,4,IE,45CE,GOV,IE-IGFS,,,FG6,127,2013,C-TS-REV,A4,A,kg/haul,0.0070,items/haul,1,UNK,-9,-9
LT,4,IE,45CE,GOV,IE-IGFS,,,FG37A,108,2013,C-TS-REV,A4,A,kg/haul,0.0020,items/haul,1,UNK,-9,-9
LT,4,IE,45CE,GOV,IE-IGFS,,,FG17A,109,2013,C-TS-REV,A4,A,kg/haul,0.0050,items/haul,1,UNK,-9,-9
LT,4,IE,45CE,GOV,IE-IGFS,,,FG150,1,2015,C-TS-REV,A4,A,kg/haul,0.0680,items/haul,1,UNK,-9,-9
LT,4,IE,45CE,GOV,IE-IGFS,,,82,126,2013,C-TS-REV,A4,A,kg/haul,0.0060,items/haul,1,UNK,-9,-9
LT,4,IE,45CE,GOV,IE-IGFS,,,SJM1,100,2013,C-TS-REV,A4,A,kg/haul,0.0150,items/haul,1,UNK,-9,-9
LT,4,IE,45CE,GOV,IE-IGFS,,,COD1,26,2015,C-TS-REV,A4,A,kg/haul,0.0030,items/haul,1,UNK,-9,-9
LT,4,IE,45CE,GOV,IE-IGFS,,,MB2,21,2015,C-TS-REV,A4,A,kg/haul,0.0170,items/haul,1,UNK,-9,-9
LT,4,IE,45CE,GOV,IE-IGFS,,,59,180,2013,C-TS-REV,A4,A,kg/haul,0.0230,items/haul,1,UNK,-9,-9
LT,4,IE,45CE,GOV,IE-IGFS,,,FG122,52,2017,C-TS-REV,A4,A,kg/haul,0.0020,items/haul,1,UNK,-9,-9
LT,4,IE,45CE,GOV,IE-IGFS,,,22,174,2013,C-TS-REV,A4,A,kg/haul,0.0090,items/haul,1,UNK,-9,-9
LT,4,IE,45CE,GOV,IE-IGFS,,,MB13,159,2013,C-TS-REV,A4,A,kg/haul,0.0050,items/haul,1,UNK,-9,-9
LT,4,IE,45CE,GOV,IE-IGFS,,,22,120,2016,C-TS-REV,A4,A,kg/haul,0.1200,items/haul,1,UNK,-9,-9
LT,4,IE,45CE,GOV,IE-IGFS,,,CN203,59,2016,C-TS-REV,A4,A,kg/haul,0.0040,items/haul,1,UNK,-9,-9
LT,4,IE,45CE,GOV,IE-IGFS,,,SC573,23,2015,C-TS-REV,A4,A,kg/haul,0.0390,items/haul,1,UNK,-9,-9
LT,4,IE,45CE,GOV,IE-IGFS,,,MB14,53,2017,C-TS-REV,A4,A,kg/haul,0.0010,items/haul,1,UNK,-9,-9
LT,4,IE,45CE,GOV,IE-IGFS,,,14,48,2015,C-TS-REV,A4,A,kg/haul,0.0010,items/haul,1,UNK,-9,-9
LT,4,IE,45CE,GOV,IE-IGFS,,,R213,5,2015,C-TS-REV,A4,A,kg/haul,0.0020,items/haul,1,UNK,-9,-9
LT,4,IE,45CE,GOV,IE-IGFS,,,FG68,55,2017,C-TS-REV,A4,A,kg/haul,0.0010,items/haul,1,UNK,-9,-9
LT,4,IE,45CE,GOV,IE-IGFS,,,MB17,51,2017,C-TS-REV,A4,A,kg/haul,0.0010,items/haul,1,UNK,-9,-9
LT,4,IE,45CE,GOV,IE-IGFS,,,MB17,51,2017,C-TS-REV,A4,A,kg/haul,0.0020,items/haul,1,UNK,-9,-9
LT,4,IE,45CE,GOV,IE-IGFS,,,FG203,63,2017,C-TS-REV,A4,A,kg/haul,0.0040,items/haul,1,UNK,-9,-9
LT,4,IE,45CE,GOV,IE-IGFS,,,FG207,47,2017,C-TS-REV,A4,A,kg/haul,0.0010,items/haul,1,UNK,-9,-9
LT,4,IE,45CE,GOV,IE-IGFS,,,20,117,2016,C-TS-REV,A4,A,kg/haul,0.0180,items/haul,1,UNK,-9,-9
LT,4,IE,45CE,GOV,IE-IGFS,,,FG67,56,2017,C-TS-REV,A4,A,kg/haul,0.0070,items/haul,1,UNK,-9,-9
LT,4,IE,45CE,GOV,IE-IGFS,,,FG67,56,2017,C-TS-REV,A4,A,kg/haul,0.0010,items/haul,1,UNK,-9,-9
LT,4,IE,45CE,GOV,IE-IGFS,,,FG122,52,2017,C-TS-REV,A4,A,kg/haul,0.0010,items/haul,1,UNK,-9,-9
LT,4,IE,45CE,GOV,IE-IGFS,,,FG121,71,2017,C-TS-REV,A4,A,kg/haul,0.0010,items/haul,1,UNK,-9,-9
LT,4,IE,45CE,GOV,IE-IGFS,,,66,48,2017,C-TS-REV,A4,A,kg/haul,0.0030,items/haul,1,UNK,-9,-9
LT,4,IE,45CE,GOV,IE-IGFS,,,68,50,2017,C-TS-REV,A4,A,kg/haul,0.0070,items/haul,1,UNK,-9,-9
LT,4,IE,45CE,GOV,IE-IGFS,,,FG3,69,2017,C-TS-REV,A4,A,kg/haul,0.0200,items/haul,1,UNK,-9,-9
LT,4,IE,45CE,GOV,IE-IGFS,,,FG28,68,2017,C-TS-REV,A4,A,kg/haul,0.0170,items/haul,1,UNK,-9,-9
LT,4,IE,45CE,GOV,IE-IGFS,,,FG172,70,2017,C-TS-REV,A4,A,kg/haul,0.0070,items/haul,1,UNK,-9,-9
LT,4,IE,45CE,GOV,IE-IGFS,,,43,93,2017,C-TS-REV,A4,A,kg/haul,0.0040,items/haul,1,UNK,-9,-9
LT,4,IE,45CE,GOV,IE-IGFS,,,FG124,66,2017,C-TS-REV,A4,A,kg/haul,0.0010,items/haul,1,UNK,-9,-9
LT,4,IE,45CE,GOV,IE-IGFS,,,41,61,2017,C-TS-REV,A4,A,kg/haul,0.0070,items/haul,1,UNK,-9,-9
LT,4,IE,45CE,GOV,IE-IGFS,,,FG218,82,2017,C-TS-REV,A4,A,kg/haul,0.0070,items/haul,1,UNK,-9,-9
LT,4,IE,45CE,GOV,IE-IGFS,,,32A,83,2017,C-TS-REV,A4,A,kg/haul,0.0010,items/haul,1,UNK,-9,-9
LT,4,IE,45CE,GOV,IE-IGFS,,,52,91,2017,C-TS-REV,A4,A,kg/haul,0.0080,items/haul,1,UNK,-9,-9
LT,4,IE,45CE,GOV,IE-IGFS,,,FG198,139,2017,C-TS-REV,A4,A,kg/haul,0.0040,items/haul,1,UNK,-9,-9
LT,4,IE,45CE,GOV,IE-IGFS,,,89,74,2017,C-TS-REV,A4,A,kg/haul,0.0010,items/haul,1,UNK,-9,-9
LT,4,IE,45CE,GOV,IE-IGFS,,,FG81,75,2017,C-TS-REV,A4,A,kg/haul,0.0060,items/haul,1,UNK,-9,-9
LT,4,IE,45CE,GOV,IE-IGFS,,,FG55,109,2017,C-TS-REV,A4,A,kg/haul,0.0010,items/haul,1,UNK,-9,-9
LT,4,IE,45CE,GOV,IE-IGFS,,,FG54,103,2017,C-TS-REV,A4,A,kg/haul,0.0120,items/haul,1,UNK,-9,-9
LT,4,IE,45CE,GOV,IE-IGFS,,,FG160,102,2017,C-TS-REV,A4,A,kg/haul,0.0010,items/haul,1,UNK,-9,-9
LT,4,IE,45CE,GOV,IE-IGFS,,,FG11,156,2017,C-TS-REV,A4,A,kg/haul,0.0080,items/haul,1,UNK,-9,-9
LT,4,IE,45CE,GOV,IE-IGFS,,,FG60,98,2017,C-TS-REV,A4,A,kg/haul,0.0010,items/haul,1,UNK,-9,-9
LT,4,IE,45CE,GOV,IE-IGFS,,,MB10,81,2017,C-TS-REV,A4,A,kg/haul,0.0140,items/haul,1,UNK,-9,-9
LT,4,IE,45CE,GOV,IE-IGFS,,,33A,147,2017,C-TS-REV,A4,A,kg/haul,0.0030,items/haul,1,UNK,-9,-9
LT,4,IE,45CE,GOV,IE-IGFS,,,110,150,2017,C-TS-REV,A4,A,kg/haul,0.0010,items/haul,1,UNK,-9,-9
LT,4,IE,45CE,GOV,IE-IGFS,,,FG136,143,2017,C-TS-REV,A4,A,kg/haul,0.0150,items/haul,1,UNK,-9,-9
LT,4,IE,45CE,GOV,IE-IGFS,,,FG36A,24,2020,C-TS-REV,D2,C,kg/haul,0.5100,items/haul,1,UNK,-9,-9
LT,4,IE,45CE,GOV,IE-IGFS,,,FG56,127,2017,C-TS-REV,A4,A,kg/haul,0.0080,items/haul,1,UNK,-9,-9
LT,4,IE,45CE,GOV,IE-IGFS,,,CC425,107,2017,C-TS-REV,A4,A,kg/haul,0.0130,items/haul,1,UNK,-9,-9
LT,4,IE,45CE,GOV,IE-IGFS,,,FG124,78,2014,C-TS-REV,D2,B,kg/haul,0.1830,items/haul,1,UNK,-9,-9
LT,4,IE,45CE,GOV,IE-IGFS,,,FG124,66,2017,C-TS-REV,D3,A,kg/haul,0.0010,items/haul,1,UNK,-9,-9
LT,4,IE,45CE,GOV,IE-IGFS,,,MAR5,37,2014,C-TS-REV,D3,A,kg/haul,0.0440,items/haul,1,UNK,-9,-9
LT,4,IE,45CE,GOV,IE-IGFS,,,111,28,2020,C-TS-REV,A1,C,kg/haul,0.0350,items/haul,1,UNK,-9,-9
LT,4,IE,45CE,GOV,IE-IGFS,,,FG52,153,2017,C-TS-REV,A4,A,kg/haul,0.0020,items/haul,1,UNK,-9,-9
LT,4,IE,45CE,GOV,IE-IGFS,,,VMS1,155,2017,C-TS-REV,A4,A,kg/haul,0.0010,items/haul,1,UNK,-9,-9
LT,4,IE,45CE,GOV,IE-IGFS,,,FG132,87,2019,C-TS-REV,A1,C,kg/haul,0.0260,items/haul,1,UNK,-9,-9
LT,4,IE,45CE,GOV,IE-IGFS,,,FG70,88,2018,C-TS-REV,A1,C,kg/haul,0.0410,items/haul,1,UNK,-9,-9
LT,4,IE,45CE,GOV,IE-IGFS,,,FG127,41,2018,C-TS-REV,A1,C,kg/haul,0.1000,items/haul,1,UNK,-9,-9
LT,4,IE,45CE,GOV,IE-IGFS,,,FG129,69,2012,C-TS-REV,A1,B,kg/haul,0.0250,items/haul,1,UNK,-9,-9
LT,4,IE,45CE,GOV,IE-IGFS,,,FG70,100,2016,C-TS-REV,D2,B,kg/haul,0.4710,items/haul,1,UNK,-9,-9
LT,4,IE,45CE,GOV,IE-IGFS,,,95,57,2014,C-TS-REV,D2,B,kg/haul,0.1250,items/haul,1,UNK,-9,-9
LT,4,IE,45CE,GOV,IE-IGFS,,,62,50,2013,C-TS-REV,A1,B,kg/haul,0.0780,items/haul,1,UNK,-9,-9
LT,4,IE,45CE,GOV,IE-IGFS,,,FG59,129,2012,C-TS-REV,A1,B,kg/haul,0.0200,items/haul,1,UNK,-9,-9
LT,4,IE,45CE,GOV,IE-IGFS,,,FG61,144,2012,C-TS-REV,A1,B,kg/haul,0.0440,items/haul,1,UNK,-9,-9
LT,4,IE,45CE,GOV,IE-IGFS,,,FG46,123,2012,C-TS-REV,A1,B,kg/haul,0.0680,items/haul,1,UNK,-9,-9
LT,4,IE,45CE,GOV,IE-IGFS,,,62,168,2019,C-TS-REV,A1,C,kg/haul,0.0200,items/haul,1,UNK,-9,-9
LT,4,IE,45CE,GOV,IE-IGFS,,,FG141,138,2019,C-TS-REV,A1,C,kg/haul,0.0480,items/haul,1,UNK,-9,-9
LT,4,IE,45CE,GOV,IE-IGFS,,,FG51,147,2014,C-TS-REV,A1,B,kg/haul,0.0390,items/haul,1,UNK,-9,-9
LT,4,IE,45CE,GOV,IE-IGFS,,,FG180,149,2014,C-TS-REV,A1,B,kg/haul,0.0440,items/haul,1,UNK,-9,-9
LT,4,IE,45CE,GOV,IE-IGFS,,,FG183,94,2014,C-TS-REV,A1,B,kg/haul,0.0290,items/haul,1,UNK,-9,-9
LT,4,IE,45CE,GOV,IE-IGFS,,,FG187,95,2013,C-TS-REV,A1,B,kg/haul,0.0330,items/haul,1,UNK,-9,-9
LT,4,IE,45CE,GOV,IE-IGFS,,,VMS2,75,2013,C-TS-REV,A1,B,kg/haul,0.0380,items/haul,1,UNK,-9,-9
LT,4,IE,45CE,GOV,IE-IGFS,,,FG36A,79,2013,C-TS-REV,A1,B,kg/haul,0.0590,items/haul,1,UNK,-9,-9
LT,4,IE,45CE,GOV,IE-IGFS,,,FG3,96,2016,C-TS-REV,A1,B,kg/haul,0.0280,items/haul,1,UNK,-9,-9
LT,4,IE,45CE,GOV,IE-IGFS,,,FG105,103,2016,C-TS-REV,A1,B,kg/haul,0.0480,items/haul,1,UNK,-9,-9
LT,4,IE,45CE,GOV,IE-IGFS,,,MB32,60,2016,C-TS-REV,A1,B,kg/haul,0.2200,items/haul,1,UNK,-9,-9
LT,4,IE,45CE,GOV,IE-IGFS,,,14,48,2015,C-TS-REV,A1,B,kg/haul,0.0200,items/haul,1,UNK,-9,-9
LT,4,IE,45CE,GOV,IE-IGFS,,,MB17,180,2014,C-TS-REV,A1,B,kg/haul,0.0330,items/haul,1,UNK,-9,-9
LT,4,IE,45CE,GOV,IE-IGFS,,,FG129,157,2014,C-TS-REV,A1,B,kg/haul,0.0240,items/haul,1,UNK,-9,-9
LT,4,IE,45CE,GOV,IE-IGFS,,,FG199,126,2017,C-TS-REV,A1,B,kg/haul,0.0590,items/haul,1,UNK,-9,-9
LT,4,IE,45CE,GOV,IE-IGFS,,,FG56,127,2017,C-TS-REV,A1,B,kg/haul,0.0480,items/haul,1,UNK,-9,-9
LT,4,IE,45CE,GOV,IE-IGFS,,,82,101,2017,C-TS-REV,A1,B,kg/haul,0.0400,items/haul,1,UNK,-9,-9
LT,4,IE,45CE,GOV,IE-IGFS,,,FG54,103,2017,C-TS-REV,A1,B,kg/haul,0.0720,items/haul,1,UNK,-9,-9
LT,4,IE,45CE,GOV,IE-IGFS,,,FG129,64,2017,C-TS-REV,A1,B,kg/haul,0.0170,items/haul,1,UNK,-9,-9
LT,4,IE,45CE,GOV,IE-IGFS,,,48,131,2016,C-TS-REV,A1,B,kg/haul,0.0020,items/haul,1,UNK,-9,-9
LT,4,IE,45CE,GOV,IE-IGFS,,,FG195,82,2019,C-TS-REV,A1,B,kg/haul,0.0420,items/haul,1,UNK,-9,-9
LT,4,IE,45CE,GOV,IE-IGFS,,,FG158,77,2019,C-TS-REV,A1,B,kg/haul,0.0500,items/haul,1,UNK,-9,-9
LT,4,IE,45CE,GOV,IE-IGFS,,,FG10,120,2018,C-TS-REV,A1,B,kg/haul,0.0340,items/haul,1,UNK,-9,-9
LT,4,IE,45CE,GOV,IE-IGFS,,,FG163,114,2018,C-TS-REV,A1,B,kg/haul,0.0160,items/haul,1,UNK,-9,-9
LT,4,IE,45CE,GOV,IE-IGFS,,,FG206,74,2018,C-TS-REV,A1,B,kg/haul,0.0220,items/haul,1,UNK,-9,-9
LT,4,IE,45CE,GOV,IE-IGFS,,,66,75,2018,C-TS-REV,A1,B,kg/haul,0.0180,items/haul,1,UNK,-9,-9
LT,4,IE,45CE,GOV,IE-IGFS,,,FG171,101,2016,C-TS-REV,A1,A,kg/haul,0.0010,items/haul,1,UNK,-9,-9
LT,4,IE,45CE,GOV,IE-IGFS,,,FG160,121,2013,C-TS-REV,A1,A,kg/haul,0.0120,items/haul,1,UNK,-9,-9
LT,4,IE,45CE,GOV,IE-IGFS,,,62A,168,2016,C-TS-REV,A1,F,kg/haul,0.0240,items/haul,1,UNK,-9,-9
LT,4,IE,45CE,GOV,IE-IGFS,,,FG132,145,2016,C-TS-REV,A1,F,kg/haul,0.0750,items/haul,1,UNK,-9,-9
LT,4,IE,45CE,GOV,IE-IGFS,,,FG34,139,2019,C-TS-REV,A1,B,kg/haul,0.0040,items/haul,1,UNK,-9,-9
LT,4,IE,45CE,GOV,IE-IGFS,,,FG49,115,2019,C-TS-REV,A1,B,kg/haul,0.0120,items/haul,1,UNK,-9,-9
LT,4,IE,45CE,GOV,IE-IGFS,,,FG34A,125,2017,C-TS-REV,A1,A,kg/haul,0.0600,items/haul,1,UNK,-9,-9
LT,4,IE,45CE,GOV,IE-IGFS,,,62A,130,2017,C-TS-REV,A1,A,kg/haul,0.0330,items/haul,1,UNK,-9,-9
LT,4,IE,45CE,GOV,IE-IGFS,,,FG223,95,2017,C-TS-REV,A1,A,kg/haul,0.0090,items/haul,1,UNK,-9,-9
LT,4,IE,45CE,GOV,IE-IGFS,,,43,93,2017,C-TS-REV,A1,A,kg/haul,0.0150,items/haul,1,UNK,-9,-9
LT,4,IE,45CE,GOV,IE-IGFS,,,71,54,2017,C-TS-REV,A1,A,kg/haul,0.0010,items/haul,1,UNK,-9,-9
LT,4,IE,45CE,GOV,IE-IGFS,,,PO34,105,2016,C-TS-REV,A1,A,kg/haul,0.0020,items/haul,1,UNK,-9,-9
LT,4,IE,45CE,GOV,IE-IGFS,,,FG199,88,2014,C-TS-REV,A1,C,kg/haul,0.0650,items/haul,1,UNK,-9,-9
LT,4,IE,45CE,GOV,IE-IGFS,,,GD10,44,2013,C-TS-REV,A1,C,kg/haul,0.1010,items/haul,1,UNK,-9,-9
LT,4,IE,45CE,GOV,IE-IGFS,,,66,60,2012,C-TS-REV,A1,C,kg/haul,0.0330,items/haul,1,UNK,-9,-9
LT,4,IE,45CE,GOV,IE-IGFS,,,PO9,63,2019,C-TS-REV,A1,A,kg/haul,0.0080,items/haul,1,UNK,-9,-9
LT,4,IE,45CE,GOV,IE-IGFS,,,110,152,2018,C-TS-REV,A1,A,kg/haul,0.0060,items/haul,1,UNK,-9,-9
LT,4,IE,45CE,GOV,IE-IGFS,,,FG52,132,2018,C-TS-REV,A1,A,kg/haul,0.0040,items/haul,1,UNK,-9,-9
LT,4,IE,45CE,GOV,IE-IGFS,,,FG180,138,2017,C-TS-REV,A1,C,kg/haul,0.0650,items/haul,1,UNK,-9,-9
LT,4,IE,45CE,GOV,IE-IGFS,,,FG195,106,2017,C-TS-REV,A1,C,kg/haul,0.0360,items/haul,1,UNK,-9,-9
LT,4,IE,45CE,GOV,IE-IGFS,,,CC425,107,2017,C-TS-REV,A1,C,kg/haul,0.0550,items/haul,1,UNK,-9,-9
LT,4,IE,45CE,GOV,IE-IGFS,,,DS2,89,2016,C-TS-REV,A1,C,kg/haul,0.0070,items/haul,1,UNK,-9,-9
LT,4,IE,45CE,GOV,IE-IGFS,,,FG188,84,2016,C-TS-REV,A1,C,kg/haul,0.0700,items/haul,1,UNK,-9,-9
LT,4,IE,45CE,GOV,IE-IGFS,,,MB20,90,2014,C-TS-REV,A1,C,kg/haul,0.0910,items/haul,1,UNK,-9,-9
LT,4,IE,45CE,GOV,IE-IGFS,,,48,131,2016,C-TS-REV,B1,A,kg/haul,0.0010,items/haul,1,UNK,-9,-9
LT,4,IE,45CE,GOV,IE-IGFS,,,FG158,77,2019,C-TS-REV,B1,B,kg/haul,0.7000,items/haul,2,UNK,-9,-9
LT,4,IE,45CE,GOV,IE-IGFS,,,FG211,85,2019,C-TS-REV,B1,B,kg/haul,0.0160,items/haul,1,UNK,-9,-9
LT,4,IE,45CE,GOV,IE-IGFS,,,CC306,141,2014,C-TS-REV,B1,B,kg/haul,0.0300,items/haul,1,UNK,-9,-9
LT,4,IE,45CE,GOV,IE-IGFS,,,25,43,2018,C-TS-REV,A1,C,kg/haul,0.0300,items/haul,1,UNK,-9,-9
LT,4,IE,45CE,GOV,IE-IGFS,,,MB52,40,2018,C-TS-REV,A1,C,kg/haul,0.0740,items/haul,1,UNK,-9,-9
LT,4,IE,45CE,GOV,IE-IGFS,,,FG141,18,2020,C-TS-REV,A2,C,kg/haul,0.0200,items/haul,1,UNK,-9,-9
LT,4,IE,45CE,GOV,IE-IGFS,,,CN203,31,2020,C-TS-REV,A2,C,kg/haul,0.0300,items/haul,1,UNK,-9,-9
LT,4,IE,45CE,GOV,IE-IGFS,,,PO174,64,2014,C-TS-REV,B1,B,kg/haul,0.0200,items/haul,1,UNK,-9,-9
LT,4,IE,45CE,GOV,IE-IGFS,,,FG56,127,2017,C-TS-REV,C,A,kg/haul,0.0070,items/haul,1,UNK,-9,-9
LT,4,IE,45CE,GOV,IE-IGFS,,,FG141,138,2019,C-TS-REV,B1,C,kg/haul,0.0230,items/haul,1,UNK,-9,-9
LT,4,IE,45CE,GOV,IE-IGFS,,,FG188,84,2016,C-TS-REV,B1,C,kg/haul,0.0450,items/haul,1,UNK,-9,-9
LT,4,IE,45CE,GOV,IE-IGFS,,,FG170,151,2014,C-TS-REV,A2,D,kg/haul,0.0500,items/haul,1,UNK,-9,-9
LT,4,IE,45CE,GOV,IE-IGFS,,,FG94,22,2014,C-TS-REV,A2,D,kg/haul,0.1780,items/haul,1,UNK,-9,-9
LT,4,IE,45CE,GOV,IE-IGFS,,,MB32,32,2020,C-TS-REV,A2,C,kg/haul,0.0040,items/haul,1,UNK,-9,-9
LT,4,IE,45CE,GOV,IE-IGFS,,,MB20,16,2020,C-TS-REV,A2,C,kg/haul,0.0590,items/haul,1,UNK,-9,-9
LT,4,IE,45CE,GOV,IE-IGFS,,,FG195,74,2020,C-TS-REV,A2,C,kg/haul,0.0650,items/haul,1,UNK,-9,-9
LT,4,IE,45CE,GOV,IE-IGFS,,,FG139,37,2020,C-TS-REV,A2,C,kg/haul,0.0080,items/haul,1,UNK,-9,-9
LT,4,IE,45CE,GOV,IE-IGFS,,,FG187,123,2019,C-TS-REV,A2,D,kg/haul,0.0650,items/haul,1,UNK,-9,-9
LT,4,IE,45CE,GOV,IE-IGFS,,,FG13,95,2019,C-TS-REV,A2,D,kg/haul,0.0540,items/haul,1,UNK,-9,-9
LT,4,IE,45CE,GOV,IE-IGFS,,,62A,129,2018,C-TS-REV,A2,E,kg/haul,0.2100,items/haul,1,UNK,-9,-9
LT,4,IE,45CE,GOV,IE-IGFS,,,FG56,87,2014,C-TS-REV,A2,E,kg/haul,0.0600,items/haul,1,UNK,-9,-9
LT,4,IE,45CE,GOV,IE-IGFS,,,FG199,88,2014,C-TS-REV,A2,E,kg/haul,0.1670,items/haul,1,UNK,-9,-9
LT,4,IE,45CE,GOV,IE-IGFS,,,CN304,120,2014,C-TS-REV,A2,E,kg/haul,1.9000,items/haul,1,UNK,-9,-9
LT,4,IE,45CE,GOV,IE-IGFS,,,FG3,136,2013,C-TS-REV,A2,B,kg/haul,0.0200,items/haul,1,UNK,-9,-9
LT,4,IE,45CE,GOV,IE-IGFS,,,MB44,8,2014,C-TS-REV,A2,B,kg/haul,0.0500,items/haul,1,UNK,-9,-9
LT,4,IE,45CE,GOV,IE-IGFS,,,40,112,2014,C-TS-REV,A2,D,kg/haul,0.0490,items/haul,1,UNK,-9,-9
LT,4,IE,45CE,GOV,IE-IGFS,,,MB20,15,2020,C-TS-REV,A2,E,kg/haul,0.0660,items/haul,1,UNK,-9,-9
LT,4,IE,45CE,GOV,IE-IGFS,,,MB20,119,2018,C-TS-REV,A2,E,kg/haul,0.1320,items/haul,1,UNK,-9,-9
LT,4,IE,45CE,GOV,IE-IGFS,,,FG183,124,2018,C-TS-REV,A2,E,kg/haul,0.2440,items/haul,1,UNK,-9,-9
LT,4,IE,45CE,GOV,IE-IGFS,,,FG33,159,2014,C-TS-REV,A2,B,kg/haul,0.0070,items/haul,1,UNK,-9,-9
LT,4,IE,45CE,GOV,IE-IGFS,,,FG133,131,2014,C-TS-REV,A2,B,kg/haul,0.0230,items/haul,1,UNK,-9,-9
LT,4,IE,45CE,GOV,IE-IGFS,,,VMS1,130,2018,C-TS-REV,A2,D,kg/haul,0.0540,items/haul,1,UNK,-9,-9
LT,4,IE,45CE,GOV,IE-IGFS,,,31A,20,2018,C-TS-REV,A2,D,kg/haul,0.0160,items/haul,1,UNK,-9,-9
LT,4,IE,45CE,GOV,IE-IGFS,,,FG127,41,2018,C-TS-REV,A2,D,kg/haul,0.1440,items/haul,1,UNK,-9,-9
LT,4,IE,45CE,GOV,IE-IGFS,,,FG173,73,2018,C-TS-REV,A2,D,kg/haul,0.1160,items/haul,1,UNK,-9,-9
LT,4,IE,45CE,GOV,IE-IGFS,,,MB52,40,2018,C-TS-REV,A2,B,kg/haul,0.0060,items/haul,1,UNK,-9,-9
LT,4,IE,45CE,GOV,IE-IGFS,,,SC583,32,2018,C-TS-REV,A2,B,kg/haul,0.0060,items/haul,1,UNK,-9,-9
LT,4,IE,45CE,GOV,IE-IGFS,,,62A,20,2020,C-TS-REV,A2,D,kg/haul,0.0920,items/haul,1,UNK,-9,-9
LT,4,IE,45CE,GOV,IE-IGFS,,,FG168,26,2020,C-TS-REV,A2,D,kg/haul,0.0740,items/haul,1,UNK,-9,-9
LT,4,IE,45CE,GOV,IE-IGFS,,,FG4,60,2020,C-TS-REV,A2,D,kg/haul,0.2380,items/haul,1,UNK,-9,-9
LT,4,IE,45CE,GOV,IE-IGFS,,,FG73,13,2020,C-TS-REV,A2,D,kg/haul,0.0680,items/haul,1,UNK,-9,-9
LT,4,IE,45CE,GOV,IE-IGFS,,,68,77,2018,C-TS-REV,A2,B,kg/haul,0.0080,items/haul,1,UNK,-9,-9
LT,4,IE,45CE,GOV,IE-IGFS,,,PO242,80,2018,C-TS-REV,A2,B,kg/haul,0.0200,items/haul,1,UNK,-9,-9
LT,4,IE,45CE,GOV,IE-IGFS,,,FG165,109,2014,C-TS-REV,A2,B,kg/haul,0.0070,items/haul,1,UNK,-9,-9
LT,4,IE,45CE,GOV,IE-IGFS,,,CC425,81,2014,C-TS-REV,A2,B,kg/haul,0.0310,items/haul,1,UNK,-9,-9
LT,4,IE,45CE,GOV,IE-IGFS,,,MMMA3,23,2014,C-TS-REV,A2,B,kg/haul,0.0360,items/haul,1,UNK,-9,-9
LT,4,IE,45CE,GOV,IE-IGFS,,,FG100,39,2014,C-TS-REV,A2,B,kg/haul,0.1460,items/haul,1,UNK,-9,-9
LT,4,IE,45CE,GOV,IE-IGFS,,,CC306,126,2018,C-TS-REV,A2,B,kg/haul,0.0080,items/haul,1,UNK,-9,-9
LT,4,IE,45CE,GOV,IE-IGFS,,,FG11,125,2018,C-TS-REV,A2,B,kg/haul,0.0200,items/haul,1,UNK,-9,-9
LT,4,IE,45CE,GOV,IE-IGFS,,,2,15,2018,C-TS-REV,A2,B,kg/haul,0.0030,items/haul,1,UNK,-9,-9
LT,4,IE,45CE,GOV,IE-IGFS,,,FG212,97,2017,C-TS-REV,A2,B,kg/haul,0.0040,items/haul,1,UNK,-9,-9
LT,4,IE,45CE,GOV,IE-IGFS,,,DS2,89,2016,C-TS-REV,A2,B,kg/haul,0.0040,items/haul,1,UNK,-9,-9
LT,4,IE,45CE,GOV,IE-IGFS,,,43,152,2014,C-TS-REV,A2,B,kg/haul,0.0430,items/haul,1,UNK,-9,-9
LT,4,IE,45CE,GOV,IE-IGFS,,,R213,125,2020,RECO-LT,LT-TOT,-9,kg/haul,0.0000,items/haul,0,-9,-9,-9
LT,4,IE,45CE,GOV,IE-IGFS,,,SC573,134,2020,RECO-LT,LT-TOT,-9,kg/haul,0.0000,items/haul,0,-9,-9,-9
LT,4,IE,45CE,GOV,IE-IGFS,,,MM6,118,2020,RECO-LT,LT-TOT,-9,kg/haul,0.0000,items/haul,0,-9,-9,-9
LT,4,IE,45CE,GOV,IE-IGFS,,,PO113,100,2020,RECO-LT,LT-TOT,-9,kg/haul,0.0000,items/haul,0,-9,-9,-9
LT,4,IE,45CE,GOV,IE-IGFS,,,FG91,102,2020,RECO-LT,LT-TOT,-9,kg/haul,0.0000,items/haul,0,-9,-9,-9
LT,4,IE,45CE,GOV,IE-IGFS,,,MB15,94,2020,RECO-LT,LT-TOT,-9,kg/haul,0.0000,items/haul,0,-9,-9,-9
LT,4,IE,45CE,GOV,IE-IGFS,,,FG75,96,2020,RECO-LT,LT-TOT,-9,kg/haul,0.0000,items/haul,0,-9,-9,-9
LT,4,IE,45CE,GOV,IE-IGFS,,,FG53,22,2020,RECO-LT,LT-TOT,-9,kg/haul,0.0000,items/haul,0,-9,-9,-9
LT,4,IE,45CE,GOV,IE-IGFS,,,FG57,63,2020,RECO-LT,LT-TOT,-9,kg/haul,0.0000,items/haul,0,-9,-9,-9
LT,4,IE,45CE,GOV,IE-IGFS,,,FG61,77,2020,RECO-LT,LT-TOT,-9,kg/haul,0.0000,items/haul,0,-9,-9,-9
LT,4,IE,45CE,GOV,IE-IGFS,,,FG45,138,2020,RECO-LT,LT-TOT,-9,kg/haul,0.0000,items/haul,0,-9,-9,-9
LT,4,IE,45CE,GOV,IE-IGFS,,,FG46,43,2020,RECO-LT,LT-TOT,-9,kg/haul,0.0000,items/haul,0,-9,-9,-9
LT,4,IE,45CE,GOV,IE-IGFS,,,FG217,92,2020,RECO-LT,LT-TOT,-9,kg/haul,0.0000,items/haul,0,-9,-9,-9
LT,4,IE,45CE,GOV,IE-IGFS,,,FG25,34,2020,RECO-LT,LT-TOT,-9,kg/haul,0.0000,items/haul,0,-9,-9,-9
LT,4,IE,45CE,GOV,IE-IGFS,,,FG3,59,2020,RECO-LT,LT-TOT,-9,kg/haul,0.0000,items/haul,0,-9,-9,-9
LT,4,IE,45CE,GOV,IE-IGFS,,,FG201,44,2020,RECO-LT,LT-TOT,-9,kg/haul,0.0000,items/haul,0,-9,-9,-9
LT,4,IE,45CE,GOV,IE-IGFS,,,FG173,8,2020,RECO-LT,LT-TOT,-9,kg/haul,0.0000,items/haul,0,-9,-9,-9
LT,4,IE,45CE,GOV,IE-IGFS,,,FG149,109,2020,RECO-LT,LT-TOT,-9,kg/haul,0.0000,items/haul,0,-9,-9,-9
LT,4,IE,45CE,GOV,IE-IGFS,,,FG150,108,2020,RECO-LT,LT-TOT,-9,kg/haul,0.0000,items/haul,0,-9,-9,-9
LT,4,IE,45CE,GOV,IE-IGFS,,,FG16,51,2020,RECO-LT,LT-TOT,-9,kg/haul,0.0000,items/haul,0,-9,-9,-9
LT,4,IE,45CE,GOV,IE-IGFS,,,FG130,62,2020,RECO-LT,LT-TOT,-9,kg/haul,0.0000,items/haul,0,-9,-9,-9
LT,4,IE,45CE,GOV,IE-IGFS,,,FG132,71,2020,RECO-LT,LT-TOT,-9,kg/haul,0.0000,items/haul,0,-9,-9,-9
LT,4,IE,45CE,GOV,IE-IGFS,,,FG118,130,2020,RECO-LT,LT-TOT,-9,kg/haul,0.0000,items/haul,0,-9,-9,-9
LT,4,IE,45CE,GOV,IE-IGFS,,,FG119,131,2020,RECO-LT,LT-TOT,-9,kg/haul,0.0000,items/haul,0,-9,-9,-9
LT,4,IE,45CE,GOV,IE-IGFS,,,FG12,69,2020,RECO-LT,LT-TOT,-9,kg/haul,0.0000,items/haul,0,-9,-9,-9
LT,4,IE,45CE,GOV,IE-IGFS,,,FG120,90,2020,RECO-LT,LT-TOT,-9,kg/haul,0.0000,items/haul,0,-9,-9,-9
LT,4,IE,45CE,GOV,IE-IGFS,,,FG121,89,2020,RECO-LT,LT-TOT,-9,kg/haul,0.0000,items/haul,0,-9,-9,-9
LT,4,IE,45CE,GOV,IE-IGFS,,,DS2,73,2020,RECO-LT,LT-TOT,-9,kg/haul,0.0000,items/haul,0,-9,-9,-9
LT,4,IE,45CE,GOV,IE-IGFS,,,89,98,2020,RECO-LT,LT-TOT,-9,kg/haul,0.0000,items/haul,0,-9,-9,-9
LT,4,IE,45CE,GOV,IE-IGFS,,,BH1,5,2020,RECO-LT,LT-TOT,-9,kg/haul,0.0000,items/haul,0,-9,-9,-9
LT,4,IE,45CE,GOV,IE-IGFS,,,CC306,70,2020,RECO-LT,LT-TOT,-9,kg/haul,0.0000,items/haul,0,-9,-9,-9
LT,4,IE,45CE,GOV,IE-IGFS,,,CC502,76,2020,RECO-LT,LT-TOT,-9,kg/haul,0.0000,items/haul,0,-9,-9,-9
LT,4,IE,45CE,GOV,IE-IGFS,,,64,53,2020,RECO-LT,LT-TOT,-9,kg/haul,0.0000,items/haul,0,-9,-9,-9
LT,4,IE,45CE,GOV,IE-IGFS,,,6A,126,2020,RECO-LT,LT-TOT,-9,kg/haul,0.0000,items/haul,0,-9,-9,-9
LT,4,IE,45CE,GOV,IE-IGFS,,,71,78,2020,RECO-LT,LT-TOT,-9,kg/haul,0.0000,items/haul,0,-9,-9,-9
LT,4,IE,45CE,GOV,IE-IGFS,,,53A,47,2020,RECO-LT,LT-TOT,-9,kg/haul,0.0000,items/haul,0,-9,-9,-9
LT,4,IE,45CE,GOV,IE-IGFS,,,56A,93,2020,RECO-LT,LT-TOT,-9,kg/haul,0.0000,items/haul,0,-9,-9,-9
LT,4,IE,45CE,GOV,IE-IGFS,,,31A,135,2020,RECO-LT,LT-TOT,-9,kg/haul,0.0000,items/haul,0,-9,-9,-9
LT,4,IE,45CE,GOV,IE-IGFS,,,33A,42,2020,RECO-LT,LT-TOT,-9,kg/haul,0.0000,items/haul,0,-9,-9,-9
LT,4,IE,45CE,GOV,IE-IGFS,,,14,113,2020,RECO-LT,LT-TOT,-9,kg/haul,0.0000,items/haul,0,-9,-9,-9
LT,4,IE,45CE,GOV,IE-IGFS,,,48,165,2019,RECO-LT,LT-TOT,-9,kg/haul,0.0000,items/haul,0,-9,-9,-9
LT,4,IE,45CE,GOV,IE-IGFS,,,FG182,161,2019,RECO-LT,LT-TOT,-9,kg/haul,0.0000,items/haul,0,-9,-9,-9
LT,4,IE,45CE,GOV,IE-IGFS,,,FG58,163,2019,RECO-LT,LT-TOT,-9,kg/haul,0.0000,items/haul,0,-9,-9,-9
LT,4,IE,45CE,GOV,IE-IGFS,,,FG208,158,2019,RECO-LT,LT-TOT,-9,kg/haul,0.0000,items/haul,0,-9,-9,-9
LT,4,IE,45CE,GOV,IE-IGFS,,,FG178,159,2019,RECO-LT,LT-TOT,-9,kg/haul,0.0000,items/haul,0,-9,-9,-9
LT,4,IE,45CE,GOV,IE-IGFS,,,53,145,2019,RECO-LT,LT-TOT,-9,kg/haul,0.0000,items/haul,0,-9,-9,-9
LT,4,IE,45CE,GOV,IE-IGFS,,,FG169,133,2019,RECO-LT,LT-TOT,-9,kg/haul,0.0000,items/haul,0,-9,-9,-9
LT,4,IE,45CE,GOV,IE-IGFS,,,FG140,130,2019,RECO-LT,LT-TOT,-9,kg/haul,0.0000,items/haul,0,-9,-9,-9
LT,4,IE,45CE,GOV,IE-IGFS,,,FG52,127,2019,RECO-LT,LT-TOT,-9,kg/haul,0.0000,items/haul,0,-9,-9,-9
LT,4,IE,45CE,GOV,IE-IGFS,,,FG133,91,2019,RECO-LT,LT-TOT,-9,kg/haul,0.0000,items/haul,0,-9,-9,-9
LT,4,IE,45CE,GOV,IE-IGFS,,,FG54,86,2019,RECO-LT,LT-TOT,-9,kg/haul,0.0000,items/haul,0,-9,-9,-9
LT,4,IE,45CE,GOV,IE-IGFS,,,FG74,74,2019,RECO-LT,LT-TOT,-9,kg/haul,0.0000,items/haul,0,-9,-9,-9
LT,4,IE,45CE,GOV,IE-IGFS,,,PO39,70,2019,RECO-LT,LT-TOT,-9,kg/haul,0.0000,items/haul,0,-9,-9,-9
LT,4,IE,45CE,GOV,IE-IGFS,,,PO174,66,2019,RECO-LT,LT-TOT,-9,kg/haul,0.0000,items/haul,0,-9,-9,-9
LT,4,IE,45CE,GOV,IE-IGFS,,,PO113,64,2019,RECO-LT,LT-TOT,-9,kg/haul,0.0000,items/haul,0,-9,-9,-9
LT,4,IE,45CE,GOV,IE-IGFS,,,FG87,61,2019,RECO-LT,LT-TOT,-9,kg/haul,0.0000,items/haul,0,-9,-9,-9
LT,4,IE,45CE,GOV,IE-IGFS,,,FG76,62,2019,RECO-LT,LT-TOT,-9,kg/haul,0.0000,items/haul,0,-9,-9,-9
LT,4,IE,45CE,GOV,IE-IGFS,,,FG150,51,2019,RECO-LT,LT-TOT,-9,kg/haul,0.0000,items/haul,0,-9,-9,-9
LT,4,IE,45CE,GOV,IE-IGFS,,,14,47,2019,RECO-LT,LT-TOT,-9,kg/haul,0.0000,items/haul,0,-9,-9,-9
LT,4,IE,45CE,GOV,IE-IGFS,,,8,39,2019,RECO-LT,LT-TOT,-9,kg/haul,0.0000,items/haul,0,-9,-9,-9
LT,4,IE,45CE,GOV,IE-IGFS,,,10,41,2019,RECO-LT,LT-TOT,-9,kg/haul,0.0000,items/haul,0,-9,-9,-9
LT,4,IE,45CE,GOV,IE-IGFS,,,MB41,42,2019,RECO-LT,LT-TOT,-9,kg/haul,0.0000,items/haul,0,-9,-9,-9
LT,4,IE,45CE,GOV,IE-IGFS,,,MAR4,43,2019,RECO-LT,LT-TOT,-9,kg/haul,0.0000,items/haul,0,-9,-9,-9
LT,4,IE,45CE,GOV,IE-IGFS,,,MM6,44,2019,RECO-LT,LT-TOT,-9,kg/haul,0.0000,items/haul,0,-9,-9,-9
LT,4,IE,45CE,GOV,IE-IGFS,,,MB7,34,2019,RECO-LT,LT-TOT,-9,kg/haul,0.0000,items/haul,0,-9,-9,-9
LT,4,IE,45CE,GOV,IE-IGFS,,,28A,35,2019,RECO-LT,LT-TOT,-9,kg/haul,0.0000,items/haul,0,-9,-9,-9
LT,4,IE,45CE,GOV,IE-IGFS,,,MB3,37,2019,RECO-LT,LT-TOT,-9,kg/haul,0.0000,items/haul,0,-9,-9,-9
LT,4,IE,45CE,GOV,IE-IGFS,,,33,28,2019,RECO-LT,LT-TOT,-9,kg/haul,0.0000,items/haul,0,-9,-9,-9
LT,4,IE,45CE,GOV,IE-IGFS,,,SC573,30,2019,RECO-LT,LT-TOT,-9,kg/haul,0.0000,items/haul,0,-9,-9,-9
LT,4,IE,45CE,GOV,IE-IGFS,,,FG116,31,2019,RECO-LT,LT-TOT,-9,kg/haul,0.0000,items/haul,0,-9,-9,-9
LT,4,IE,45CE,GOV,IE-IGFS,,,FG114,33,2019,RECO-LT,LT-TOT,-9,kg/haul,0.0000,items/haul,0,-9,-9,-9
LT,4,IE,45CE,GOV,IE-IGFS,,,FG192,22,2019,RECO-LT,LT-TOT,-9,kg/haul,0.0000,items/haul,0,-9,-9,-9
LT,4,IE,45CE,GOV,IE-IGFS,,,GD5,23,2019,RECO-LT,LT-TOT,-9,kg/haul,0.0000,items/haul,0,-9,-9,-9
LT,4,IE,45CE,GOV,IE-IGFS,,,COD2,27,2019,RECO-LT,LT-TOT,-9,kg/haul,0.0000,items/haul,0,-9,-9,-9
LT,4,IE,45CE,GOV,IE-IGFS,,,FG118,16,2019,RECO-LT,LT-TOT,-9,kg/haul,0.0000,items/haul,0,-9,-9,-9
LT,4,IE,45CE,GOV,IE-IGFS,,,GD19,17,2019,RECO-LT,LT-TOT,-9,kg/haul,0.0000,items/haul,0,-9,-9,-9
LT,4,IE,45CE,GOV,IE-IGFS,,,MB48,18,2019,RECO-LT,LT-TOT,-9,kg/haul,0.0000,items/haul,0,-9,-9,-9
LT,4,IE,45CE,GOV,IE-IGFS,,,FG94,19,2019,RECO-LT,LT-TOT,-9,kg/haul,0.0000,items/haul,0,-9,-9,-9
LT,4,IE,45CE,GOV,IE-IGFS,,,FG117,20,2019,RECO-LT,LT-TOT,-9,kg/haul,0.0000,items/haul,0,-9,-9,-9
LT,4,IE,45CE,GOV,IE-IGFS,,,SC583,21,2019,RECO-LT,LT-TOT,-9,kg/haul,0.0000,items/haul,0,-9,-9,-9
LT,4,IE,45CE,GOV,IE-IGFS,,,28,10,2019,RECO-LT,LT-TOT,-9,kg/haul,0.0000,items/haul,0,-9,-9,-9
LT,4,IE,45CE,GOV,IE-IGFS,,,GD9,11,2019,RECO-LT,LT-TOT,-9,kg/haul,0.0000,items/haul,0,-9,-9,-9
LT,4,IE,45CE,GOV,IE-IGFS,,,MM15,12,2019,RECO-LT,LT-TOT,-9,kg/haul,0.0000,items/haul,0,-9,-9,-9
LT,4,IE,45CE,GOV,IE-IGFS,,,SC544,14,2019,RECO-LT,LT-TOT,-9,kg/haul,0.0000,items/haul,0,-9,-9,-9
LT,4,IE,45CE,GOV,IE-IGFS,,,FG151,8,2019,RECO-LT,LT-TOT,-9,kg/haul,0.0000,items/haul,0,-9,-9,-9
LT,4,IE,45CE,GOV,IE-IGFS,,,FG108,9,2019,RECO-LT,LT-TOT,-9,kg/haul,0.0000,items/haul,0,-9,-9,-9
LT,4,IE,45CE,GOV,IE-IGFS,,,111,141,2018,RECO-LT,LT-TOT,-9,kg/haul,0.0000,items/haul,0,-9,-9,-9
LT,4,IE,45CE,GOV,IE-IGFS,,,FG178,137,2018,RECO-LT,LT-TOT,-9,kg/haul,0.0000,items/haul,0,-9,-9,-9
LT,4,IE,45CE,GOV,IE-IGFS,,,VMS2,115,2018,RECO-LT,LT-TOT,-9,kg/haul,0.0000,items/haul,0,-9,-9,-9
LT,4,IE,45CE,GOV,IE-IGFS,,,FG57,113,2018,RECO-LT,LT-TOT,-9,kg/haul,0.0000,items/haul,0,-9,-9,-9
LT,4,IE,45CE,GOV,IE-IGFS,,,FG196,101,2018,RECO-LT,LT-TOT,-9,kg/haul,0.0000,items/haul,0,-9,-9,-9
LT,4,IE,45CE,GOV,IE-IGFS,,,FG66,97,2018,RECO-LT,LT-TOT,-9,kg/haul,0.0000,items/haul,0,-9,-9,-9
LT,4,IE,45CE,GOV,IE-IGFS,,,FG129,98,2018,RECO-LT,LT-TOT,-9,kg/haul,0.0000,items/haul,0,-9,-9,-9
LT,4,IE,45CE,GOV,IE-IGFS,,,FG203,99,2018,RECO-LT,LT-TOT,-9,kg/haul,0.0000,items/haul,0,-9,-9,-9
LT,4,IE,45CE,GOV,IE-IGFS,,,58,72,2018,RECO-LT,LT-TOT,-9,kg/haul,0.0000,items/haul,0,-9,-9,-9
LT,4,IE,45CE,GOV,IE-IGFS,,,PO189,67,2018,RECO-LT,LT-TOT,-9,kg/haul,0.0000,items/haul,0,-9,-9,-9
LT,4,IE,45CE,GOV,IE-IGFS,,,FG80,62,2018,RECO-LT,LT-TOT,-9,kg/haul,0.0000,items/haul,0,-9,-9,-9
LT,4,IE,45CE,GOV,IE-IGFS,,,FG83,63,2018,RECO-LT,LT-TOT,-9,kg/haul,0.0000,items/haul,0,-9,-9,-9
LT,4,IE,45CE,GOV,IE-IGFS,,,PO161,55,2018,RECO-LT,LT-TOT,-9,kg/haul,0.0000,items/haul,0,-9,-9,-9
LT,4,IE,45CE,GOV,IE-IGFS,,,PO16,56,2018,RECO-LT,LT-TOT,-9,kg/haul,0.0000,items/haul,0,-9,-9,-9
LT,4,IE,45CE,GOV,IE-IGFS,,,FG104,58,2018,RECO-LT,LT-TOT,-9,kg/haul,0.0000,items/haul,0,-9,-9,-9
LT,4,IE,45CE,GOV,IE-IGFS,,,FG148,59,2018,RECO-LT,LT-TOT,-9,kg/haul,0.0000,items/haul,0,-9,-9,-9
LT,4,IE,45CE,GOV,IE-IGFS,,,GD12,52,2018,RECO-LT,LT-TOT,-9,kg/haul,0.0000,items/haul,0,-9,-9,-9
LT,4,IE,45CE,GOV,IE-IGFS,,,PO9,54,2018,RECO-LT,LT-TOT,-9,kg/haul,0.0000,items/haul,0,-9,-9,-9
LT,4,IE,45CE,GOV,IE-IGFS,,,22,45,2018,RECO-LT,LT-TOT,-9,kg/haul,0.0000,items/haul,0,-9,-9,-9
LT,4,IE,45CE,GOV,IE-IGFS,,,21,46,2018,RECO-LT,LT-TOT,-9,kg/haul,0.0000,items/haul,0,-9,-9,-9
LT,4,IE,45CE,GOV,IE-IGFS,,,MB27,47,2018,RECO-LT,LT-TOT,-9,kg/haul,0.0000,items/haul,0,-9,-9,-9
LT,4,IE,45CE,GOV,IE-IGFS,,,MM1,48,2018,RECO-LT,LT-TOT,-9,kg/haul,0.0000,items/haul,0,-9,-9,-9
LT,4,IE,45CE,GOV,IE-IGFS,,,MB106,37,2018,RECO-LT,LT-TOT,-9,kg/haul,0.0000,items/haul,0,-9,-9,-9
LT,4,IE,45CE,GOV,IE-IGFS,,,MM4,38,2018,RECO-LT,LT-TOT,-9,kg/haul,0.0000,items/haul,0,-9,-9,-9
LT,4,IE,45CE,GOV,IE-IGFS,,,MB11,39,2018,RECO-LT,LT-TOT,-9,kg/haul,0.0000,items/haul,0,-9,-9,-9
LT,4,IE,45CE,GOV,IE-IGFS,,,FG116,30,2018,RECO-LT,LT-TOT,-9,kg/haul,0.0000,items/haul,0,-9,-9,-9
LT,4,IE,45CE,GOV,IE-IGFS,,,FG117,31,2018,RECO-LT,LT-TOT,-9,kg/haul,0.0000,items/haul,0,-9,-9,-9
LT,4,IE,45CE,GOV,IE-IGFS,,,FG115,24,2018,RECO-LT,LT-TOT,-9,kg/haul,0.0000,items/haul,0,-9,-9,-9
LT,4,IE,45CE,GOV,IE-IGFS,,,FG98,27,2018,RECO-LT,LT-TOT,-9,kg/haul,0.0000,items/haul,0,-9,-9,-9
LT,4,IE,45CE,GOV,IE-IGFS,,,MMMA3,18,2018,RECO-LT,LT-TOT,-9,kg/haul,0.0000,items/haul,0,-9,-9,-9
LT,4,IE,45CE,GOV,IE-IGFS,,,8,19,2018,RECO-LT,LT-TOT,-9,kg/haul,0.0000,items/haul,0,-9,-9,-9
LT,4,IE,45CE,GOV,IE-IGFS,,,MM10,21,2018,RECO-LT,LT-TOT,-9,kg/haul,0.0000,items/haul,0,-9,-9,-9
LT,4,IE,45CE,GOV,IE-IGFS,,,FG114,22,2018,RECO-LT,LT-TOT,-9,kg/haul,0.0000,items/haul,0,-9,-9,-9
LT,4,IE,45CE,GOV,IE-IGFS,,,94,13,2018,RECO-LT,LT-TOT,-9,kg/haul,0.0000,items/haul,0,-9,-9,-9
LT,4,IE,45CE,GOV,IE-IGFS,,,MB3,16,2018,RECO-LT,LT-TOT,-9,kg/haul,0.0000,items/haul,0,-9,-9,-9
LT,4,IE,45CE,GOV,IE-IGFS,,,FG95,17,2018,RECO-LT,LT-TOT,-9,kg/haul,0.0000,items/haul,0,-9,-9,-9
LT,4,IE,45CE,GOV,IE-IGFS,,,R210,7,2018,RECO-LT,LT-TOT,-9,kg/haul,0.0000,items/haul,0,-9,-9,-9
LT,4,IE,45CE,GOV,IE-IGFS,,,MM15,8,2018,RECO-LT,LT-TOT,-9,kg/haul,0.0000,items/haul,0,-9,-9,-9
LT,4,IE,45CE,GOV,IE-IGFS,,,6,9,2018,RECO-LT,LT-TOT,-9,kg/haul,0.0000,items/haul,0,-9,-9,-9
LT,4,IE,45CE,GOV,IE-IGFS,,,SC544,10,2018,RECO-LT,LT-TOT,-9,kg/haul,0.0000,items/haul,0,-9,-9,-9
LT,4,IE,45CE,GOV,IE-IGFS,,,FG111,11,2018,RECO-LT,LT-TOT,-9,kg/haul,0.0000,items/haul,0,-9,-9,-9
LT,4,IE,45CE,GOV,IE-IGFS,,,26,1,2018,RECO-LT,LT-TOT,-9,kg/haul,0.0000,items/haul,0,-9,-9,-9
LT,4,IE,45CE,GOV,IE-IGFS,,,FG101,2,2018,RECO-LT,LT-TOT,-9,kg/haul,0.0000,items/haul,0,-9,-9,-9
LT,4,IE,45CE,GOV,IE-IGFS,,,FG151,3,2018,RECO-LT,LT-TOT,-9,kg/haul,0.0000,items/haul,0,-9,-9,-9
LT,4,IE,45CE,GOV,IE-IGFS,,,FG108,4,2018,RECO-LT,LT-TOT,-9,kg/haul,0.0000,items/haul,0,-9,-9,-9
LT,4,IE,45CE,GOV,IE-IGFS,,,SC546,5,2018,RECO-LT,LT-TOT,-9,kg/haul,0.0000,items/haul,0,-9,-9,-9
LT,4,IE,45CE,GOV,IE-IGFS,,,FG208,179,2017,RECO-LT,LT-TOT,-9,kg/haul,0.0000,items/haul,0,-9,-9,-9
LT,4,IE,45CE,GOV,IE-IGFS,,,FG37A,174,2017,RECO-LT,LT-TOT,-9,kg/haul,0.0000,items/haul,0,-9,-9,-9
LT,4,IE,45CE,GOV,IE-IGFS,,,42A,148,2017,RECO-LT,LT-TOT,-9,kg/haul,0.0000,items/haul,0,-9,-9,-9
LT,4,IE,45CE,GOV,IE-IGFS,,,FG139,144,2017,RECO-LT,LT-TOT,-9,kg/haul,0.0000,items/haul,0,-9,-9,-9
LT,4,IE,45CE,GOV,IE-IGFS,,,FG12,129,2017,RECO-LT,LT-TOT,-9,kg/haul,0.0000,items/haul,0,-9,-9,-9
LT,4,IE,45CE,GOV,IE-IGFS,,,FG13,131,2017,RECO-LT,LT-TOT,-9,kg/haul,0.0000,items/haul,0,-9,-9,-9
LT,4,IE,45CE,GOV,IE-IGFS,,,FG200,124,2017,RECO-LT,LT-TOT,-9,kg/haul,0.0000,items/haul,0,-9,-9,-9
LT,4,IE,45CE,GOV,IE-IGFS,,,FG162,108,2017,RECO-LT,LT-TOT,-9,kg/haul,0.0000,items/haul,0,-9,-9,-9
LT,4,IE,45CE,GOV,IE-IGFS,,,FG211,104,2017,RECO-LT,LT-TOT,-9,kg/haul,0.0000,items/haul,0,-9,-9,-9
LT,4,IE,45CE,GOV,IE-IGFS,,,MB29,105,2017,RECO-LT,LT-TOT,-9,kg/haul,0.0000,items/haul,0,-9,-9,-9
LT,4,IE,45CE,GOV,IE-IGFS,,,FG62,100,2017,RECO-LT,LT-TOT,-9,kg/haul,0.0000,items/haul,0,-9,-9,-9
LT,4,IE,45CE,GOV,IE-IGFS,,,56,92,2017,RECO-LT,LT-TOT,-9,kg/haul,0.0000,items/haul,0,-9,-9,-9
LT,4,IE,45CE,GOV,IE-IGFS,,,PO12,85,2017,RECO-LT,LT-TOT,-9,kg/haul,0.0000,items/haul,0,-9,-9,-9
LT,4,IE,45CE,GOV,IE-IGFS,,,MM1,80,2017,RECO-LT,LT-TOT,-9,kg/haul,0.0000,items/haul,0,-9,-9,-9
LT,4,IE,45CE,GOV,IE-IGFS,,,PO113,84,2017,RECO-LT,LT-TOT,-9,kg/haul,0.0000,items/haul,0,-9,-9,-9
LT,4,IE,45CE,GOV,IE-IGFS,,,FG216,77,2017,RECO-LT,LT-TOT,-9,kg/haul,0.0000,items/haul,0,-9,-9,-9
LT,4,IE,45CE,GOV,IE-IGFS,,,FG1,58,2017,RECO-LT,LT-TOT,-9,kg/haul,0.0000,items/haul,0,-9,-9,-9
LT,4,IE,45CE,GOV,IE-IGFS,,,18,45,2017,RECO-LT,LT-TOT,-9,kg/haul,0.0000,items/haul,0,-9,-9,-9
LT,4,IE,45CE,GOV,IE-IGFS,,,MM5,46,2017,RECO-LT,LT-TOT,-9,kg/haul,0.0000,items/haul,0,-9,-9,-9
LT,4,IE,45CE,GOV,IE-IGFS,,,FG206,49,2017,RECO-LT,LT-TOT,-9,kg/haul,0.0000,items/haul,0,-9,-9,-9
LT,4,IE,45CE,GOV,IE-IGFS,,,33,39,2017,RECO-LT,LT-TOT,-9,kg/haul,0.0000,items/haul,0,-9,-9,-9
LT,4,IE,45CE,GOV,IE-IGFS,,,MAR5,40,2017,RECO-LT,LT-TOT,-9,kg/haul,0.0000,items/haul,0,-9,-9,-9
LT,4,IE,45CE,GOV,IE-IGFS,,,FG98,42,2017,RECO-LT,LT-TOT,-9,kg/haul,0.0000,items/haul,0,-9,-9,-9
LT,4,IE,45CE,GOV,IE-IGFS,,,MM8,43,2017,RECO-LT,LT-TOT,-9,kg/haul,0.0000,items/haul,0,-9,-9,-9
LT,4,IE,45CE,GOV,IE-IGFS,,,MM3,44,2017,RECO-LT,LT-TOT,-9,kg/haul,0.0000,items/haul,0,-9,-9,-9
LT,4,IE,45CE,GOV,IE-IGFS,,,11,33,2017,RECO-LT,LT-TOT,-9,kg/haul,0.0000,items/haul,0,-9,-9,-9
LT,4,IE,45CE,GOV,IE-IGFS,,,MM15,34,2017,RECO-LT,LT-TOT,-9,kg/haul,0.0000,items/haul,0,-9,-9,-9
LT,4,IE,45CE,GOV,IE-IGFS,,,GD9,35,2017,RECO-LT,LT-TOT,-9,kg/haul,0.0000,items/haul,0,-9,-9,-9
LT,4,IE,45CE,GOV,IE-IGFS,,,28,36,2017,RECO-LT,LT-TOT,-9,kg/haul,0.0000,items/haul,0,-9,-9,-9
LT,4,IE,45CE,GOV,IE-IGFS,,,FG100,38,2017,RECO-LT,LT-TOT,-9,kg/haul,0.0000,items/haul,0,-9,-9,-9
LT,4,IE,45CE,GOV,IE-IGFS,,,31A,26,2017,RECO-LT,LT-TOT,-9,kg/haul,0.0000,items/haul,0,-9,-9,-9
LT,4,IE,45CE,GOV,IE-IGFS,,,SC575,27,2017,RECO-LT,LT-TOT,-9,kg/haul,0.0000,items/haul,0,-9,-9,-9
LT,4,IE,45CE,GOV,IE-IGFS,,,8,28,2017,RECO-LT,LT-TOT,-9,kg/haul,0.0000,items/haul,0,-9,-9,-9
LT,4,IE,45CE,GOV,IE-IGFS,,,MB7,30,2017,RECO-LT,LT-TOT,-9,kg/haul,0.0000,items/haul,0,-9,-9,-9
LT,4,IE,45CE,GOV,IE-IGFS,,,10,32,2017,RECO-LT,LT-TOT,-9,kg/haul,0.0000,items/haul,0,-9,-9,-9
LT,4,IE,45CE,GOV,IE-IGFS,,,FG117,20,2017,RECO-LT,LT-TOT,-9,kg/haul,0.0000,items/haul,0,-9,-9,-9
LT,4,IE,45CE,GOV,IE-IGFS,,,SC573,21,2017,RECO-LT,LT-TOT,-9,kg/haul,0.0000,items/haul,0,-9,-9,-9
LT,4,IE,45CE,GOV,IE-IGFS,,,GD6,23,2017,RECO-LT,LT-TOT,-9,kg/haul,0.0000,items/haul,0,-9,-9,-9
LT,4,IE,45CE,GOV,IE-IGFS,,,31,25,2017,RECO-LT,LT-TOT,-9,kg/haul,0.0000,items/haul,0,-9,-9,-9
LT,4,IE,45CE,GOV,IE-IGFS,,,GD17,14,2017,RECO-LT,LT-TOT,-9,kg/haul,0.0000,items/haul,0,-9,-9,-9
LT,4,IE,45CE,GOV,IE-IGFS,,,93,17,2017,RECO-LT,LT-TOT,-9,kg/haul,0.0000,items/haul,0,-9,-9,-9
LT,4,IE,45CE,GOV,IE-IGFS,,,FG192,18,2017,RECO-LT,LT-TOT,-9,kg/haul,0.0000,items/haul,0,-9,-9,-9
LT,4,IE,45CE,GOV,IE-IGFS,,,SC544,8,2017,RECO-LT,LT-TOT,-9,kg/haul,0.0000,items/haul,0,-9,-9,-9
LT,4,IE,45CE,GOV,IE-IGFS,,,MB23,9,2017,RECO-LT,LT-TOT,-9,kg/haul,0.0000,items/haul,0,-9,-9,-9
LT,4,IE,45CE,GOV,IE-IGFS,,,FG118,10,2017,RECO-LT,LT-TOT,-9,kg/haul,0.0000,items/haul,0,-9,-9,-9
LT,4,IE,45CE,GOV,IE-IGFS,,,MMMA3,11,2017,RECO-LT,LT-TOT,-9,kg/haul,0.0000,items/haul,0,-9,-9,-9
LT,4,IE,45CE,GOV,IE-IGFS,,,FG119,12,2017,RECO-LT,LT-TOT,-9,kg/haul,0.0000,items/haul,0,-9,-9,-9
LT,4,IE,45CE,GOV,IE-IGFS,,,MM12,13,2017,RECO-LT,LT-TOT,-9,kg/haul,0.0000,items/haul,0,-9,-9,-9
LT,4,IE,45CE,GOV,IE-IGFS,,,FG151,3,2017,RECO-LT,LT-TOT,-9,kg/haul,0.0000,items/haul,0,-9,-9,-9
LT,4,IE,45CE,GOV,IE-IGFS,,,FG102,4,2017,RECO-LT,LT-TOT,-9,kg/haul,0.0000,items/haul,0,-9,-9,-9
LT,4,IE,45CE,GOV,IE-IGFS,,,FG108,5,2017,RECO-LT,LT-TOT,-9,kg/haul,0.0000,items/haul,0,-9,-9,-9
LT,4,IE,45CE,GOV,IE-IGFS,,,6,7,2017,RECO-LT,LT-TOT,-9,kg/haul,0.0000,items/haul,0,-9,-9,-9
LT,4,IE,45CE,GOV,IE-IGFS,,,FG149,1,2017,RECO-LT,LT-TOT,-9,kg/haul,0.0000,items/haul,0,-9,-9,-9
LT,4,IE,45CE,GOV,IE-IGFS,,,FG9,175,2016,RECO-LT,LT-TOT,-9,kg/haul,0.0000,items/haul,0,-9,-9,-9
LT,4,IE,45CE,GOV,IE-IGFS,,,FG35,148,2016,RECO-LT,LT-TOT,-9,kg/haul,0.0000,items/haul,0,-9,-9,-9
LT,4,IE,45CE,GOV,IE-IGFS,,,70,138,2016,RECO-LT,LT-TOT,-9,kg/haul,0.0000,items/haul,0,-9,-9,-9
LT,4,IE,45CE,GOV,IE-IGFS,,,66,139,2016,RECO-LT,LT-TOT,-9,kg/haul,0.0000,items/haul,0,-9,-9,-9
LT,4,IE,45CE,GOV,IE-IGFS,,,MB28,124,2016,RECO-LT,LT-TOT,-9,kg/haul,0.0000,items/haul,0,-9,-9,-9
LT,4,IE,45CE,GOV,IE-IGFS,,,MB12,126,2016,RECO-LT,LT-TOT,-9,kg/haul,0.0000,items/haul,0,-9,-9,-9
LT,4,IE,45CE,GOV,IE-IGFS,,,50,129,2016,RECO-LT,LT-TOT,-9,kg/haul,0.0000,items/haul,0,-9,-9,-9
LT,4,IE,45CE,GOV,IE-IGFS,,,MB14,130,2016,RECO-LT,LT-TOT,-9,kg/haul,0.0000,items/haul,0,-9,-9,-9
LT,4,IE,45CE,GOV,IE-IGFS,,,MB27,114,2016,RECO-LT,LT-TOT,-9,kg/haul,0.0000,items/haul,0,-9,-9,-9
LT,4,IE,45CE,GOV,IE-IGFS,,,MM1,115,2016,RECO-LT,LT-TOT,-9,kg/haul,0.0000,items/haul,0,-9,-9,-9
LT,4,IE,45CE,GOV,IE-IGFS,,,PO16,110,2016,RECO-LT,LT-TOT,-9,kg/haul,0.0000,items/haul,0,-9,-9,-9
LT,4,IE,45CE,GOV,IE-IGFS,,,PO24,111,2016,RECO-LT,LT-TOT,-9,kg/haul,0.0000,items/haul,0,-9,-9,-9
LT,4,IE,45CE,GOV,IE-IGFS,,,PO39,104,2016,RECO-LT,LT-TOT,-9,kg/haul,0.0000,items/haul,0,-9,-9,-9
LT,4,IE,45CE,GOV,IE-IGFS,,,FG64,87,2016,RECO-LT,LT-TOT,-9,kg/haul,0.0000,items/haul,0,-9,-9,-9
LT,4,IE,45CE,GOV,IE-IGFS,,,FG62,86,2016,RECO-LT,LT-TOT,-9,kg/haul,0.0000,items/haul,0,-9,-9,-9
LT,4,IE,45CE,GOV,IE-IGFS,,,FG182,78,2016,RECO-LT,LT-TOT,-9,kg/haul,0.0000,items/haul,0,-9,-9,-9
LT,4,IE,45CE,GOV,IE-IGFS,,,FG56,79,2016,RECO-LT,LT-TOT,-9,kg/haul,0.0000,items/haul,0,-9,-9,-9
LT,4,IE,45CE,GOV,IE-IGFS,,,MB20A,81,2016,RECO-LT,LT-TOT,-9,kg/haul,0.0000,items/haul,0,-9,-9,-9
LT,4,IE,45CE,GOV,IE-IGFS,,,COD5A,82,2016,RECO-LT,LT-TOT,-9,kg/haul,0.0000,items/haul,0,-9,-9,-9
LT,4,IE,45CE,GOV,IE-IGFS,,,CC307,69,2016,RECO-LT,LT-TOT,-9,kg/haul,0.0000,items/haul,0,-9,-9,-9
LT,4,IE,45CE,GOV,IE-IGFS,,,FG133,72,2016,RECO-LT,LT-TOT,-9,kg/haul,0.0000,items/haul,0,-9,-9,-9
LT,4,IE,45CE,GOV,IE-IGFS,,,VMS1,74,2016,RECO-LT,LT-TOT,-9,kg/haul,0.0000,items/haul,0,-9,-9,-9
LT,4,IE,45CE,GOV,IE-IGFS,,,40,66,2016,RECO-LT,LT-TOT,-9,kg/haul,0.0000,items/haul,0,-9,-9,-9
LT,4,IE,45CE,GOV,IE-IGFS,,,FG26,67,2016,RECO-LT,LT-TOT,-9,kg/haul,0.0000,items/haul,0,-9,-9,-9
LT,4,IE,45CE,GOV,IE-IGFS,,,FG25,68,2016,RECO-LT,LT-TOT,-9,kg/haul,0.0000,items/haul,0,-9,-9,-9
LT,4,IE,45CE,GOV,IE-IGFS,,,CN308,62,2016,RECO-LT,LT-TOT,-9,kg/haul,0.0000,items/haul,0,-9,-9,-9
LT,4,IE,45CE,GOV,IE-IGFS,,,111,63,2016,RECO-LT,LT-TOT,-9,kg/haul,0.0000,items/haul,0,-9,-9,-9
LT,4,IE,45CE,GOV,IE-IGFS,,,FG66,53,2016,RECO-LT,LT-TOT,-9,kg/haul,0.0000,items/haul,0,-9,-9,-9
LT,4,IE,45CE,GOV,IE-IGFS,,,CC322,55,2016,RECO-LT,LT-TOT,-9,kg/haul,0.0000,items/haul,0,-9,-9,-9
LT,4,IE,45CE,GOV,IE-IGFS,,,GD9,44,2016,RECO-LT,LT-TOT,-9,kg/haul,0.0000,items/haul,0,-9,-9,-9
LT,4,IE,45CE,GOV,IE-IGFS,,,27,46,2016,RECO-LT,LT-TOT,-9,kg/haul,0.0000,items/haul,0,-9,-9,-9
LT,4,IE,45CE,GOV,IE-IGFS,,,FG102,47,2016,RECO-LT,LT-TOT,-9,kg/haul,0.0000,items/haul,0,-9,-9,-9
LT,4,IE,45CE,GOV,IE-IGFS,,,53,48,2016,RECO-LT,LT-TOT,-9,kg/haul,0.0000,items/haul,0,-9,-9,-9
LT,4,IE,45CE,GOV,IE-IGFS,,,52,49,2016,RECO-LT,LT-TOT,-9,kg/haul,0.0000,items/haul,0,-9,-9,-9
LT,4,IE,45CE,GOV,IE-IGFS,,,FG45,36,2016,RECO-LT,LT-TOT,-9,kg/haul,0.0000,items/haul,0,-9,-9,-9
LT,4,IE,45CE,GOV,IE-IGFS,,,MM11,39,2016,RECO-LT,LT-TOT,-9,kg/haul,0.0000,items/haul,0,-9,-9,-9
LT,4,IE,45CE,GOV,IE-IGFS,,,MB25,40,2016,RECO-LT,LT-TOT,-9,kg/haul,0.0000,items/haul,0,-9,-9,-9
LT,4,IE,45CE,GOV,IE-IGFS,,,GD2,41,2016,RECO-LT,LT-TOT,-9,kg/haul,0.0000,items/haul,0,-9,-9,-9
LT,4,IE,45CE,GOV,IE-IGFS,,,MM15,43,2016,RECO-LT,LT-TOT,-9,kg/haul,0.0000,items/haul,0,-9,-9,-9
LT,4,IE,45CE,GOV,IE-IGFS,,,32,33,2016,RECO-LT,LT-TOT,-9,kg/haul,0.0000,items/haul,0,-9,-9,-9
LT,4,IE,45CE,GOV,IE-IGFS,,,COD1,35,2016,RECO-LT,LT-TOT,-9,kg/haul,0.0000,items/haul,0,-9,-9,-9
LT,4,IE,45CE,GOV,IE-IGFS,,,SC583,27,2016,RECO-LT,LT-TOT,-9,kg/haul,0.0000,items/haul,0,-9,-9,-9
LT,4,IE,45CE,GOV,IE-IGFS,,,FG143,28,2016,RECO-LT,LT-TOT,-9,kg/haul,0.0000,items/haul,0,-9,-9,-9
LT,4,IE,45CE,GOV,IE-IGFS,,,MB48,22,2016,RECO-LT,LT-TOT,-9,kg/haul,0.0000,items/haul,0,-9,-9,-9
LT,4,IE,45CE,GOV,IE-IGFS,,,MB48,23,2016,RECO-LT,LT-TOT,-9,kg/haul,0.0000,items/haul,0,-9,-9,-9
LT,4,IE,45CE,GOV,IE-IGFS,,,FG144,24,2016,RECO-LT,LT-TOT,-9,kg/haul,0.0000,items/haul,0,-9,-9,-9
LT,4,IE,45CE,GOV,IE-IGFS,,,93,25,2016,RECO-LT,LT-TOT,-9,kg/haul,0.0000,items/haul,0,-9,-9,-9
LT,4,IE,45CE,GOV,IE-IGFS,,,MB2,16,2016,RECO-LT,LT-TOT,-9,kg/haul,0.0000,items/haul,0,-9,-9,-9
LT,4,IE,45CE,GOV,IE-IGFS,,,GD19,17,2016,RECO-LT,LT-TOT,-9,kg/haul,0.0000,items/haul,0,-9,-9,-9
LT,4,IE,45CE,GOV,IE-IGFS,,,FG119,18,2016,RECO-LT,LT-TOT,-9,kg/haul,0.0000,items/haul,0,-9,-9,-9
LT,4,IE,45CE,GOV,IE-IGFS,,,MB23,19,2016,RECO-LT,LT-TOT,-9,kg/haul,0.0000,items/haul,0,-9,-9,-9
LT,4,IE,45CE,GOV,IE-IGFS,,,FG118,20,2016,RECO-LT,LT-TOT,-9,kg/haul,0.0000,items/haul,0,-9,-9,-9
LT,4,IE,45CE,GOV,IE-IGFS,,,94,21,2016,RECO-LT,LT-TOT,-9,kg/haul,0.0000,items/haul,0,-9,-9,-9
LT,4,IE,45CE,GOV,IE-IGFS,,,MM6,8,2016,RECO-LT,LT-TOT,-9,kg/haul,0.0000,items/haul,0,-9,-9,-9
LT,4,IE,45CE,GOV,IE-IGFS,,,GD8,9,2016,RECO-LT,LT-TOT,-9,kg/haul,0.0000,items/haul,0,-9,-9,-9
LT,4,IE,45CE,GOV,IE-IGFS,,,FG110,11,2016,RECO-LT,LT-TOT,-9,kg/haul,0.0000,items/haul,0,-9,-9,-9
LT,4,IE,45CE,GOV,IE-IGFS,,,MMMA3,13,2016,RECO-LT,LT-TOT,-9,kg/haul,0.0000,items/haul,0,-9,-9,-9
LT,4,IE,45CE,GOV,IE-IGFS,,,FG95,14,2016,RECO-LT,LT-TOT,-9,kg/haul,0.0000,items/haul,0,-9,-9,-9
LT,4,IE,45CE,GOV,IE-IGFS,,,FG101,2,2016,RECO-LT,LT-TOT,-9,kg/haul,0.0000,items/haul,0,-9,-9,-9
LT,4,IE,45CE,GOV,IE-IGFS,,,FG108,3,2016,RECO-LT,LT-TOT,-9,kg/haul,0.0000,items/haul,0,-9,-9,-9
LT,4,IE,45CE,GOV,IE-IGFS,,,MB45,7,2016,RECO-LT,LT-TOT,-9,kg/haul,0.0000,items/haul,0,-9,-9,-9
LT,4,IE,45CE,GOV,IE-IGFS,,,FG102,46,2015,RECO-LT,LT-TOT,-9,kg/haul,0.0000,items/haul,0,-9,-9,-9
LT,4,IE,45CE,GOV,IE-IGFS,,,MM5,47,2015,RECO-LT,LT-TOT,-9,kg/haul,0.0000,items/haul,0,-9,-9,-9
LT,4,IE,45CE,GOV,IE-IGFS,,,FG149,1,2016,RECO-LT,LT-TOT,-9,kg/haul,0.0000,items/haul,0,-9,-9,-9
LT,4,IE,45CE,GOV,IE-IGFS,,,9,39,2015,RECO-LT,LT-TOT,-9,kg/haul,0.0000,items/haul,0,-9,-9,-9
LT,4,IE,45CE,GOV,IE-IGFS,,,12,40,2015,RECO-LT,LT-TOT,-9,kg/haul,0.0000,items/haul,0,-9,-9,-9
LT,4,IE,45CE,GOV,IE-IGFS,,,MB106,41,2015,RECO-LT,LT-TOT,-9,kg/haul,0.0000,items/haul,0,-9,-9,-9
LT,4,IE,45CE,GOV,IE-IGFS,,,MB44,43,2015,RECO-LT,LT-TOT,-9,kg/haul,0.0000,items/haul,0,-9,-9,-9
LT,4,IE,45CE,GOV,IE-IGFS,,,MAR4,44,2015,RECO-LT,LT-TOT,-9,kg/haul,0.0000,items/haul,0,-9,-9,-9
LT,4,IE,45CE,GOV,IE-IGFS,,,SC546,45,2015,RECO-LT,LT-TOT,-9,kg/haul,0.0000,items/haul,0,-9,-9,-9
LT,4,IE,45CE,GOV,IE-IGFS,,,MB6,31,2015,RECO-LT,LT-TOT,-9,kg/haul,0.0000,items/haul,0,-9,-9,-9
LT,4,IE,45CE,GOV,IE-IGFS,,,MB25,32,2015,RECO-LT,LT-TOT,-9,kg/haul,0.0000,items/haul,0,-9,-9,-9
LT,4,IE,45CE,GOV,IE-IGFS,,,6A,33,2015,RECO-LT,LT-TOT,-9,kg/haul,0.0000,items/haul,0,-9,-9,-9
LT,4,IE,45CE,GOV,IE-IGFS,,,GD2,34,2015,RECO-LT,LT-TOT,-9,kg/haul,0.0000,items/haul,0,-9,-9,-9
LT,4,IE,45CE,GOV,IE-IGFS,,,FG115,36,2015,RECO-LT,LT-TOT,-9,kg/haul,0.0000,items/haul,0,-9,-9,-9
LT,4,IE,45CE,GOV,IE-IGFS,,,10,38,2015,RECO-LT,LT-TOT,-9,kg/haul,0.0000,items/haul,0,-9,-9,-9
LT,4,IE,45CE,GOV,IE-IGFS,,,33,27,2015,RECO-LT,LT-TOT,-9,kg/haul,0.0000,items/haul,0,-9,-9,-9
LT,4,IE,45CE,GOV,IE-IGFS,,,FG100,28,2015,RECO-LT,LT-TOT,-9,kg/haul,0.0000,items/haul,0,-9,-9,-9
LT,4,IE,45CE,GOV,IE-IGFS,,,FG114,29,2015,RECO-LT,LT-TOT,-9,kg/haul,0.0000,items/haul,0,-9,-9,-9
LT,4,IE,45CE,GOV,IE-IGFS,,,GD4,30,2015,RECO-LT,LT-TOT,-9,kg/haul,0.0000,items/haul,0,-9,-9,-9
LT,4,IE,45CE,GOV,IE-IGFS,,,FG142,19,2015,RECO-LT,LT-TOT,-9,kg/haul,0.0000,items/haul,0,-9,-9,-9
LT,4,IE,45CE,GOV,IE-IGFS,,,SC575,22,2015,RECO-LT,LT-TOT,-9,kg/haul,0.0000,items/haul,0,-9,-9,-9
LT,4,IE,45CE,GOV,IE-IGFS,,,MAR5,24,2015,RECO-LT,LT-TOT,-9,kg/haul,0.0000,items/haul,0,-9,-9,-9
LT,4,IE,45CE,GOV,IE-IGFS,,,MMMA3,13,2015,RECO-LT,LT-TOT,-9,kg/haul,0.0000,items/haul,0,-9,-9,-9
LT,4,IE,45CE,GOV,IE-IGFS,,,FG96,14,2015,RECO-LT,LT-TOT,-9,kg/haul,0.0000,items/haul,0,-9,-9,-9
LT,4,IE,45CE,GOV,IE-IGFS,,,FG116,16,2015,RECO-LT,LT-TOT,-9,kg/haul,0.0000,items/haul,0,-9,-9,-9
LT,4,IE,45CE,GOV,IE-IGFS,,,FG117,17,2015,RECO-LT,LT-TOT,-9,kg/haul,0.0000,items/haul,0,-9,-9,-9
LT,4,IE,45CE,GOV,IE-IGFS,,,SC583,18,2015,RECO-LT,LT-TOT,-9,kg/haul,0.0000,items/haul,0,-9,-9,-9
LT,4,IE,45CE,GOV,IE-IGFS,,,MB23,7,2015,RECO-LT,LT-TOT,-9,kg/haul,0.0000,items/haul,0,-9,-9,-9
LT,4,IE,45CE,GOV,IE-IGFS,,,FG112,8,2015,RECO-LT,LT-TOT,-9,kg/haul,0.0000,items/haul,0,-9,-9,-9
LT,4,IE,45CE,GOV,IE-IGFS,,,94,9,2015,RECO-LT,LT-TOT,-9,kg/haul,0.0000,items/haul,0,-9,-9,-9
LT,4,IE,45CE,GOV,IE-IGFS,,,FG106,10,2015,RECO-LT,LT-TOT,-9,kg/haul,0.0000,items/haul,0,-9,-9,-9
LT,4,IE,45CE,GOV,IE-IGFS,,,2,11,2015,RECO-LT,LT-TOT,-9,kg/haul,0.0000,items/haul,0,-9,-9,-9
LT,4,IE,45CE,GOV,IE-IGFS,,,FG119,12,2015,RECO-LT,LT-TOT,-9,kg/haul,0.0000,items/haul,0,-9,-9,-9
LT,4,IE,45CE,GOV,IE-IGFS,,,GD11,2,2015,RECO-LT,LT-TOT,-9,kg/haul,0.0000,items/haul,0,-9,-9,-9
LT,4,IE,45CE,GOV,IE-IGFS,,,FG109,4,2015,RECO-LT,LT-TOT,-9,kg/haul,0.0000,items/haul,0,-9,-9,-9
LT,4,IE,45CE,GOV,IE-IGFS,,,SC544,6,2015,RECO-LT,LT-TOT,-9,kg/haul,0.0000,items/haul,0,-9,-9,-9
LT,4,IE,45CE,GOV,IE-IGFS,,,58,175,2014,RECO-LT,LT-TOT,-9,kg/haul,0.0000,items/haul,0,-9,-9,-9
LT,4,IE,45CE,GOV,IE-IGFS,,,FG11,140,2014,RECO-LT,LT-TOT,-9,kg/haul,0.0000,items/haul,0,-9,-9,-9
LT,4,IE,45CE,GOV,IE-IGFS,,,FG66,133,2014,RECO-LT,LT-TOT,-9,kg/haul,0.0000,items/haul,0,-9,-9,-9
LT,4,IE,45CE,GOV,IE-IGFS,,,FG131,134,2014,RECO-LT,LT-TOT,-9,kg/haul,0.0000,items/haul,0,-9,-9,-9
LT,4,IE,45CE,GOV,IE-IGFS,,,FG55,137,2014,RECO-LT,LT-TOT,-9,kg/haul,0.0000,items/haul,0,-9,-9,-9
LT,4,IE,45CE,GOV,IE-IGFS,,,FG35,129,2014,RECO-LT,LT-TOT,-9,kg/haul,0.0000,items/haul,0,-9,-9,-9
LT,4,IE,45CE,GOV,IE-IGFS,,,FG140,130,2014,RECO-LT,LT-TOT,-9,kg/haul,0.0000,items/haul,0,-9,-9,-9
LT,4,IE,45CE,GOV,IE-IGFS,,,FG14,132,2014,RECO-LT,LT-TOT,-9,kg/haul,0.0000,items/haul,0,-9,-9,-9
LT,4,IE,45CE,GOV,IE-IGFS,,,FG40,123,2014,RECO-LT,LT-TOT,-9,kg/haul,0.0000,items/haul,0,-9,-9,-9
LT,4,IE,45CE,GOV,IE-IGFS,,,FG53,126,2014,RECO-LT,LT-TOT,-9,kg/haul,0.0000,items/haul,0,-9,-9,-9
LT,4,IE,45CE,GOV,IE-IGFS,,,FG167,115,2014,RECO-LT,LT-TOT,-9,kg/haul,0.0000,items/haul,0,-9,-9,-9
LT,4,IE,45CE,GOV,IE-IGFS,,,FG208,103,2014,RECO-LT,LT-TOT,-9,kg/haul,0.0000,items/haul,0,-9,-9,-9
LT,4,IE,45CE,GOV,IE-IGFS,,,FG15,99,2014,RECO-LT,LT-TOT,-9,kg/haul,0.0000,items/haul,0,-9,-9,-9
LT,4,IE,45CE,GOV,IE-IGFS,,,FG18,96,2014,RECO-LT,LT-TOT,-9,kg/haul,0.0000,items/haul,0,-9,-9,-9
LT,4,IE,45CE,GOV,IE-IGFS,,,CN204,97,2014,RECO-LT,LT-TOT,-9,kg/haul,0.0000,items/haul,0,-9,-9,-9
LT,4,IE,45CE,GOV,IE-IGFS,,,FG176,98,2014,RECO-LT,LT-TOT,-9,kg/haul,0.0000,items/haul,0,-9,-9,-9
LT,4,IE,45CE,GOV,IE-IGFS,,,64,92,2014,RECO-LT,LT-TOT,-9,kg/haul,0.0000,items/haul,0,-9,-9,-9
LT,4,IE,45CE,GOV,IE-IGFS,,,FG132,84,2014,RECO-LT,LT-TOT,-9,kg/haul,0.0000,items/haul,0,-9,-9,-9
LT,4,IE,45CE,GOV,IE-IGFS,,,FG162,83,2014,RECO-LT,LT-TOT,-9,kg/haul,0.0000,items/haul,0,-9,-9,-9
LT,4,IE,45CE,GOV,IE-IGFS,,,FG158,76,2014,RECO-LT,LT-TOT,-9,kg/haul,0.0000,items/haul,0,-9,-9,-9
LT,4,IE,45CE,GOV,IE-IGFS,,,FG159,77,2014,RECO-LT,LT-TOT,-9,kg/haul,0.0000,items/haul,0,-9,-9,-9
LT,4,IE,45CE,GOV,IE-IGFS,,,39,72,2014,RECO-LT,LT-TOT,-9,kg/haul,0.0000,items/haul,0,-9,-9,-9
LT,4,IE,45CE,GOV,IE-IGFS,,,FG67,73,2014,RECO-LT,LT-TOT,-9,kg/haul,0.0000,items/haul,0,-9,-9,-9
LT,4,IE,45CE,GOV,IE-IGFS,,,FG221,66,2014,RECO-LT,LT-TOT,-9,kg/haul,0.0000,items/haul,0,-9,-9,-9
LT,4,IE,45CE,GOV,IE-IGFS,,,FG156,69,2014,RECO-LT,LT-TOT,-9,kg/haul,0.0000,items/haul,0,-9,-9,-9
LT,4,IE,45CE,GOV,IE-IGFS,,,FG74,70,2014,RECO-LT,LT-TOT,-9,kg/haul,0.0000,items/haul,0,-9,-9,-9
LT,4,IE,45CE,GOV,IE-IGFS,,,FG73,71,2014,RECO-LT,LT-TOT,-9,kg/haul,0.0000,items/haul,0,-9,-9,-9
LT,4,IE,45CE,GOV,IE-IGFS,,,FG104,63,2014,RECO-LT,LT-TOT,-9,kg/haul,0.0000,items/haul,0,-9,-9,-9
LT,4,IE,45CE,GOV,IE-IGFS,,,GD12,58,2014,RECO-LT,LT-TOT,-9,kg/haul,0.0000,items/haul,0,-9,-9,-9
LT,4,IE,45CE,GOV,IE-IGFS,,,FG103,62,2014,RECO-LT,LT-TOT,-9,kg/haul,0.0000,items/haul,0,-9,-9,-9
LT,4,IE,45CE,GOV,IE-IGFS,,,MM1,51,2014,RECO-LT,LT-TOT,-9,kg/haul,0.0000,items/haul,0,-9,-9,-9
LT,4,IE,45CE,GOV,IE-IGFS,,,20,52,2014,RECO-LT,LT-TOT,-9,kg/haul,0.0000,items/haul,0,-9,-9,-9
LT,4,IE,45CE,GOV,IE-IGFS,,,FG218,53,2014,RECO-LT,LT-TOT,-9,kg/haul,0.0000,items/haul,0,-9,-9,-9
LT,4,IE,45CE,GOV,IE-IGFS,,,FG82,54,2014,RECO-LT,LT-TOT,-9,kg/haul,0.0000,items/haul,0,-9,-9,-9
LT,4,IE,45CE,GOV,IE-IGFS,,,FG83,55,2014,RECO-LT,LT-TOT,-9,kg/haul,0.0000,items/haul,0,-9,-9,-9
LT,4,IE,45CE,GOV,IE-IGFS,,,12,42,2014,RECO-LT,LT-TOT,-9,kg/haul,0.0000,items/haul,0,-9,-9,-9
LT,4,IE,45CE,GOV,IE-IGFS,,,11,43,2014,RECO-LT,LT-TOT,-9,kg/haul,0.0000,items/haul,0,-9,-9,-9
LT,4,IE,45CE,GOV,IE-IGFS,,,14,44,2014,RECO-LT,LT-TOT,-9,kg/haul,0.0000,items/haul,0,-9,-9,-9
LT,4,IE,45CE,GOV,IE-IGFS,,,FG102,45,2014,RECO-LT,LT-TOT,-9,kg/haul,0.0000,items/haul,0,-9,-9,-9
LT,4,IE,45CE,GOV,IE-IGFS,,,FG102,46,2014,RECO-LT,LT-TOT,-9,kg/haul,0.0000,items/haul,0,-9,-9,-9
LT,4,IE,45CE,GOV,IE-IGFS,,,COD1,36,2014,RECO-LT,LT-TOT,-9,kg/haul,0.0000,items/haul,0,-9,-9,-9
LT,4,IE,45CE,GOV,IE-IGFS,,,33,38,2014,RECO-LT,LT-TOT,-9,kg/haul,0.0000,items/haul,0,-9,-9,-9
LT,4,IE,45CE,GOV,IE-IGFS,,,FG115,40,2014,RECO-LT,LT-TOT,-9,kg/haul,0.0000,items/haul,0,-9,-9,-9
LT,4,IE,45CE,GOV,IE-IGFS,,,SC583,29,2014,RECO-LT,LT-TOT,-9,kg/haul,0.0000,items/haul,0,-9,-9,-9
LT,4,IE,45CE,GOV,IE-IGFS,,,FG192,30,2014,RECO-LT,LT-TOT,-9,kg/haul,0.0000,items/haul,0,-9,-9,-9
LT,4,IE,45CE,GOV,IE-IGFS,,,FG117,31,2014,RECO-LT,LT-TOT,-9,kg/haul,0.0000,items/haul,0,-9,-9,-9
LT,4,IE,45CE,GOV,IE-IGFS,,,GD4,34,2014,RECO-LT,LT-TOT,-9,kg/haul,0.0000,items/haul,0,-9,-9,-9
LT,4,IE,45CE,GOV,IE-IGFS,,,FG45,35,2014,RECO-LT,LT-TOT,-9,kg/haul,0.0000,items/haul,0,-9,-9,-9
LT,4,IE,45CE,GOV,IE-IGFS,,,8,25,2014,RECO-LT,LT-TOT,-9,kg/haul,0.0000,items/haul,0,-9,-9,-9
LT,4,IE,45CE,GOV,IE-IGFS,,,MB7,26,2014,RECO-LT,LT-TOT,-9,kg/haul,0.0000,items/haul,0,-9,-9,-9
LT,4,IE,45CE,GOV,IE-IGFS,,,GD6,28,2014,RECO-LT,LT-TOT,-9,kg/haul,0.0000,items/haul,0,-9,-9,-9
LT,4,IE,45CE,GOV,IE-IGFS,,,MB24,19,2014,RECO-LT,LT-TOT,-9,kg/haul,0.0000,items/haul,0,-9,-9,-9
LT,4,IE,45CE,GOV,IE-IGFS,,,FG93,20,2014,RECO-LT,LT-TOT,-9,kg/haul,0.0000,items/haul,0,-9,-9,-9
LT,4,IE,45CE,GOV,IE-IGFS,,,MB2,21,2014,RECO-LT,LT-TOT,-9,kg/haul,0.0000,items/haul,0,-9,-9,-9
LT,4,IE,45CE,GOV,IE-IGFS,,,R213,12,2014,RECO-LT,LT-TOT,-9,kg/haul,0.0000,items/haul,0,-9,-9,-9
LT,4,IE,45CE,GOV,IE-IGFS,,,MB23,15,2014,RECO-LT,LT-TOT,-9,kg/haul,0.0000,items/haul,0,-9,-9,-9
LT,4,IE,45CE,GOV,IE-IGFS,,,FG118,16,2014,RECO-LT,LT-TOT,-9,kg/haul,0.0000,items/haul,0,-9,-9,-9
LT,4,IE,45CE,GOV,IE-IGFS,,,GD8,10,2014,RECO-LT,LT-TOT,-9,kg/haul,0.0000,items/haul,0,-9,-9,-9
LT,4,IE,45CE,GOV,IE-IGFS,,,FG110,11,2014,RECO-LT,LT-TOT,-9,kg/haul,0.0000,items/haul,0,-9,-9,-9
LT,4,IE,45CE,GOV,IE-IGFS,,,149,2,2014,RECO-LT,LT-TOT,-9,kg/haul,0.0000,items/haul,0,-9,-9,-9
LT,4,IE,45CE,GOV,IE-IGFS,,,GD11,3,2014,RECO-LT,LT-TOT,-9,kg/haul,0.0000,items/haul,0,-9,-9,-9
LT,4,IE,45CE,GOV,IE-IGFS,,,FG108,4,2014,RECO-LT,LT-TOT,-9,kg/haul,0.0000,items/haul,0,-9,-9,-9
LT,4,IE,45CE,GOV,IE-IGFS,,,15,6,2014,RECO-LT,LT-TOT,-9,kg/haul,0.0000,items/haul,0,-9,-9,-9
LT,4,IE,45CE,GOV,IE-IGFS,,,FG80,176,2013,RECO-LT,LT-TOT,-9,kg/haul,0.0000,items/haul,0,-9,-9,-9
LT,4,IE,45CE,GOV,IE-IGFS,,,FG75,177,2013,RECO-LT,LT-TOT,-9,kg/haul,0.0000,items/haul,0,-9,-9,-9
LT,4,IE,45CE,GOV,IE-IGFS,,,56,178,2013,RECO-LT,LT-TOT,-9,kg/haul,0.0000,items/haul,0,-9,-9,-9
LT,4,IE,45CE,GOV,IE-IGFS,,,SC552,171,2013,RECO-LT,LT-TOT,-9,kg/haul,0.0000,items/haul,0,-9,-9,-9
LT,4,IE,45CE,GOV,IE-IGFS,,,20,172,2013,RECO-LT,LT-TOT,-9,kg/haul,0.0000,items/haul,0,-9,-9,-9
LT,4,IE,45CE,GOV,IE-IGFS,,,FG218,173,2013,RECO-LT,LT-TOT,-9,kg/haul,0.0000,items/haul,0,-9,-9,-9
LT,4,IE,45CE,GOV,IE-IGFS,,,FG82,175,2013,RECO-LT,LT-TOT,-9,kg/haul,0.0000,items/haul,0,-9,-9,-9
LT,4,IE,45CE,GOV,IE-IGFS,,,PO138,165,2013,RECO-LT,LT-TOT,-9,kg/haul,0.0000,items/haul,0,-9,-9,-9
LT,4,IE,45CE,GOV,IE-IGFS,,,MB1,167,2013,RECO-LT,LT-TOT,-9,kg/haul,0.0000,items/haul,0,-9,-9,-9
LT,4,IE,45CE,GOV,IE-IGFS,,,FG99,168,2013,RECO-LT,LT-TOT,-9,kg/haul,0.0000,items/haul,0,-9,-9,-9
LT,4,IE,45CE,GOV,IE-IGFS,,,FG87,169,2013,RECO-LT,LT-TOT,-9,kg/haul,0.0000,items/haul,0,-9,-9,-9
LT,4,IE,45CE,GOV,IE-IGFS,,,95,161,2013,RECO-LT,LT-TOT,-9,kg/haul,0.0000,items/haul,0,-9,-9,-9
LT,4,IE,45CE,GOV,IE-IGFS,,,PO24,163,2013,RECO-LT,LT-TOT,-9,kg/haul,0.0000,items/haul,0,-9,-9,-9
LT,4,IE,45CE,GOV,IE-IGFS,,,PO22,164,2013,RECO-LT,LT-TOT,-9,kg/haul,0.0000,items/haul,0,-9,-9,-9
LT,4,IE,45CE,GOV,IE-IGFS,,,90,153,2013,RECO-LT,LT-TOT,-9,kg/haul,0.0000,items/haul,0,-9,-9,-9
LT,4,IE,45CE,GOV,IE-IGFS,,,50,154,2013,RECO-LT,LT-TOT,-9,kg/haul,0.0000,items/haul,0,-9,-9,-9
LT,4,IE,45CE,GOV,IE-IGFS,,,MB14,155,2013,RECO-LT,LT-TOT,-9,kg/haul,0.0000,items/haul,0,-9,-9,-9
LT,4,IE,45CE,GOV,IE-IGFS,,,FG120,157,2013,RECO-LT,LT-TOT,-9,kg/haul,0.0000,items/haul,0,-9,-9,-9
LT,4,IE,45CE,GOV,IE-IGFS,,,89,158,2013,RECO-LT,LT-TOT,-9,kg/haul,0.0000,items/haul,0,-9,-9,-9
LT,4,IE,45CE,GOV,IE-IGFS,,,PO238,148,2013,RECO-LT,LT-TOT,-9,kg/haul,0.0000,items/haul,0,-9,-9,-9
LT,4,IE,45CE,GOV,IE-IGFS,,,PO34,149,2013,RECO-LT,LT-TOT,-9,kg/haul,0.0000,items/haul,0,-9,-9,-9
LT,4,IE,45CE,GOV,IE-IGFS,,,PO174,151,2013,RECO-LT,LT-TOT,-9,kg/haul,0.0000,items/haul,0,-9,-9,-9
LT,4,IE,45CE,GOV,IE-IGFS,,,38,143,2013,RECO-LT,LT-TOT,-9,kg/haul,0.0000,items/haul,0,-9,-9,-9
LT,4,IE,45CE,GOV,IE-IGFS,,,FG1,145,2013,RECO-LT,LT-TOT,-9,kg/haul,0.0000,items/haul,0,-9,-9,-9
LT,4,IE,45CE,GOV,IE-IGFS,,,42,137,2013,RECO-LT,LT-TOT,-9,kg/haul,0.0000,items/haul,0,-9,-9,-9
LT,4,IE,45CE,GOV,IE-IGFS,,,FG4,138,2013,RECO-LT,LT-TOT,-9,kg/haul,0.0000,items/haul,0,-9,-9,-9
LT,4,IE,45CE,GOV,IE-IGFS,,,FG170,139,2013,RECO-LT,LT-TOT,-9,kg/haul,0.0000,items/haul,0,-9,-9,-9
LT,4,IE,45CE,GOV,IE-IGFS,,,FG2,140,2013,RECO-LT,LT-TOT,-9,kg/haul,0.0000,items/haul,0,-9,-9,-9
LT,4,IE,45CE,GOV,IE-IGFS,,,FG68,142,2013,RECO-LT,LT-TOT,-9,kg/haul,0.0000,items/haul,0,-9,-9,-9
LT,4,IE,45CE,GOV,IE-IGFS,,,FG158,131,2013,RECO-LT,LT-TOT,-9,kg/haul,0.0000,items/haul,0,-9,-9,-9
LT,4,IE,45CE,GOV,IE-IGFS,,,FG157,132,2013,RECO-LT,LT-TOT,-9,kg/haul,0.0000,items/haul,0,-9,-9,-9
LT,4,IE,45CE,GOV,IE-IGFS,,,39,134,2013,RECO-LT,LT-TOT,-9,kg/haul,0.0000,items/haul,0,-9,-9,-9
LT,4,IE,45CE,GOV,IE-IGFS,,,FG67,135,2013,RECO-LT,LT-TOT,-9,kg/haul,0.0000,items/haul,0,-9,-9,-9
LT,4,IE,45CE,GOV,IE-IGFS,,,FG196,128,2013,RECO-LT,LT-TOT,-9,kg/haul,0.0000,items/haul,0,-9,-9,-9
LT,4,IE,45CE,GOV,IE-IGFS,,,FG159,129,2013,RECO-LT,LT-TOT,-9,kg/haul,0.0000,items/haul,0,-9,-9,-9
LT,4,IE,45CE,GOV,IE-IGFS,,,FG209,130,2013,RECO-LT,LT-TOT,-9,kg/haul,0.0000,items/haul,0,-9,-9,-9
LT,4,IE,45CE,GOV,IE-IGFS,,,FG212,123,2013,RECO-LT,LT-TOT,-9,kg/haul,0.0000,items/haul,0,-9,-9,-9
LT,4,IE,45CE,GOV,IE-IGFS,,,FG180,113,2013,RECO-LT,LT-TOT,-9,kg/haul,0.0000,items/haul,0,-9,-9,-9
LT,4,IE,45CE,GOV,IE-IGFS,,,FG185,114,2013,RECO-LT,LT-TOT,-9,kg/haul,0.0000,items/haul,0,-9,-9,-9
LT,4,IE,45CE,GOV,IE-IGFS,,,FG56,117,2013,RECO-LT,LT-TOT,-9,kg/haul,0.0000,items/haul,0,-9,-9,-9
LT,4,IE,45CE,GOV,IE-IGFS,,,FG130,119,2013,RECO-LT,LT-TOT,-9,kg/haul,0.0000,items/haul,0,-9,-9,-9
LT,4,IE,45CE,GOV,IE-IGFS,,,FG16,111,2013,RECO-LT,LT-TOT,-9,kg/haul,0.0000,items/haul,0,-9,-9,-9
LT,4,IE,45CE,GOV,IE-IGFS,,,FG181,112,2013,RECO-LT,LT-TOT,-9,kg/haul,0.0000,items/haul,0,-9,-9,-9
LT,4,IE,45CE,GOV,IE-IGFS,,,FG168,106,2013,RECO-LT,LT-TOT,-9,kg/haul,0.0000,items/haul,0,-9,-9,-9
LT,4,IE,45CE,GOV,IE-IGFS,,,FG40,94,2013,RECO-LT,LT-TOT,-9,kg/haul,0.0000,items/haul,0,-9,-9,-9
LT,4,IE,45CE,GOV,IE-IGFS,,,44,86,2013,RECO-LT,LT-TOT,-9,kg/haul,0.0000,items/haul,0,-9,-9,-9
LT,4,IE,45CE,GOV,IE-IGFS,,,CN203,87,2013,RECO-LT,LT-TOT,-9,kg/haul,0.0000,items/haul,0,-9,-9,-9
LT,4,IE,45CE,GOV,IE-IGFS,,,MB20A,73,2013,RECO-LT,LT-TOT,-9,kg/haul,0.0000,items/haul,0,-9,-9,-9
LT,4,IE,45CE,GOV,IE-IGFS,,,CC306,68,2013,RECO-LT,LT-TOT,-9,kg/haul,0.0000,items/haul,0,-9,-9,-9
LT,4,IE,45CE,GOV,IE-IGFS,,,FG133,62,2013,RECO-LT,LT-TOT,-9,kg/haul,0.0000,items/haul,0,-9,-9,-9
LT,4,IE,45CE,GOV,IE-IGFS,,,MB30,63,2013,RECO-LT,LT-TOT,-9,kg/haul,0.0000,items/haul,0,-9,-9,-9
LT,4,IE,45CE,GOV,IE-IGFS,,,FG66,59,2013,RECO-LT,LT-TOT,-9,kg/haul,0.0000,items/haul,0,-9,-9,-9
LT,4,IE,45CE,GOV,IE-IGFS,,,FG129,58,2013,RECO-LT,LT-TOT,-9,kg/haul,0.0000,items/haul,0,-9,-9,-9
LT,4,IE,45CE,GOV,IE-IGFS,,,FG150,49,2013,RECO-LT,LT-TOT,-9,kg/haul,0.0000,items/haul,0,-9,-9,-9
LT,4,IE,45CE,GOV,IE-IGFS,,,11,37,2013,RECO-LT,LT-TOT,-9,kg/haul,0.0000,items/haul,0,-9,-9,-9
LT,4,IE,45CE,GOV,IE-IGFS,,,GD8,38,2013,RECO-LT,LT-TOT,-9,kg/haul,0.0000,items/haul,0,-9,-9,-9
LT,4,IE,45CE,GOV,IE-IGFS,,,GD9,39,2013,RECO-LT,LT-TOT,-9,kg/haul,0.0000,items/haul,0,-9,-9,-9
LT,4,IE,45CE,GOV,IE-IGFS,,,MB7,31,2013,RECO-LT,LT-TOT,-9,kg/haul,0.0000,items/haul,0,-9,-9,-9
LT,4,IE,45CE,GOV,IE-IGFS,,,FG115,32,2013,RECO-LT,LT-TOT,-9,kg/haul,0.0000,items/haul,0,-9,-9,-9
LT,4,IE,45CE,GOV,IE-IGFS,,,GD2A,33,2013,RECO-LT,LT-TOT,-9,kg/haul,0.0000,items/haul,0,-9,-9,-9
LT,4,IE,45CE,GOV,IE-IGFS,,,6A,35,2013,RECO-LT,LT-TOT,-9,kg/haul,0.0000,items/haul,0,-9,-9,-9
LT,4,IE,45CE,GOV,IE-IGFS,,,12,36,2013,RECO-LT,LT-TOT,-9,kg/haul,0.0000,items/haul,0,-9,-9,-9
LT,4,IE,45CE,GOV,IE-IGFS,,,SC573,26,2013,RECO-LT,LT-TOT,-9,kg/haul,0.0000,items/haul,0,-9,-9,-9
LT,4,IE,45CE,GOV,IE-IGFS,,,GD4,28,2013,RECO-LT,LT-TOT,-9,kg/haul,0.0000,items/haul,0,-9,-9,-9
LT,4,IE,45CE,GOV,IE-IGFS,,,32,29,2013,RECO-LT,LT-TOT,-9,kg/haul,0.0000,items/haul,0,-9,-9,-9
LT,4,IE,45CE,GOV,IE-IGFS,,,FG114,30,2013,RECO-LT,LT-TOT,-9,kg/haul,0.0000,items/haul,0,-9,-9,-9
LT,4,IE,45CE,GOV,IE-IGFS,,,FG98,22,2013,RECO-LT,LT-TOT,-9,kg/haul,0.0000,items/haul,0,-9,-9,-9
LT,4,IE,45CE,GOV,IE-IGFS,,,COD1,23,2013,RECO-LT,LT-TOT,-9,kg/haul,0.0000,items/haul,0,-9,-9,-9
LT,4,IE,45CE,GOV,IE-IGFS,,,MAR5,25,2013,RECO-LT,LT-TOT,-9,kg/haul,0.0000,items/haul,0,-9,-9,-9
LT,4,IE,45CE,GOV,IE-IGFS,,,FG93,15,2013,RECO-LT,LT-TOT,-9,kg/haul,0.0000,items/haul,0,-9,-9,-9
LT,4,IE,45CE,GOV,IE-IGFS,,,MB6,16,2013,RECO-LT,LT-TOT,-9,kg/haul,0.0000,items/haul,0,-9,-9,-9
LT,4,IE,45CE,GOV,IE-IGFS,,,93,17,2013,RECO-LT,LT-TOT,-9,kg/haul,0.0000,items/haul,0,-9,-9,-9
LT,4,IE,45CE,GOV,IE-IGFS,,,FG192,18,2013,RECO-LT,LT-TOT,-9,kg/haul,0.0000,items/haul,0,-9,-9,-9
LT,4,IE,45CE,GOV,IE-IGFS,,,FG117,19,2013,RECO-LT,LT-TOT,-9,kg/haul,0.0000,items/haul,0,-9,-9,-9
LT,4,IE,45CE,GOV,IE-IGFS,,,FG116,20,2013,RECO-LT,LT-TOT,-9,kg/haul,0.0000,items/haul,0,-9,-9,-9
LT,4,IE,45CE,GOV,IE-IGFS,,,MB23,9,2013,RECO-LT,LT-TOT,-9,kg/haul,0.0000,items/haul,0,-9,-9,-9
LT,4,IE,45CE,GOV,IE-IGFS,,,MB48,12,2013,RECO-LT,LT-TOT,-9,kg/haul,0.0000,items/haul,0,-9,-9,-9
LT,4,IE,45CE,GOV,IE-IGFS,,,FG144,13,2013,RECO-LT,LT-TOT,-9,kg/haul,0.0000,items/haul,0,-9,-9,-9
LT,4,IE,45CE,GOV,IE-IGFS,,,GD5,14,2013,RECO-LT,LT-TOT,-9,kg/haul,0.0000,items/haul,0,-9,-9,-9
LT,4,IE,45CE,GOV,IE-IGFS,,,28,3,2013,RECO-LT,LT-TOT,-9,kg/haul,0.0000,items/haul,0,-9,-9,-9
LT,4,IE,45CE,GOV,IE-IGFS,,,R217,4,2013,RECO-LT,LT-TOT,-9,kg/haul,0.0000,items/haul,0,-9,-9,-9
LT,4,IE,45CE,GOV,IE-IGFS,,,FG110,5,2013,RECO-LT,LT-TOT,-9,kg/haul,0.0000,items/haul,0,-9,-9,-9
LT,4,IE,45CE,GOV,IE-IGFS,,,SC544,7,2013,RECO-LT,LT-TOT,-9,kg/haul,0.0000,items/haul,0,-9,-9,-9
LT,4,IE,45CE,GOV,IE-IGFS,,,25,184,2012,RECO-LT,LT-TOT,-9,kg/haul,0.0000,items/haul,0,-9,-9,-9
LT,4,IE,45CE,GOV,IE-IGFS,,,MB52,185,2012,RECO-LT,LT-TOT,-9,kg/haul,0.0000,items/haul,0,-9,-9,-9
LT,4,IE,45CE,GOV,IE-IGFS,,,59,186,2012,RECO-LT,LT-TOT,-9,kg/haul,0.0000,items/haul,0,-9,-9,-9
LT,4,IE,45CE,GOV,IE-IGFS,,,62,187,2012,RECO-LT,LT-TOT,-9,kg/haul,0.0000,items/haul,0,-9,-9,-9
LT,4,IE,45CE,GOV,IE-IGFS,,,22,179,2012,RECO-LT,LT-TOT,-9,kg/haul,0.0000,items/haul,0,-9,-9,-9
LT,4,IE,45CE,GOV,IE-IGFS,,,SC552,181,2012,RECO-LT,LT-TOT,-9,kg/haul,0.0000,items/haul,0,-9,-9,-9
LT,4,IE,45CE,GOV,IE-IGFS,,,MM1,182,2012,RECO-LT,LT-TOT,-9,kg/haul,0.0000,items/haul,0,-9,-9,-9
LT,4,IE,45CE,GOV,IE-IGFS,,,MB13,172,2012,RECO-LT,LT-TOT,-9,kg/haul,0.0000,items/haul,0,-9,-9,-9
LT,4,IE,45CE,GOV,IE-IGFS,,,MB28,173,2012,RECO-LT,LT-TOT,-9,kg/haul,0.0000,items/haul,0,-9,-9,-9
LT,4,IE,45CE,GOV,IE-IGFS,,,95,174,2012,RECO-LT,LT-TOT,-9,kg/haul,0.0000,items/haul,0,-9,-9,-9
LT,4,IE,45CE,GOV,IE-IGFS,,,FG152,175,2012,RECO-LT,LT-TOT,-9,kg/haul,0.0000,items/haul,0,-9,-9,-9
LT,4,IE,45CE,GOV,IE-IGFS,,,FG216,177,2012,RECO-LT,LT-TOT,-9,kg/haul,0.0000,items/haul,0,-9,-9,-9
LT,4,IE,45CE,GOV,IE-IGFS,,,21,178,2012,RECO-LT,LT-TOT,-9,kg/haul,0.0000,items/haul,0,-9,-9,-9
LT,4,IE,45CE,GOV,IE-IGFS,,,FG207,166,2012,RECO-LT,LT-TOT,-9,kg/haul,0.0000,items/haul,0,-9,-9,-9
LT,4,IE,45CE,GOV,IE-IGFS,,,60,167,2012,RECO-LT,LT-TOT,-9,kg/haul,0.0000,items/haul,0,-9,-9,-9
LT,4,IE,45CE,GOV,IE-IGFS,,,58,168,2012,RECO-LT,LT-TOT,-9,kg/haul,0.0000,items/haul,0,-9,-9,-9
LT,4,IE,45CE,GOV,IE-IGFS,,,56A,169,2012,RECO-LT,LT-TOT,-9,kg/haul,0.0000,items/haul,0,-9,-9,-9
LT,4,IE,45CE,GOV,IE-IGFS,,,53,170,2012,RECO-LT,LT-TOT,-9,kg/haul,0.0000,items/haul,0,-9,-9,-9
LT,4,IE,45CE,GOV,IE-IGFS,,,52,171,2012,RECO-LT,LT-TOT,-9,kg/haul,0.0000,items/haul,0,-9,-9,-9
LT,4,IE,45CE,GOV,IE-IGFS,,,90,163,2012,RECO-LT,LT-TOT,-9,kg/haul,0.0000,items/haul,0,-9,-9,-9
LT,4,IE,45CE,GOV,IE-IGFS,,,FG191,164,2012,RECO-LT,LT-TOT,-9,kg/haul,0.0000,items/haul,0,-9,-9,-9
LT,4,IE,45CE,GOV,IE-IGFS,,,MB14,165,2012,RECO-LT,LT-TOT,-9,kg/haul,0.0000,items/haul,0,-9,-9,-9
LT,4,IE,45CE,GOV,IE-IGFS,,,FG175,157,2012,RECO-LT,LT-TOT,-9,kg/haul,0.0000,items/haul,0,-9,-9,-9
LT,4,IE,45CE,GOV,IE-IGFS,,,PO174,159,2012,RECO-LT,LT-TOT,-9,kg/haul,0.0000,items/haul,0,-9,-9,-9
LT,4,IE,45CE,GOV,IE-IGFS,,,FG4,150,2012,RECO-LT,LT-TOT,-9,kg/haul,0.0000,items/haul,0,-9,-9,-9
LT,4,IE,45CE,GOV,IE-IGFS,,,42,151,2012,RECO-LT,LT-TOT,-9,kg/haul,0.0000,items/haul,0,-9,-9,-9
LT,4,IE,45CE,GOV,IE-IGFS,,,39,152,2012,RECO-LT,LT-TOT,-9,kg/haul,0.0000,items/haul,0,-9,-9,-9
LT,4,IE,45CE,GOV,IE-IGFS,,,FG1,153,2012,RECO-LT,LT-TOT,-9,kg/haul,0.0000,items/haul,0,-9,-9,-9
LT,4,IE,45CE,GOV,IE-IGFS,,,FG171,154,2012,RECO-LT,LT-TOT,-9,kg/haul,0.0000,items/haul,0,-9,-9,-9
LT,4,IE,45CE,GOV,IE-IGFS,,,FG63,145,2012,RECO-LT,LT-TOT,-9,kg/haul,0.0000,items/haul,0,-9,-9,-9
LT,4,IE,45CE,GOV,IE-IGFS,,,FG215,147,2012,RECO-LT,LT-TOT,-9,kg/haul,0.0000,items/haul,0,-9,-9,-9
LT,4,IE,45CE,GOV,IE-IGFS,,,FG158,148,2012,RECO-LT,LT-TOT,-9,kg/haul,0.0000,items/haul,0,-9,-9,-9
LT,4,IE,45CE,GOV,IE-IGFS,,,FG209,149,2012,RECO-LT,LT-TOT,-9,kg/haul,0.0000,items/haul,0,-9,-9,-9
LT,4,IE,45CE,GOV,IE-IGFS,,,CC425,140,2012,RECO-LT,LT-TOT,-9,kg/haul,0.0000,items/haul,0,-9,-9,-9
LT,4,IE,45CE,GOV,IE-IGFS,,,FG212,142,2012,RECO-LT,LT-TOT,-9,kg/haul,0.0000,items/haul,0,-9,-9,-9
LT,4,IE,45CE,GOV,IE-IGFS,,,FG210,143,2012,RECO-LT,LT-TOT,-9,kg/haul,0.0000,items/haul,0,-9,-9,-9
LT,4,IE,45CE,GOV,IE-IGFS,,,FG56,133,2012,RECO-LT,LT-TOT,-9,kg/haul,0.0000,items/haul,0,-9,-9,-9
LT,4,IE,45CE,GOV,IE-IGFS,,,FG9,134,2012,RECO-LT,LT-TOT,-9,kg/haul,0.0000,items/haul,0,-9,-9,-9
LT,4,IE,45CE,GOV,IE-IGFS,,,COD5A,135,2012,RECO-LT,LT-TOT,-9,kg/haul,0.0000,items/haul,0,-9,-9,-9
LT,4,IE,45CE,GOV,IE-IGFS,,,FG66,136,2012,RECO-LT,LT-TOT,-9,kg/haul,0.0000,items/haul,0,-9,-9,-9
LT,4,IE,45CE,GOV,IE-IGFS,,,FG130,137,2012,RECO-LT,LT-TOT,-9,kg/haul,0.0000,items/haul,0,-9,-9,-9
LT,4,IE,45CE,GOV,IE-IGFS,,,CC330,127,2012,RECO-LT,LT-TOT,-9,kg/haul,0.0000,items/haul,0,-9,-9,-9
LT,4,IE,45CE,GOV,IE-IGFS,,,FG177,120,2012,RECO-LT,LT-TOT,-9,kg/haul,0.0000,items/haul,0,-9,-9,-9
LT,4,IE,45CE,GOV,IE-IGFS,,,FG201,124,2012,RECO-LT,LT-TOT,-9,kg/haul,0.0000,items/haul,0,-9,-9,-9
LT,4,IE,45CE,GOV,IE-IGFS,,,FG176,125,2012,RECO-LT,LT-TOT,-9,kg/haul,0.0000,items/haul,0,-9,-9,-9
LT,4,IE,45CE,GOV,IE-IGFS,,,FG25,113,2012,RECO-LT,LT-TOT,-9,kg/haul,0.0000,items/haul,0,-9,-9,-9
LT,4,IE,45CE,GOV,IE-IGFS,,,FG26,114,2012,RECO-LT,LT-TOT,-9,kg/haul,0.0000,items/haul,0,-9,-9,-9
LT,4,IE,45CE,GOV,IE-IGFS,,,FG183,115,2012,RECO-LT,LT-TOT,-9,kg/haul,0.0000,items/haul,0,-9,-9,-9
LT,4,IE,45CE,GOV,IE-IGFS,,,FG17A,117,2012,RECO-LT,LT-TOT,-9,kg/haul,0.0000,items/haul,0,-9,-9,-9
LT,4,IE,45CE,GOV,IE-IGFS,,,53A,118,2012,RECO-LT,LT-TOT,-9,kg/haul,0.0000,items/haul,0,-9,-9,-9
LT,4,IE,45CE,GOV,IE-IGFS,,,FG139,108,2012,RECO-LT,LT-TOT,-9,kg/haul,0.0000,items/haul,0,-9,-9,-9
LT,4,IE,45CE,GOV,IE-IGFS,,,FG208,110,2012,RECO-LT,LT-TOT,-9,kg/haul,0.0000,items/haul,0,-9,-9,-9
LT,4,IE,45CE,GOV,IE-IGFS,,,33A,111,2012,RECO-LT,LT-TOT,-9,kg/haul,0.0000,items/haul,0,-9,-9,-9
LT,4,IE,45CE,GOV,IE-IGFS,,,FG16,104,2012,RECO-LT,LT-TOT,-9,kg/haul,0.0000,items/haul,0,-9,-9,-9
LT,4,IE,45CE,GOV,IE-IGFS,,,FG13,97,2012,RECO-LT,LT-TOT,-9,kg/haul,0.0000,items/haul,0,-9,-9,-9
LT,4,IE,45CE,GOV,IE-IGFS,,,FG12,98,2012,RECO-LT,LT-TOT,-9,kg/haul,0.0000,items/haul,0,-9,-9,-9
LT,4,IE,45CE,GOV,IE-IGFS,,,CC306,99,2012,RECO-LT,LT-TOT,-9,kg/haul,0.0000,items/haul,0,-9,-9,-9
LT,4,IE,45CE,GOV,IE-IGFS,,,FG132,100,2012,RECO-LT,LT-TOT,-9,kg/haul,0.0000,items/haul,0,-9,-9,-9
LT,4,IE,45CE,GOV,IE-IGFS,,,FG55,101,2012,RECO-LT,LT-TOT,-9,kg/haul,0.0000,items/haul,0,-9,-9,-9
LT,4,IE,45CE,GOV,IE-IGFS,,,CC307,92,2012,RECO-LT,LT-TOT,-9,kg/haul,0.0000,items/haul,0,-9,-9,-9
LT,4,IE,45CE,GOV,IE-IGFS,,,FG14,96,2012,RECO-LT,LT-TOT,-9,kg/haul,0.0000,items/haul,0,-9,-9,-9
LT,4,IE,45CE,GOV,IE-IGFS,,,112,85,2012,RECO-LT,LT-TOT,-9,kg/haul,0.0000,items/haul,0,-9,-9,-9
LT,4,IE,45CE,GOV,IE-IGFS,,,CN304,86,2012,RECO-LT,LT-TOT,-9,kg/haul,0.0000,items/haul,0,-9,-9,-9
LT,4,IE,45CE,GOV,IE-IGFS,,,FG39,83,2012,RECO-LT,LT-TOT,-9,kg/haul,0.0000,items/haul,0,-9,-9,-9
LT,4,IE,45CE,GOV,IE-IGFS,,,MB20,74,2012,RECO-LT,LT-TOT,-9,kg/haul,0.0000,items/haul,0,-9,-9,-9
LT,4,IE,45CE,GOV,IE-IGFS,,,FG34A,75,2012,RECO-LT,LT-TOT,-9,kg/haul,0.0000,items/haul,0,-9,-9,-9
LT,4,IE,45CE,GOV,IE-IGFS,,,FG199,76,2012,RECO-LT,LT-TOT,-9,kg/haul,0.0000,items/haul,0,-9,-9,-9
LT,4,IE,45CE,GOV,IE-IGFS,,,FG128,70,2012,RECO-LT,LT-TOT,-9,kg/haul,0.0000,items/haul,0,-9,-9,-9
LT,4,IE,45CE,GOV,IE-IGFS,,,FG33,71,2012,RECO-LT,LT-TOT,-9,kg/haul,0.0000,items/haul,0,-9,-9,-9
LT,4,IE,45CE,GOV,IE-IGFS,,,FG205,72,2012,RECO-LT,LT-TOT,-9,kg/haul,0.0000,items/haul,0,-9,-9,-9
LT,4,IE,45CE,GOV,IE-IGFS,,,70,62,2012,RECO-LT,LT-TOT,-9,kg/haul,0.0000,items/haul,0,-9,-9,-9
LT,4,IE,45CE,GOV,IE-IGFS,,,FG74,63,2012,RECO-LT,LT-TOT,-9,kg/haul,0.0000,items/haul,0,-9,-9,-9
LT,4,IE,45CE,GOV,IE-IGFS,,,MB17,61,2012,RECO-LT,LT-TOT,-9,kg/haul,0.0000,items/haul,0,-9,-9,-9
LT,4,IE,45CE,GOV,IE-IGFS,,,6A,41,2012,RECO-LT,LT-TOT,-9,kg/haul,0.0000,items/haul,0,-9,-9,-9
LT,4,IE,45CE,GOV,IE-IGFS,,,12,42,2012,RECO-LT,LT-TOT,-9,kg/haul,0.0000,items/haul,0,-9,-9,-9
LT,4,IE,45CE,GOV,IE-IGFS,,,MAR4,44,2012,RECO-LT,LT-TOT,-9,kg/haul,0.0000,items/haul,0,-9,-9,-9
LT,4,IE,45CE,GOV,IE-IGFS,,,MB44,46,2012,RECO-LT,LT-TOT,-9,kg/haul,0.0000,items/haul,0,-9,-9,-9
LT,4,IE,45CE,GOV,IE-IGFS,,,32,34,2012,RECO-LT,LT-TOT,-9,kg/haul,0.0000,items/haul,0,-9,-9,-9
LT,4,IE,45CE,GOV,IE-IGFS,,,FG114,35,2012,RECO-LT,LT-TOT,-9,kg/haul,0.0000,items/haul,0,-9,-9,-9
LT,4,IE,45CE,GOV,IE-IGFS,,,FG115,36,2012,RECO-LT,LT-TOT,-9,kg/haul,0.0000,items/haul,0,-9,-9,-9
LT,4,IE,45CE,GOV,IE-IGFS,,,10,37,2012,RECO-LT,LT-TOT,-9,kg/haul,0.0000,items/haul,0,-9,-9,-9
LT,4,IE,45CE,GOV,IE-IGFS,,,MB6,30,2012,RECO-LT,LT-TOT,-9,kg/haul,0.0000,items/haul,0,-9,-9,-9
LT,4,IE,45CE,GOV,IE-IGFS,,,FG98,31,2012,RECO-LT,LT-TOT,-9,kg/haul,0.0000,items/haul,0,-9,-9,-9
LT,4,IE,45CE,GOV,IE-IGFS,,,COD2,32,2012,RECO-LT,LT-TOT,-9,kg/haul,0.0000,items/haul,0,-9,-9,-9
LT,4,IE,45CE,GOV,IE-IGFS,,,33,33,2012,RECO-LT,LT-TOT,-9,kg/haul,0.0000,items/haul,0,-9,-9,-9
LT,4,IE,45CE,GOV,IE-IGFS,,,FG192,23,2012,RECO-LT,LT-TOT,-9,kg/haul,0.0000,items/haul,0,-9,-9,-9
LT,4,IE,45CE,GOV,IE-IGFS,,,SC583,24,2012,RECO-LT,LT-TOT,-9,kg/haul,0.0000,items/haul,0,-9,-9,-9
LT,4,IE,45CE,GOV,IE-IGFS,,,SC573,27,2012,RECO-LT,LT-TOT,-9,kg/haul,0.0000,items/haul,0,-9,-9,-9
LT,4,IE,45CE,GOV,IE-IGFS,,,R213,14,2012,RECO-LT,LT-TOT,-9,kg/haul,0.0000,items/haul,0,-9,-9,-9
LT,4,IE,45CE,GOV,IE-IGFS,,,MB23,16,2012,RECO-LT,LT-TOT,-9,kg/haul,0.0000,items/haul,0,-9,-9,-9
LT,4,IE,45CE,GOV,IE-IGFS,,,SC552,7,2012,RECO-LT,LT-TOT,-9,kg/haul,0.0000,items/haul,0,-9,-9,-9
LT,4,IE,45CE,GOV,IE-IGFS,,,26,8,2012,RECO-LT,LT-TOT,-9,kg/haul,0.0000,items/haul,0,-9,-9,-9
LT,4,IE,45CE,GOV,IE-IGFS,,,FG102,9,2012,RECO-LT,LT-TOT,-9,kg/haul,0.0000,items/haul,0,-9,-9,-9
LT,4,IE,45CE,GOV,IE-IGFS,,,28,11,2012,RECO-LT,LT-TOT,-9,kg/haul,0.0000,items/haul,0,-9,-9,-9
