RecordType,Survey,Quarter,Country,Ship,Gear,SweepLngt,GearExp,DoorType,StNo,HaulNo,Year,month,Day,TimeShot,Stratum,HaulDur,DayNight,ShootLat,ShootLong,HaulLat,HaulLong,StatRec,Depth,HaulVal,HydroStNo,StdSpecRecCode,BycSpecRecCode,DataType,Netopening,Rigging,Tickler,Distance,Warplngt,Warpdia,WarpDen,DoorSurface,DoorWgt,DoorSpread,WingSpread,Buoyancy,KiteDim,WgtGroundRope,TowDir,GroundSpeed,SpeedWater,SurCurDir,SurCurSpeed,BotCurDir,BotCurSpeed,WindDir,WindSpeed,SwellDir,SwellHeight,SurTemp,BotTemp,SurSal,BotSal,ThermoCline,ThClineDepth,CodendMesh,SecchiDepth,Turbidity,TidePhase,TideSpeed,PelSampType,MinTrawlDepth,MaxTrawlDepth
HH,SCOWCGFS,1,GB-SCT,748S,GOV,97,I2,P,77,77,2019,2,18,0800,WSQ1,30,D,59.5340,-4.3940,59.5060,-4.4110,48E5,104,V,74SC0059,1,1,R,5.1000,-9,,3283,335,28,,4.5000,1100,89.0,19.0,186,0.7000,,215,3.5000,,98,0.5000,,,170,18,170,2.0000,8.9,8.9,35.28,35.28,,,,,,,,,,
HH,SCOWCGFS,1,GB-SCT,748S,GOV,97,I2,P,78,78,2019,2,18,1042,WSQ1,30,D,59.7800,-4.4300,59.7500,-4.4370,48E5,118,V,74SC0060,1,1,R,5.0000,-9,,3396,380,28,,4.5000,1100,96.0,19.0,186,0.7000,,185,3.7000,,61,0.3000,,,170,18,170,2.0000,9.0,9.0,35.27,35.28,,,,,,,,,,
HH,SCOWCGFS,4,GB-SCT,748S,GOV,97,I2,P,380,380,2017,11,21,0750,R1Q4,30,D,57.5200,-9.4000,57.4880,-9.3900,44E0,218,V,74SC0380,1,1,R,5.1000,-9,,3617,675,28,,4.5000,1100,105.0,20.0,186,0.7000,,175,3.8000,,359,0.2000,,,48,13,48,1.0000,11.0,10.3,35.29,35.33,,,,,,,,,,
HH,SCOWCGFS,4,GB-SCT,748S,GOV,97,I2,P,381,381,2017,11,21,1547,R2Q4,30,D,56.4940,-8.5100,56.4830,-8.4570,41E1,154,V,74SC0381,1,1,R,4.8000,-9,,3745,500,28,,4.5000,1100,103.0,20.0,186,0.7000,,95,3.8000,,45,0.2000,,,15,12,12,1.5000,11.5,11.2,35.08,35.27,,,,,,,,,,
HH,SCOWCGFS,4,GB-SCT,748S,GOV,47,I2,P,382,382,2017,11,22,0750,R2Q4,30,D,55.5130,-7.0370,55.5180,-6.9820,40E2,77,V,74SC0382,1,1,R,5.2000,-9,,3650,272,28,,4.5000,1100,73.0,18.0,186,0.7000,,78,3.8000,,82,0.4000,,,359,7,359,0.5000,11.6,11.6,34.84,34.83,,,,,,,,,,
HH,SCOWCGFS,4,GB-SCT,748S,GOV,47,I2,P,383,383,2017,11,22,1029,R2Q4,30,D,55.3760,-6.7170,55.3810,-6.7700,39E3,78,V,74SC0383,1,1,R,6.7000,-9,,3606,265,28,,4.5000,1100,69.0,17.0,186,0.7000,,280,3.7000,,90,0.9000,,,350,8,350,0.5000,11.8,11.7,34.55,34.73,,,,,,,,,,
HH,SCOWCGFS,4,GB-SCT,748S,GOV,97,I2,P,384,384,2017,11,22,1415,B2Q4,30,D,55.4990,-6.0070,55.5170,-5.9610,39E3,92,V,74SC0384,1,1,R,5.3000,-9,,3824,270,28,,4.5000,1100,77.0,18.0,186,0.7000,,65,3.8000,,333,0.4000,,,351,7,330,0.5000,12.0,12.1,34.03,34.12,,,,,,,,,,
HH,SCOWCGFS,4,GB-SCT,748S,GOV,97,I2,P,385,385,2017,11,24,1104,CLQ4,18,D,55.6760,-5.0840,55.6640,-5.0590,40E4,161,V,,1,1,R,4.3000,-9,,2244,500,28,,4.5000,1100,89.0,24.0,186,0.7000,,135,3.8000,,184,0.1000,,,278,9,270,0.5000,,,,,,,,,,,,,,
HH,SCOWCGFS,1,GB-SCT,748S,GOV,97,I2,P,79,79,2019,2,18,1306,R1Q1,30,D,59.9130,-4.4210,59.8830,-4.4210,48E5,140,V,74SC0061,1,1,R,4.8000,-9,,3368,450,28,,4.5000,1100,100.0,20.0,186,0.7000,,185,3.7000,,250,0.2000,,,180,17,180,2.3000,9.1,9.1,35.30,35.30,,,,,,,,,,
HH,SCOWCGFS,4,GB-SCT,748S,GOV,97,I2,P,409,409,2016,11,24,1255,R2Q4,15,D,56.1290,-8.6700,56.1160,-8.6870,41E1,123,V,74SC0425,1,1,R,5.6000,-9,,1784,385,28,,4.5000,1100,98.0,18.0,186,0.7000,,220,3.9000,,341,0.1000,,,205,4,280,0.5000,11.3,10.8,35.11,35.28,,,,,,,,,,
HH,SCOWCGFS,4,GB-SCT,748S,GOV,97,I2,P,410,410,2016,11,24,1504,R2Q4,15,D,55.8990,-8.6360,55.8850,-8.6500,40E1,128,V,74SC0426,1,1,R,5.8000,-9,,1770,395,28,,4.5000,1100,96.0,18.0,186,0.7000,,212,3.9000,,332,0.2000,,,210,4,217,0.2000,11.2,10.7,35.15,35.35,,,,,,,,,,
HH,SCOWCGFS,4,GB-SCT,748S,GOV,47,I2,P,390,390,2019,11,11,0944,B1Q4,30,D,57.9710,-6.0820,57.9470,-6.1100,44E3,50,V,74SC0446,1,1,R,5.9000,-9,,3243,205,28,,4.5000,1100,62.0,18.0,186,0.7000,,210,3.5000,,309,0.2000,,,5,8,5,0.5000,11.7,11.7,34.41,34.42,,,,,,,,,,
HH,SCOWCGFS,4,GB-SCT,748S,GOV,97,I2,P,389,389,2019,11,11,0744,B1Q4,30,D,58.0580,-5.7410,58.0290,-5.7610,45E4,115,V,74SC0445,1,1,R,4.5000,-9,,3437,375,28,,4.5000,1100,90.0,21.0,186,0.7000,,202,3.7000,,27,0.4000,,,79,9,20,1.0000,11.8,12.2,34.44,34.62,,,,,,,,,,
HH,SCOWCGFS,4,GB-SCT,748S,GOV,47,I2,P,391,391,2019,11,11,1146,B1Q4,20,D,57.8290,-6.3860,57.8190,-6.4220,44E3,82,V,74SC0447,1,1,R,5.1000,-9,,2352,270,28,,4.5000,1100,69.0,21.0,186,0.7000,,265,3.9000,,261,0.9000,,,333,10,330,0.5000,12.0,12.0,34.41,34.41,,,,,,,,,,
HH,SCOWCGFS,4,GB-SCT,748S,GOV,97,I2,P,392,392,2019,11,11,1407,B1Q4,16,D,57.6190,-6.7240,57.6030,-6.7270,44E3,148,V,74SC0448,1,1,R,4.4000,-9,,1801,490,28,,4.5000,1100,90.0,23.0,186,0.7000,,185,3.7000,,225,0.2000,,,331,11,330,0.5000,12.0,12.0,34.45,34.48,,,,,,,,,,
HH,SCOWCGFS,4,GB-SCT,748S,GOV,97,I2,P,381,381,2019,11,9,0732,G1Q4,30,D,58.3370,-7.3750,58.3060,-7.3720,45E2,89,V,74SC0439,1,1,R,5.8000,-9,,3528,307,28,,4.5000,1100,84.0,17.0,186,0.7000,,182,3.8000,,6,0.4000,,,120,11,50,3.0000,11.4,11.6,34.94,35.09,,,,,,,,,,
HH,SCOWCGFS,4,GB-SCT,748S,GOV,97,I2,P,376,376,2019,11,7,1500,G1Q4,30,D,58.6670,-4.2080,58.6650,-4.2680,46E5,90,V,74SC0434,1,1,R,5.6000,-9,,3514,300,28,,4.5000,1100,84.0,18.0,186,0.7000,,270,3.8000,,63,0.2000,,,62,11,50,2.5000,11.3,11.5,34.55,35.03,,,,,,,,,,
HH,SCOWCGFS,4,GB-SCT,748S,GOV,97,I2,P,377,377,2019,11,8,0726,G1Q4,30,D,58.7310,-6.3520,58.7580,-6.3740,46E3,120,V,74SC0435,1,1,R,5.5000,-9,,3253,390,28,,4.5000,1100,90.0,18.0,186,0.7000,,342,3.5000,,134,0.1000,,,34,10,30,2.5000,11.4,10.5,34.94,35.30,,,,,,,,,,
HH,SCOWCGFS,4,GB-SCT,748S,GOV,47,I2,P,375,375,2019,11,7,1215,G1Q4,16,D,58.8920,-4.5730,58.8980,-4.5420,46E5,79,V,74SC0433,1,1,R,5.7000,-9,,1884,265,28,,4.5000,1100,67.0,18.0,186,0.7000,,70,3.7000,,273,0.4000,,,60,16,70,1.5000,11.2,11.7,34.56,34.76,,,,,,,,,,
HH,SCOWCGFS,4,GB-SCT,748S,GOV,97,I2,P,378,378,2019,11,8,0935,G1Q4,30,D,58.9110,-6.6900,58.9410,-6.6710,46E3,140,V,74SC0436,1,1,R,5.2000,-9,,3489,450,28,,4.5000,1100,100.0,20.0,186,0.7000,,25,3.8000,,278,0.3000,,,40,8,35,3.0000,11.4,10.5,34.96,35.30,,,,,,,,,,
HH,SCOWCGFS,4,GB-SCT,748S,GOV,97,I2,P,379,379,2019,11,8,1210,G1Q4,15,D,58.9550,-7.0360,58.9620,-7.0630,46E2,189,V,74SC0437,1,1,R,5.3000,-9,,1723,600,28,,4.5000,1100,99.0,18.0,186,0.7000,,300,3.7000,,83,0.4000,,,62,6,60,2.2000,11.2,10.2,35.11,35.32,,,,,,,,,,
HH,SCOWCGFS,4,GB-SCT,748S,GOV,97,I2,P,374,374,2019,11,7,0928,G1Q4,30,D,59.2320,-4.7140,59.2020,-4.7020,47E5,116,V,,1,1,R,5.5000,-9,,3424,380,28,,4.5000,1100,92.0,18.0,186,0.7000,,160,3.7000,,8,0.1000,,,65,11,30,2.5000,,,,,,,,,,,,,,
HH,SCOWCGFS,4,GB-SCT,748S,GOV,97,I2,P,368,368,2019,11,5,1527,G1Q4,30,D,59.2910,-5.1440,59.2650,-5.1060,47E4,125,V,74SC0427,1,1,R,5.7000,-9,,3584,410,28,,4.5000,1100,90.0,18.0,186,0.7000,,141,3.8000,,27,0.2000,,,30,6,10,2.0000,11.3,10.9,35.11,35.25,,,,,,,,,,
HH,SCOWCGFS,4,GB-SCT,748S,GOV,97,I2,P,373,373,2019,11,7,0728,G1Q4,30,D,59.2940,-4.3130,59.2820,-4.3680,47E5,95,V,74SC0432,1,1,R,5.6000,-9,,3438,330,28,,4.5000,1100,88.0,18.0,186,0.7000,,246,3.7000,,350,0.2000,,,80,11,60,2.5000,11.2,11.2,35.06,35.07,,,,,,,,,,
HH,SCOWCGFS,4,GB-SCT,748S,GOV,97,I2,P,387,387,2019,11,10,1251,R1Q4,30,D,58.0510,-8.6740,58.0740,-8.6330,45E1,140,V,74SC0444,1,1,R,5.1000,-9,,3535,450,28,,4.5000,1100,100.0,19.0,186,0.7000,,45,3.8000,,217,0.4000,,,148,14,150,2.8000,11.0,10.2,35.14,35.33,,,,,,,,,,
HH,SCOWCGFS,4,GB-SCT,748S,GOV,97,I2,P,388,388,2019,11,10,1521,R1Q4,20,D,58.1810,-8.9050,58.1650,-8.9220,45E1,200,V,,1,1,R,5.1000,-9,,2110,630,28,,4.5000,1100,106.0,21.0,186,0.7000,,209,3.4000,,223,0.3000,,,144,23,260,5.5000,,,,,,,,,,,,,,
HH,SCOWCGFS,4,GB-SCT,748S,GOV,97,I2,P,383,383,2019,11,9,1321,R1Q4,30,D,58.4380,-8.4180,58.4170,-8.4610,45E1,206,V,,1,1,R,4.8000,-9,,3444,640,28,,4.5000,1100,106.0,,186,0.7000,,220,3.7000,,152,0.1000,,,137,12,100,3.0000,,,,,,,,,,,,,,
HH,SCOWCGFS,4,GB-SCT,748S,GOV,97,I2,P,384,384,2019,11,9,1535,R1Q4,30,D,58.5360,-8.6280,58.5180,-8.6750,46E1,440,V,74SC0441,1,1,R,4.6000,-9,,3373,1320,28,,4.5000,1100,115.0,21.0,186,0.7000,,231,3.7000,,275,0.4000,,,136,12,80,2.5000,11.1,9.9,35.26,35.33,,,,,,,,,,
HH,SCOWCGFS,4,GB-SCT,748S,GOV,97,I2,P,382,382,2019,11,9,1049,R1Q4,30,D,58.5630,-8.0120,58.5450,-8.0610,46E1,184,V,74SC0440,1,1,R,5.1000,-9,,3465,570,28,,4.5000,1100,105.0,20.0,186,0.7000,,234,3.7000,,179,0.4000,,,130,13,70,3.0000,11.1,10.0,34.93,35.34,,,,,,,,,,
HH,SCOWCGFS,4,GB-SCT,748S,GOV,97,I2,P,380,380,2019,11,8,1423,R1Q4,30,D,58.9730,-7.4380,58.9480,-7.4740,46E2,197,V,74SC0438,1,1,R,5.2000,-9,,3464,600,28,,4.5000,1100,103.0,20.0,186,0.7000,,225,3.7000,,106,0.6000,,,105,7,80,2.2000,11.2,9.5,35.16,35.31,,,,,,,,,,
HH,SCOWCGFS,4,GB-SCT,748S,GOV,97,I2,P,371,371,2019,11,6,1212,R1Q4,30,D,59.4370,-6.5080,59.4080,-6.5310,47E3,235,V,74SC0430,1,1,R,5.1000,-9,,3451,720,28,,4.5000,1100,106.0,21.0,186,0.7000,,205,3.7000,,293,0.2000,,,51,9,40,1.5000,11.1,10.3,35.17,35.32,,,,,,,,,,
HH,SCOWCGFS,4,GB-SCT,748S,GOV,97,I2,P,370,370,2019,11,6,0938,R1Q4,25,D,59.6170,-6.2050,59.5950,-6.2400,48E3,247,V,74SC0429,1,1,R,4.6000,-9,,3070,780,28,,4.5000,1100,103.0,22.0,186,0.7000,,218,3.9000,,230,0.4000,,,15,6,10,1.5000,11.2,9.9,35.16,35.33,,,,,,,,,,
HH,SCOWCGFS,4,GB-SCT,748S,GOV,97,I2,P,365,365,2019,11,5,0731,R1Q4,30,D,59.9890,-4.5030,60.0190,-4.4950,48E5,149,V,74SC0424,1,1,R,5.2000,-9,,3411,477,28,,4.5000,1100,99.0,20.0,186,0.7000,,12,3.7000,,197,0.2000,,,15,10,1,3.0000,10.5,10.7,35.28,35.19,,,,,,,,,,
HH,SCOWCGFS,4,GB-SCT,748S,GOV,97,I2,P,386,386,2019,11,10,1008,R1Q4,30,D,57.7880,-8.8990,57.8200,-8.8940,44E1,139,V,74SC0443,1,1,R,5.0000,-9,,3527,465,28,,4.5000,1100,105.0,19.0,186,0.7000,,9,3.8000,,144,0.5000,,,150,13,260,5.5000,11.2,10.4,35.14,35.31,,,,,,,,,,
HH,SCOWCGFS,4,GB-SCT,748S,GOV,97,I2,P,385,385,2019,11,10,0737,G2Q4,30,D,57.6410,-8.4310,57.6170,-8.4670,44E1,152,V,74SC0442,1,1,R,5.0000,-9,,3452,475,28,,4.5000,1100,100.0,20.0,186,0.7000,,207,3.7000,,101,0.1000,,,150,13,130,3.5000,11.6,10.2,35.00,35.31,,,,,,,,,,
HH,SCOWCGFS,4,GB-SCT,748S,GOV,97,I2,P,397,397,2019,11,13,0949,G2Q4,30,D,57.0760,-8.4860,57.0460,-8.4860,43E1,140,V,74SC0453,1,1,R,5.1000,-9,,3338,460,28,,4.5000,1100,96.0,20.0,186,0.7000,,180,3.6000,,180,0.5000,,,123,13,290,4.0000,11.5,10.3,34.93,35.30,,,,,,,,,,
HH,SCOWCGFS,4,GB-SCT,748S,GOV,97,I2,P,353,353,2017,11,14,0734,G1Q4,30,D,58.7000,-4.1110,58.7250,-4.1430,46E5,105,V,74SC0353,1,1,R,5.6000,-9,,3564,350,28,,4.5000,1100,89.0,18.0,186,0.7000,,320,3.7000,,131,0.2000,,,274,12,270,1.0000,11.4,11.6,34.78,34.86,,,,,,,,,,
HH,SCOWCGFS,4,GB-SCT,748S,GOV,97,I2,P,354,354,2017,11,14,1028,G1Q4,30,D,58.8890,-4.5870,58.9050,-4.5370,46E5,81,V,74SC0354,1,1,R,5.7000,-9,,3743,270,28,,4.5000,1100,81.0,17.0,186,0.7000,,56,3.7000,,253,0.3000,,,270,11,260,1.0000,11.3,11.4,34.88,34.88,,,,,,,,,,
HH,SCOWCGFS,4,GB-SCT,748S,GOV,47,I2,P,355,355,2017,11,14,1309,G1Q4,30,D,58.9470,-4.1300,58.9770,-4.1440,46E5,50,V,74SC0355,1,1,R,6.4000,-9,,3518,190,28,,4.5000,1100,57.0,16.0,186,0.7000,,338,3.8000,,206,0.3000,,,253,14,260,2.0000,11.2,11.3,35.00,35.00,,,,,,,,,,
HH,SCOWCGFS,4,GB-SCT,748S,GOV,97,I2,P,356,356,2017,11,14,1519,G1Q4,30,D,59.1360,-4.1040,59.1560,-4.1450,47E5,95,V,74SC0356,1,1,R,5.9000,-9,,3496,310,28,,4.5000,1100,81.0,17.0,186,0.7000,,306,3.5000,,110,0.2000,,,260,15,260,1.5000,11.3,11.3,35.11,35.12,,,,,,,,,,
HH,SCOWCGFS,4,GB-SCT,748S,GOV,97,I2,P,357,357,2017,11,15,0736,R1Q4,30,D,59.8650,-5.0040,59.8470,-5.0520,48E4,160,V,74SC0357,1,1,R,5.0000,-9,,3626,510,28,,4.5000,1100,101.0,19.0,186,0.7000,,250,3.6000,,332,0.2000,,,278,10,278,1.5000,10.9,10.5,35.21,35.27,,,,,,,,,,
HH,SCOWCGFS,4,GB-SCT,748S,GOV,97,I2,P,358,358,2017,11,15,0947,R1Q4,30,D,59.8890,-4.6540,59.8960,-4.5950,48E5,125,V,74SC0358,1,1,R,5.2000,-9,,3629,413,28,,4.5000,1100,95.0,19.0,186,0.7000,,75,3.7000,,248,0.2000,,,290,5,290,1.0000,10.7,10.5,35.23,35.27,,,,,,,,,,
HH,SCOWCGFS,4,GB-SCT,748S,GOV,97,I2,P,359,359,2017,11,15,1226,R1Q4,16,D,60.1040,-4.5820,60.1160,-4.5570,49E5,273,V,74SC0359,1,1,R,4.5000,-9,,2030,870,28,,4.5000,1100,112.0,20.0,186,0.7000,,56,3.9000,,322,0.1000,,,220,11,230,2.5000,10.3,10.1,35.25,35.33,,,,,,,,,,
HH,SCOWCGFS,1,GB-SCT,748S,GOV,97,I2,P,64,64,2014,2,18,0659,G1Q1,30,D,59.2400,-4.5780,59.2680,-4.5880,47E5,85,V,74SC0053,1,1,R,4.8000,-9,,3392,285,28,,4.5000,1100,85.0,18.0,186,0.7000,,344,3.6000,,19,0.0000,,,60,14,20,2.0000,,,35.17,35.17,,,,,,,,,,
HH,SCOWCGFS,1,GB-SCT,748S,GOV,97,I2,P,65,65,2014,2,18,0943,WSQ1,20,D,59.3710,-4.9700,59.3850,-4.9440,47E5,130,V,74SC0054,1,1,R,4.8000,-9,,2293,435,28,,4.5000,1100,96.0,21.0,186,0.7000,,42,3.5000,,286,0.1000,,,83,11,30,2.0000,,,35.25,35.25,,,,,,,,,,
HH,SCOWCGFS,1,GB-SCT,748S,GOV,97,I2,P,66,66,2014,2,18,1238,WSQ1,30,D,59.4990,-4.4180,59.5300,-4.4190,47E5,100,V,74SC0055,1,1,R,4.8000,-9,,3401,330,28,,4.5000,1100,91.0,19.0,186,0.7000,,5,3.7000,,113,0.1000,,,80,13,70,2.5000,,,35.29,35.30,,,,,,,,,,
HH,SCOWCGFS,1,GB-SCT,748S,GOV,97,I2,P,67,67,2014,2,18,1518,WSQ1,30,D,59.7560,-4.4360,59.7850,-4.4290,48E5,115,V,74SC0056,1,1,R,4.7000,-9,,3394,375,28,,4.5000,1100,94.0,20.0,186,0.7000,,20,3.6000,,267,0.1000,,,70,8,50,2.0000,,,35.32,35.32,,,,,,,,,,
HH,SCOWCGFS,1,GB-SCT,748S,GOV,97,I2,P,68,68,2014,2,18,1730,WSQ1,30,D,59.8730,-4.1640,59.8970,-4.1310,48E5,135,V,74SC0057,1,1,R,5.1000,-9,,3459,420,28,,4.5000,1100,95.0,20.0,186,0.7000,,50,3.6000,,45,0.1000,,,55,10,45,2.0000,,,35.33,35.33,,,,,,,,,,
HH,SCOWCGFS,1,GB-SCT,748S,GOV,97,I2,P,69,69,2014,2,19,0647,R1Q1,30,D,59.7940,-4.8660,59.7780,-4.9150,48E5,130,V,74SC0058,1,1,R,5.2000,-9,,3326,430,28,,4.5000,1100,99.0,19.0,186,0.7000,,236,3.6000,,193,0.1000,,,117,8,50,1.5000,,,35.32,35.31,,,,,,,,,,
HH,SCOWCGFS,4,GB-SCT,748S,GOV,97,I2,P,366,366,2017,11,17,0950,LBQ4,30,D,57.0690,-7.0580,57.0990,-7.0380,43E2,142,V,74SC0366,1,1,R,4.9000,-9,,3584,450,28,,4.5000,1100,89.0,20.0,186,0.7000,,16,3.8000,,217,0.3000,,,264,11,260,1.0000,11.9,12.0,34.62,35.17,,,,,,,,,,
HH,SCOWCGFS,4,GB-SCT,748S,GOV,47,I2,P,367,367,2017,11,17,1240,LBQ4,15,D,57.1290,-6.5880,57.1440,-6.5840,43E3,78,V,74SC0367,1,1,R,5.3000,-9,,1789,240,28,,4.5000,1100,72.0,20.0,186,0.7000,,2,3.7000,,298,0.0000,,,270,15,270,1.5000,11.8,12.3,34.62,34.96,,,,,,,,,,
HH,SCOWCGFS,4,GB-SCT,748S,GOV,97,I2,P,368,368,2017,11,18,0746,G1Q4,30,D,58.7850,-6.1930,58.8030,-6.2380,46E3,118,V,74SC0368,1,1,R,5.4000,-9,,3595,385,28,,4.5000,1100,94.0,19.0,186,0.7000,,300,3.6000,,62,0.2000,,,318,20,318,2.0000,11.1,11.1,35.65,35.05,,,,,,,,,,
HH,SCOWCGFS,4,GB-SCT,748S,GOV,97,I2,P,369,369,2017,11,18,1019,G1Q4,30,D,58.7570,-5.7720,58.7690,-5.7170,46E4,110,V,74SC0369,1,1,R,5.2000,-9,,3726,360,28,,4.5000,1100,93.0,19.0,186,0.7000,,59,3.7000,,277,0.2000,,,298,10,298,2.0000,11.3,11.3,34.96,34.96,,,,,,,,,,
HH,SCOWCGFS,4,GB-SCT,748S,GOV,97,I2,P,370,370,2017,11,18,1349,G1Q4,30,D,59.0050,-5.9230,59.0250,-5.9660,47E4,81,V,74SC0370,1,1,R,5.3000,-9,,3641,270,28,,4.5000,1100,84.0,18.0,186,0.7000,,315,3.7000,,197,0.2000,,,310,15,310,3.0000,10.9,10.9,35.13,35.13,,,,,,,,,,
HH,SCOWCGFS,4,GB-SCT,748S,GOV,97,I2,P,371,371,2017,11,18,1615,G1Q4,30,D,59.0800,-5.5830,59.0860,-5.5250,47E4,82,V,74SC0371,1,1,R,5.6000,-9,,3604,270,28,,4.5000,1100,80.0,17.0,186,0.7000,,60,3.7000,,138,0.2000,,,328,17,329,2.0000,10.9,10.8,35.07,35.10,,,,,,,,,,
HH,SCOWCGFS,4,GB-SCT,748S,GOV,97,I2,P,372,372,2017,11,19,0745,WSQ4,30,D,59.3040,-5.8920,59.3020,-5.9520,47E4,96,V,74SC0372,1,1,R,5.5000,-9,,3477,315,28,,4.5000,1100,87.0,17.0,186,0.7000,,270,3.7000,,65,0.4000,,,336,5,335,0.5000,10.7,10.5,35.17,35.19,,,,,,,,,,
HH,SCOWCGFS,4,GB-SCT,748S,GOV,97,I2,P,373,373,2017,11,19,0953,WSQ4,30,D,59.4340,-6.1110,59.4100,-6.1530,47E3,152,V,74SC0373,1,1,R,5.0000,-9,,3760,480,28,,4.5000,1100,101.0,20.0,186,0.7000,,235,3.9000,,68,0.3000,,,292,4,290,0.5000,10.7,10.7,35.23,35.24,,,,,,,,,,
HH,SCOWCGFS,4,GB-SCT,748S,GOV,97,I2,P,374,374,2017,11,19,1238,WSQ4,30,D,59.2600,-6.3830,59.2530,-6.4440,47E3,159,V,74SC0374,1,1,R,5.0000,-9,,3757,500,28,,4.5000,1100,102.0,20.0,186,0.7000,,254,3.8000,,295,0.1000,,,303,4,300,1.2000,10.5,10.5,35.24,35.24,,,,,,,,,,
HH,SCOWCGFS,4,GB-SCT,748S,GOV,97,I2,P,375,375,2017,11,19,1500,R1Q4,30,D,59.2550,-6.8110,59.2370,-6.8610,47E3,285,V,74SC0375,1,1,R,4.8000,-9,,3750,855,28,,4.5000,1100,110.0,21.0,186,0.7000,,240,3.7000,,96,0.2000,,,355,3,355,0.2000,10.7,10.3,35.24,35.34,,,,,,,,,,
HH,SCOWCGFS,4,GB-SCT,748S,GOV,97,I2,P,376,376,2017,11,20,0734,R1Q4,30,D,59.1930,-7.1400,59.1780,-7.1920,47E2,400,V,74SC0376,1,1,R,4.5000,-9,,3705,1200,28,,4.5000,1100,114.0,21.0,186,0.7000,,240,3.6000,,72,0.5000,,,85,18,85,1.5000,10.4,9.8,35.29,35.31,,,,,,,,,,
HH,SCOWCGFS,4,GB-SCT,748S,GOV,97,I2,P,377,377,2017,11,20,1017,R1Q4,30,D,58.9660,-7.4510,58.9420,-7.4870,46E2,200,V,74SC0377,1,1,R,4.9000,-9,,3630,680,28,,4.5000,1100,111.0,20.0,186,0.7000,,195,3.7000,,5,0.1000,,,65,17,85,2.0000,10.6,10.5,35.27,35.31,,,,,,,,,,
HH,SCOWCGFS,4,GB-SCT,748S,GOV,97,I2,P,378,378,2017,11,20,1319,R1Q4,30,D,58.7270,-7.6650,58.7030,-7.7070,46E2,205,V,74SC0378,1,1,R,4.9000,-9,,3794,640,28,,4.5000,1100,104.0,20.0,186,0.7000,,214,3.9000,,21,0.4000,,,85,15,90,2.5000,10.7,10.6,35.24,35.29,,,,,,,,,,
HH,SCOWCGFS,4,GB-SCT,748S,GOV,97,I2,P,379,379,2017,11,20,1545,R1Q4,30,D,58.5900,-7.9710,58.5730,-8.0210,46E2,200,V,74SC0379,1,1,R,4.8000,-9,,3783,630,28,,4.5000,1100,106.0,20.0,186,0.7000,,240,3.8000,,100,0.3000,,,80,19,80,2.0000,10.7,10.6,35.26,35.32,,,,,,,,,,
HH,SCOWCGFS,4,GB-SCT,748S,GOV,97,I2,P,392,392,2017,11,26,1009,G2Q4,30,D,57.1120,-8.5910,57.0890,-8.5540,43E1,127,V,,1,1,R,5.2000,-9,,3641,400,28,,4.5000,1100,96.0,19.0,186,0.7000,,140,3.7000,,270,0.1000,,,284,8,280,1.0000,,,,,,,,,,,,,,
HH,SCOWCGFS,4,GB-SCT,748S,GOV,97,I2,P,393,393,2017,11,26,1201,R2Q4,30,D,56.9250,-8.6070,56.8930,-8.6140,42E1,136,V,74SC0391,1,1,R,4.9000,-9,,3605,435,28,,4.5000,1100,100.0,20.0,186,0.7000,,190,3.8000,,293,0.1000,,,220,8,300,2.0000,10.8,10.9,35.20,35.25,,,,,,,,,,
HH,SCOWCGFS,4,GB-SCT,748S,GOV,97,I2,P,394,394,2017,11,26,1413,R2Q4,30,D,56.7770,-8.7790,56.7520,-8.7460,42E1,124,V,74SC0392,1,1,R,5.0000,-9,,3556,405,28,,4.5000,1100,98.0,19.0,186,0.7000,,150,3.7000,,198,0.2000,,,200,16,300,2.0000,10.9,11.1,35.11,35.25,,,,,,,,,,
HH,SCOWCGFS,4,GB-SCT,748S,GOV,47,I2,P,457,457,2018,11,25,1548,CLQ4,21,D,55.3050,-5.1840,55.2860,-5.2030,39E4,50,V,74SC0521,1,1,R,5.2000,-9,,2429,165,28,,4.5000,1100,63.0,20.0,186,0.7000,,196,3.7000,,232,0.3000,,,64,12,190,1.0000,11.1,11.6,33.67,34.00,,,,,,,,,,
HH,SCOWCGFS,1,GB-SCT,748S,GOV,110,I2,P,112,43,2012,3,3,0845,B1Q1,30,D,56.1388,-8.0380,56.1192,-8.0118,41E1,110,V,74SC0099,1,1,C,5.0000,-9,,2758,360,28,,4.5000,1100,94.0,19.0,186,0.7000,,146,3.0000,3.0000,315,0.1000,,,157,21,157,3.0000,,,,,,,,,,,,,,
HH,SCOWCGFS,1,GB-SCT,748S,GOV,110,I2,P,113,44,2012,3,3,1218,LBQ1,30,D,56.3935,-7.6345,56.3688,-7.6123,41E2,160,V,,1,1,C,4.6000,-9,,3076,510,28,,4.5000,1100,106.0,19.0,186,0.7000,,165,3.3000,3.3000,320,0.2000,,,157,26,157,3.0000,,,,,,,,,,,,,,
HH,SCOWCGFS,1,GB-SCT,748S,GOV,110,I2,P,94,25,2012,2,26,1016,R3Q1,15,D,54.8538,-9.9798,54.8418,-9.9892,38E0,117,V,74SC0081,1,1,C,4.7000,-9,,1465,390,28,,4.5000,1100,96.0,19.0,186,0.7000,,205,3.2000,3.2000,129,0.3000,,,205,13,240,1.5000,,,,,,,,,,,,,,
HH,SCOWCGFS,1,GB-SCT,748S,GOV,110,I2,P,95,26,2012,2,26,1227,G2Q1,30,D,54.6363,-9.9687,54.6093,-9.9638,38E0,100,V,74SC0082,1,1,C,4.8000,-9,,3022,330,28,,4.5000,1100,92.0,19.0,186,0.7000,,182,3.3000,3.3000,175,0.2000,,,202,12,230,2.0000,,,,,,,,,,,,,,
HH,SCOWCGFS,1,GB-SCT,748S,GOV,110,I2,P,96,27,2012,2,26,1502,G2Q1,30,D,54.5645,-9.6182,54.5772,-9.5765,38E0,100,V,74SC0083,1,1,C,5.0000,-9,,3061,330,28,,4.5000,1100,88.0,17.0,186,0.7000,,63,3.3000,3.3000,87,0.3000,,,212,14,230,2.0000,,,,,,,,,,,,,,
HH,SCOWCGFS,1,GB-SCT,748S,GOV,110,I2,P,97,28,2012,2,26,1741,PQ1,30,D,54.5822,-8.9900,54.5878,-8.9422,38E1,85,V,74SC0084,1,1,C,5.1000,-9,,3210,270,28,,4.5000,1100,86.0,17.0,186,0.7000,,81,3.4000,3.4000,60,0.2000,,,228,8,250,2.0000,,,,,,,,,,,,,,
HH,SCOWCGFS,1,GB-SCT,748S,GOV,110,I2,P,98,29,2012,2,27,0820,R3Q1,30,D,56.1702,-8.8035,56.1415,-8.8075,41E1,130,V,74SC0085,1,1,C,4.3000,-9,,3192,270,28,,4.5000,1100,105.0,20.0,186,0.7000,,202,3.5000,3.5000,223,0.4000,,,234,17,210,2.5000,,,,,,,,,,,,,,
HH,SCOWCGFS,1,GB-SCT,748S,GOV,110,I2,P,99,30,2012,2,27,1104,R3Q1,22,D,55.9850,-8.5247,55.9762,-8.5562,40E1,135,V,74SC0086,1,1,C,4.9000,-9,,2209,435,28,,4.5000,1100,96.0,19.0,186,0.7000,,242,3.2000,3.2000,117,0.2000,,,235,16,240,3.0000,,,,,,,,,,,,,,
HH,SCOWCGFS,4,GB-SCT,748S,GOV,97,I2,P,469,469,2018,11,29,0806,G3Q4,30,D,56.2180,-7.2930,56.1980,-7.3330,41E2,95,V,74SC0531,1,1,R,5.3000,-9,,3335,300,28,,4.5000,1100,85.0,18.0,186,0.7000,,214,3.6000,,304,0.5000,,,171,15,210,4.0000,10.9,10.8,34.81,34.87,,,,,,,,,,
HH,SCOWCGFS,4,GB-SCT,748S,GOV,97,I2,P,470,470,2018,11,29,1014,G3Q4,30,D,56.1950,-7.6260,56.2240,-7.6160,41E2,113,V,74SC0532,1,1,R,5.0000,-9,,3305,360,28,,4.5000,1100,93.0,20.0,186,0.7000,,6,3.6000,,120,0.2000,,,175,10,210,3.5000,11.1,11.1,35.26,35.26,,,,,,,,,,
HH,SCOWCGFS,4,GB-SCT,748S,GOV,97,I2,P,471,471,2018,11,29,1225,LBQ4,30,D,56.4060,-7.6680,56.4360,-7.6700,41E2,160,V,74SC0533,1,1,R,4.5000,-9,,3318,500,28,,4.5000,1100,105.0,22.0,186,0.7000,,355,3.6000,,150,0.3000,,,213,11,200,4.0000,11.0,11.0,35.26,35.27,,,,,,,,,,
HH,SCOWCGFS,4,GB-SCT,748S,GOV,97,I2,P,472,472,2018,11,29,1453,LBQ4,30,D,56.5460,-7.3080,56.5650,-7.2680,42E2,118,V,74SC0534,1,1,R,4.7000,-9,,3261,390,28,,4.5000,1100,99.0,22.0,186,0.7000,,50,3.6000,,30,0.2000,,,200,14,210,4.0000,10.9,11.0,35.12,35.18,,,,,,,,,,
HH,SCOWCGFS,4,GB-SCT,748S,GOV,97,I2,P,416,416,2019,11,19,1236,R2Q4,30,D,55.0810,-9.7110,55.1080,-9.7390,39E0,122,V,74SC0469,1,1,R,5.2000,-9,,3485,390,28,,4.5000,1100,95.0,20.0,186,0.7000,,315,3.7000,,14,0.1000,,,220,13,160,2.8000,10.9,10.5,35.21,35.32,,,,,,,,,,
HH,SCOWCGFS,4,GB-SCT,748S,GOV,97,I2,P,419,419,2019,11,20,1024,R2Q4,17,D,55.1670,-8.7820,55.1630,-8.7560,39E1,88,I,74SC0472,0,0,R,5.5000,-9,,1717,295,28,,4.5000,1100,83.0,20.0,186,0.7000,,119,3.4000,,38,0.4000,,,141,15,180,2.5000,11.3,11.2,35.14,35.23,,,,,,,,,,
HH,SCOWCGFS,4,GB-SCT,748S,GOV,97,I2,P,417,417,2019,11,19,1453,R2Q4,30,D,55.1840,-9.9950,55.1550,-10.0120,39E0,250,V,74SC0470,1,1,R,4.9000,-9,,3389,780,28,,4.5000,1100,111.0,21.0,186,0.7000,,200,3.7000,,67,0.4000,,,190,11,240,5.0000,11.3,10.6,35.37,35.33,,,,,,,,,,
HH,SCOWCGFS,4,GB-SCT,748S,GOV,97,I2,P,418,418,2019,11,20,0753,R2Q4,30,D,55.1950,-9.2280,55.1700,-9.2580,39E0,110,V,74SC0471,1,1,R,5.3000,-9,,3468,360,28,,4.5000,1100,97.0,21.0,186,0.7000,,205,3.7000,,43,0.5000,,,140,12,240,4.0000,11.1,11.1,35.18,35.24,,,,,,,,,,
HH,SCOWCGFS,4,GB-SCT,748S,GOV,97,I2,P,420,420,2019,11,20,1311,R2Q4,30,D,55.5030,-8.8290,55.5310,-8.8050,40E1,98,V,74SC0473,1,1,R,5.1000,-9,,3471,310,28,,4.5000,1100,90.0,20.0,186,0.7000,,25,3.7000,,52,0.3000,,,145,11,240,2.8000,10.8,10.9,35.01,35.26,,,,,,,,,,
HH,SCOWCGFS,4,GB-SCT,748S,GOV,97,I2,P,421,421,2019,11,20,1533,R2Q4,30,D,55.7330,-8.7480,55.7640,-8.7380,40E1,103,V,74SC0474,1,1,R,5.3000,-9,,3420,345,28,,4.5000,1100,95.0,20.0,186,0.7000,,19,3.7000,,304,0.2000,,,145,13,190,3.0000,10.7,10.8,35.07,35.26,,,,,,,,,,
HH,SCOWCGFS,4,GB-SCT,748S,GOV,97,I2,P,399,399,2019,11,13,1509,R2Q4,30,D,56.5330,-8.2860,56.5270,-8.2320,42E1,162,V,74SC0455,1,1,R,4.7000,-9,,3434,525,28,,4.5000,1100,104.0,21.0,186,0.7000,,102,3.7000,,301,0.1000,,,89,7,290,4.0000,11.3,10.4,35.08,35.28,,,,,,,,,,
HH,SCOWCGFS,4,GB-SCT,748S,GOV,47,I2,P,405,405,2019,11,17,0745,R2Q4,30,D,55.4840,-7.3960,55.5110,-7.3740,39E2,57,I,74SC0460,0,0,R,5.8000,-9,,3326,215,28,,4.5000,1100,69.0,20.0,186,0.7000,,10,3.6000,,155,0.3000,,,355,13,330,4.5000,11.6,11.6,34.43,34.53,,,,,,,,,,
HH,SCOWCGFS,4,GB-SCT,748S,GOV,97,I2,P,422,422,2019,11,21,0833,R2Q4,30,D,55.8390,-9.0160,55.8690,-9.0060,40E0,140,V,74SC0475,1,1,R,5.0000,-9,,3351,450,28,,4.5000,1100,101.0,22.0,186,0.7000,,26,3.6000,,308,0.2000,,,115,18,120,4.5000,10.7,10.5,35.26,35.32,,,,,,,,,,
HH,SCOWCGFS,4,GB-SCT,748S,GOV,97,I2,P,427,427,2019,11,22,1242,R2Q4,30,D,56.1630,-8.0470,56.1610,-8.1030,41E1,116,V,74SC0480,1,1,R,5.0000,-9,,3432,375,28,,4.5000,1100,98.0,22.0,186,0.7000,,265,3.7000,,115,0.2000,,,84,9,120,1.8000,10.6,10.5,35.20,35.27,,,,,,,,,,
HH,SCOWCGFS,1,GB-SCT,748S,GOV,97,I2,P,139,139,2019,3,7,1026,LBQ1,30,D,56.8800,-7.0940,56.9100,-7.0830,42E2,137,V,74SC0114,1,1,R,4.6000,-9,,3423,445,28,,4.5000,1100,100.0,21.0,186,0.7000,,15,3.7000,,193,0.5000,,,356,18,358,2.0000,8.7,9.2,34.93,35.20,,,,,,,,,,
HH,SCOWCGFS,1,GB-SCT,748S,GOV,97,I2,P,140,140,2019,3,7,1243,LBQ1,30,D,56.7410,-7.0930,56.7200,-7.1340,42E2,182,V,74SC0115,1,1,R,4.2000,-9,,3493,575,28,,4.5000,1100,95.0,23.0,186,0.7000,,238,3.8000,,175,0.2000,,,347,14,10,1.5000,9.4,9.5,35.22,35.29,,,,,,,,,,
HH,SCOWCGFS,1,GB-SCT,748S,GOV,97,I2,P,141,141,2019,3,7,1650,LBQ1,30,D,56.2480,-7.2180,56.2380,-7.1640,41E2,98,V,74SC0116,1,1,R,5.2000,-9,,3593,320,28,,4.5000,1100,87.0,18.0,186,0.7000,,110,3.8000,,288,0.3000,,,340,15,340,1.7000,9.0,9.2,35.09,35.18,,,,,,,,,,
HH,SCOWCGFS,4,GB-SCT,748S,GOV,97,I2,P,423,423,2019,11,21,1146,R2Q4,30,D,56.3130,-9.0780,56.3440,-9.0710,41E0,156,V,74SC0476,1,1,R,5.0000,-9,,3422,490,28,,4.5000,1100,105.0,22.0,186,0.7000,,12,3.7000,,47,0.1000,,,130,17,150,4.5000,10.8,10.4,35.28,35.32,,,,,,,,,,
HH,SCOWCGFS,4,GB-SCT,748S,GOV,97,I2,P,424,424,2019,11,21,1422,R2Q4,30,D,56.5450,-8.8740,56.5740,-8.8980,42E1,140,V,74SC0477,1,1,R,5.0000,-9,,3465,440,28,,4.5000,1100,103.0,23.0,186,0.7000,,345,3.8000,,46,0.3000,,,128,20,140,4.5000,10.7,10.4,35.16,35.29,,,,,,,,,,
HH,SCOWCGFS,4,GB-SCT,748S,GOV,97,I2,P,396,396,2019,11,13,0743,R2Q4,30,D,57.1200,-8.8700,57.1000,-8.8290,43E1,137,V,74SC0452,1,1,R,5.2000,-9,,3315,440,28,,4.5000,1100,96.0,20.0,186,0.7000,,125,3.6000,,156,0.4000,,,103,9,340,3.5000,10.8,10.5,35.23,35.32,,,,,,,,,,
HH,SCOWCGFS,4,GB-SCT,748S,GOV,97,I2,P,398,398,2019,11,13,1226,R2Q4,30,D,56.8040,-8.3130,56.7800,-8.2780,42E1,134,V,74SC0454,1,1,R,5.3000,-9,,3468,430,28,,4.5000,1100,100.0,19.0,186,0.7000,,140,3.7000,,285,0.3000,,,103,13,300,3.0000,11.2,10.4,35.07,35.30,,,,,,,,,,
HH,SCOWCGFS,4,GB-SCT,748S,GOV,97,I2,P,400,400,2019,11,14,0733,B2Q4,29,D,56.2080,-5.9490,56.1970,-5.9950,41E4,103,V,74SC0456,1,1,R,4.3000,-9,,3212,350,28,,4.5000,1100,86.0,23.0,186,0.7000,,254,3.6000,,183,0.1000,,,348,8,330,0.5000,11.9,11.8,33.88,33.93,,,,,,,,,,
HH,SCOWCGFS,4,GB-SCT,748S,GOV,97,I2,P,401,401,2019,11,14,1218,B2Q4,30,D,55.5980,-5.9100,55.6270,-5.8900,40E4,107,V,74SC0457,1,1,R,4.4000,-9,,3491,350,28,,4.5000,1100,81.0,22.0,186,0.7000,,25,3.8000,,341,0.4000,,,15,7,20,0.5000,12.2,12.1,33.83,33.83,,,,,,,,,,
HH,SCOWCGFS,4,GB-SCT,748S,GOV,97,I2,P,402,402,2019,11,16,1122,CLQ4,15,D,55.5920,-4.9860,55.5860,-4.9660,40E5,125,V,74SC0458,1,1,R,4.8000,-9,,1463,350,28,,4.5000,1100,81.0,23.0,186,0.7000,,115,3.1000,,75,0.1000,,,350,4,350,0.1000,11.8,11.4,33.11,32.99,,,,,,,,,,
HH,SCOWCGFS,4,GB-SCT,748S,GOV,47,I2,P,403,403,2019,11,16,1330,CLQ4,30,D,55.3780,-4.9850,55.3630,-5.0340,39E5,60,V,,1,1,R,5.4000,-9,,3475,210,28,,4.5000,1100,64.0,17.0,186,0.7000,,240,3.8000,,54,0.4000,,,44,4,40,0.1000,,,,,,,,,,,,,,
HH,SCOWCGFS,1,GB-SCT,748S,GOV,97,I2,P,106,106,2015,3,2,0745,R3Q1,30,D,55.3000,-9.7810,55.2850,-9.8190,39E0,180,V,,1,1,R,5.2000,-9,,3139,540,28,,4.5000,1100,104.0,20.0,186,0.7000,,245,3.5000,,346,0.3000,,,295,23,90,5.0000,,,,,,,,,,,,,,
HH,SCOWCGFS,1,GB-SCT,748S,GOV,97,I2,P,107,107,2015,3,2,1113,R3Q1,30,D,54.9450,-9.6430,54.9290,-9.6860,38E0,100,I,,0,0,R,5.7000,-9,,3323,330,28,,4.5000,1100,92.0,18.0,186,0.7000,,246,3.6000,,303,0.3000,,,260,18,270,5.0000,,,,,,,,,,,,,,
HH,SCOWCGFS,1,GB-SCT,748S,GOV,110,I2,P,114,45,2012,3,3,1505,LBQ1,30,D,56.4485,-7.9347,56.4398,-7.9788,41E2,160,V,74SC0100,1,1,C,4.3000,-9,,2972,510,28,,4.5000,1100,101.0,22.0,186,0.7000,,250,3.1000,3.1000,110,0.2000,,,248,26,248,4.0000,,,,,,,,,,,,,,
HH,SCOWCGFS,1,GB-SCT,748S,GOV,97,I2,P,112,112,2018,2,24,1829,R3Q1,20,N,55.5670,-9.3330,55.5870,-9.3300,40E0,165,I,74SC0000,0,0,R,5.2000,-9,,2234,530,28,,4.5000,1100,103.0,23.0,186,0.7000,,10,3.7000,,0,0.6000,,,160,13,160,3.0000,,,,,,,,,,,,,,
HH,SCOWCGFS,1,GB-SCT,748S,GOV,97,I2,P,113,113,2018,2,25,0726,R3Q1,30,D,56.4340,-8.5600,56.4610,-8.5310,41E1,135,V,74SC0090,1,1,R,5.1000,-9,,3512,420,28,,4.5000,1100,105.0,23.0,186,0.7000,,50,3.8000,,270,0.4000,,,165,10,170,3.0000,8.8,8.8,35.24,35.24,,,,,,,,,,
HH,SCOWCGFS,1,GB-SCT,748S,GOV,97,I2,P,72,72,2016,2,17,0747,WSQ1,30,D,59.5810,-4.6110,59.5530,-4.6220,48E5,103,V,74SC0054,1,1,R,5.6000,-9,,3247,330,28,,4.5000,1100,90.0,19.0,186,0.7000,,195,3.5000,,254,0.2000,,,200,13,200,3.5000,8.6,8.6,35.12,35.13,,,,,,,,,,
HH,SCOWCGFS,1,GB-SCT,748S,GOV,97,I2,P,73,73,2016,2,17,1017,WSQ1,30,D,59.7710,-4.4260,59.7410,-4.4390,48E5,115,V,74SC0055,1,1,R,5.0000,-9,,3315,360,28,,4.5000,1100,94.0,21.0,186,0.7000,,195,3.6000,,140,0.1000,,,215,13,230,4.0000,8.8,8.8,35.23,35.23,,,,,,,,,,
HH,SCOWCGFS,1,GB-SCT,748S,GOV,97,I2,P,74,74,2016,2,17,1340,R1Q1,30,D,59.9710,-4.8840,59.9540,-4.9270,48E5,230,V,74SC0056,1,1,R,5.0000,-9,,3066,710,28,,4.5000,1100,111.0,21.0,186,0.7000,,230,3.3000,,280,0.3000,,,205,15,235,5.0000,9.3,9.3,35.31,35.31,,,,,,,,,,
HH,SCOWCGFS,1,GB-SCT,748S,GOV,97,I2,P,75,75,2016,2,17,1628,R1Q1,30,D,60.1250,-4.5360,60.1070,-4.5810,49E5,270,V,74SC0057,1,1,R,5.5000,-9,,3241,870,28,,4.5000,1100,119.0,,186,0.7000,,230,3.5000,,237,0.3000,,,200,14,230,4.0000,9.2,8.8,35.30,35.29,,,,,,,,,,
HH,SCOWCGFS,1,GB-SCT,748S,GOV,97,I2,P,76,76,2016,2,18,0745,G1Q1,30,D,59.2650,-4.8780,59.2550,-4.9300,47E5,109,V,74SC0058,1,1,R,5.2000,-9,,3245,360,28,,4.5000,1100,89.0,20.0,186,0.7000,,252,3.5000,,103,0.1000,,,233,11,250,3.0000,8.4,8.5,35.02,35.03,,,,,,,,,,
HH,SCOWCGFS,1,GB-SCT,748S,GOV,97,I2,P,77,77,2016,2,18,1020,WSQ1,30,D,59.3070,-5.4530,59.3060,-5.5110,47E4,105,V,74SC0059,1,1,R,5.1000,-9,,3316,340,28,,4.5000,1100,92.0,19.0,186,0.7000,,260,3.6000,,193,0.1000,,,199,16,250,4.0000,8.6,8.6,35.15,35.16,,,,,,,,,,
HH,SCOWCGFS,1,GB-SCT,748S,GOV,97,I2,P,78,78,2016,2,18,1308,WSQ1,26,D,59.2540,-6.0100,59.2440,-6.0580,47E3,100,V,74SC0060,1,1,R,5.4000,-9,,3009,330,28,,4.5000,1100,92.0,21.0,186,0.7000,,250,3.7000,,200,0.1000,,,20,10,240,5.0000,8.8,8.9,35.20,35.21,,,,,,,,,,
HH,SCOWCGFS,1,GB-SCT,748S,GOV,47,I2,P,79,79,2016,2,18,1536,G1Q1,30,D,59.0210,-5.9390,58.9920,-5.9310,47E4,79,V,74SC0061,1,1,R,5.3000,-9,,3279,260,28,,4.5000,1100,70.0,20.0,186,0.7000,,181,3.5000,,286,0.1000,,,250,6,260,4.0000,8.7,8.8,35.09,35.09,,,,,,,,,,
HH,SCOWCGFS,1,GB-SCT,748S,GOV,97,I2,P,80,80,2016,2,19,0747,R1Q1,30,D,59.4510,-6.2150,59.4350,-6.2620,47E3,160,V,74SC0062,1,1,R,4.8000,-9,,3197,510,28,,4.5000,1100,103.0,21.0,186,0.7000,,222,3.5000,,199,0.5000,,,180,15,190,4.0000,9.2,9.2,35.30,35.31,,,,,,,,,,
HH,SCOWCGFS,1,GB-SCT,748S,GOV,97,I2,P,81,81,2016,2,19,1003,R1Q1,30,D,59.3440,-6.5210,59.3170,-6.5060,47E3,201,V,74SC0063,1,1,R,4.7000,-9,,3150,620,28,,4.5000,1100,111.0,21.0,186,0.7000,,170,3.4000,,306,0.4000,,,170,21,190,5.0000,9.4,9.2,35.32,35.31,,,,,,,,,,
HH,SCOWCGFS,1,GB-SCT,748S,GOV,97,I2,P,82,82,2016,2,19,1333,R1Q1,30,D,59.1620,-6.7200,59.1330,-6.7190,47E3,145,V,74SC0064,1,1,R,5.2000,-9,,3167,450,28,,4.5000,1100,101.0,21.0,186,0.7000,,190,3.5000,,350,0.1000,,,250,18,250,5.0000,8.9,9.0,35.24,35.25,,,,,,,,,,
HH,SCOWCGFS,1,GB-SCT,748S,GOV,97,I2,P,83,83,2016,2,19,1632,G1Q1,30,D,58.8820,-6.6790,58.8770,-6.7330,46E3,140,V,74SC0065,1,1,R,5.1000,-9,,3203,450,28,,4.5000,1100,100.0,23.0,186,0.7000,,262,3.5000,,154,0.1000,,,260,18,260,3.0000,9.3,9.2,35.30,35.29,,,,,,,,,,
HH,SCOWCGFS,1,GB-SCT,748S,GOV,97,I2,P,84,84,2016,2,20,0737,B2Q1,30,D,58.5710,-5.9690,58.5810,-6.0190,46E4,110,V,74SC0066,1,1,R,5.3000,-9,,3147,360,28,,4.5000,1100,91.0,20.0,186,0.7000,,270,3.4000,,136,0.2000,,,250,21,270,5.0000,8.1,8.6,34.05,34.81,,,,,,,,,,
HH,SCOWCGFS,1,GB-SCT,748S,GOV,97,I2,P,85,85,2016,2,20,1043,B2Q1,20,D,58.2640,-5.9480,58.2470,-5.9630,45E4,103,V,74SC0067,1,1,R,4.1000,-9,,2105,330,28,,4.5000,1100,85.0,25.0,186,0.7000,,215,3.5000,,131,0.2000,,,250,18,260,2.5000,8.2,8.3,34.20,34.26,,,,,,,,,,
HH,SCOWCGFS,1,GB-SCT,748S,GOV,47,I2,P,86,86,2016,2,20,1257,B2Q1,30,D,58.1000,-6.0380,58.0730,-6.0580,45E3,70,V,74SC0068,1,1,R,5.3000,-9,,3280,250,28,,4.5000,1100,70.0,18.0,186,0.7000,,220,3.6000,,45,0.1000,,,250,21,250,1.0000,8.2,8.2,34.15,34.15,,,,,,,,,,
HH,SCOWCGFS,1,GB-SCT,748S,GOV,97,I2,P,87,87,2016,2,20,1638,B2Q1,30,D,57.6220,-6.0240,57.5940,-6.0260,44E3,150,V,74SC0069,1,1,R,4.0000,-9,,3228,450,28,,4.5000,1100,89.0,26.0,186,0.7000,,193,3.5000,,66,0.2000,,,265,21,260,2.0000,8.1,8.2,34.05,34.05,,,,,,,,,,
HH,SCOWCGFS,1,GB-SCT,748S,GOV,97,I2,P,88,88,2016,2,20,0745,LBQ1,30,D,56.8800,-7.3000,56.8810,-7.3550,42E2,190,V,74SC0070,1,1,R,4.3000,-9,,3368,600,28,,4.5000,1100,98.0,,186,0.7000,,274,3.6000,,317,0.2000,,,262,15,250,2.0000,8.0,9.4,34.16,35.11,,,,,,,,,,
HH,SCOWCGFS,1,GB-SCT,748S,GOV,97,I2,P,89,89,2016,2,21,1006,LBQ1,30,D,57.0650,-7.0530,57.0930,-7.0410,43E2,140,V,74SC0071,1,1,R,4.6000,-9,,3310,450,28,,4.5000,1100,88.0,23.0,186,0.7000,,15,3.6000,,262,0.1000,,,260,14,240,2.5000,8.0,9.4,34.15,35.10,,,,,,,,,,
HH,SCOWCGFS,1,GB-SCT,748S,GOV,97,I2,P,90,90,2016,2,21,1239,LBQ1,18,D,57.2580,-6.7320,57.2750,-6.7420,43E3,110,V,74SC0072,1,1,R,4.8000,-9,,1981,360,28,,4.5000,1100,98.0,22.0,186,0.7000,,330,3.6000,,95,0.1000,,,255,18,250,2.0000,7.9,8.5,34.02,34.59,,,,,,,,,,
HH,SCOWCGFS,1,GB-SCT,748S,GOV,97,I2,P,91,91,2016,2,21,1606,B2Q1,30,D,57.6260,-6.7270,57.5970,-6.7360,44E3,140,V,74SC0073,1,1,R,4.9000,-9,,3216,480,28,,4.5000,1100,94.0,22.0,186,0.7000,,210,3.5000,,330,0.4000,,,270,21,250,3.0000,8.1,8.3,34.03,34.03,,,,,,,,,,
HH,SCOWCGFS,1,GB-SCT,748S,GOV,97,I2,P,92,92,2016,2,22,0811,G1Q1,30,D,58.9040,-7.5320,58.9270,-7.4970,46E2,190,V,74SC0074,1,1,R,4.9000,-9,,3210,610,28,,4.5000,1100,105.0,19.0,186,0.7000,,27,3.5000,,340,0.1000,,,340,13,310,5.0000,9.3,9.4,35.32,35.32,,,,,,,,,,
HH,SCOWCGFS,1,GB-SCT,748S,GOV,97,I2,P,93,93,2016,2,22,1033,G1Q1,30,D,58.8070,-7.1360,58.8340,-7.1620,46E2,120,V,74SC0075,1,1,R,4.6000,-9,,3365,390,28,,4.5000,1100,97.0,22.0,186,0.7000,,341,3.7000,,48,0.1000,,,36,15,310,5.0000,9.2,9.2,35.32,35.31,,,,,,,,,,
HH,SCOWCGFS,1,GB-SCT,748S,GOV,97,I2,P,94,94,2016,2,22,1318,G1Q1,30,D,58.5760,-7.1350,58.6040,-7.1510,46E2,95,V,74SC0076,1,1,R,5.2000,-9,,3224,330,28,,4.5000,1100,92.0,19.0,186,0.7000,,350,3.5000,,340,0.1000,,,350,13,340,5.0000,8.8,8.8,35.24,35.25,,,,,,,,,,
HH,SCOWCGFS,1,GB-SCT,748S,GOV,97,I2,P,95,95,2016,2,22,1615,G1Q1,22,D,58.3100,-7.1410,58.3310,-7.1400,45E2,124,V,74SC0077,1,1,R,5.1000,-9,,2320,390,28,,4.5000,1100,96.0,22.0,186,0.7000,,355,3.5000,,42,0.1000,,,343,13,320,5.0000,7.6,7.8,34.74,34.80,,,,,,,,,,
HH,SCOWCGFS,1,GB-SCT,748S,GOV,97,I2,P,110,110,2014,3,3,1815,R3Q1,30,D,55.9780,-8.5410,55.9920,-8.4950,40E1,132,V,74SC0083,1,1,R,4.9000,-9,,3280,420,28,,4.5000,1100,100.0,21.0,186,0.7000,,50,3.6000,,315,0.1000,,,208,8,220,3.0000,,,35.35,35.35,,,,,,,,,,
HH,SCOWCGFS,1,GB-SCT,748S,GOV,97,I2,P,111,111,2014,3,4,0715,B1Q1,30,D,55.8220,-8.2790,55.8270,-8.3300,40E1,150,V,74SC0084,1,1,R,5.0000,-9,,3224,480,28,,4.5000,1100,100.0,20.0,186,0.7000,,282,3.4000,,145,0.0000,,,280,15,260,5.0000,,,35.33,35.33,,,,,,,,,,
HH,SCOWCGFS,1,GB-SCT,748S,GOV,47,I2,P,112,112,2014,3,4,1245,PQ1,30,D,55.5110,-6.9990,55.5100,-7.0510,40E3,70,V,74SC0085,1,1,R,5.6000,-9,,3290,240,28,,4.5000,1100,68.0,17.0,186,0.7000,,277,3.5000,,281,0.1000,,,250,10,280,3.0000,,,34.15,34.36,,,,,,,,,,
HH,SCOWCGFS,1,GB-SCT,748S,GOV,47,I2,P,113,113,2014,3,4,1513,PQ1,30,D,55.7420,-6.9920,55.7700,-7.0210,40E3,50,V,74SC0086,1,1,R,5.8000,-9,,3637,175,28,,4.5000,1100,58.0,17.0,186,0.7000,,320,4.0000,,104,0.1000,,,280,10,250,2.0000,,,34.03,34.03,,,,,,,,,,
HH,SCOWCGFS,1,GB-SCT,748S,GOV,97,I2,P,114,114,2018,2,25,1049,G1Q1,16,D,56.7960,-8.0300,56.8120,-8.0300,42E1,126,V,74SC0091,1,1,R,5.4000,-9,,1756,400,28,,4.5000,1100,96.0,21.0,186,0.7000,,2,3.7000,,25,0.4000,,,150,15,160,3.0000,8.4,8.4,35.08,35.09,,,,,,,,,,
HH,SCOWCGFS,1,GB-SCT,748S,GOV,97,I2,P,115,115,2018,2,25,1510,LBQ1,30,D,56.4310,-7.8200,56.4030,-7.8430,41E2,180,V,74SC0000,1,1,R,4.7000,-9,,3406,570,28,,4.5000,1100,115.0,22.0,186,0.7000,,190,3.7000,,330,0.2000,,,160,18,160,4.0000,,,,,,,,,,,,,,
HH,SCOWCGFS,1,GB-SCT,748S,GOV,97,I2,P,116,116,2018,2,25,1850,B2Q1,30,N,56.0280,-7.7220,55.9980,-7.7170,41E2,161,V,74SC0092,1,1,R,5.1000,-9,,3317,520,28,,4.5000,1100,107.0,20.0,186,0.7000,,150,3.6000,,290,0.1000,,,140,18,160,3.0000,8.4,8.3,35.13,35.13,,,,,,,,,,
HH,SCOWCGFS,1,GB-SCT,748S,GOV,97,I2,P,117,117,2018,2,26,0719,PQ1,19,D,55.5740,-6.7970,55.5570,-6.7870,40E3,89,V,74SC0093,1,1,R,5.0000,-9,,2039,310,28,,4.5000,1100,92.0,18.0,186,0.7000,,145,3.6000,,170,0.4000,,,160,21,160,3.0000,7.2,7.2,34.30,34.29,,,,,,,,,,
HH,SCOWCGFS,1,GB-SCT,748S,GOV,97,I2,P,118,118,2018,2,26,1053,B2Q1,17,D,56.0260,-7.1120,56.0170,-7.1380,41E2,108,V,74SC0094,1,1,R,5.6000,-9,,1912,350,28,,4.5000,1100,93.0,18.0,186,0.7000,,220,3.7000,,330,0.4000,,,140,18,140,3.0000,8.1,8.0,35.13,35.13,,,,,,,,,,
HH,SCOWCGFS,1,GB-SCT,748S,GOV,97,I2,P,119,119,2018,2,26,1503,B2Q1,21,D,55.6840,-7.8390,55.6690,-7.8110,40E2,89,V,74SC0095,1,1,R,5.4000,-9,,2408,300,28,,4.5000,1100,88.0,19.0,186,0.7000,,140,3.7000,,100,0.4000,,,140,10,140,3.0000,8.0,8.0,35.22,35.22,,,,,,,,,,
HH,SCOWCGFS,1,GB-SCT,748S,GOV,47,I2,P,120,120,2018,2,26,1746,PQ1,18,D,55.4970,-7.3820,55.4810,-7.3990,39E2,57,V,74SC0096,1,1,R,5.6000,-9,,2019,200,28,,4.5000,1100,68.0,20.0,186,0.7000,,223,3.7000,,100,0.7000,,,135,10,140,2.0000,7.5,7.5,34.82,34.82,,,,,,,,,,
HH,SCOWCGFS,1,GB-SCT,748S,GOV,97,I2,P,121,121,2018,2,27,0727,PQ1,19,D,55.3910,-6.3950,55.3900,-6.4270,39E3,127,V,74SC0097,1,1,R,5.9000,-9,,2034,400,28,,4.5000,1100,102.0,21.0,186,0.7000,,270,3.5000,,120,0.8000,,,130,5,130,1.0000,7.3,7.3,34.07,34.15,,,,,,,,,,
HH,SCOWCGFS,1,GB-SCT,748S,GOV,97,I2,P,94,94,2018,2,20,0931,G1Q1,30,D,58.1990,-8.0430,58.2260,-8.0140,45E1,125,V,74SC0074,1,1,R,5.4000,-9,,3453,400,28,,4.5000,1100,98.0,20.0,186,0.7000,,28,3.7000,,350,0.3000,,,292,8,280,5.0000,8.5,8.7,35.17,35.23,,,,,,,,,,
HH,SCOWCGFS,1,GB-SCT,748S,GOV,97,I2,P,95,95,2018,2,20,1244,R2Q1,30,D,58.4410,-8.4100,58.4190,-8.4540,45E1,202,V,74SC0000,1,1,R,4.9000,-9,,3576,630,28,,4.5000,1100,112.0,22.0,186,0.7000,,230,3.8000,,30,0.1000,,,290,13,290,5.0000,,,,,,,,,,,,,,
HH,SCOWCGFS,1,GB-SCT,748S,GOV,97,I2,P,96,96,2018,2,20,1504,R2Q1,30,D,58.1970,-8.6250,58.1730,-8.6580,45E1,137,V,74SC0075,1,1,R,5.3000,-9,,3353,420,28,,4.5000,1100,104.0,21.0,186,0.7000,,225,3.6000,,180,0.3000,,,300,8,300,5.0000,9.1,8.6,35.29,35.22,,,,,,,,,,
HH,SCOWCGFS,1,GB-SCT,748S,GOV,97,I2,P,97,97,2018,2,20,1806,R2Q1,30,D,58.1220,-9.1820,58.0970,-9.2090,45E0,260,V,74SC0076,1,1,R,4.9000,-9,,3301,810,28,,4.5000,1100,112.0,22.0,186,0.7000,,210,3.6000,,200,0.1000,,,270,5,270,5.0000,9.3,9.3,35.30,35.31,,,,,,,,,,
HH,SCOWCGFS,4,GB-SCT,748S,GOV,110,I2,P,548,69,2012,12,3,0637,G1Q4,30,N,58.5920,-5.4478,58.5933,-5.3937,46E4,80,V,74SC0558,1,1,C,5.3000,-9,,3136,300,28,,4.5000,1100,80.0,17.0,186,0.7000,,105,3.4000,,360,0.2000,,,130,15,360,1.5000,,,,,,,,,,,,,,
HH,SCOWCGFS,4,GB-SCT,748S,GOV,97,I2,P,456,456,2015,11,21,1701,R1Q4,30,D,58.4720,-8.2430,58.4550,-8.2910,45E1,180,V,74SC0414,1,1,R,4.4000,-9,,3410,570,28,,4.5000,1100,110.0,22.0,186,0.7000,,244,3.7000,,99,0.1000,,,317,13,280,3.0000,10.8,10.9,35.27,35.42,,,,,,,,,,
HH,SCOWCGFS,4,GB-SCT,748S,GOV,97,I2,P,457,457,2015,11,22,0740,G2Q4,30,D,58.1970,-8.3890,58.2230,-8.3610,45E1,130,V,74SC0415,1,1,R,4.8000,-9,,3284,420,28,,4.5000,1100,101.0,20.0,186,0.7000,,26,3.5000,,130,0.3000,,,28,10,0,2.5000,10.9,10.9,35.27,35.30,,,,,,,,,,
HH,SCOWCGFS,4,GB-SCT,748S,GOV,97,I2,P,458,458,2015,11,22,1114,R1Q4,30,D,58.2900,-9.1360,58.2730,-9.1780,45E0,350,V,74SC0416,1,1,R,4.4000,-9,,3041,1080,28,,4.5000,1100,109.0,21.0,186,0.7000,,241,3.6000,,73,0.3000,,,337,9,300,2.5000,10.8,10.4,35.28,35.44,,,,,,,,,,
HH,SCOWCGFS,4,GB-SCT,748S,GOV,97,I2,P,459,459,2015,11,22,1345,R1Q4,30,D,58.0570,-9.2440,58.0320,-9.2740,45E0,250,V,74SC0417,1,1,R,4.3000,-9,,3279,780,28,,4.5000,1100,111.0,21.0,186,0.7000,,220,3.5000,,10,0.1000,,,290,6,350,3.0000,10.9,10.5,35.28,35.44,,,,,,,,,,
HH,SCOWCGFS,4,GB-SCT,748S,GOV,97,I2,P,460,460,2015,11,22,1609,R1Q4,30,D,57.7880,-9.4630,57.7580,-9.4670,44E0,290,V,74SC0418,1,1,R,4.5000,-9,,3252,900,28,,4.5000,1100,112.0,21.0,186,0.7000,,189,3.5000,,348,0.1000,,,280,8,300,2.5000,11.0,10.2,35.28,35.37,,,,,,,,,,
HH,SCOWCGFS,4,GB-SCT,748S,GOV,97,I2,P,461,461,2015,11,23,0751,R2Q4,30,D,57.1160,-9.2510,57.0870,-9.2260,43E0,266,V,74SC0419,1,1,R,4.3000,-9,,3070,810,28,,4.5000,1100,115.0,23.0,186,0.7000,,176,3.7000,,228,0.1000,,,235,15,260,4.0000,11.1,10.7,35.24,35.43,,,,,,,,,,
HH,SCOWCGFS,4,GB-SCT,748S,GOV,97,I2,P,462,462,2015,11,23,1051,R2Q4,30,D,56.9430,-8.6040,56.9130,-8.6110,42E1,130,V,74SC0420,1,1,R,4.8000,-9,,3367,420,28,,4.5000,1100,101.0,20.0,186,0.7000,,200,3.6000,,200,0.2000,,,230,14,260,3.0000,11.5,11.4,35.26,35.29,,,,,,,,,,
HH,SCOWCGFS,4,GB-SCT,748S,GOV,97,I2,P,463,463,2015,11,23,1245,R2Q4,30,D,56.7960,-8.5690,56.7670,-8.5780,42E1,110,I,,0,0,R,4.9000,-9,,3250,380,28,,4.5000,1100,100.0,21.0,186,0.7000,,210,3.5000,,150,0.2000,,,280,13,230,3.0000,,,,,,,,,,,,,,
HH,SCOWCGFS,4,GB-SCT,748S,GOV,97,I2,P,464,464,2015,11,23,1526,G2Q4,30,D,56.9490,-8.2200,56.9580,-8.2700,42E1,134,V,74SC0421,1,1,R,4.9000,-9,,3257,420,28,,4.5000,1100,99.0,20.0,186,0.7000,,289,3.5000,,147,0.2000,,,298,15,290,2.5000,11.5,11.5,35.22,35.23,,,,,,,,,,
HH,SCOWCGFS,4,GB-SCT,748S,GOV,47,I2,P,498,498,2015,12,5,0950,G1Q4,30,D,58.5780,-5.2570,58.5590,-5.2920,46E4,60,V,74SC0450,1,1,R,5.5000,-9,,2936,210,28,,4.5000,1100,66.0,17.0,186,0.7000,,241,3.1000,,130,0.1000,,,240,21,238,4.5000,10.6,10.6,34.71,34.72,,,,,,,,,,
HH,SCOWCGFS,4,GB-SCT,748S,GOV,97,I2,P,465,465,2015,11,24,0748,LBQ4,30,D,57.1370,-7.0730,57.1630,-7.0500,43E2,157,V,74SC0422,1,1,R,4.3000,-9,,3224,500,28,,4.5000,1100,90.0,23.0,186,0.7000,,19,3.5000,,143,0.1000,,,287,13,260,1.0000,11.6,12.0,34.86,35.06,,,,,,,,,,
HH,SCOWCGFS,1,GB-SCT,748S,GOV,97,I2,P,119,119,2015,3,5,1415,G1Q1,30,D,57.3230,-8.6800,57.2940,-8.6860,43E1,149,V,74SC0093,1,1,R,5.6000,-9,,3252,480,28,,4.5000,1100,101.0,20.0,186,0.7000,,200,3.5000,,140,0.1000,,,240,20,240,4.0000,,,,,,,,,,,,,,
HH,SCOWCGFS,1,GB-SCT,748S,GOV,97,I2,P,122,122,2018,2,27,1102,PQ1,30,D,55.7520,-5.7940,55.7800,-5.7670,40E4,98,V,74SC0098,1,1,R,4.3000,-9,,3522,330,28,,4.5000,1100,83.0,21.0,186,0.7000,,30,3.8000,,330,0.3000,,,40,18,40,1.0000,7.1,7.2,33.82,33.86,,,,,,,,,,
HH,SCOWCGFS,1,GB-SCT,748S,GOV,97,I2,P,123,123,2018,2,27,1408,PQ1,30,D,55.5240,-5.9630,55.4940,-5.9720,40E4,98,V,74SC0099,1,1,R,5.0000,-9,,3404,330,28,,4.5000,1100,87.0,18.0,186,0.7000,,185,3.7000,,10,0.3000,,,90,6,90,2.0000,7.3,7.3,33.89,33.90,,,,,,,,,,
HH,SCOWCGFS,1,GB-SCT,748S,GOV,97,I2,P,124,124,2018,2,27,1836,CLQ1,13,N,55.1950,-5.5890,55.1970,-5.6110,39E4,120,I,74SC0000,0,0,R,6.0000,-9,,1406,420,28,,4.5000,1100,105.0,19.0,186,0.7000,,285,3.6000,,120,1.0000,,,58,13,60,1.0000,,,,,,,,,,,,,,
HH,SCOWCGFS,1,GB-SCT,748S,GOV,97,I2,P,80,80,2019,2,18,1548,R1Q1,30,D,59.9800,-4.7370,59.9600,-4.7810,48E5,149,V,,1,1,R,4.6000,-9,,3291,480,28,,4.5000,1100,106.0,20.0,186,0.7000,,240,3.5000,,98,0.5000,,,290,16,290,2.0000,,,,,,,,,,,,,,
HH,SCOWCGFS,1,GB-SCT,748S,GOV,97,I2,P,81,81,2019,2,18,1732,R1Q1,24,D,59.9170,-4.9870,59.9040,-5.0250,48E5,193,V,74SC0062,1,1,R,5.1000,-9,,2553,600,28,,4.5000,1100,110.0,21.0,186,0.7000,,240,3.5000,,64,0.7000,,,310,18,310,2.0000,9.4,9.4,35.32,35.32,,,,,,,,,,
HH,SCOWCGFS,1,GB-SCT,748S,GOV,97,I2,P,82,82,2019,2,19,0727,R1Q1,30,D,59.7010,-5.8700,59.7060,-5.8080,48E4,240,V,74SC0063,1,1,R,4.4000,-9,,3476,720,28,,4.5000,1100,105.0,21.0,186,0.7000,,85,3.8000,,59,0.5000,,,334,6,334,1.0000,9.5,9.6,35.33,35.33,,,,,,,,,,
HH,SCOWCGFS,1,GB-SCT,748S,GOV,97,I2,P,83,83,2019,2,19,1047,WSQ1,15,D,59.3220,-5.5200,59.3250,-5.4890,47E4,106,V,74SC0064,1,1,R,5.1000,-9,,1790,360,28,,4.5000,1100,91.0,19.0,186,0.7000,,77,3.9000,,268,0.3000,,,356,9,356,0.5000,8.9,8.9,35.27,35.27,,,,,,,,,,
HH,SCOWCGFS,1,GB-SCT,748S,GOV,97,I2,P,84,84,2019,2,19,1355,G1Q1,30,D,59.2970,-4.7940,59.2940,-4.7340,47E5,124,V,74SC0065,1,1,R,5.3000,-9,,3445,400,28,,4.5000,1100,91.0,17.0,186,0.7000,,94,3.7000,,296,0.6000,,,55,2,300,1.0000,8.7,8.7,35.22,35.22,,,,,,,,,,
HH,SCOWCGFS,1,GB-SCT,748S,GOV,97,I2,P,85,85,2019,2,19,1659,G1Q1,30,D,59.1620,-4.1550,59.1400,-4.1120,47E5,102,V,74SC0066,1,1,R,5.1000,-9,,3462,330,28,,4.5000,1100,86.0,18.0,186,0.7000,,130,3.7000,,151,0.1000,,,88,5,90,0.7000,8.5,8.6,35.18,35.18,,,,,,,,,,
HH,SCOWCGFS,1,GB-SCT,748S,GOV,47,I2,P,86,86,2019,2,20,0734,G1Q1,30,D,58.9070,-4.4900,58.8980,-4.5430,46E5,77,V,74SC0067,1,1,R,5.8000,-9,,3268,275,28,,4.5000,1100,70.0,19.0,186,0.7000,,255,3.5000,,86,1.0000,,,209,15,205,0.5000,8.2,8.3,34.89,34.97,,,,,,,,,,
HH,SCOWCGFS,1,GB-SCT,748S,GOV,47,I2,P,87,87,2019,2,20,1125,G1Q1,20,D,58.7620,-4.6340,58.7420,-4.6430,46E5,72,V,,1,1,R,5.4000,-9,,2299,240,28,,4.5000,1100,71.0,19.0,186,0.7000,,200,3.8000,,173,0.2000,,,215,11,215,1.0000,,,,,,,,,,,,,,
HH,SCOWCGFS,1,GB-SCT,748S,GOV,97,I2,P,88,88,2019,2,20,1521,B1Q1,18,D,58.5480,-5.6010,58.5350,-5.6250,46E4,135,V,74SC0068,1,1,R,4.2000,-9,,1997,425,28,,4.5000,1100,101.0,21.0,186,0.7000,,230,3.8000,,183,0.5000,,,225,13,225,1.0000,8.5,8.1,34.47,34.95,,,,,,,,,,
HH,SCOWCGFS,1,GB-SCT,748S,GOV,97,I2,P,89,89,2019,2,20,1651,B1Q1,30,D,58.5980,-5.6980,58.6210,-5.7370,46E4,138,V,74SC0069,1,1,R,4.7000,-9,,3481,440,28,,4.5000,1100,101.0,19.0,186,0.7000,,310,3.8000,,118,0.4000,,,234,12,234,1.0000,8.5,8.2,34.47,34.96,,,,,,,,,,
HH,SCOWCGFS,1,GB-SCT,748S,GOV,97,I2,P,90,90,2019,2,21,0741,R1Q1,29,D,59.1200,-7.1400,59.1040,-7.1870,47E2,185,V,74SC0070,1,1,R,4.9000,-9,,3176,585,28,,4.5000,1100,110.0,21.0,186,0.7000,,230,3.6000,,92,0.4000,,,192,18,190,2.0000,9.7,9.7,35.33,35.33,,,,,,,,,,
HH,SCOWCGFS,1,GB-SCT,748S,GOV,97,I2,P,91,91,2019,2,21,0947,G1Q1,30,D,58.9670,-7.2340,58.9400,-7.1990,46E2,152,V,74SC0071,1,1,R,4.6000,-9,,3595,485,28,,4.5000,1100,101.0,19.0,186,0.7000,,165,3.9000,,117,0.5000,,,204,18,204,2.0000,9.6,9.6,35.32,35.32,,,,,,,,,,
HH,SCOWCGFS,1,GB-SCT,748S,GOV,97,I2,P,92,92,2019,2,21,1251,G1Q1,30,D,58.9580,-6.6450,58.9310,-6.6710,46E3,145,V,74SC0072,1,1,R,4.7000,-9,,3331,460,28,,4.5000,1100,99.0,19.0,186,0.7000,,200,3.6000,,331,0.6000,,,194,13,200,2.0000,9.4,9.4,35.28,35.28,,,,,,,,,,
HH,SCOWCGFS,1,GB-SCT,748S,GOV,97,I2,P,93,93,2019,2,21,1548,G1Q1,30,D,58.9440,-6.1830,58.9530,-6.1240,46E3,85,V,74SC0073,1,1,R,5.0000,-9,,3571,290,28,,4.5000,1100,87.0,18.0,186,0.7000,,76,3.8000,,252,0.5000,,,204,14,193,1.5000,8.9,8.8,35.15,35.16,,,,,,,,,,
HH,SCOWCGFS,4,GB-SCT,748S,GOV,97,I2,P,407,407,2017,11,30,1022,G3Q4,7,D,55.7930,-8.2690,55.7860,-8.2740,40E1,132,I,,0,0,R,5.2000,-9,,764,430,28,,4.5000,1100,96.0,18.0,186,0.7000,,205,3.7000,,353,0.1000,,,11,10,14,1.0000,,,,,,,,,,,,,,
HH,SCOWCGFS,4,GB-SCT,748S,GOV,97,I2,P,408,408,2017,11,30,1220,G3Q4,30,D,55.6640,-7.9580,55.6550,-7.9050,40E2,85,V,74SC0403,1,1,R,5.6000,-9,,3540,285,28,,4.5000,1100,88.0,17.0,186,0.7000,,98,3.8000,,100,0.1000,,,0,12,0,2.0000,10.8,10.8,35.24,35.24,,,,,,,,,,
HH,SCOWCGFS,4,GB-SCT,748S,GOV,97,I2,P,409,409,2017,11,30,1546,G3Q4,30,D,55.8730,-7.8030,55.8940,-7.8420,40E2,144,V,74SC0404,1,1,R,5.2000,-9,,3424,460,28,,4.5000,1100,98.0,19.0,186,0.7000,,325,3.7000,,111,0.2000,,,20,15,20,1.0000,10.8,10.6,35.24,35.33,,,,,,,,,,
HH,SCOWCGFS,4,GB-SCT,748S,GOV,97,I2,P,410,410,2017,12,1,0811,G3Q4,20,D,56.2610,-7.4760,56.2810,-7.4710,41E2,130,V,74SC0405,1,1,R,5.5000,-9,,2313,420,28,,4.5000,1100,94.0,18.0,186,0.7000,,7,3.8000,,191,0.2000,,,350,6,342,0.5000,10.8,10.7,35.12,35.30,,,,,,,,,,
HH,SCOWCGFS,4,GB-SCT,748S,GOV,97,I2,P,439,439,2018,11,18,1502,R1Q4,31,D,58.4240,-7.6340,58.4010,-7.6710,45E2,120,V,74SC0506,1,1,R,5.2000,-9,,3315,390,28,,4.5000,1100,98.0,22.0,186,0.7000,,220,3.6000,,43,0.3000,,,147,11,220,2.0000,10.9,10.9,35.25,35.27,,,,,,,,,,
HH,SCOWCGFS,4,GB-SCT,748S,GOV,97,I2,P,440,440,2018,11,19,0751,G2Q4,30,D,58.1650,-8.4000,58.1430,-8.4400,45E1,135,V,74SC0507,1,1,R,5.1000,-9,,3404,440,28,,4.5000,1100,100.0,22.0,186,0.7000,,225,3.6000,,1,0.1000,,,138,4,215,1.5000,10.9,10.8,35.28,35.29,,,,,,,,,,
HH,SCOWCGFS,4,GB-SCT,748S,GOV,97,I2,P,441,441,2018,11,19,1018,R1Q4,25,D,58.1790,-8.9120,58.1590,-8.9390,45E1,200,V,74SC0508,1,1,R,4.8000,-9,,2787,630,28,,4.5000,1100,106.0,22.0,186,0.7000,,212,3.6000,,337,0.1000,,,140,10,220,2.0000,11.0,11.1,35.36,35.36,,,,,,,,,,
HH,SCOWCGFS,1,GB-SCT,748S,GOV,110,I2,P,115,46,2012,3,3,2016,G1Q1,30,N,56.9527,-8.2432,56.9535,-8.2955,42E1,136,V,74SC0101,1,1,C,6.6000,-9,,3225,420,28,,4.5000,1100,100.0,19.0,186,0.7000,,260,3.5000,3.5000,60,0.3000,,,248,26,248,3.0000,,,,,,,,,,,,,,
HH,SCOWCGFS,1,GB-SCT,748S,GOV,110,I2,P,116,47,2012,3,4,0702,G1Q1,30,D,57.0285,-8.7172,57.0587,-8.7190,43E1,130,V,74SC0102,1,1,C,4.6000,-9,,3351,430,28,,4.5000,1100,101.0,19.0,186,0.7000,,355,3.6000,3.6000,350,0.3000,,,270,10,270,2.0000,,,,,,,,,,,,,,
HH,SCOWCGFS,1,GB-SCT,748S,GOV,110,I2,P,117,48,2012,3,4,1025,R3Q1,30,D,57.1528,-9.2758,57.1813,-9.2908,43E0,300,V,74SC0103,1,1,C,4.5000,-9,,3279,920,28,,4.5000,1100,110.0,19.0,186,0.7000,,340,3.6000,3.6000,270,0.2000,,,270,7,270,2.0000,,,,,,,,,,,,,,
HH,SCOWCGFS,1,GB-SCT,748S,GOV,110,I2,P,118,49,2012,3,4,1349,G1Q1,30,D,57.5113,-8.8265,57.5398,-8.8098,44E1,145,V,74SC0104,1,1,C,4.8000,-9,,3308,,28,,4.5000,1100,99.0,19.0,186,0.7000,,10,3.6000,3.6000,280,0.2000,,,248,13,248,2.5000,,,,,,,,,,,,,,
HH,SCOWCGFS,1,GB-SCT,748S,GOV,110,I2,P,119,50,2012,3,4,1707,G1Q1,15,D,57.7038,-9.3338,57.7188,-9.3320,44E0,160,V,74SC0105,1,1,C,4.6000,-9,,1661,510,28,,4.5000,1100,108.0,19.0,186,0.7000,,10,3.6000,3.6000,300,0.1000,,,248,10,248,3.0000,,,,,,,,,,,,,,
HH,SCOWCGFS,1,GB-SCT,748S,GOV,110,I2,P,76,1,2013,2,20,0757,G1Q1,30,D,59.2163,-4.2355,59.2370,-4.1908,47E5,104,V,74SC0057,1,1,C,,-9,,3589,300,28,,4.5000,1100,90.0,18.0,186,0.7000,,60,3.9000,3.9000,90,0.3000,,,150,15,150,2.0000,,,,,,,,,,,,,,
HH,SCOWCGFS,1,GB-SCT,748S,GOV,110,I2,P,77,2,2013,2,20,1122,G1Q1,17,D,59.2798,-4.8585,59.2962,-4.8735,47E5,110,V,74SC0058,1,1,C,3.9000,-9,,1952,330,28,,4.5000,1100,88.0,20.0,186,0.7000,,336,3.8000,3.8000,180,0.3000,,,150,10,150,1.5000,,,,,,,,,,,,,,
HH,SCOWCGFS,1,GB-SCT,748S,GOV,110,I2,P,78,3,2013,2,20,1508,WSQ1,30,D,59.6962,-4.2535,59.7265,-4.2593,48E5,95,V,74SC0059,1,1,C,5.8000,-9,,3401,300,28,,4.5000,1100,85.0,19.0,186,0.7000,,350,3.7000,3.7000,200,0.4000,,,150,15,150,2.0000,,,,,,,,,,,,,,
HH,SCOWCGFS,1,GB-SCT,748S,GOV,110,I2,P,79,4,2013,2,20,1807,R1Q1,30,N,59.9840,-4.7705,59.9647,-4.8158,48E5,165,V,74SC0060,1,1,C,5.0000,-9,,3347,500,28,,4.5000,1100,104.0,21.0,186,0.7000,,235,3.6000,3.6000,100,0.5000,,,150,10,150,1.5000,,,,,,,,,,,,,,
HH,SCOWCGFS,1,GB-SCT,748S,GOV,110,I2,P,80,5,2013,2,21,0726,WSQ1,30,D,59.4657,-5.4973,59.4398,-5.4580,47E4,100,V,74SC0061,1,1,C,5.0000,-9,,3645,320,28,,4.5000,1100,93.0,20.0,186,0.7000,,145,3.9000,3.9000,90,0.3000,,,180,3,180,0.3000,,,,,,,,,,,,,,
HH,SCOWCGFS,1,GB-SCT,748S,GOV,110,I2,P,81,6,2013,2,21,0937,WSQ1,30,D,59.3478,-5.1945,59.3627,-5.1387,47E4,120,V,74SC0062,1,1,C,5.4000,-9,,3554,360,28,,4.5000,1100,88.0,19.0,186,0.7000,,62,3.9000,3.9000,189,0.2000,,,180,3,180,0.2000,,,,,,,,,,,,,,
HH,SCOWCGFS,1,GB-SCT,748S,GOV,110,I2,P,82,7,2013,2,21,1147,G1Q1,30,D,59.2255,-5.2843,59.2017,-5.3217,47E4,100,V,74SC0063,1,1,C,4.7000,-9,,3416,330,28,,4.5000,1100,93.0,22.0,186,0.7000,,218,3.7000,3.7000,227,0.2000,,,180,3,150,0.2000,,,,,,,,,,,,,,
HH,SCOWCGFS,1,GB-SCT,748S,GOV,110,I2,P,83,8,2013,2,21,1539,G1Q1,30,D,58.8503,-4.6748,58.8393,-4.7310,46E5,80,V,74SC0064,1,1,C,5.7000,-9,,3485,260,28,,4.5000,1100,84.0,19.0,186,0.7000,,251,3.8000,3.8000,76,0.2000,,,180,3,180,0.2000,,,,,,,,,,,,,,
HH,SCOWCGFS,1,GB-SCT,748S,GOV,110,I2,P,84,9,2013,2,21,1732,G1Q1,30,D,58.8233,-4.8860,58.8300,-4.8272,46E5,100,V,74SC0065,1,1,C,4.9000,-9,,3512,280,28,,4.5000,1100,85.0,18.0,186,0.7000,,76,3.7000,3.7000,90,0.4000,,,180,3,180,0.2000,,,,,,,,,,,,,,
HH,SCOWCGFS,1,GB-SCT,748S,GOV,-9,-9,-9,85,10,2013,2,22,0745,G1Q1,30,D,58.7710,-7.6233,58.7447,-7.6415,46E2,200,I,74SC0066,1,1,C,,-9,,,,,,,,,,,,,,,,,,,,,,,,,,,,,,,,,,,,,
HH,SCOWCGFS,1,GB-SCT,748S,GOV,110,I2,P,86,11,2013,2,22,1101,G1Q1,30,D,58.7212,-6.8818,58.7047,-6.8323,46E3,120,V,74SC0067,1,1,C,4.7000,-9,,3369,380,28,,4.5000,1100,94.0,23.0,186,0.7000,,117,3.7000,3.7000,79,0.2000,,,180,8,180,0.2000,,,,,,,,,,,,,,
HH,SCOWCGFS,1,GB-SCT,748S,GOV,110,I2,P,87,12,2013,2,22,1321,G1Q1,30,D,58.5493,-6.8925,58.5493,-6.8332,46E3,85,V,74SC0068,1,1,C,5.3000,-9,,3402,280,28,,4.5000,1100,86.0,19.0,186,0.7000,,90,3.7000,3.7000,81,0.3000,,,180,5,180,0.2000,,,,,,,,,,,,,,
HH,SCOWCGFS,1,GB-SCT,748S,GOV,110,I2,P,88,13,2013,2,22,1550,B2Q1,30,D,58.6168,-6.3135,58.6175,-6.2550,46E3,85,V,74SC0069,1,1,C,5.0000,-9,,3360,300,28,,4.5000,1100,88.0,21.0,186,0.7000,,75,3.7000,3.7000,104,0.5000,,,90,5,90,0.1000,,,,,,,,,,,,,,
HH,SCOWCGFS,1,GB-SCT,748S,GOV,-9,-9,-9,89,14,2013,2,22,1748,G1Q1,30,D,58.8118,-6.2362,58.8335,-6.2843,46E3,117,I,,1,1,C,,-9,,,,,,,,,,,,,,,,,,,,,,,,,,,,,,,,,,,,,
HH,SCOWCGFS,1,GB-SCT,748S,GOV,110,I2,P,90,15,2013,2,23,0727,G1Q1,22,D,58.8595,-6.1712,58.8710,-6.2095,46E3,112,V,74SC0070,1,1,C,4.9000,-9,,2628,330,28,,4.5000,1100,92.0,21.0,186,0.7000,,307,3.9000,3.9000,30,0.1000,,,150,5,150,0.2000,,,,,,,,,,,,,,
HH,SCOWCGFS,1,GB-SCT,748S,GOV,110,I2,P,91,16,2013,2,23,0937,G1Q1,30,D,59.0155,-5.9072,59.0315,-5.8563,47E4,80,V,74SC0071,1,1,C,5.3000,-9,,3394,280,28,,4.5000,1100,85.0,20.0,186,0.7000,,64,3.7000,3.7000,101,0.1000,,,60,10,60,0.3000,,,,,,,,,,,,,,
HH,SCOWCGFS,1,GB-SCT,748S,GOV,110,I2,P,92,17,2013,2,23,1224,WSQ1,30,D,59.3017,-5.9382,59.3017,-5.9957,47E4,100,V,74SC0072,1,1,C,5.6000,-9,,3261,300,28,,4.5000,1100,87.0,21.0,186,0.7000,,265,3.6000,3.6000,289,0.2000,,,60,10,60,0.2000,,,,,,,,,,,,,,
HH,SCOWCGFS,1,GB-SCT,748S,GOV,110,I2,P,93,18,2013,2,23,1506,R1Q1,20,D,59.3227,-6.4952,59.3105,-6.5242,47E3,190,V,74SC0073,1,1,C,5.1000,-9,,2130,570,28,,4.5000,1100,104.0,21.0,186,0.7000,,224,3.5000,3.5000,180,0.1000,,,10,5,60,0.1000,,,,,,,,,,,,,,
HH,SCOWCGFS,1,GB-SCT,748S,GOV,97,I2,P,118,118,2014,3,6,0714,LBQ1,30,D,57.2810,-6.7430,57.2520,-6.7260,43E3,115,V,74SC0091,1,1,R,5.1000,-9,,3507,370,28,,4.5000,1100,97.0,20.0,186,0.7000,,165,3.7000,,113,0.1000,,,215,9,170,1.5000,,,34.01,34.23,,,,,,,,,,
HH,SCOWCGFS,1,GB-SCT,748S,GOV,97,I2,P,119,119,2014,3,6,1001,B2Q1,30,D,57.5480,-6.8150,57.5710,-6.7780,44E3,155,V,74SC0092,1,1,R,4.1000,-9,,3550,470,28,,4.5000,1100,98.0,23.0,186,0.7000,,51,3.6000,,240,0.2000,,,215,8,220,1.0000,,,33.86,34.24,,,,,,,,,,
HH,SCOWCGFS,1,GB-SCT,748S,GOV,97,I2,P,120,120,2014,3,6,1248,B2Q1,30,D,57.7200,-6.6760,57.7470,-6.6580,44E3,140,V,74SC0093,1,1,R,4.7000,-9,,3281,435,28,,4.5000,1100,97.0,21.0,186,0.7000,,20,3.4000,,310,0.1000,,,220,9,230,1.0000,,,33.89,34.02,,,,,,,,,,
HH,SCOWCGFS,1,GB-SCT,748S,GOV,97,I2,P,121,121,2014,3,6,1657,B2Q1,30,D,58.0320,-5.7620,58.0590,-5.7350,45E4,121,V,74SC0094,1,1,R,4.6000,-9,,3500,400,28,,4.5000,1100,87.0,22.0,186,0.7000,,30,3.7000,,180,0.1000,,,180,1,180,0.5000,,,34.05,34.13,,,,,,,,,,
HH,SCOWCGFS,1,GB-SCT,748S,GOV,97,I2,P,122,122,2014,3,7,0715,B2Q1,30,D,58.5960,-5.6920,58.5700,-5.7240,46E4,130,V,74SC0095,1,1,R,4.4000,-9,,3530,420,28,,4.5000,1100,106.0,21.0,186,0.7000,,220,3.7000,,77,0.1000,,,230,18,220,2.0000,,,34.24,34.75,,,,,,,,,,
HH,SCOWCGFS,1,GB-SCT,748S,GOV,97,I2,P,94,94,2019,2,21,1858,WSQ1,30,N,59.3170,-6.1290,59.3310,-6.0720,47E3,126,V,74SC0074,1,1,R,4.5000,-9,,3615,405,28,,4.5000,1100,97.0,20.0,186,0.7000,,70,3.9000,,58,0.5000,,,191,10,192,1.2000,9.1,9.1,35.18,35.18,,,,,,,,,,
HH,SCOWCGFS,1,GB-SCT,748S,GOV,97,I2,P,95,95,2019,2,22,0729,G1Q1,30,D,58.5500,-6.8960,58.5290,-6.9370,46E3,88,V,74SC0075,1,1,R,5.4000,-9,,3349,300,28,,4.5000,1100,89.0,18.0,186,0.7000,,220,3.6000,,89,0.6000,,,170,21,175,2.0000,8.6,8.7,34.86,34.88,,,,,,,,,,
HH,SCOWCGFS,1,GB-SCT,748S,GOV,97,I2,P,96,96,2019,2,22,1350,B1Q1,30,D,58.2280,-5.9730,58.2010,-6.0020,45E4,120,V,74SC0076,1,1,R,3.7000,-9,,3445,390,28,,4.5000,1100,92.0,24.0,186,0.7000,,205,3.7000,,182,0.1000,,,166,13,180,1.0000,8.7,8.6,34.47,34.69,,,,,,,,,,
HH,SCOWCGFS,1,GB-SCT,748S,GOV,97,I2,P,97,97,2019,2,22,1623,B1Q1,30,D,58.0460,-5.7490,58.0180,-5.7800,45E4,118,V,74SC0077,1,1,R,3.8000,-9,,3650,380,28,,4.5000,1100,91.0,23.0,186,0.7000,,210,4.0000,,154,0.3000,,,180,11,180,1.0000,8.5,8.6,34.37,34.37,,,,,,,,,,
HH,SCOWCGFS,1,GB-SCT,748S,GOV,97,I2,P,98,98,2019,2,23,1211,B1Q1,30,D,57.1370,-6.9920,57.1060,-6.9940,43E3,134,V,74SC0078,1,1,R,4.1000,-9,,3439,430,28,,4.5000,1100,99.0,22.0,186,0.7000,,182,3.8000,,166,0.2000,,,180,15,180,2.5000,8.7,8.8,34.72,34.99,,,,,,,,,,
HH,SCOWCGFS,1,GB-SCT,748S,GOV,97,I2,P,99,99,2019,2,23,1513,B1Q1,30,D,56.9490,-6.5780,56.9180,-6.5770,42E3,90,V,74SC0079,1,1,R,4.4000,-9,,3500,300,28,,4.5000,1100,81.0,20.0,186,0.7000,,180,3.8000,,145,0.2000,,,178,13,178,1.5000,8.5,8.6,34.58,34.74,,,,,,,,,,
HH,SCOWCGFS,1,GB-SCT,748S,GOV,97,I2,P,100,100,2019,2,24,0736,R3Q1,30,D,56.7020,-8.9940,56.6720,-8.9880,42E1,335,V,74SC0080,1,1,R,4.2000,-9,,3384,1040,28,,4.5000,1100,113.0,21.0,186,0.7000,,165,3.7000,,16,0.5000,,,135,17,135,2.0000,10.2,10.3,35.38,35.38,,,,,,,,,,
HH,SCOWCGFS,1,GB-SCT,748S,GOV,97,I2,P,101,101,2019,2,24,1015,R3Q1,30,D,56.5990,-8.5480,56.5680,-8.5560,42E1,156,V,74SC0081,1,1,R,4.4000,-9,,3474,500,28,,4.5000,1100,105.0,20.0,186,0.7000,,175,3.8000,,261,0.3000,,,140,18,140,2.0000,9.4,9.4,35.25,35.26,,,,,,,,,,
HH,SCOWCGFS,4,GB-SCT,748S,GOV,110,I2,P,516,37,2012,11,24,1729,LBQ4,30,N,56.7775,-6.9058,56.7587,-6.9460,42E3,150,V,74SC0526,1,1,C,4.6000,-9,,3231,480,28,,4.5000,1100,84.0,23.0,186,0.7000,,230,3.5000,,270,0.1000,,,180,10,180,0.5000,,,,,,,,,,,,,,
HH,SCOWCGFS,4,GB-SCT,748S,GOV,110,I2,P,517,38,2012,11,25,0645,G3Q4,30,D,56.4117,-7.9220,56.3908,-7.9585,41E2,170,V,74SC0527,1,1,C,4.6000,-9,,3226,540,28,,4.5000,1100,100.0,,186,0.7000,,226,3.5000,,40,0.2000,,,175,3,180,0.5000,,,,,,,,,,,,,,
HH,SCOWCGFS,4,GB-SCT,748S,GOV,110,I2,P,518,39,2012,11,25,0935,G3Q4,30,D,56.2033,-7.5782,56.1793,-7.5548,41E2,120,V,74SC0528,1,1,C,5.0000,-9,,3036,390,28,,4.5000,1100,91.0,17.0,186,0.7000,,150,3.3000,,347,0.3000,,,150,3,30,0.5000,,,,,,,,,,,,,,
HH,SCOWCGFS,4,GB-SCT,748S,GOV,110,I2,P,519,40,2012,11,25,1211,G3Q4,30,D,55.9877,-7.2868,55.9933,-7.2362,40E2,110,V,74SC0529,1,1,C,5.1000,-9,,3208,360,28,,4.5000,1100,88.0,17.0,186,0.7000,,85,3.5000,,330,0.2000,,,1,1,30,0.1000,,,,,,,,,,,,,,
HH,SCOWCGFS,4,GB-SCT,748S,GOV,110,I2,P,520,41,2012,11,25,1407,G3Q4,30,D,56.0442,-6.9633,56.0512,-6.9105,41E3,80,V,74SC0530,1,1,C,5.4000,-9,,3366,270,28,,4.5000,1100,81.0,16.0,186,0.7000,,87,3.7000,,315,0.5000,,,1,1,270,0.5000,,,,,,,,,,,,,,
HH,SCOWCGFS,4,GB-SCT,748S,GOV,110,I2,P,521,42,2012,11,26,0645,G3Q4,30,D,55.6033,-8.4463,55.6283,-8.4280,40E1,90,V,74SC0531,1,1,C,5.7000,-9,,3011,300,28,,4.5000,1100,89.0,17.0,186,0.7000,,18,3.2000,,240,0.1000,,,1,1,1,1.5000,,,,,,,,,,,,,,
HH,SCOWCGFS,4,GB-SCT,748S,GOV,110,I2,P,522,43,2012,11,26,0932,R2Q4,30,D,55.6373,-8.8912,55.6520,-8.9360,40E1,100,V,74SC0532,1,1,C,5.1000,-9,,3248,330,28,,4.5000,1100,90.0,18.0,186,0.7000,,305,3.5000,,160,0.1000,,,360,15,180,2.0000,,,,,,,,,,,,,,
HH,SCOWCGFS,4,GB-SCT,748S,GOV,110,I2,P,523,44,2012,11,26,1439,R2Q4,30,D,55.2482,-9.9412,55.2723,-9.9148,39E0,260,V,74SC0533,1,1,C,5.0000,-9,,3164,810,28,,4.5000,1100,105.0,20.0,186,0.7000,,18,3.4000,,155,0.1000,,,350,18,90,2.5000,,,,,,,,,,,,,,
HH,SCOWCGFS,4,GB-SCT,748S,GOV,110,I2,P,524,45,2012,11,26,1713,R2Q4,30,N,55.1150,-9.7517,55.1440,-9.7535,39E0,115,V,74SC0534,1,1,C,5.0000,-9,,3231,375,28,,4.5000,1100,95.0,17.0,186,0.7000,,10,3.5000,,315,0.4000,,,5,18,1,2.5000,,,,,,,,,,,,,,
HH,SCOWCGFS,4,GB-SCT,748S,GOV,110,I2,P,525,46,2012,11,27,0638,G4Q4,30,D,54.9213,-9.3067,54.9405,-9.2765,38E0,95,V,74SC0535,1,1,C,5.3000,-9,,2873,330,28,,4.5000,1100,88.0,18.0,186,0.7000,,40,3.1000,,260,0.2000,,,350,15,360,2.0000,,,,,,,,,,,,,,
HH,SCOWCGFS,4,GB-SCT,748S,GOV,110,I2,P,526,47,2012,11,27,1012,G4Q4,30,D,54.5712,-9.5853,54.5910,-9.5513,38E0,98,V,74SC0536,1,1,C,5.3000,-9,,3107,330,28,,4.5000,1100,88.0,17.0,186,0.7000,,40,3.4000,,7,0.1000,,,3,15,180,2.0000,,,,,,,,,,,,,,
HH,SCOWCGFS,4,GB-SCT,748S,GOV,110,I2,P,527,48,2012,11,27,1338,GYQ4,30,D,54.4612,-9.8782,54.4840,-9.8493,37E0,100,V,74SC0537,1,1,C,5.2000,-9,,3149,330,28,,4.5000,1100,87.0,17.0,186,0.7000,,30,3.4000,,135,0.1000,,,20,10,190,2.0000,,,,,,,,,,,,,,
HH,SCOWCGFS,4,GB-SCT,748S,GOV,110,I2,P,528,49,2012,11,27,1730,GYQ4,30,N,54.2550,-10.6252,54.2813,-10.6047,37D9,175,V,74SC0538,1,1,C,4.9000,-9,,3218,550,28,,4.5000,1100,101.0,19.0,186,0.7000,,30,3.5000,,330,0.1000,,,10,13,1,2.0000,,,,,,,,,,,,,,
HH,SCOWCGFS,4,GB-SCT,748S,GOV,110,I2,P,529,50,2012,11,28,0643,GYQ4,30,D,54.4220,-9.4917,54.4470,-9.4665,37E0,80,V,74SC0539,1,1,C,5.4000,-9,,3222,270,28,,4.5000,1100,80.0,16.0,186,0.7000,,30,3.5000,,3,0.1000,,,360,8,1,1.5000,,,,,,,,,,,,,,
HH,SCOWCGFS,4,GB-SCT,748S,GOV,97,I2,P,427,427,2016,11,30,1143,B2Q4,30,D,55.6300,-5.8870,55.6000,-5.9070,40E4,109,V,74SC0442,1,1,R,5.0000,-9,,3621,360,28,,4.5000,1100,83.0,20.0,186,0.7000,,200,3.9000,,91,0.1000,,,270,10,230,0.5000,11.4,11.7,34.19,34.34,,,,,,,,,,
HH,SCOWCGFS,4,GB-SCT,748S,GOV,97,I2,P,428,428,2016,11,30,1540,R2Q4,30,D,55.5670,-6.7990,55.5980,-6.8030,40E3,92,V,74SC0443,1,1,R,5.6000,-9,,3463,300,28,,4.5000,1100,85.0,18.0,186,0.7000,,5,3.8000,,318,0.1000,,,280,14,280,0.5000,11.4,11.4,34.40,34.43,,,,,,,,,,
HH,SCOWCGFS,4,GB-SCT,748S,GOV,47,I2,P,429,429,2016,12,1,0802,G3Q4,30,D,55.8840,-7.1880,55.9080,-7.1520,40E2,65,V,74SC0444,1,1,R,5.9000,-9,,3509,220,28,,4.5000,1100,66.0,18.0,186,0.7000,,30,3.8000,,240,0.1000,,,278,6,278,0.2000,11.0,11.1,35.14,35.15,,,,,,,,,,
HH,SCOWCGFS,1,GB-SCT,748S,GOV,110,I2,P,131,56,2013,3,6,1309,B1Q1,23,D,56.0197,-7.0473,55.9967,-7.0450,41E2,95,V,74SC0109,1,1,C,5.2000,-9,,2564,400,28,,4.5000,1100,82.0,18.0,186,0.7000,,180,3.6000,3.6000,44,0.4000,,,90,13,90,0.5000,,,,,,,,,,,,,,
HH,SCOWCGFS,1,GB-SCT,748S,GOV,60,I2,P,132,57,2013,3,6,1600,PQ1,30,D,55.9463,-6.6680,55.9768,-6.6738,40E3,55,V,74SC0110,1,1,C,5.9000,-9,,3393,220,28,,4.5000,1100,63.0,18.0,186,0.7000,,360,3.7000,3.7000,190,0.4000,,,90,10,90,0.4000,,,,,,,,,,,,,,
HH,SCOWCGFS,1,GB-SCT,748S,GOV,60,I2,P,133,58,2013,3,6,1808,PQ1,30,D,56.1512,-6.4715,56.1718,-6.5137,41E3,65,V,74SC0111,1,1,C,5.8000,-9,,3483,220,28,,4.5000,1100,64.0,18.0,186,0.7000,,325,3.8000,3.8000,225,0.2000,,,90,10,90,0.5000,,,,,,,,,,,,,,
HH,SCOWCGFS,1,GB-SCT,748S,GOV,47,I2,P,99,99,2014,2,27,0714,CLQ1,30,D,55.2730,-5.3680,55.2740,-5.3140,39E4,50,V,74SC0000,1,1,R,,-9,,3432,180,28,,4.5000,1100,64.0,,186,0.7000,,81,3.7000,,130,0.1000,,,250,10,250,1.0000,,,32.78,,,,,,,,,,,
HH,SCOWCGFS,1,GB-SCT,748S,GOV,47,I2,P,100,100,2014,2,27,0840,CLQ1,30,D,55.2590,-5.1890,55.2870,-5.1840,39E4,50,V,74SC0000,1,1,R,,-9,,3130,180,28,,4.5000,1100,,,186,0.7000,,358,,,97,0.1000,,,255,13,230,1.0000,,,31.96,,,,,,,,,,,
HH,SCOWCGFS,1,GB-SCT,748S,GOV,47,I2,P,101,101,2014,2,27,1126,CLQ1,30,D,55.4950,-4.8160,55.4670,-4.8310,39E5,60,V,74SC0000,1,1,R,4.5000,-9,,3412,235,28,,4.5000,1100,67.0,20.0,186,0.7000,,205,3.6000,,247,0.1000,,,250,15,190,1.0000,,,31.96,,,,,,,,,,,
HH,SCOWCGFS,1,GB-SCT,748S,GOV,97,I2,P,102,102,2014,3,2,0811,R3Q1,30,D,54.8800,-9.9400,54.8580,-9.9720,38E0,120,V,74SC0075,1,1,R,5.1000,-9,,3412,390,28,,4.5000,1100,97.0,19.0,186,0.7000,,198,3.5000,,81,0.1000,,,160,18,190,2.0000,,,35.37,35.37,,,,,,,,,,
HH,SCOWCGFS,1,GB-SCT,748S,GOV,97,I2,P,103,103,2014,3,2,1056,G2Q1,30,D,54.7860,-9.6320,54.7560,-9.6470,38E0,100,V,74SC0076,1,1,R,5.4000,-9,,3586,330,28,,4.5000,1100,91.0,18.0,186,0.7000,,192,3.8000,,270,0.1000,,,150,18,190,2.0000,,,35.21,35.21,,,,,,,,,,
HH,SCOWCGFS,1,GB-SCT,748S,GOV,97,I2,P,104,104,2014,3,2,1402,G2Q1,30,D,54.5730,-9.9370,54.5440,-9.9280,38E0,100,V,74SC0077,1,1,R,5.2000,-9,,3351,325,28,,4.5000,1100,91.0,18.0,186,0.7000,,190,3.5000,,251,0.2000,,,250,13,190,2.0000,,,34.69,35.13,,,,,,,,,,
HH,SCOWCGFS,1,GB-SCT,748S,GOV,97,I2,P,105,105,2014,3,2,1639,-9,30,D,54.4800,-9.4790,54.4810,-9.4280,37E0,91,V,74SC0078,1,1,R,5.3000,-9,,3298,310,28,,4.5000,1100,88.0,18.0,186,0.7000,,90,3.6000,,45,0.2000,,,235,10,230,2.0000,,,35.08,35.12,,,,,,,,,,
HH,SCOWCGFS,1,GB-SCT,748S,GOV,97,I2,P,106,106,2014,3,3,0713,PQ1,30,D,54.8000,-9.0540,54.8230,-9.0200,38E0,80,V,74SC0079,1,1,R,4.7000,-9,,3650,295,28,,4.5000,1100,88.0,21.0,186,0.7000,,40,3.7000,,315,0.2000,,,355,6,270,1.5000,,,34.89,34.97,,,,,,,,,,
HH,SCOWCGFS,1,GB-SCT,748S,GOV,97,I2,P,107,107,2014,3,3,0903,PQ1,30,D,54.9450,-9.0170,54.9750,-9.0240,38E0,80,V,74SC0080,1,1,R,5.1000,-9,,3477,278,28,,4.5000,1100,94.0,21.0,186,0.7000,,344,3.7000,,167,0.1000,,,320,4,270,3.0000,,,35.22,35.24,,,,,,,,,,
HH,SCOWCGFS,1,GB-SCT,748S,GOV,97,I2,P,108,108,2014,3,3,1405,R3Q1,30,D,55.8040,-9.0110,55.8320,-8.9950,40E0,130,V,74SC0081,1,1,R,4.8000,-9,,3382,420,28,,4.5000,1100,100.0,21.0,186,0.7000,,10,3.6000,,350,0.2000,,,256,15,270,5.0000,,,35.38,35.38,,,,,,,,,,
HH,SCOWCGFS,1,GB-SCT,748S,GOV,97,I2,P,109,109,2014,3,3,1626,R3Q1,30,D,55.8740,-8.6610,55.9010,-8.6340,40E1,126,V,74SC0082,1,1,R,5.0000,-9,,3357,420,28,,4.5000,1100,100.0,20.0,186,0.7000,,20,3.8000,,200,0.1000,,,190,8,220,3.0000,,,35.36,35.36,,,,,,,,,,
HH,SCOWCGFS,1,GB-SCT,748S,GOV,97,I2,P,114,114,2014,3,5,0716,LBQ1,30,D,56.6140,-7.5030,56.5920,-7.5400,42E2,200,V,74SC0087,1,1,R,4.3000,-9,,,630,28,,4.5000,1100,106.0,22.0,186,0.7000,,225,3.6000,,150,0.1000,,,200,13,205,2.0000,,,35.33,35.29,,,,,,,,,,
HH,SCOWCGFS,1,GB-SCT,748S,GOV,97,I2,P,115,115,2014,3,5,1002,LBQ1,30,D,56.6040,-7.1280,56.5870,-7.1680,42E2,90,V,74SC0088,1,1,R,5.2000,-9,,3138,300,28,,4.5000,1100,89.0,20.0,186,0.7000,,235,3.4000,,355,0.1000,,,200,18,230,2.0000,,,34.56,35.02,,,,,,,,,,
HH,SCOWCGFS,1,GB-SCT,748S,GOV,97,I2,P,116,116,2014,3,5,1319,LBQ1,30,D,56.7020,-6.6410,56.6840,-6.6840,42E3,85,V,74SC0089,1,1,R,5.1000,-9,,3312,285,28,,4.5000,1100,89.0,19.0,186,0.7000,,222,3.6000,,197,0.2000,,,190,15,230,2.0000,,,33.93,34.21,,,,,,,,,,
HH,SCOWCGFS,1,GB-SCT,748S,GOV,97,I2,P,117,117,2014,3,5,1624,LBQ1,15,D,56.9050,-6.3740,56.9010,-6.4000,42E3,82,V,74SC0090,1,1,R,4.6000,-9,,1727,270,28,,4.5000,1100,84.0,21.0,186,0.7000,,230,3.5000,,180,0.2000,,,190,18,230,2.0000,,,33.71,35.50,,,,,,,,,,
HH,SCOWCGFS,1,GB-SCT,748S,GOV,97,I2,P,120,120,2015,3,5,1758,G1Q1,30,D,57.3750,-9.2890,57.4060,-9.3050,43E0,180,V,74SC0094,1,1,R,5.3000,-9,,3568,570,28,,4.5000,1100,106.0,20.0,186,0.7000,,320,3.8000,,278,0.4000,,,250,10,,4.0000,,,,,,,,,,,,,,
HH,SCOWCGFS,1,GB-SCT,748S,GOV,97,I2,P,121,121,2015,3,6,0734,R2Q1,30,D,58.3280,-8.7320,58.3120,-8.7740,45E1,255,V,,1,1,R,4.7000,-9,,3080,780,28,,4.5000,1100,111.0,22.0,186,0.7000,,215,3.4000,,312,0.4000,,,200,23,10,5.0000,,,,,,,,,,,,,,
HH,SCOWCGFS,1,GB-SCT,748S,GOV,97,I2,P,122,122,2015,3,6,1104,R2Q1,30,D,58.5890,-8.3220,58.5620,-8.3330,46E1,405,V,,1,1,R,5.2000,-9,,3161,1232,28,,4.5000,1100,104.0,20.0,186,0.7000,,200,3.4000,,350,0.4000,,,200,21,200,5.0000,,,,,,,,,,,,,,
HH,SCOWCGFS,1,GB-SCT,748S,GOV,97,I2,P,73,73,2018,2,16,0812,G1Q1,30,D,59.3460,-4.3960,59.3180,-4.4130,47E5,105,V,74SC0057,1,1,R,5.5000,-9,,3242,350,28,,4.5000,1100,89.0,20.0,186,0.7000,,230,3.5000,,90,0.5000,,,230,15,220,5.0000,8.0,8.0,35.18,35.19,,,,,,,,,,
HH,SCOWCGFS,1,GB-SCT,748S,GOV,97,I2,P,74,74,2018,2,16,1042,WSQ1,30,D,59.5320,-4.3950,59.5050,-4.4140,48E5,104,V,74SC0058,1,1,R,5.3000,-9,,3302,350,28,,4.5000,1100,93.0,21.0,186,0.7000,,210,3.6000,,150,0.3000,,,217,16,220,5.0000,8.1,8.1,35.23,35.23,,,,,,,,,,
HH,SCOWCGFS,1,GB-SCT,748S,GOV,97,I2,P,75,75,2018,2,16,1452,WSQ1,30,D,59.3880,-5.1590,59.3600,-5.1840,47E4,125,V,74SC0059,1,1,R,5.3000,-9,,3332,400,28,,4.5000,1100,,20.0,186,0.7000,,200,3.6000,,250,0.4000,,,29,15,220,4.0000,8.1,8.2,35.17,35.18,,,,,,,,,,
HH,SCOWCGFS,1,GB-SCT,748S,GOV,97,I2,P,76,76,2018,2,16,1710,WSQ1,30,D,59.5240,-5.2430,59.5540,-5.2240,48E4,131,V,74SC0060,1,1,R,5.3000,-9,,3446,420,28,,4.5000,1100,94.0,19.0,186,0.7000,,14,3.7000,,150,0.2000,,,200,13,220,4.0000,8.7,8.6,35.27,35.26,,,,,,,,,,
HH,SCOWCGFS,1,GB-SCT,748S,GOV,97,I2,P,77,77,2018,2,17,0730,R1Q1,30,D,59.7420,-4.8410,59.7590,-4.7910,48E5,127,V,74SC0061,1,1,R,5.2000,-9,,3375,400,28,,4.5000,1100,95.0,21.0,186,0.7000,,54,3.7000,,90,0.5000,,,221,13,220,3.0000,8.4,8.3,35.25,35.24,,,,,,,,,,
HH,SCOWCGFS,1,GB-SCT,748S,GOV,97,I2,P,123,123,2015,3,7,1300,G1Q1,20,D,58.9230,-4.7040,58.9110,-4.7330,46E5,89,V,74SC0095,1,1,R,5.7000,-9,,2109,285,28,,4.5000,1100,81.0,18.0,186,0.7000,,230,3.5000,,323,0.1000,,,215,13,215,2.0000,,,,,,,,,,,,,,
HH,SCOWCGFS,4,GB-SCT,748S,GOV,47,I2,P,430,430,2016,12,1,1014,G3Q4,30,D,56.0500,-6.9380,56.0510,-6.9960,41E3,74,V,74SC0445,1,1,R,5.9000,-9,,3588,250,28,,4.5000,1100,67.0,18.0,186,0.7000,,272,3.9000,,227,0.3000,,,298,7,295,0.5000,11.0,11.1,34.91,35.14,,,,,,,,,,
HH,SCOWCGFS,4,GB-SCT,748S,GOV,97,I2,P,411,411,2019,11,18,1153,GYQ4,30,D,54.4530,-9.4660,54.4240,-9.4830,37E0,85,V,74SC0464,1,1,R,5.6000,-9,,3448,280,28,,4.5000,1100,84.0,18.0,186,0.7000,,190,3.7000,,37,0.3000,,,135,15,140,2.0000,11.7,11.7,35.09,35.16,,,,,,,,,,
HH,SCOWCGFS,4,GB-SCT,748S,GOV,47,I2,P,410,410,2019,11,18,1002,GYQ4,10,D,54.4400,-9.2280,54.4500,-9.2330,37E0,77,I,,0,0,R,5.4000,-9,,1103,250,28,,4.5000,1100,67.0,18.0,186,0.7000,,334,3.7000,,33,0.3000,,,50,13,160,2.5000,,,,,,,,,,,,,,
HH,SCOWCGFS,4,GB-SCT,748S,GOV,97,I2,P,413,413,2019,11,18,1648,GYQ4,15,D,54.3930,-10.0890,54.4040,-10.1070,37D9,108,V,74SC0466,1,1,R,5.6000,-9,,1684,320,28,,4.5000,1100,86.0,18.0,186,0.7000,,314,3.7000,,27,0.1000,,,140,9,270,3.5000,11.4,11.2,35.19,35.28,,,,,,,,,,
HH,SCOWCGFS,4,GB-SCT,748S,GOV,97,I2,P,372,372,2019,11,6,1514,WSQ4,30,D,59.2480,-6.0320,59.2620,-5.9770,47E3,102,V,74SC0431,1,1,R,5.3000,-9,,3475,330,28,,4.5000,1100,92.0,20.0,186,0.7000,,59,3.8000,,52,0.2000,,,78,8,30,2.0000,11.5,11.5,35.04,35.06,,,,,,,,,,
HH,SCOWCGFS,4,GB-SCT,748S,GOV,97,I2,P,367,367,2019,11,5,1310,WSQ4,30,D,59.5090,-5.2490,59.4790,-5.2370,48E4,124,V,74SC0426,1,1,R,5.6000,-9,,3394,392,28,,4.5000,1100,93.0,19.0,186,0.7000,,168,3.7000,,121,0.1000,,,18,8,10,2.2000,11.1,10.7,35.14,35.26,,,,,,,,,,
HH,SCOWCGFS,4,GB-SCT,748S,GOV,97,I2,P,369,369,2019,11,6,0727,WSQ4,30,D,59.5210,-5.8030,59.5110,-5.8580,48E4,127,V,74SC0428,1,1,R,5.2000,-9,,3374,410,28,,4.5000,1100,96.0,21.0,186,0.7000,,253,3.6000,,13,0.2000,,,354,6,10,1.0000,11.4,11.3,35.05,35.16,,,,,,,,,,
HH,SCOWCGFS,4,GB-SCT,748S,GOV,97,I2,P,366,366,2019,11,5,1027,WSQ4,30,D,59.7000,-4.8210,59.6720,-4.8520,48E5,118,V,74SC0425,1,1,R,5.2000,-9,,3522,385,28,,4.5000,1100,97.0,20.0,186,0.7000,,206,3.8000,,6,0.1000,,,10,9,1,3.0000,11.2,11.1,35.11,35.17,,,,,,,,,,
HH,SCOWCGFS,4,GB-SCT,748S,GOV,47,I2,P,458,458,2018,11,26,0752,CLQ4,30,D,55.0940,-5.2170,55.0640,-5.2240,39E4,66,V,74SC0522,1,1,R,4.8000,-9,,3441,200,28,,4.5000,1100,62.0,20.0,186,0.7000,,190,3.7000,,152,0.2000,,,60,7,190,0.2000,11.3,11.3,33.90,33.92,,,,,,,,,,
HH,SCOWCGFS,4,GB-SCT,748S,GOV,47,I2,P,459,459,2018,11,26,1509,R2Q4,30,D,55.5180,-7.0120,55.5290,-7.0620,40E2,60,V,74SC0000,1,1,R,5.5000,-9,,3431,235,28,,4.5000,1100,61.0,18.0,186,0.7000,,246,3.7000,,304,1.0000,,,146,9,170,1.0000,,,,,,,,,,,,,,
HH,SCOWCGFS,4,GB-SCT,748S,GOV,47,I2,P,460,460,2018,11,26,1646,R2Q4,30,N,55.6380,-7.3430,55.6480,-7.3910,40E2,60,V,74SC0523,1,1,R,5.5000,-9,,3287,210,28,,4.5000,1100,65.0,19.0,186,0.7000,,261,3.5000,,318,0.5000,,,114,10,190,1.0000,11.0,10.9,34.58,34.78,,,,,,,,,,
HH,SCOWCGFS,4,GB-SCT,748S,GOV,47,I2,P,461,461,2018,11,27,0828,GYQ4,30,D,54.4630,-8.8610,54.4630,-8.8080,37E1,67,V,74SC0000,1,1,R,5.7000,-9,,3394,210,28,,4.5000,1100,64.0,18.0,186,0.7000,,103,3.7000,,181,0.3000,,,120,23,100,3.0000,,,,,,,,,,,,,,
HH,SCOWCGFS,4,GB-SCT,748S,GOV,97,I2,P,462,462,2018,11,27,1032,G4Q4,17,D,54.5880,-8.9840,54.5850,-8.9530,38E1,84,V,74SC0524,1,1,R,5.5000,-9,,1994,290,28,,4.5000,1100,84.0,19.0,186,0.7000,,110,3.7000,,15,0.2000,,,107,14,110,2.5000,10.8,11.2,34.90,35.14,,,,,,,,,,
HH,SCOWCGFS,4,GB-SCT,748S,GOV,97,I2,P,411,411,2016,11,25,0801,GYQ4,30,D,54.4040,-10.1110,54.3820,-10.0710,37D9,108,I,74SC0427,0,0,R,5.9000,-9,,3565,330,28,,4.5000,1100,87.0,17.0,186,0.7000,,142,3.8000,,320,0.4000,,,90,4,85,0.1000,11.9,11.7,35.14,35.24,,,,,,,,,,
HH,SCOWCGFS,4,GB-SCT,748S,GOV,97,I2,P,412,412,2016,11,25,0951,GYQ4,20,D,54.4530,-9.8840,54.4700,-9.8630,37E0,98,V,74SC0428,1,1,R,5.7000,-9,,2387,294,28,,4.5000,1100,87.0,17.0,186,0.7000,,33,3.9000,,38,0.2000,,,100,4,100,0.2000,11.9,11.9,35.13,35.13,,,,,,,,,,
HH,SCOWCGFS,4,GB-SCT,748S,GOV,47,I2,P,413,413,2016,11,25,1203,GYQ4,30,D,54.4250,-9.4900,54.4520,-9.4590,37E0,80,V,74SC0429,1,1,R,5.9000,-9,,3615,250,28,,4.5000,1100,66.0,16.0,186,0.7000,,71,3.9000,,342,0.2000,,,83,5,280,0.5000,11.9,11.9,35.10,35.10,,,,,,,,,,
HH,SCOWCGFS,4,GB-SCT,748S,GOV,47,I2,P,414,414,2016,11,25,1606,GYQ4,30,D,54.4990,-8.5360,54.5050,-8.4810,37E1,53,V,74SC0430,1,1,R,6.7000,-9,,3651,170,28,,4.5000,1100,53.0,14.0,186,0.7000,,79,3.9000,,243,0.1000,,,81,6,81,0.1000,10.4,12.0,33.77,34.92,,,,,,,,,,
HH,SCOWCGFS,4,GB-SCT,748S,GOV,97,I2,P,415,415,2016,11,26,0758,G4Q4,30,D,54.7220,-9.4100,54.7440,-9.4530,38E0,100,V,74SC0431,1,1,R,5.8000,-9,,3690,310,28,,4.5000,1100,84.0,17.0,186,0.7000,,310,4.0000,,204,0.1000,,,57,7,59,0.2000,11.8,11.7,35.15,35.16,,,,,,,,,,
HH,SCOWCGFS,4,GB-SCT,748S,GOV,47,I2,P,416,416,2016,11,26,1058,R2Q4,30,D,54.9300,-9.0130,54.9630,-9.0210,38E0,75,V,74SC0000,1,1,R,5.9000,-9,,3671,255,28,,4.5000,1100,71.0,18.0,186,0.7000,,350,4.0000,,113,0.1000,,,81,5,30,0.5000,,,,,,,,,,,,,,
HH,SCOWCGFS,4,GB-SCT,748S,GOV,97,I2,P,417,417,2016,11,26,1238,R2Q4,30,D,55.1150,-9.0690,55.1480,-9.0680,39E0,96,V,74SC0432,1,1,R,5.7000,-9,,3614,310,28,,4.5000,1100,87.0,17.0,186,0.7000,,262,3.9000,,262,0.1000,,,40,5,30,0.5000,11.6,11.5,35.20,35.23,,,,,,,,,,
HH,SCOWCGFS,4,GB-SCT,748S,GOV,97,I2,P,418,418,2016,11,26,1442,R2Q4,30,D,55.1890,-9.2950,55.2190,-9.3210,39E0,106,V,74SC0433,1,1,R,6.2000,-9,,3673,330,28,,4.5000,1100,91.0,18.0,186,0.7000,,325,4.0000,,285,0.2000,,,16,6,30,0.5000,11.5,10.8,35.21,35.34,,,,,,,,,,
HH,SCOWCGFS,4,GB-SCT,748S,GOV,97,I2,P,419,419,2016,11,27,0751,G3Q4,30,D,56.0070,-7.7270,55.9790,-7.7510,41E2,162,V,74SC0434,1,1,R,5.5000,-9,,3472,495,28,,4.5000,1100,100.0,19.0,186,0.7000,,200,3.8000,,84,0.1000,,,100,6,100,0.2000,11.3,10.5,35.09,35.30,,,,,,,,,,
HH,SCOWCGFS,4,GB-SCT,748S,GOV,97,I2,P,420,420,2016,11,27,0942,G3Q4,30,D,55.8390,-7.7710,55.8230,-7.7210,40E2,139,V,74SC0435,1,1,R,5.8000,-9,,3646,435,28,,4.5000,1100,91.0,18.0,186,0.7000,,130,3.9000,,2,0.1000,,,125,10,125,0.5000,11.2,11.0,35.20,35.24,,,,,,,,,,
HH,SCOWCGFS,1,GB-SCT,748S,GOV,97,I2,P,94,94,2020,2,29,0753,R3Q1,30,D,57.2920,-9.3000,57.3220,-9.3140,43E0,203,V,74SC0076,1,1,R,5.1000,-9,,3439,630,28,,4.5000,1100,103.0,19.0,186,0.7000,,335,3.7000,,135,0.4000,,,197,15,220,5.5000,9.6,9.1,35.33,35.31,,,,,,,,,,
HH,SCOWCGFS,1,GB-SCT,748S,GOV,97,I2,P,95,95,2020,2,29,1053,G1Q1,30,D,57.5240,-8.8100,57.5530,-8.7960,44E1,152,V,74SC0077,1,1,R,5.4000,-9,,3383,480,28,,4.5000,1100,96.0,19.0,186,0.7000,,14,3.7000,,255,0.3000,,,160,15,230,5.0000,8.8,8.9,35.25,35.27,,,,,,,,,,
HH,SCOWCGFS,1,GB-SCT,748S,GOV,97,I2,P,108,108,2015,3,2,1511,G2Q1,30,D,54.7260,-9.4160,54.7400,-9.4670,38E0,101,V,74SC0087,1,1,R,5.3000,-9,,3632,330,28,,4.5000,1100,93.0,18.0,186,0.7000,,295,3.9000,,325,0.2000,,,270,21,270,5.0000,,,,,,,,,,,,,,
HH,SCOWCGFS,1,GB-SCT,748S,GOV,97,I2,P,109,109,2015,3,3,0744,R3Q1,16,D,55.6660,-9.3110,55.6500,-9.3160,40E0,180,V,,1,1,R,5.2000,-9,,1763,570,28,,4.5000,1100,106.0,20.0,186,0.7000,,205,3.6000,,316,0.3000,,,250,21,90,4.0000,,,,,,,,,,,,,,
HH,SCOWCGFS,1,GB-SCT,748S,GOV,97,I2,P,110,110,2015,3,3,1126,R3Q1,30,D,55.9060,-8.8070,55.8930,-8.8540,40E1,131,V,,1,1,R,5.1000,-9,,3263,430,28,,4.5000,1100,102.0,20.0,186,0.7000,,240,3.6000,,131,0.4000,,,240,21,260,5.0000,,,,,,,,,,,,,,
HH,SCOWCGFS,1,GB-SCT,748S,GOV,97,I2,P,111,111,2015,3,3,1440,B1Q1,30,D,56.0770,-8.3450,56.0560,-8.3840,41E1,157,V,,1,1,R,5.3000,-9,,3415,490,28,,4.5000,1100,104.0,20.0,186,0.7000,,240,3.7000,,74,0.2000,,,270,23,270,5.5000,,,,,,,,,,,,,,
HH,SCOWCGFS,1,GB-SCT,748S,GOV,97,I2,P,112,112,2015,3,3,1737,B1Q1,30,D,56.1460,-8.0690,56.1530,-8.1170,41E1,115,V,,1,1,R,5.3000,-9,,3098,380,28,,4.5000,1100,95.0,19.0,186,0.7000,,285,3.4000,,139,0.2000,,,300,21,100,4.0000,,,,,,,,,,,,,,
HH,SCOWCGFS,1,GB-SCT,748S,GOV,97,I2,P,113,113,2015,3,4,0729,R3Q1,30,D,56.7560,-8.7520,56.7810,-8.7850,42E1,122,V,74SC0088,1,1,R,5.0000,-9,,3363,405,28,,4.5000,1100,100.0,19.0,186,0.7000,,320,3.6000,,300,0.1000,,,305,10,130,3.0000,,,,,,,,,,,,,,
HH,SCOWCGFS,1,GB-SCT,748S,GOV,97,I2,P,114,114,2015,3,4,1125,R3Q1,16,D,56.5280,-8.8460,56.5300,-8.8750,42E1,140,V,74SC0089,1,1,R,5.0000,-9,,1802,450,28,,4.5000,1100,108.0,21.0,186,0.7000,,270,3.7000,,272,0.2000,,,250,13,270,3.0000,,,,,,,,,,,,,,
HH,SCOWCGFS,1,GB-SCT,748S,GOV,97,I2,P,115,115,2015,3,4,1349,R3Q1,16,D,56.5000,-8.5030,56.4950,-8.4730,42E1,158,V,74SC0090,1,1,R,4.9000,-9,,1890,510,28,,4.5000,1100,101.0,19.0,186,0.7000,,115,3.8000,,119,0.1000,,,250,10,250,1.5000,,,,,,,,,,,,,,
HH,SCOWCGFS,1,GB-SCT,748S,GOV,97,I2,P,105,105,2018,2,22,1807,R3Q1,30,D,56.5920,-8.6750,56.5660,-8.6660,42E1,132,V,74SC0084,1,1,R,5.4000,-9,,3035,450,28,,4.5000,1100,103.0,23.0,186,0.7000,,175,3.3000,,10,0.4000,,,180,23,180,5.0000,8.3,8.9,34.97,35.23,,,,,,,,,,
HH,SCOWCGFS,1,GB-SCT,748S,GOV,97,I2,P,106,106,2018,2,23,0722,G2Q1,30,D,55.4120,-8.3870,55.3900,-8.4240,39E1,90,V,74SC0085,1,1,R,5.4000,-9,,3404,300,28,,4.5000,1100,91.0,20.0,186,0.7000,,210,3.7000,,30,0.3000,,,160,15,180,3.0000,7.9,8.3,35.05,35.22,,,,,,,,,,
HH,SCOWCGFS,1,GB-SCT,748S,GOV,47,I2,P,107,107,2018,2,23,1215,PQ1,30,D,54.9610,-9.0210,54.9300,-9.0160,38E0,80,V,74SC0086,1,1,R,5.6000,-9,,3471,270,28,,4.5000,1100,75.0,22.0,186,0.7000,,175,3.7000,,30,0.5000,,,175,26,180,3.0000,8.1,8.2,35.05,35.11,,,,,,,,,,
HH,SCOWCGFS,1,GB-SCT,748S,GOV,97,I2,P,108,108,2018,2,23,1545,R3Q1,30,D,54.9290,-9.6140,54.9070,-9.6530,38E0,95,V,74SC0087,1,1,R,5.8000,-9,,3519,320,28,,4.5000,1100,95.0,,186,0.7000,,215,3.8000,,40,0.4000,,,170,21,170,3.0000,9.3,9.3,35.33,35.33,,,,,,,,,,
HH,SCOWCGFS,1,GB-SCT,748S,GOV,97,I2,P,109,109,2018,2,24,0720,G2Q1,30,D,54.5950,-9.9260,54.5670,-9.9460,38E0,101,V,74SC0088,1,1,R,5.8000,-9,,3368,330,28,,4.5000,1100,90.0,19.0,186,0.7000,,190,3.6000,,60,0.2000,,,160,21,160,3.0000,8.9,9.0,35.28,35.29,,,,,,,,,,
HH,SCOWCGFS,1,GB-SCT,748S,GOV,97,I2,P,110,110,2018,2,24,1226,G2Q1,30,D,55.1360,-9.0670,55.1690,-9.0670,39E0,98,V,74SC0000,1,1,R,5.3000,-9,,3459,330,28,,4.5000,1100,95.0,22.0,186,0.7000,,359,3.8000,,60,0.4000,,,160,21,160,3.0000,,,,,,,,,,,,,,
HH,SCOWCGFS,1,GB-SCT,748S,GOV,97,I2,P,111,111,2018,2,24,1537,G2Q1,30,D,55.5470,-8.8140,55.5570,-8.8660,40E1,98,V,74SC0089,1,1,R,5.4000,-9,,3510,330,28,,4.5000,1100,93.0,20.0,186,0.7000,,280,3.8000,,100,0.2000,,,160,15,160,3.0000,9.0,9.0,35.32,35.32,,,,,,,,,,
HH,SCOWCGFS,1,GB-SCT,748S,GOV,97,I2,P,74,74,2020,2,18,1147,B1Q1,30,D,57.5900,-6.7500,57.5620,-6.7630,44E3,172,V,74SC0059,1,1,R,4.9000,-9,,3341,540,28,,4.5000,1100,99.0,20.0,186,0.7000,,215,3.6000,,72,0.4000,,,240,13,240,1.2000,8.0,8.4,34.55,34.86,,,,,,,,,,
HH,SCOWCGFS,1,GB-SCT,748S,GOV,97,I2,P,73,73,2020,2,18,0802,B1Q1,30,D,57.6160,-6.0380,57.5880,-6.0430,44E3,127,V,74SC0058,1,1,R,4.2000,-9,,3129,410,28,,4.5000,1100,85.0,26.0,186,0.7000,,197,3.4000,,126,0.3000,,,250,13,330,1.5000,8.0,8.1,34.33,34.43,,,,,,,,,,
HH,SCOWCGFS,1,GB-SCT,748S,GOV,97,I2,P,96,96,2020,2,29,1321,G1Q1,30,D,57.7560,-8.9990,57.7840,-9.0120,44E1,153,V,74SC0078,1,1,R,5.1000,-9,,3237,478,28,,4.5000,1100,99.0,21.0,186,0.7000,,350,3.5000,,238,0.5000,,,133,18,220,6.0000,9.4,9.3,35.33,35.34,,,,,,,,,,
HH,SCOWCGFS,1,GB-SCT,748S,GOV,97,I2,P,97,97,2020,2,29,1532,R2Q1,30,D,57.9010,-9.1820,57.8790,-9.2170,44E0,183,V,,1,1,R,5.4000,-9,,3213,580,28,,4.5000,1100,100.0,19.0,186,0.7000,,220,3.5000,,227,0.3000,,,125,18,190,6.0000,,,,,,,,,,,,,,
HH,SCOWCGFS,1,GB-SCT,748S,GOV,97,I2,P,71,71,2020,2,17,1437,B1Q1,30,D,57.9270,-6.2100,57.9560,-6.2260,44E3,90,V,74SC0056,1,1,R,5.2000,-9,,3360,295,28,,4.5000,1100,83.0,21.0,186,0.7000,,335,3.6000,,354,0.2000,,,237,22,250,1.8000,8.2,8.2,34.57,34.60,,,,,,,,,,
HH,SCOWCGFS,1,GB-SCT,748S,GOV,97,I2,P,72,72,2020,2,17,1715,B1Q1,30,D,57.9930,-5.8610,57.9680,-5.8260,44E4,89,V,74SC0057,1,1,R,4.4000,-9,,3504,290,28,,4.5000,1100,85.0,20.0,186,0.7000,,156,3.8000,,97,0.3000,,,255,11,240,2.5000,8.1,8.1,34.43,34.49,,,,,,,,,,
HH,SCOWCGFS,1,GB-SCT,748S,GOV,97,I2,P,98,98,2020,2,29,1532,R2Q1,30,D,58.0650,-9.2520,58.0390,-9.2820,45E0,254,V,74SC0079,1,1,R,5.0000,-9,,3427,790,28,,4.5000,1100,106.0,20.0,186,0.7000,,200,3.7000,,213,0.5000,,,120,15,190,5.0000,9.4,9.3,35.33,35.33,,,,,,,,,,
HH,SCOWCGFS,1,GB-SCT,748S,GOV,97,I2,P,103,103,2020,3,1,1747,G1Q1,30,D,58.1260,-7.2640,58.0980,-7.2790,45E2,132,V,74SC0084,1,1,R,5.2000,-9,,3298,390,28,,4.5000,1100,91.0,20.0,186,0.7000,,193,3.6000,,219,0.2000,,,207,8,280,3.5000,8.1,8.0,35.10,35.09,,,,,,,,,,
HH,SCOWCGFS,1,GB-SCT,748S,GOV,97,I2,P,100,100,2020,3,1,1005,G1Q1,30,D,58.2530,-8.2870,58.2670,-8.2320,45E1,131,V,74SC0081,1,1,R,5.2000,-9,,3493,425,28,,4.5000,1100,97.0,,186,0.7000,,67,3.8000,,8,0.2000,,,320,4,300,5.0000,8.7,8.8,35.24,35.28,,,,,,,,,,
HH,SCOWCGFS,1,GB-SCT,748S,GOV,97,I2,P,101,101,2020,3,1,1005,G1Q1,30,D,58.3870,-7.9330,58.4080,-7.8890,45E2,140,V,74SC0082,1,1,R,5.0000,-9,,3477,440,28,,4.5000,1100,98.0,,186,0.7000,,48,3.7000,,0,0.2000,,,278,5,330,3.5000,9.1,8.9,35.32,35.30,,,,,,,,,,
HH,SCOWCGFS,1,GB-SCT,748S,GOV,97,I2,P,70,70,2020,2,17,1030,B1Q1,25,D,58.3900,-5.9130,58.3710,-5.9440,45E4,107,V,74SC0055,1,1,R,5.3000,-9,,2949,330,28,,4.5000,1100,88.0,20.0,186,0.7000,,223,3.7000,,202,0.4000,,,250,21,260,3.0000,8.1,8.2,34.37,34.41,,,,,,,,,,
HH,SCOWCGFS,1,GB-SCT,748S,GOV,97,I2,P,99,99,2020,3,1,0733,R2Q1,30,D,58.4170,-8.4500,58.3930,-8.4860,45E1,201,V,74SC0080,1,1,R,5.0000,-9,,3431,640,28,,4.5000,1100,102.0,20.0,186,0.7000,,226,3.7000,,150,0.2000,,,340,8,350,5.0000,9.3,9.0,35.32,35.31,,,,,,,,,,
HH,SCOWCGFS,1,GB-SCT,748S,GOV,97,I2,P,102,102,2020,3,1,1432,G1Q1,30,D,58.4520,-7.4970,58.4720,-7.4560,45E2,112,V,74SC0083,1,1,R,5.2000,-9,,3314,360,28,,4.5000,1100,93.0,19.0,186,0.7000,,48,3.5000,,352,0.1000,,,235,7,359,3.0000,8.6,8.7,35.26,35.28,,,,,,,,,,
HH,SCOWCGFS,1,GB-SCT,748S,GOV,97,I2,P,119,119,2020,3,6,1105,G1Q1,20,D,58.7590,-5.5550,58.7810,-5.5630,46E4,93,V,74SC0096,1,1,R,5.4000,-9,,2417,300,28,,4.5000,1100,86.0,,186,0.7000,,354,4.0000,,203,0.6000,,,190,8,200,1.5000,7.4,7.8,34.28,34.71,,,,,,,,,,
HH,SCOWCGFS,1,GB-SCT,748S,GOV,97,I2,P,120,120,2020,3,6,1349,G1Q1,30,D,58.8010,-6.1690,58.7900,-6.2280,46E3,111,V,74SC0097,1,1,R,5.2000,-9,,3626,370,28,,4.5000,1100,90.0,18.0,186,0.7000,,250,3.9000,,274,0.1000,,,275,13,220,2.8000,7.6,8.6,34.47,35.27,,,,,,,,,,
HH,SCOWCGFS,1,GB-SCT,748S,GOV,47,I2,P,109,109,2020,3,3,1838,PQ1,30,D,54.5000,-8.5320,54.5040,-8.4810,38E1,52,V,74SC0088,1,1,R,6.1000,-9,,3421,180,28,,4.5000,1100,57.0,,186,0.7000,,78,3.7000,,125,0.1000,,,305,8,300,1.5000,7.3,7.7,33.23,34.48,,,,,,,,,,
HH,SCOWCGFS,1,GB-SCT,748S,GOV,47,I2,P,108,108,2020,3,3,1531,PQ1,30,D,54.8190,-9.0210,54.7920,-9.0550,38E0,75,V,,1,1,R,5.7000,-9,,3723,255,28,,4.5000,1100,70.0,25.0,186,0.7000,,225,4.0000,,104,0.2000,,,315,8,290,2.5000,,,,,,,,,,,,,,
HH,SCOWCGFS,1,GB-SCT,748S,GOV,97,I2,P,107,107,2020,3,3,1313,G2Q1,30,D,55.0020,-9.2040,54.9730,-9.2220,39E0,85,V,74SC0087,1,1,R,5.6000,-9,,3404,280,28,,4.5000,1100,85.0,,186,0.7000,,195,3.7000,,2,0.2000,,,290,13,270,3.5000,8.4,8.7,35.13,35.24,,,,,,,,,,
HH,SCOWCGFS,1,GB-SCT,748S,GOV,97,I2,P,86,86,2020,2,23,1100,B2Q1,20,D,55.1320,-5.8610,55.1520,-5.8640,39E4,134,V,74SC0069,1,1,R,5.0000,-9,,2244,430,28,,4.5000,1100,92.0,20.0,186,0.7000,,350,3.7000,,195,0.4000,,,264,17,280,1.5000,8.1,8.0,33.97,34.03,,,,,,,,,,
HH,SCOWCGFS,1,GB-SCT,748S,GOV,97,I2,P,106,106,2020,3,3,1027,G2Q1,30,D,55.3100,-9.1060,55.2830,-9.1300,39E0,98,V,74SC0086,1,1,R,5.7000,-9,,3399,330,28,,4.5000,1100,91.0,23.0,186,0.7000,,223,3.7000,,164,0.3000,,,285,15,290,5.5000,9.3,9.3,35.35,35.35,,,,,,,,,,
HH,SCOWCGFS,1,GB-SCT,748S,GOV,97,I2,P,105,105,2020,3,3,0736,G2Q1,30,D,55.3910,-8.6990,55.3610,-8.7010,39E1,101,V,74SC0085,1,1,R,5.6000,-9,,3368,330,28,,4.5000,1100,88.0,19.0,186,0.7000,,190,3.6000,,210,0.1000,,,290,15,285,5.5000,9.0,9.0,35.34,35.34,,,,,,,,,,
HH,SCOWCGFS,1,GB-SCT,748S,GOV,47,I2,P,85,85,2020,2,22,1656,CLQ1,30,D,55.4570,-4.8230,55.4460,-4.8680,39E5,62,V,74SC0068,1,1,R,6.0000,-9,,3096,210,28,,4.5000,1100,64.0,19.0,186,0.7000,,264,3.3000,,272,0.2000,,,265,21,260,4.5000,7.3,7.5,31.95,32.78,,,,,,,,,,
HH,SCOWCGFS,1,GB-SCT,748S,GOV,47,I2,P,88,88,2020,2,27,2044,PQ1,30,N,55.5160,-7.0000,55.5120,-7.0530,40E2,67,V,74SC0071,1,1,R,6.4000,-9,,3342,245,28,,4.5000,1100,66.0,20.0,186,0.7000,,258,3.6000,,75,0.2000,,,212,13,260,3.8000,7.7,7.7,34.70,34.72,,,,,,,,,,
HH,SCOWCGFS,1,GB-SCT,748S,GOV,97,I2,P,93,93,2020,2,28,1909,B2Q1,16,N,55.5640,-8.2550,55.5530,-8.2770,40E1,85,V,74SC0075,1,1,R,6.2000,-9,,1825,285,28,,4.5000,1100,84.0,19.0,186,0.7000,,225,3.7000,,68,0.4000,,,215,11,210,3.5000,8.7,8.7,35.30,35.30,,,,,,,,,,
HH,SCOWCGFS,1,GB-SCT,748S,GOV,97,I2,P,87,87,2020,2,27,1841,PQ1,30,N,55.5810,-6.8040,55.5510,-6.8000,40E3,87,V,74SC0070,1,1,R,6.0000,-9,,3332,315,28,,4.5000,1100,83.0,15.0,186,0.7000,,178,3.6000,,314,0.7000,,,250,11,260,5.5000,7.6,7.6,34.43,34.43,,,,,,,,,,
HH,SCOWCGFS,1,GB-SCT,748S,GOV,97,I2,P,110,110,2020,3,4,0726,G2Q1,16,D,55.5890,-8.6100,55.5880,-8.6390,40E1,91,V,74SC0089,1,1,R,5.6000,-9,,1871,310,28,,4.5000,1100,89.0,22.0,186,0.7000,,268,3.9000,,5,0.2000,,,211,6,210,3.0000,9.2,9.2,35.34,35.34,,,,,,,,,,
HH,SCOWCGFS,1,GB-SCT,748S,GOV,47,I2,P,84,84,2020,2,22,1139,CLQ1,30,D,55.6490,-4.9580,55.6300,-4.9150,40E5,78,V,74SC0067,1,1,R,5.6000,-9,,3465,270,28,,4.5000,1100,68.0,17.0,186,0.7000,,140,3.7000,,104,0.3000,,,247,26,250,1.8000,7.1,7.5,31.85,32.81,,,,,,,,,,
HH,SCOWCGFS,1,GB-SCT,748S,GOV,97,I2,P,83,83,2020,2,22,0835,CLQ1,30,D,55.6770,-5.3950,55.6520,-5.4190,40E4,99,V,74SC0066,1,1,R,5.5000,-9,,3285,295,28,,4.5000,1100,83.0,18.0,186,0.7000,,210,3.5000,,280,0.1000,,,247,21,240,1.0000,7.4,8.1,32.05,33.00,,,,,,,,,,
HH,SCOWCGFS,1,GB-SCT,748S,GOV,97,I2,P,111,111,2020,3,4,0953,R3Q1,25,D,55.8010,-8.9990,55.8280,-9.0020,40E1,130,V,74SC0090,1,1,R,4.9000,-9,,3064,420,28,,4.5000,1100,95.0,,186,0.7000,,352,4.0000,,38,0.3000,,,222,10,270,3.0000,9.5,9.5,35.34,35.34,,,,,,,,,,
HH,SCOWCGFS,1,GB-SCT,748S,GOV,97,I2,P,92,92,2020,2,28,1343,B2Q1,30,D,55.8270,-8.2800,55.8290,-8.3320,40E1,153,V,,1,1,R,5.6000,-9,,3213,480,28,,4.5000,1100,95.0,19.0,186,0.7000,,258,3.5000,,60,0.3000,,,230,21,260,5.0000,,,,,,,,,,,,,,
HH,SCOWCGFS,1,GB-SCT,748S,GOV,47,I2,P,89,89,2020,2,28,0757,PQ1,30,D,55.8300,-7.2440,55.8100,-7.2070,40E2,70,V,74SC0072,1,1,R,6.0000,-9,,3269,230,28,,4.5000,1100,62.0,17.0,186,0.7000,,152,3.5000,,51,0.5000,,,164,14,170,4.5000,8.7,8.9,35.30,35.33,,,,,,,,,,
HH,SCOWCGFS,1,GB-SCT,748S,GOV,97,I2,P,102,102,2019,2,24,1309,R3Q1,30,D,56.7820,-8.7820,56.7590,-8.7540,42E1,124,V,,1,1,R,4.7000,-9,,3117,405,28,,4.5000,1100,100.0,19.0,186,0.7000,,145,3.4000,,344,0.4000,,,160,17,160,2.3000,,,,,,,,,,,,,,
HH,SCOWCGFS,1,GB-SCT,748S,GOV,97,I2,P,103,103,2019,2,24,1551,R3Q1,30,D,57.0300,-8.7290,57.0000,-8.7110,43E1,131,V,74SC0082,1,1,R,5.0000,-9,,3434,420,28,,4.5000,1100,102.0,20.0,186,0.7000,,162,3.7000,,328,0.2000,,,165,15,160,2.0000,9.9,9.9,35.36,35.36,,,,,,,,,,
HH,SCOWCGFS,1,GB-SCT,748S,GOV,97,I2,P,104,104,2019,2,24,1742,G1Q1,30,D,56.9690,-8.5660,56.9690,-8.5080,42E1,126,V,74SC0083,1,1,R,4.5000,-9,,3530,400,28,,4.5000,1100,101.0,20.0,186,0.7000,,125,3.8000,,30,0.6000,,,165,18,165,2.0000,,,,,,,,,,,,,,
HH,SCOWCGFS,1,GB-SCT,748S,GOV,97,I2,P,105,105,2019,2,25,0751,G1Q1,30,D,57.1350,-8.8590,57.1340,-8.8010,43E1,134,V,74SC0084,1,1,R,4.7000,-9,,3497,430,28,,4.5000,1100,101.0,20.0,186,0.7000,,105,3.7000,,23,0.2000,,,155,11,160,1.5000,10.0,10.0,35.37,35.36,,,,,,,,,,
HH,SCOWCGFS,1,GB-SCT,748S,GOV,97,I2,P,106,106,2019,2,25,1030,G1Q1,30,D,57.3060,-9.1350,57.3090,-9.0760,43E0,148,V,74SC0085,1,1,R,4.7000,-9,,3573,480,28,,4.5000,1100,103.0,21.0,186,0.7000,,85,3.9000,,80,0.2000,,,147,10,70,1.5000,10.1,10.1,35.37,35.37,,,,,,,,,,
HH,SCOWCGFS,1,GB-SCT,748S,GOV,97,I2,P,107,107,2019,2,25,1308,G1Q1,30,D,57.5400,-9.1080,57.5650,-9.0740,44E0,145,V,74SC0086,1,1,R,4.8000,-9,,3453,465,28,,4.5000,1100,101.0,20.0,186,0.7000,,40,3.7000,,32,0.1000,,,136,17,230,2.0000,10.0,10.0,35.36,35.36,,,,,,,,,,
HH,SCOWCGFS,1,GB-SCT,748S,GOV,97,I2,P,108,108,2019,2,25,1521,G1Q1,30,D,57.6110,-8.8180,57.6080,-8.7580,44E1,165,V,74SC0087,1,1,R,4.5000,-9,,3586,525,28,,4.5000,1100,105.0,19.0,186,0.7000,,110,3.9000,,282,0.3000,,,168,18,170,2.0000,,,,,,,,,,,,,,
HH,SCOWCGFS,1,GB-SCT,748S,GOV,97,I2,P,109,109,2019,2,26,0729,G1Q1,30,D,58.1250,-8.3760,58.1150,-8.4340,45E1,144,V,74SC0088,1,1,R,4.9000,-9,,3602,460,28,,4.5000,1100,103.0,20.0,186,0.7000,,255,3.9000,,133,0.2000,,,250,6,250,1.0000,9.5,9.6,35.26,35.28,,,,,,,,,,
HH,SCOWCGFS,1,GB-SCT,748S,GOV,97,I2,P,110,110,2019,2,26,0937,G1Q1,30,D,58.0600,-8.7120,58.0850,-8.6740,45E1,142,V,,1,1,R,4.5000,-9,,3630,465,28,,4.5000,1100,107.0,21.0,186,0.7000,,40,3.9000,,353,0.3000,,,225,6,220,0.6000,,,,,,,,,,,,,,
HH,SCOWCGFS,1,GB-SCT,748S,GOV,97,I2,P,111,111,2019,2,26,1302,R2Q1,30,D,58.3910,-9.1570,58.3700,-9.2020,45E0,470,V,74SC0089,1,1,R,4.2000,-9,,3506,1420,28,,4.5000,1100,119.0,21.0,186,0.7000,,227,3.8000,,22,0.4000,,,190,8,230,3.0000,9.8,9.0,35.34,35.26,,,,,,,,,,
HH,SCOWCGFS,1,GB-SCT,748S,GOV,97,I2,P,112,112,2019,2,26,1656,R2Q1,30,D,58.1980,-9.3190,58.1720,-9.3470,45E0,370,V,74SC0090,1,1,R,4.5000,-9,,3389,1145,28,,4.5000,1100,109.0,20.0,186,0.7000,,215,3.7000,,68,0.1000,,,178,6,178,1.5000,10.1,10.1,35.38,35.36,,,,,,,,,,
HH,SCOWCGFS,1,GB-SCT,748S,GOV,97,I2,P,113,113,2019,2,26,1923,R2Q1,30,N,58.0000,-9.3640,57.9710,-9.3830,45E0,280,V,74SC0091,1,1,R,4.5000,-9,,3384,875,28,,4.5000,1100,112.0,21.0,186,0.7000,,200,3.6000,,58,0.1000,,,156,8,230,1.5000,10.1,10.1,35.37,35.37,,,,,,,,,,
HH,SCOWCGFS,1,GB-SCT,748S,GOV,97,I2,P,114,114,2019,2,27,1058,R3Q1,30,D,56.4060,-8.8390,56.3790,-8.8110,41E1,144,V,74SC0092,1,1,R,4.7000,-9,,3429,465,28,,4.5000,1100,105.0,21.0,186,0.7000,,154,3.7000,,353,0.1000,,,224,6,224,0.5000,10.2,10.2,35.38,35.38,,,,,,,,,,
HH,SCOWCGFS,1,GB-SCT,748S,GOV,97,I2,P,115,115,2019,2,27,1409,R3Q1,30,D,56.0590,-8.6210,56.0330,-8.6510,41E1,145,V,,1,1,R,4.9000,-9,,3442,465,28,,4.5000,1100,100.0,19.0,186,0.7000,,215,3.7000,,145,0.1000,,,256,5,210,1.0000,,,,,,,,,,,,,,
HH,SCOWCGFS,1,GB-SCT,748S,GOV,97,I2,P,116,116,2019,2,27,1753,R3Q1,30,D,55.5550,-8.8530,55.5460,-8.8010,40E1,99,V,74SC0093,1,1,R,5.2000,-9,,3503,330,28,,4.5000,1100,92.0,18.0,186,0.7000,,115,3.7000,,303,0.2000,,,155,3,155,0.1000,9.9,9.8,35.19,35.26,,,,,,,,,,
HH,SCOWCGFS,1,GB-SCT,748S,GOV,97,I2,P,117,117,2019,2,28,0742,R3Q1,30,D,55.6080,-9.3830,55.5800,-9.4080,40E0,270,V,74SC0094,1,1,R,4.3000,-9,,3484,840,28,,4.5000,1100,112.0,21.0,186,0.7000,,207,3.8000,,30,0.6000,,,258,3,261,0.2000,10.2,10.3,35.39,35.39,,,,,,,,,,
HH,SCOWCGFS,1,GB-SCT,748S,GOV,97,I2,P,118,118,2019,2,28,0947,R3Q1,30,D,55.4550,-9.6130,55.4400,-9.6630,39E0,245,V,74SC0095,1,1,R,3.8000,-9,,3545,775,28,,4.5000,1100,110.0,21.0,186,0.7000,,240,3.8000,,49,0.3000,,,336,3,336,0.1000,10.3,10.3,35.39,35.39,,,,,,,,,,
HH,SCOWCGFS,1,GB-SCT,748S,GOV,97,I2,P,119,119,2019,2,28,1525,G2Q1,30,D,54.7120,-10.0700,54.6840,-10.0950,38D9,110,I,,0,0,R,5.2000,-9,,3499,355,28,,4.5000,1100,94.0,19.0,186,0.7000,,208,3.8000,,344,0.2000,,,218,3,218,0.1000,,,,,,,,,,,,,,
HH,SCOWCGFS,1,GB-SCT,748S,GOV,97,I2,P,120,120,2019,2,28,1745,G2Q1,30,D,54.7450,-9.8420,54.7700,-9.8080,38E0,99,V,74SC0096,1,1,R,5.3000,-9,,3549,320,28,,4.5000,1100,93.0,19.0,186,0.7000,,35,3.8000,,256,1.0000,,,246,9,246,0.5000,9.8,9.9,34.98,35.29,,,,,,,,,,
HH,SCOWCGFS,1,GB-SCT,748S,GOV,47,I2,P,121,121,2019,3,1,0659,PQ1,20,D,54.9320,-9.0120,54.9500,-9.0210,38E0,77,V,74SC0097,1,1,R,4.9000,-9,,2380,265,28,,4.5000,1100,73.0,20.0,186,0.7000,,344,3.8000,,219,0.1000,,,170,8,170,1.0000,9.4,9.4,35.13,35.13,,,,,,,,,,
HH,SCOWCGFS,1,GB-SCT,748S,GOV,97,I2,P,122,122,2019,3,1,0911,G2Q1,25,D,55.1780,-8.8340,55.1690,-8.7910,39E1,90,V,74SC0098,1,1,R,5.1000,-9,,2903,300,28,,4.5000,1100,92.0,21.0,186,0.7000,,123,3.7000,,221,0.1000,,,178,11,178,1.0000,9.6,9.7,35.11,35.15,,,,,,,,,,
HH,SCOWCGFS,1,GB-SCT,748S,GOV,97,I2,P,125,125,2018,3,2,1305,CLQ1,30,D,55.5980,-4.9980,55.5690,-4.9850,40E5,106,V,74SC0100,1,1,R,4.4000,-9,,3338,360,28,,4.5000,1100,88.0,,186,0.7000,,140,3.6000,,20,0.4000,,,100,18,90,1.0000,6.5,6.9,32.52,33.00,,,,,,,,,,
HH,SCOWCGFS,1,GB-SCT,748S,GOV,47,I2,P,126,126,2018,3,2,1533,CLQ1,30,D,55.3320,-4.9510,55.3130,-4.9920,39E5,70,V,74SC0101,1,1,R,5.2000,-9,,3370,225,28,,4.5000,1100,66.0,21.0,186,0.7000,,230,3.6000,,260,0.4000,,,95,18,90,2.0000,6.5,6.7,32.87,33.21,,,,,,,,,,
HH,SCOWCGFS,1,GB-SCT,748S,GOV,97,I2,P,91,91,2020,2,28,1343,B2Q1,30,D,55.9800,-8.1440,55.9560,-8.1100,40E1,161,V,74SC0074,1,1,R,5.5000,-9,,3436,520,28,,4.5000,1100,98.0,19.0,186,0.7000,,140,3.7000,,325,0.4000,,,145,11,170,4.0000,8.8,8.8,35.27,35.27,,,,,,,,,,
HH,SCOWCGFS,1,GB-SCT,748S,GOV,97,I2,P,90,90,2020,2,28,1048,B2Q1,30,D,55.9960,-7.6710,56.0140,-7.7160,40E2,149,V,74SC0073,1,1,R,5.5000,-9,,3428,480,28,,4.5000,1100,95.0,20.0,186,0.7000,,302,3.7000,,137,0.3000,,,140,13,190,4.5000,8.9,8.9,35.30,35.30,,,,,,,,,,
HH,SCOWCGFS,1,GB-SCT,748S,GOV,97,I2,P,121,121,2020,3,6,1638,G1Q1,30,D,59.0440,-6.5110,59.0760,-6.5220,47E3,126,V,,1,1,R,4.9000,-9,,3705,410,28,,4.5000,1100,98.0,20.0,186,0.7000,,344,4.0000,,101,0.3000,,,272,10,280,2.0000,,,,,,,,,,,,,,
HH,SCOWCGFS,1,GB-SCT,748S,GOV,97,I2,P,122,122,2020,3,6,1841,R1Q1,30,D,59.1790,-6.8030,59.1940,-6.8580,47E3,161,V,74SC0098,1,1,R,5.1000,-9,,3612,510,28,,4.5000,1100,104.0,20.0,186,0.7000,,295,3.9000,,273,0.2000,,,285,9,260,2.8000,9.2,8.7,35.30,35.25,,,,,,,,,,
HH,SCOWCGFS,1,GB-SCT,748S,GOV,97,I2,P,75,75,2020,2,19,0745,G1Q1,10,D,59.2570,-4.9220,59.2650,-4.8750,47E5,110,I,,0,0,R,,-9,,,,28,,4.5000,1100,,,186,0.7000,,,,,,,,,,,,1.2000,,,,,,,,,,,,,,
HH,SCOWCGFS,1,GB-SCT,748S,GOV,97,I2,P,76,76,2020,2,19,0901,G1Q1,30,D,59.2690,-4.8800,59.2600,-4.9400,47E5,107,V,74SC0060,1,1,R,5.1000,-9,,3576,340,28,,4.5000,1100,89.0,22.0,186,0.7000,,255,3.8000,,61,0.1000,,,250,15,250,5.0000,8.8,8.8,35.21,35.21,,,,,,,,,,
HH,SCOWCGFS,1,GB-SCT,748S,GOV,97,I2,P,77,77,2020,2,19,1136,WSQ1,30,D,59.4440,-4.5690,59.4530,-4.5120,47E5,108,V,74SC0061,1,1,R,5.8000,-9,,3379,330,28,,4.5000,1100,86.0,18.0,186,0.7000,,85,3.6000,,259,0.4000,,,230,11,240,3.8000,8.9,8.9,35.29,35.29,,,,,,,,,,
HH,SCOWCGFS,1,GB-SCT,748S,GOV,97,I2,P,123,123,2020,3,7,0718,R1Q1,30,D,59.4570,-6.5640,59.4870,-6.5420,47E3,314,V,74SC0099,1,1,R,4.8000,-9,,3667,965,28,,4.5000,1100,111.0,22.0,186,0.7000,,3,4.0000,,39,0.4000,,,150,21,185,4.0000,9.1,9.1,35.29,35.31,,,,,,,,,,
HH,SCOWCGFS,1,GB-SCT,748S,GOV,97,I2,P,124,124,2020,3,7,0938,R1Q1,30,D,59.4620,-6.1520,59.4690,-6.0930,47E3,157,V,74SC0100,1,1,R,5.1000,-9,,3463,510,28,,4.5000,1100,101.0,20.0,186,0.7000,,80,3.7000,,221,0.1000,,,200,21,180,4.0000,9.0,8.9,35.30,35.30,,,,,,,,,,
HH,SCOWCGFS,1,GB-SCT,748S,GOV,97,I2,P,125,125,2020,3,7,1143,WSQ1,30,D,59.4690,-5.8230,59.4680,-5.7600,47E4,128,V,74SC0101,1,1,R,5.4000,-9,,3617,415,28,,4.5000,1100,96.0,19.0,186,0.7000,,105,3.9000,,338,0.3000,,,205,18,210,3.5000,8.7,8.7,35.29,35.29,,,,,,,,,,
HH,SCOWCGFS,1,GB-SCT,748S,GOV,97,I2,P,78,78,2020,2,19,1415,G1Q1,30,D,59.4790,-4.0680,59.4500,-4.0730,47E5,111,V,74SC0062,1,1,R,5.6000,-9,,3336,385,28,,4.5000,1100,90.0,21.0,186,0.7000,,185,3.6000,,219,0.2000,,,180,12,250,3.8000,8.6,8.7,35.26,35.27,,,,,,,,,,
HH,SCOWCGFS,1,GB-SCT,748S,GOV,97,I2,P,126,126,2020,3,7,1346,WSQ1,30,D,59.5230,-5.4590,59.5230,-5.3940,48E4,103,V,74SC0102,1,1,R,5.7000,-9,,3649,335,28,,4.5000,1100,90.0,23.0,186,0.7000,,90,4.0000,,219,0.2000,,,225,9,210,3.8000,8.9,8.9,35.31,35.31,,,,,,,,,,
HH,SCOWCGFS,1,GB-SCT,748S,GOV,97,I2,P,79,79,2020,2,19,1639,WSQ1,30,D,59.6570,-4.1330,59.6880,-4.1340,48E5,102,V,74SC0063,1,1,R,5.7000,-9,,3468,330,28,,4.5000,1100,87.0,24.0,186,0.7000,,357,3.8000,,171,0.2000,,,150,16,230,5.0000,9.0,9.0,35.29,35.29,,,,,,,,,,
HH,SCOWCGFS,1,GB-SCT,748S,GOV,97,I2,P,112,112,2020,3,4,1246,R3Q1,30,D,56.1290,-8.8480,56.1610,-8.8510,41E1,130,V,74SC0091,1,1,R,5.0000,-9,,3554,420,28,,4.5000,1100,98.0,,186,0.7000,,355,3.9000,,97,0.1000,,,242,12,250,2.5000,9.3,9.2,35.34,35.34,,,,,,,,,,
HH,SCOWCGFS,1,GB-SCT,748S,GOV,97,I2,P,115,115,2020,3,5,0916,R3Q1,30,D,56.1970,-8.2780,56.2040,-8.3350,41E1,150,V,74SC0093,1,1,R,5.2000,-9,,3605,475,28,,4.5000,1100,95.0,19.0,186,0.7000,,280,3.9000,,340,0.2000,,,225,9,300,4.5000,9.2,9.2,35.16,35.34,,,,,,,,,,
HH,SCOWCGFS,1,GB-SCT,748S,GOV,97,I2,P,113,113,2020,3,4,1514,R3Q1,30,D,56.2920,-9.1310,56.3240,-9.1140,41E0,215,V,74SC0092,1,1,R,4.9000,-9,,3639,640,28,,4.5000,1100,107.0,21.0,186,0.7000,,14,4.0000,,11,0.4000,,,235,8,280,4.5000,9.6,9.6,35.33,35.33,,,,,,,,,,
HH,SCOWCGFS,1,GB-SCT,748S,GOV,97,I2,P,114,114,2020,3,4,1746,R3Q1,30,D,56.3400,-8.6520,56.3510,-8.5990,41E1,150,I,,0,0,R,4.9000,-9,,3554,465,28,,4.5000,1100,100.0,20.0,186,0.7000,,70,3.8000,,260,0.2000,,,240,3,280,2.5000,,,,,,,,,,,,,,
HH,SCOWCGFS,1,GB-SCT,748S,GOV,97,I2,P,116,116,2020,3,5,1318,R3Q1,30,D,56.5780,-8.6680,56.6110,-8.6750,42E1,136,V,74SC0094,1,1,R,4.9000,-9,,3605,428,28,,4.5000,1100,101.0,20.0,186,0.7000,,350,3.9000,,344,0.2000,,,235,3,290,3.0000,8.4,8.5,35.11,35.16,,,,,,,,,,
HH,SCOWCGFS,1,GB-SCT,748S,GOV,97,I2,P,104,104,2020,3,2,0939,LBQ1,30,D,56.6410,-7.1550,56.6240,-7.1930,42E2,170,V,,1,1,R,5.0000,-9,,3006,520,28,,4.5000,1100,104.0,20.0,186,0.7000,,235,3.2000,,95,0.4000,,,40,21,240,6.0000,,,,,,,,,,,,,,
HH,SCOWCGFS,1,GB-SCT,748S,GOV,97,I2,P,117,117,2020,3,5,1519,R3Q1,30,D,56.7630,-8.7610,56.7900,-8.7940,42E1,120,V,,1,1,R,5.2000,-9,,3622,390,28,,4.5000,1100,96.0,20.0,186,0.7000,,321,3.9000,,350,0.1000,,,205,8,240,4.5000,,,,,,,,,,,,,,
HH,SCOWCGFS,1,GB-SCT,748S,GOV,97,I2,P,82,82,2020,2,21,1439,LBQ1,30,D,56.8960,-6.4420,56.8660,-6.4540,42E3,82,V,,1,1,R,6.0000,-9,,3424,270,28,,4.5000,1100,86.0,17.0,186,0.7000,,195,3.7000,,283,0.4000,,,233,18,250,4.0000,,,,,,,,,,,,,,
HH,SCOWCGFS,1,GB-SCT,748S,GOV,97,I2,P,118,118,2020,3,5,1739,G1Q1,30,D,56.9070,-8.3600,56.9370,-8.3400,42E1,132,V,74SC0095,1,1,R,5.3000,-9,,3579,390,28,,4.5000,1100,90.0,18.0,186,0.7000,,23,3.9000,,170,0.2000,,,190,5,280,4.5000,9.0,8.9,35.32,35.32,,,,,,,,,,
HH,SCOWCGFS,1,GB-SCT,748S,GOV,97,I2,P,81,81,2020,2,21,0751,LBQ1,30,D,57.0950,-6.8550,57.0710,-6.8900,43E3,160,V,74SC0065,1,1,R,4.3000,-9,,3457,495,28,,4.5000,1100,99.0,24.0,186,0.7000,,218,3.7000,,217,0.3000,,,240,21,220,5.5000,8.0,8.4,34.71,35.01,,,,,,,,,,
HH,SCOWCGFS,1,GB-SCT,748S,GOV,97,I2,P,80,80,2020,2,21,0751,LBQ1,30,D,57.2850,-6.7550,57.2580,-6.7680,43E3,125,V,74SC0064,1,1,R,5.2000,-9,,3217,410,28,,4.5000,1100,91.0,20.0,186,0.7000,,204,3.4000,,336,0.2000,,,225,26,230,5.5000,7.8,7.9,34.29,34.62,,,,,,,,,,
HH,SCOWCGFS,1,GB-SCT,748S,GOV,97,I2,P,127,127,2020,3,7,1622,R1Q1,30,D,59.7450,-5.4830,59.7590,-5.4250,48E4,198,V,,1,1,R,4.8000,-9,,3662,630,28,,4.5000,1100,106.0,20.0,186,0.7000,,68,4.0000,,114,0.5000,,,180,8,190,4.5000,,,,,,,,,,,,,,
HH,SCOWCGFS,1,GB-SCT,748S,GOV,97,I2,P,128,128,2020,3,7,1804,R1Q1,30,D,59.8500,-5.1680,59.8730,-5.1190,48E4,197,V,74SC0103,1,1,R,4.8000,-9,,3708,620,28,,4.5000,1100,106.0,21.0,186,0.7000,,40,4.0000,,102,0.5000,,,165,5,200,3.0000,9.0,9.0,35.27,35.31,,,,,,,,,,
HH,SCOWCGFS,4,GB-SCT,748S,GOV,47,I2,P,386,386,2017,11,24,1346,CLQ4,15,D,55.4570,-4.8260,55.4440,-4.8450,39E5,62,V,74SC0385,1,1,R,5.2000,-9,,1860,220,28,,4.5000,1100,64.0,18.0,186,0.7000,,230,3.8000,,50,0.1000,,,273,12,270,1.0000,10.6,12.2,32.17,33.45,,,,,,,,,,
HH,SCOWCGFS,4,GB-SCT,748S,GOV,47,I2,P,387,387,2017,11,24,1552,CLQ4,30,D,55.4160,-5.1880,55.4110,-5.2430,39E4,44,V,74SC0386,1,1,R,5.7000,-9,,3691,170,28,,4.5000,1100,59.0,16.0,186,0.7000,,265,3.8000,,271,0.2000,,,275,12,272,0.5000,11.1,11.8,32.51,32.78,,,,,,,,,,
HH,SCOWCGFS,4,GB-SCT,748S,GOV,97,I2,P,388,388,2017,11,25,0743,B2Q4,15,D,56.4060,-6.7600,56.4150,-6.7380,41E3,82,V,74SC0387,1,1,R,,-9,,1854,275,28,,4.5000,1100,88.0,18.0,186,0.7000,,50,3.7000,,36,0.2000,,,306,14,306,0.5000,11.0,11.6,34.45,34.79,,,,,,,,,,
HH,SCOWCGFS,4,GB-SCT,748S,GOV,97,I2,P,389,389,2017,11,25,1211,LBQ4,23,D,56.6870,-6.6300,56.6910,-6.6700,42E3,81,V,74SC0388,1,1,R,5.7000,-9,,2712,270,28,,4.5000,1100,84.0,18.0,186,0.7000,,295,3.6000,,290,0.6000,,,326,18,325,2.0000,11.3,11.2,34.62,34.81,,,,,,,,,,
HH,SCOWCGFS,4,GB-SCT,748S,GOV,97,I2,P,390,390,2017,11,25,1646,LBQ4,15,N,56.5170,-7.5520,56.5190,-7.5780,42E2,160,V,74SC0389,1,1,R,5.0000,-9,,1724,500,28,,4.5000,1100,106.0,20.0,186,0.7000,,293,3.5000,,215,0.3000,,,309,21,305,1.5000,11.2,11.1,34.87,35.29,,,,,,,,,,
HH,SCOWCGFS,4,GB-SCT,748S,GOV,97,I2,P,391,391,2017,11,26,0757,G2Q4,30,D,57.2310,-8.3150,57.2370,-8.3710,43E1,135,V,74SC0390,1,1,R,5.2000,-9,,3581,440,28,,4.5000,1100,97.0,20.0,186,0.7000,,291,3.7000,,89,0.2000,,,310,10,310,1.0000,10.8,10.8,35.05,35.26,,,,,,,,,,
HH,SCOWCGFS,4,GB-SCT,748S,GOV,97,I2,P,473,473,2018,11,30,0816,LBQ4,18,D,57.1270,-6.9690,57.1200,-6.9990,43E3,135,V,74SC0535,1,1,R,3.9000,-9,,1964,420,28,,4.5000,1100,94.0,24.0,186,0.7000,,245,3.6000,,68,0.4000,,,245,21,230,3.5000,10.8,10.9,34.74,35.04,,,,,,,,,,
HH,SCOWCGFS,4,GB-SCT,748S,GOV,47,I2,P,474,474,2018,11,30,1219,LBQ4,30,D,56.9220,-5.9970,56.8930,-6.0110,42E4,68,V,74SC0536,1,1,R,5.2000,-9,,3278,220,28,,4.5000,1100,69.0,19.0,186,0.7000,,205,3.5000,,45,0.4000,,,240,21,240,2.0000,10.6,10.6,34.34,34.35,,,,,,,,,,
HH,SCOWCGFS,4,GB-SCT,748S,GOV,97,I2,P,475,475,2018,12,1,0811,LBQ4,30,D,56.8530,-6.4440,56.8680,-6.4860,42E3,91,V,74SC0537,1,1,R,4.5000,-9,,3352,300,28,,4.5000,1100,87.0,21.0,186,0.7000,,270,3.6000,,160,0.1000,,,236,7,260,1.0000,10.3,10.4,34.83,34.89,,,,,,,,,,
HH,SCOWCGFS,4,GB-SCT,748S,GOV,97,I2,P,476,476,2018,12,1,1037,LBQ4,17,D,56.9830,-6.9600,57.0000,-6.9650,42E3,130,V,74SC0538,1,1,R,3.8000,-9,,1882,415,28,,4.5000,1100,95.0,25.0,186,0.7000,,349,3.6000,,270,0.3000,,,197,8,190,1.0000,10.6,11.0,34.78,35.15,,,,,,,,,,
HH,SCOWCGFS,4,GB-SCT,748S,GOV,97,I2,P,477,477,2018,12,2,0811,B1Q4,30,D,57.9360,-6.2150,57.9630,-6.2300,44E3,85,V,74SC0539,1,1,R,4.6000,-9,,3096,308,28,,4.5000,1100,85.0,22.0,186,0.7000,,347,3.4000,,215,0.2000,,,186,7,180,0.5000,10.8,10.8,34.54,34.59,,,,,,,,,,
HH,SCOWCGFS,4,GB-SCT,748S,GOV,97,I2,P,478,478,2018,12,2,1003,B1Q4,30,D,58.1180,-6.1500,58.1380,-6.1120,45E3,119,V,74SC0540,1,1,R,4.0000,-9,,3270,390,28,,4.5000,1100,81.0,26.0,186,0.7000,,41,3.5000,,212,0.4000,,,305,2,190,0.5000,10.8,10.8,34.57,34.75,,,,,,,,,,
HH,SCOWCGFS,4,GB-SCT,748S,GOV,47,I2,P,479,479,2018,12,2,1428,G1Q4,30,D,58.5590,-5.2910,58.5810,-5.2510,46E4,64,V,74SC0541,1,1,R,5.1000,-9,,3344,210,28,,4.5000,1100,66.0,20.0,186,0.7000,,40,3.6000,,110,0.2000,,,60,5,320,1.0000,10.6,10.7,34.56,34.61,,,,,,,,,,
HH,SCOWCGFS,1,GB-SCT,748S,GOV,97,I2,P,94,94,2014,2,25,1356,B1Q1,30,D,56.0150,-7.7200,55.9850,-7.7150,41E2,160,V,74SC0000,1,1,R,4.4000,-9,,3418,490,28,,4.5000,1100,109.0,19.0,186,0.7000,,180,3.7000,,290,0.3000,,,200,20,190,4.0000,,,35.09,,,,,,,,,,,
HH,SCOWCGFS,1,GB-SCT,748S,GOV,97,I2,P,95,95,2014,2,25,1631,B1Q1,30,D,56.1980,-7.3430,56.1870,-7.3850,41E2,100,V,74SC0000,1,1,R,4.9000,-9,,2896,330,28,,4.5000,1100,90.0,17.0,186,0.7000,,235,3.2000,,266,0.1000,,,230,13,190,2.0000,,,35.12,,,,,,,,,,,
HH,SCOWCGFS,1,GB-SCT,748S,GOV,47,I2,P,96,96,2014,2,26,0714,B1Q1,30,D,56.0540,-6.9500,56.0540,-7.0020,41E3,75,V,74SC0000,1,1,R,5.2000,-9,,3350,260,28,,4.5000,1100,69.0,17.0,186,0.7000,,260,3.5000,,80,0.1000,,,250,15,260,2.0000,,,34.73,,,,,,,,,,,
HH,SCOWCGFS,1,GB-SCT,748S,GOV,47,I2,P,97,97,2014,2,26,0939,B1Q1,30,D,56.1850,-6.8080,56.1760,-6.8580,41E3,70,V,74SC0000,1,1,R,4.9000,-9,,3315,240,28,,4.5000,1100,69.0,17.0,186,0.7000,,250,3.6000,,26,0.1000,,,250,8,250,1.0000,,,33.37,,,,,,,,,,,
HH,SCOWCGFS,1,GB-SCT,748S,GOV,47,I2,P,98,98,2014,2,26,1333,PQ1,30,D,56.0970,-6.0100,56.1270,-6.0140,41E3,50,V,74SC0000,1,1,R,5.0000,-9,,3301,180,28,,4.5000,1100,64.0,16.0,186,0.7000,,349,3.5000,,145,0.2000,,,235,10,230,1.0000,,,33.33,,,,,,,,,,,
HH,SCOWCGFS,1,GB-SCT,748S,GOV,97,I2,P,123,123,2019,3,1,1143,G2Q1,30,D,55.3620,-8.4500,55.3900,-8.4260,39E1,95,V,74SC0099,1,1,R,5.3000,-9,,3462,315,28,,4.5000,1100,88.0,17.0,186,0.7000,,25,3.8000,,307,0.1000,,,171,11,190,1.0000,9.5,9.5,35.17,35.17,,,,,,,,,,
HH,SCOWCGFS,1,GB-SCT,748S,GOV,97,I2,P,124,124,2019,3,3,1300,CLQ1,12,D,55.6830,-5.3950,55.6730,-5.4070,40E4,98,I,74SC0100,0,0,R,5.0000,-9,,1389,290,28,,4.5000,1100,89.0,19.0,186,0.7000,,210,3.8000,,246,0.1000,,,180,8,190,0.5000,8.2,8.3,32.71,33.39,,,,,,,,,,
HH,SCOWCGFS,4,GB-SCT,748S,GOV,110,I2,P,499,20,2012,11,18,1815,G1Q4,30,N,58.5242,-7.3985,58.5157,-7.4502,46E2,120,V,74SC0511,1,1,C,5.0000,-9,,3199,380,28,,4.5000,1100,93.0,20.0,186,0.7000,,250,3.4000,,135,0.2000,,,250,10,250,1.5000,,,,,,,,,,,,,,
HH,SCOWCGFS,4,GB-SCT,748S,GOV,110,I2,P,500,21,2012,11,19,0703,R1Q4,30,D,58.4207,-7.8608,58.3990,-7.8928,45E2,130,V,74SC0512,1,1,C,5.1000,-9,,3053,450,28,,4.5000,1100,100.0,19.0,186,0.7000,,216,3.2000,,347,0.2000,,,90,18,90,2.0000,,,,,,,,,,,,,,
HH,SCOWCGFS,4,GB-SCT,748S,GOV,110,I2,P,501,22,2012,11,19,1015,R1Q4,30,D,58.5170,-8.1895,58.5332,-8.1430,46E1,240,V,74SC0513,1,1,C,4.7000,-9,,3236,730,28,,4.5000,1100,108.0,21.0,186,0.7000,,75,3.5000,,315,0.1000,,,81,21,90,2.5000,,,,,,,,,,,,,,
HH,SCOWCGFS,4,GB-SCT,748S,GOV,110,I2,P,502,23,2012,11,19,1411,G2Q4,30,D,58.1380,-8.3342,58.1103,-8.3255,45E1,140,V,74SC0514,1,1,C,5.1000,-9,,3117,450,28,,4.5000,1100,100.0,20.0,186,0.7000,,183,3.4000,,285,0.3000,,,141,18,40,1.5000,,,,,,,,,,,,,,
HH,SCOWCGFS,4,GB-SCT,748S,GOV,110,I2,P,503,24,2012,11,19,1855,R1Q4,30,N,58.3043,-9.1070,58.2882,-9.1495,45E0,350,V,74SC0515,1,1,C,4.7000,-9,,3076,999,28,,4.5000,1100,106.0,20.0,186,0.7000,,230,3.4000,,150,0.2000,,,230,15,180,2.5000,,,,,,,,,,,,,,
HH,SCOWCGFS,4,GB-SCT,748S,GOV,110,I2,P,504,25,2012,11,20,0700,R1Q4,30,D,57.8715,-9.0345,57.8448,-9.0360,44E0,140,V,74SC0516,1,1,C,5.2000,-9,,2947,450,28,,4.5000,1100,100.0,18.0,186,0.7000,,175,3.2000,,190,0.4000,,,130,10,300,1.5000,,,,,,,,,,,,,,
HH,SCOWCGFS,4,GB-SCT,748S,GOV,110,I2,P,505,26,2012,11,20,0928,G2Q4,30,D,57.5833,-9.0218,57.5557,-9.0190,44E0,150,V,74SC0517,1,1,C,5.1000,-9,,3070,480,28,,4.5000,1100,98.0,21.0,186,0.7000,,175,3.3000,,240,0.2000,,,150,15,300,1.5000,,,,,,,,,,,,,,
HH,SCOWCGFS,4,GB-SCT,748S,GOV,110,I2,P,506,27,2012,11,20,1224,G2Q4,30,D,57.3317,-8.6802,57.3045,-8.6728,43E1,150,V,74SC0518,1,1,C,5.2000,-9,,3055,480,28,,4.5000,1100,95.0,21.0,186,0.7000,,175,3.3000,,160,0.2000,,,180,15,30,1.5000,,,,,,,,,,,,,,
HH,SCOWCGFS,4,GB-SCT,748S,GOV,110,I2,P,507,28,2012,11,20,1552,R2Q4,30,D,57.2167,-9.2877,57.1898,-9.2705,43E0,230,V,74SC0519,1,1,C,4.9000,-9,,3155,750,28,,4.5000,1100,104.0,21.0,186,0.7000,,166,3.4000,,123,0.2000,,,180,21,20,2.5000,,,,,,,,,,,,,,
HH,SCOWCGFS,4,GB-SCT,748S,GOV,110,I2,P,508,29,2012,11,21,0719,R2Q4,30,D,56.6005,-9.0242,56.5727,-9.0425,42E0,250,V,74SC0520,1,1,C,4.4000,-9,,3289,760,28,,4.5000,1100,110.0,21.0,186,0.7000,,200,3.6000,,133,0.3000,,,200,15,45,2.5000,,,,,,,,,,,,,,
HH,SCOWCGFS,4,GB-SCT,748S,GOV,110,I2,P,509,30,2012,11,21,1007,R2Q4,30,D,56.5932,-8.5505,56.5648,-8.5558,42E1,150,V,74SC0521,1,1,C,4.1000,-9,,3170,480,28,,4.5000,1100,102.0,20.0,186,0.7000,,200,3.4000,,32,0.1000,,,200,15,45,2.5000,,,,,,,,,,,,,,
HH,SCOWCGFS,4,GB-SCT,748S,GOV,110,I2,P,510,31,2012,11,21,1443,G3Q4,30,D,56.0897,-8.3298,56.0585,-8.3285,41E1,150,V,74SC0522,1,1,C,4.6000,-9,,3463,480,28,,4.5000,1100,102.0,19.0,186,0.7000,,180,3.8000,,250,0.2000,,,170,15,10,2.5000,,,,,,,,,,,,,,
HH,SCOWCGFS,4,GB-SCT,748S,GOV,110,I2,P,511,32,2012,11,21,1854,R2Q4,30,N,55.7935,-8.7193,55.7653,-8.7217,40E1,120,V,74SC0523,1,1,C,4.7000,-9,,3145,390,28,,4.5000,1100,96.0,19.0,186,0.7000,,185,3.4000,,1,0.3000,,,180,26,180,3.5000,,,,,,,,,,,,,,
HH,SCOWCGFS,4,GB-SCT,748S,GOV,110,I2,P,512,33,2012,11,22,0958,LBQ4,15,D,56.7747,-7.4585,56.7643,-7.4783,42E2,240,V,74SC0524,1,1,C,3.6000,-9,,1652,750,28,,4.5000,1100,117.0,24.0,186,0.7000,,220,3.6000,,290,0.1000,,,200,15,180,1.0000,,,,,,,,,,,,,,
HH,SCOWCGFS,4,GB-SCT,748S,GOV,110,I2,P,513,34,2012,11,22,1324,LBQ4,30,D,57.0983,-6.9598,57.1287,-6.9520,43E3,130,V,74SC0525,1,1,C,4.1000,-9,,3403,420,28,,4.5000,1100,91.0,22.0,186,0.7000,,3,3.7000,,170,0.1000,,,205,13,30,1.0000,,,,,,,,,,,,,,
HH,SCOWCGFS,4,GB-SCT,748S,GOV,-9,-9,-9,514,35,2012,11,22,1518,LBQ4,30,D,57.2723,-6.9795,57.3005,-6.9805,43E3,130,I,,1,1,C,,-9,,,,,,,,,21.0,,,,356,3.4000,,150,0.1000,,,205,10,30,0.5000,,,,,,,,,,,,,,
HH,SCOWCGFS,4,GB-SCT,748S,GOV,-9,-9,-9,515,36,2012,11,24,1357,LBQ4,15,D,57.3207,-6.9862,57.3067,-6.9867,43E3,115,I,,1,1,C,,-9,,,,,,,,,20.0,,,,190,3.4000,,35,0.3000,,,180,13,180,0.5000,,,,,,,,,,,,,,
HH,SCOWCGFS,4,GB-SCT,748S,GOV,47,I2,P,425,425,2016,11,29,1448,CLQ4,30,D,55.1140,-5.1920,55.0850,-5.2110,39E4,54,V,74SC0440,1,1,R,5.4000,-9,,3441,198,28,,4.5000,1100,61.0,19.0,186,0.7000,,200,3.7000,,306,0.2000,,,250,6,240,0.5000,11.5,11.5,33.86,33.86,,,,,,,,,,
HH,SCOWCGFS,4,GB-SCT,748S,GOV,47,I2,P,426,426,2016,11,30,0800,B2Q4,30,D,56.1190,-6.0140,56.0870,-6.0140,41E3,50,V,74SC0441,1,1,R,6.2000,-9,,3558,170,28,,4.5000,1100,60.0,16.0,186,0.7000,,180,3.9000,,307,0.1000,,,288,10,288,0.2000,10.9,10.9,34.41,34.45,,,,,,,,,,
HH,SCOWCGFS,4,GB-SCT,748S,GOV,47,I2,P,404,404,2019,11,16,1512,CLQ4,30,D,55.2790,-5.2970,55.2740,-5.3530,39E4,49,V,74SC0459,1,1,R,5.4000,-9,,3622,190,28,,4.5000,1100,65.0,17.0,186,0.7000,,264,3.9000,,230,0.3000,,,23,4,60,0.1000,11.9,12.0,33.54,33.56,,,,,,,,,,
HH,SCOWCGFS,4,GB-SCT,748S,GOV,97,I2,P,428,428,2019,11,23,0744,LBQ4,30,D,56.3660,-7.5790,56.3510,-7.5320,41E2,151,V,74SC0481,1,1,R,4.9000,-9,,3294,510,28,,4.5000,1100,102.0,19.0,186,0.7000,,114,3.6000,,258,0.2000,,,84,7,116,1.5000,10.6,10.7,35.18,35.24,,,,,,,,,,
HH,SCOWCGFS,4,GB-SCT,748S,GOV,97,I2,P,429,429,2019,11,23,1032,LBQ4,30,D,56.6030,-7.1530,56.6230,-7.1100,42E2,107,V,74SC0482,1,1,R,5.2000,-9,,3457,345,28,,4.5000,1100,91.0,20.0,186,0.7000,,70,3.7000,,168,0.1000,,,65,8,70,1.0000,10.6,10.7,34.59,35.19,,,,,,,,,,
HH,SCOWCGFS,4,GB-SCT,748S,GOV,97,I2,P,393,393,2019,11,12,0730,LBQ4,30,D,57.1050,-6.7950,57.1320,-6.8120,43E3,155,V,74SC0449,1,1,R,4.3000,-9,,3271,495,28,,4.5000,1100,92.0,24.0,186,0.7000,,345,3.6000,,136,0.1000,,,340,23,340,2.5000,11.6,11.7,34.57,35.00,,,,,,,,,,
HH,SCOWCGFS,4,GB-SCT,748S,GOV,97,I2,P,394,394,2019,11,12,0949,LBQ4,30,D,56.8950,-6.6520,56.8740,-6.6930,42E3,114,V,74SC0450,1,1,R,4.6000,-9,,3385,392,28,,4.5000,1100,85.0,22.0,186,0.7000,,224,3.7000,,215,0.1000,,,242,13,340,2.5000,11.6,11.0,34.42,35.23,,,,,,,,,,
HH,SCOWCGFS,4,GB-SCT,748S,GOV,97,I2,P,395,395,2019,11,12,1555,LBQ4,30,D,56.7100,-7.2440,56.7340,-7.2060,42E2,166,V,74SC0451,1,1,R,4.8000,-9,,3576,530,28,,4.5000,1100,106.0,21.0,186,0.7000,,38,3.8000,,348,0.6000,,,343,13,340,3.5000,11.5,10.7,34.55,35.27,,,,,,,,,,
HH,SCOWCGFS,4,GB-SCT,748S,GOV,97,I2,P,425,425,2019,11,22,0803,G3Q4,30,D,55.9260,-7.5390,55.9520,-7.5120,40E2,130,V,74SC0478,1,1,R,5.0000,-9,,3373,410,28,,4.5000,1100,95.0,19.0,186,0.7000,,35,3.6000,,57,1.5000,,,105,10,120,2.0000,10.7,10.8,34.95,35.25,,,,,,,,,,
HH,SCOWCGFS,4,GB-SCT,748S,GOV,97,I2,P,426,426,2019,11,22,1000,G3Q4,30,D,56.1350,-7.4570,56.1470,-7.5080,41E2,110,V,74SC0479,1,1,R,5.3000,-9,,3460,355,28,,4.5000,1100,93.0,19.0,186,0.7000,,240,3.7000,,26,0.2000,,,90,7,120,2.0000,10.6,10.6,35.64,35.22,,,,,,,,,,
HH,SCOWCGFS,4,GB-SCT,748S,GOV,97,I2,P,408,408,2019,11,17,1610,G3Q4,30,D,55.8230,-8.2810,55.8350,-8.3320,40E1,148,V,74SC0462,1,1,R,5.1000,-9,,3458,480,28,,4.5000,1100,99.0,19.0,186,0.7000,,294,3.7000,,165,0.1000,,,79,9,280,3.0000,10.9,10.6,35.16,35.29,,,,,,,,,,
HH,SCOWCGFS,4,GB-SCT,748S,GOV,47,I2,P,406,406,2019,11,17,1056,G3Q4,30,D,55.7560,-7.3910,55.7810,-7.3590,40E2,62,V,74SC0461,1,1,R,5.8000,-9,,3477,210,28,,4.5000,1100,65.0,17.0,186,0.7000,,20,3.8000,,108,0.4000,,,340,14,330,4.0000,11.3,11.1,34.48,35.11,,,,,,,,,,
HH,SCOWCGFS,4,GB-SCT,748S,GOV,97,I2,P,407,407,2019,11,17,1343,G3Q4,30,D,55.6710,-7.8150,55.6920,-7.8550,40E2,80,V,,1,1,R,5.5000,-9,,3493,280,28,,4.5000,1100,87.0,19.0,186,0.7000,,330,3.8000,,273,0.1000,,,350,12,350,2.8000,,,,,,,,,,,,,,
HH,SCOWCGFS,4,GB-SCT,748S,GOV,97,I2,P,421,421,2018,11,13,0751,G1Q4,30,D,58.9380,-4.3920,58.9250,-4.4420,46E5,74,V,74SC0489,1,1,R,5.6000,-9,,3275,240,28,,4.5000,1100,80.0,20.0,186,0.7000,,242,3.5000,,305,0.2000,,,235,9,240,0.5000,10.9,10.9,34.86,34.86,,,,,,,,,,
HH,SCOWCGFS,4,GB-SCT,748S,GOV,97,I2,P,422,422,2018,11,13,1106,G1Q4,15,D,59.3440,-4.1440,59.3560,-4.1570,47E5,98,V,74SC0490,1,1,R,5.3000,-9,,1552,330,28,,4.5000,1100,90.0,21.0,186,0.7000,,332,3.4000,,117,0.4000,,,228,8,240,0.5000,10.6,10.6,35.23,35.24,,,,,,,,,,
HH,SCOWCGFS,4,GB-SCT,748S,GOV,97,I2,P,423,423,2018,11,13,1254,G1Q4,16,D,59.4120,-4.3880,59.3990,-4.4040,47E5,96,V,74SC0491,1,1,R,5.8000,-9,,1748,330,28,,4.5000,1100,79.0,17.0,186,0.7000,,220,3.5000,,90,0.3000,,,224,6,180,1.0000,10.7,10.7,35.18,35.22,,,,,,,,,,
HH,SCOWCGFS,4,GB-SCT,748S,GOV,97,I2,P,424,424,2018,11,13,1454,G1Q4,19,D,59.3800,-4.6900,59.3640,-4.7040,47E5,102,V,74SC0492,1,1,R,5.3000,-9,,1989,330,28,,4.5000,1100,87.0,19.0,186,0.7000,,210,3.5000,,100,0.2000,,,236,11,230,1.0000,10.7,10.7,35.18,35.18,,,,,,,,,,
HH,SCOWCGFS,4,GB-SCT,748S,GOV,47,I2,P,425,425,2018,11,14,1621,B1Q4,30,D,58.2490,-5.4740,58.2210,-5.4660,45E4,57,V,74SC0493,1,1,R,6.1000,-9,,3116,190,28,,4.5000,1100,60.0,21.0,186,0.7000,,180,3.4000,,355,0.2000,,,185,15,200,1.5000,11.3,11.3,34.24,34.26,,,,,,,,,,
HH,SCOWCGFS,4,GB-SCT,748S,GOV,97,I2,P,426,426,2018,11,15,0753,G1Q4,30,D,58.7110,-6.2260,58.6830,-6.2420,46E3,112,V,74SC0494,1,1,R,5.3000,-9,,3165,360,28,,4.5000,1100,90.0,20.0,186,0.7000,,205,3.4000,,106,0.2000,,,189,9,220,2.5000,11.0,10.9,35.15,35.21,,,,,,,,,,
HH,SCOWCGFS,4,GB-SCT,748S,GOV,97,I2,P,427,427,2018,11,15,0951,G1Q4,30,D,58.6070,-6.5180,58.5810,-6.5490,46E3,98,V,74SC0495,1,1,R,5.2000,-9,,3348,330,28,,4.5000,1100,94.0,21.0,186,0.7000,,221,3.6000,,96,0.5000,,,152,9,220,1.5000,10.6,10.8,34.92,34.97,,,,,,,,,,
HH,SCOWCGFS,4,GB-SCT,748S,GOV,97,I2,P,428,428,2018,11,15,1313,G1Q4,30,D,58.6190,-6.9690,58.5930,-6.9860,46E3,100,V,,1,1,R,5.6000,-9,,3077,330,28,,4.5000,1100,91.0,21.0,186,0.7000,,200,3.3000,,90,1.5000,,,150,13,210,4.0000,,,,,,,,,,,,,,
HH,SCOWCGFS,4,GB-SCT,748S,GOV,97,I2,P,429,429,2018,11,16,0750,WSQ4,30,D,59.4360,-5.0350,59.4350,-5.0900,47E4,144,V,74SC0496,1,1,R,5.2000,-9,,3137,460,28,,4.5000,1100,96.0,,186,0.7000,,264,3.4000,,109,0.2000,,,197,10,230,3.5000,10.7,10.7,35.21,35.24,,,,,,,,,,
HH,SCOWCGFS,4,GB-SCT,748S,GOV,97,I2,P,430,430,2018,11,16,1039,WSQ4,30,D,59.5590,-5.3780,59.5660,-5.4330,48E4,108,V,74SC0497,1,1,R,5.3000,-9,,3271,360,28,,4.5000,1100,96.0,23.0,186,0.7000,,281,3.5000,,120,0.4000,,,160,12,230,3.0000,10.7,10.7,35.30,35.30,,,,,,,,,,
HH,SCOWCGFS,4,GB-SCT,748S,GOV,97,I2,P,431,431,2018,11,16,1301,R1Q4,24,D,59.8060,-5.1780,59.8210,-5.1400,48E4,172,V,74SC0498,1,1,R,4.8000,-9,,2714,540,28,,4.5000,1100,98.0,21.0,186,0.7000,,54,3.6000,,135,0.3000,,,160,8,210,2.0000,10.6,10.6,35.32,35.32,,,,,,,,,,
HH,SCOWCGFS,4,GB-SCT,748S,GOV,97,I2,P,432,432,2018,11,17,0758,R1Q4,30,D,59.7060,-5.9350,59.7060,-5.9910,48E4,271,V,74SC0499,1,1,R,6.2000,-9,,3162,810,28,,4.5000,1100,113.0,23.0,186,0.7000,,262,3.4000,,44,0.5000,,,120,14,190,3.0000,10.7,10.7,35.32,35.32,,,,,,,,,,
HH,SCOWCGFS,4,GB-SCT,748S,GOV,97,I2,P,433,433,2018,11,17,0943,R1Q4,30,D,59.6200,-6.1970,59.6000,-6.2400,48E3,248,V,74SC0500,1,1,R,4.9000,-9,,3277,770,28,,4.5000,1100,110.0,23.0,186,0.7000,,223,3.5000,,1,0.2000,,,130,15,190,3.5000,10.8,10.8,35.32,35.32,,,,,,,,,,
HH,SCOWCGFS,4,GB-SCT,748S,GOV,97,I2,P,434,434,2018,11,17,1246,WSQ4,15,D,59.5070,-5.8680,59.4920,-5.8680,48E4,130,V,74SC0501,1,1,R,5.4000,-9,,1598,420,28,,4.5000,1100,98.0,21.0,186,0.7000,,180,3.5000,,10,0.3000,,,130,12,130,3.0000,10.8,10.8,35.25,35.25,,,,,,,,,,
HH,SCOWCGFS,4,GB-SCT,748S,GOV,97,I2,P,435,435,2018,11,17,1521,WSQ4,30,D,59.2730,-5.8230,59.2690,-5.8810,47E4,94,V,74SC0502,1,1,R,5.1000,-9,,3362,330,28,,4.5000,1100,92.0,21.0,186,0.7000,,261,3.6000,,96,0.3000,,,140,9,230,3.5000,10.9,10.7,35.18,35.19,,,,,,,,,,
HH,SCOWCGFS,4,GB-SCT,748S,GOV,97,I2,P,436,436,2018,11,18,0743,R1Q4,25,D,59.0450,-7.0180,59.0550,-7.0610,47E2,180,V,74SC0503,1,1,R,5.3000,-9,,2744,575,28,,4.5000,1100,100.0,20.0,186,0.7000,,289,3.5000,,130,0.1000,,,130,8,220,2.5000,10.8,10.8,35.32,35.32,,,,,,,,,,
HH,SCOWCGFS,4,GB-SCT,748S,GOV,97,I2,P,437,437,2018,11,18,1020,G1Q4,30,D,58.7890,-7.3810,58.7650,-7.4130,46E2,104,V,74SC0504,1,1,R,6.1000,-9,,3272,330,28,,4.5000,1100,92.0,23.0,186,0.7000,,220,3.5000,,58,0.6000,,,130,9,210,2.5000,10.7,10.8,35.28,35.28,,,,,,,,,,
HH,SCOWCGFS,4,GB-SCT,748S,GOV,97,I2,P,415,415,2019,11,19,1032,G4Q4,30,D,55.0180,-9.4450,54.9940,-9.4800,39E0,100,V,74SC0468,1,1,R,5.4000,-9,,3539,330,28,,4.5000,1100,93.0,19.0,186,0.7000,,215,3.8000,,40,0.3000,,,170,15,150,4.0000,11.1,11.0,35.18,35.25,,,,,,,,,,
HH,SCOWCGFS,4,GB-SCT,748S,GOV,97,I2,P,414,414,2019,11,19,0804,G4Q4,30,D,54.7760,-9.5170,54.7530,-9.4810,38E0,104,V,74SC0467,1,1,R,5.4000,-9,,3509,317,28,,4.5000,1100,88.0,18.0,186,0.7000,,151,3.7000,,57,0.4000,,,145,18,140,4.0000,11.4,11.2,35.17,35.23,,,,,,,,,,
HH,SCOWCGFS,4,GB-SCT,748S,GOV,97,I2,P,412,412,2019,11,18,1421,GYQ4,30,D,54.4720,-9.8580,54.4450,-9.8870,37E0,99,V,74SC0465,1,1,R,5.3000,-9,,3478,320,28,,4.5000,1100,92.0,19.0,186,0.7000,,210,3.8000,,31,0.1000,,,134,10,140,1.5000,11.6,11.6,35.20,35.20,,,,,,,,,,
HH,SCOWCGFS,4,GB-SCT,748S,GOV,47,I2,P,409,409,2019,11,18,0749,GYQ4,30,D,54.4660,-8.8260,54.4640,-8.8800,37E1,68,V,74SC0463,1,1,R,5.6000,-9,,3455,240,28,,4.5000,1100,67.0,17.0,186,0.7000,,262,3.7000,,32,0.2000,,,130,6,290,3.0000,11.6,11.9,34.79,35.02,,,,,,,,,,
HH,SCOWCGFS,4,GB-SCT,748S,GOV,97,I2,P,438,438,2018,11,18,1232,R1Q4,30,D,58.6660,-7.6150,58.6360,-7.6110,46E2,125,V,74SC0505,1,1,R,5.2000,-9,,3301,400,28,,4.5000,1100,98.0,21.0,186,0.7000,,180,3.6000,,100,0.6000,,,140,8,140,2.0000,10.8,10.8,35.24,35.26,,,,,,,,,,
HH,SCOWCGFS,4,GB-SCT,748S,GOV,97,I2,P,442,442,2018,11,19,1228,R1Q4,30,D,58.0750,-9.2270,58.0500,-9.2570,45E0,254,V,74SC0509,1,1,R,4.8000,-9,,3245,780,28,,4.5000,1100,100.0,20.0,186,0.7000,,210,3.5000,,10,0.2000,,,154,9,170,3.0000,11.0,10.8,35.53,35.36,,,,,,,,,,
HH,SCOWCGFS,4,GB-SCT,748S,GOV,97,I2,P,443,443,2018,11,19,1603,R1Q4,30,D,57.9320,-8.9170,57.9210,-8.9670,44E1,150,V,74SC0510,1,1,R,5.2000,-9,,3262,480,28,,4.5000,1100,102.0,20.0,186,0.7000,,235,3.5000,,31,0.4000,,,150,7,190,2.0000,11.0,11.0,35.34,35.34,,,,,,,,,,
HH,SCOWCGFS,4,GB-SCT,748S,GOV,97,I2,P,444,444,2018,11,20,0828,G2Q4,9,D,57.0560,-8.4800,57.0480,-8.4820,43E1,140,I,,0,0,R,5.1000,-9,,888,450,28,,4.5000,1100,96.0,22.0,186,0.7000,,180,3.4000,,255,0.2000,,,90,10,160,1.5000,,,,,,,,,,,,,,
HH,SCOWCGFS,4,GB-SCT,748S,GOV,97,I2,P,445,445,2018,11,20,1044,G2Q4,15,D,57.0540,-8.4860,57.0690,-8.4840,43E1,139,V,74SC0511,1,1,R,5.0000,-9,,1615,440,28,,4.5000,1100,96.0,20.0,186,0.7000,,7,3.5000,,213,0.1000,,,80,12,120,1.5000,11.2,11.1,35.26,35.33,,,,,,,,,,
HH,SCOWCGFS,4,GB-SCT,748S,GOV,97,I2,P,446,446,2018,11,20,1315,R2Q4,30,D,56.8060,-8.5620,56.7770,-8.5760,42E1,120,V,74SC0512,1,1,R,5.1000,-9,,3290,390,28,,4.5000,1100,97.0,21.0,186,0.7000,,195,3.6000,,70,0.3000,,,75,11,80,2.0000,11.3,11.4,35.06,35.19,,,,,,,,,,
HH,SCOWCGFS,4,GB-SCT,748S,GOV,97,I2,P,447,447,2018,11,20,1538,R2Q4,20,D,56.6670,-8.9200,56.6470,-8.9170,42E1,130,V,74SC0513,1,1,R,5.2000,-9,,2237,420,28,,4.5000,1100,100.0,22.0,186,0.7000,,171,3.6000,,15,0.4000,,,50,8,100,1.0000,11.2,11.2,35.34,35.34,,,,,,,,,,
HH,SCOWCGFS,4,GB-SCT,748S,GOV,97,I2,P,448,448,2018,11,21,0807,R2Q4,17,D,55.5180,-8.8870,55.5270,-8.8640,40E1,95,V,74SC0514,1,1,R,5.8000,-9,,1718,330,28,,4.5000,1100,87.0,20.0,186,0.7000,,57,3.3000,,237,0.4000,,,44,13,70,2.5000,11.4,11.4,35.25,35.25,,,,,,,,,,
HH,SCOWCGFS,1,GB-SCT,748S,GOV,97,I2,P,96,96,2016,2,23,0746,G1Q1,30,D,58.5190,-7.6740,58.5510,-7.6790,46E2,140,V,74SC0078,1,1,R,4.7000,-9,,3530,450,28,,4.5000,1100,103.0,,186,0.7000,,357,3.8000,,73,0.2000,,,345,13,357,5.0000,9.0,9.2,35.24,35.29,,,,,,,,,,
HH,SCOWCGFS,1,GB-SCT,748S,GOV,97,I2,P,97,97,2016,2,23,1018,R2Q1,30,D,58.6470,-7.9600,58.6640,-7.9150,46E2,250,V,74SC0079,1,1,R,4.5000,-9,,3265,780,28,,4.5000,1100,114.0,21.0,186,0.7000,,42,3.6000,,272,0.2000,,,350,9,320,4.0000,9.4,9.3,35.32,35.31,,,,,,,,,,
HH,SCOWCGFS,1,GB-SCT,748S,GOV,97,I2,P,98,98,2016,2,23,1309,R2Q1,28,D,58.4690,-8.2560,58.4530,-8.3000,45E1,185,V,74SC0080,1,1,R,4.7000,-9,,3068,570,28,,4.5000,1100,109.0,21.0,186,0.7000,,230,3.6000,,90,0.2000,,,356,9,350,4.0000,9.3,9.3,35.30,35.32,,,,,,,,,,
HH,SCOWCGFS,1,GB-SCT,748S,GOV,97,I2,P,99,99,2016,2,23,1632,G1Q1,30,D,58.1530,-8.3160,58.1290,-8.3510,45E1,145,I,,0,0,R,4.9000,-9,,3439,450,28,,4.5000,1100,99.0,21.0,186,0.7000,,222,3.7000,,192,0.2000,,,305,8,300,3.0000,,,,,,,,,,,,,,
HH,SCOWCGFS,1,GB-SCT,748S,GOV,97,I2,P,100,100,2016,2,24,0733,G1Q1,30,D,58.1690,-8.2780,58.1980,-8.2660,45E1,140,V,74SC0081,1,1,R,4.8000,-9,,3358,450,28,,4.5000,1100,103.0,21.0,186,0.7000,,7,3.6000,,197,0.2000,,,340,10,350,4.0000,9.1,9.1,35.27,35.27,,,,,,,,,,
HH,SCOWCGFS,1,GB-SCT,748S,GOV,97,I2,P,101,101,2016,2,24,1004,G1Q1,30,D,57.9790,-8.5370,57.9980,-8.5800,44E1,137,V,74SC0082,1,1,R,4.9000,-9,,3400,435,28,,4.5000,1100,100.0,20.0,186,0.7000,,322,3.6000,,290,0.1000,,,6,10,330,4.0000,8.9,9.0,35.13,35.24,,,,,,,,,,
HH,SCOWCGFS,1,GB-SCT,748S,GOV,97,I2,P,102,102,2016,2,24,1348,G1Q1,30,D,57.8260,-8.9250,57.8530,-8.8980,44E1,140,V,74SC0083,1,1,R,,-9,,3336,450,28,,4.5000,1100,103.0,20.0,186,0.7000,,25,3.6000,,200,0.2000,,,334,6,350,4.0000,9.3,9.4,35.30,35.32,,,,,,,,,,
HH,SCOWCGFS,1,GB-SCT,748S,GOV,97,I2,P,103,103,2016,2,24,1644,R2Q1,30,D,58.0810,-9.2270,58.1070,-9.1970,45E0,260,V,74SC0084,1,1,R,4.7000,-9,,3458,810,28,,4.5000,1100,108.0,21.0,186,0.7000,,25,3.8000,,107,0.0000,,,330,6,350,4.0000,9.4,9.5,35.32,35.32,,,,,,,,,,
HH,SCOWCGFS,1,GB-SCT,748S,GOV,97,I2,P,78,78,2018,2,17,1039,R1Q1,30,D,60.0370,-4.1750,60.0450,-4.1170,49E5,158,V,74SC0062,1,1,R,5.0000,-9,,3420,500,28,,4.5000,1100,102.0,22.0,186,0.7000,,75,3.7000,,100,0.3000,,,209,15,220,3.0000,8.6,8.6,35.26,35.26,,,,,,,,,,
HH,SCOWCGFS,1,GB-SCT,748S,GOV,97,I2,P,79,79,2018,2,17,1332,R1Q1,30,D,60.1790,-4.2840,60.1900,-4.2270,49E5,187,V,74SC0063,1,1,R,5.3000,-9,,3426,530,28,,4.5000,1100,101.0,21.0,186,0.7000,,70,3.7000,,100,0.0000,,,240,11,220,3.0000,8.8,8.8,35.25,35.26,,,,,,,,,,
HH,SCOWCGFS,1,GB-SCT,748S,GOV,97,I2,P,83,83,2018,2,18,0732,R1Q1,30,D,59.7030,-5.8370,59.7000,-5.8970,48E4,240,V,74SC0064,1,1,R,5.1000,-9,,3394,725,28,,4.5000,1100,108.0,21.0,186,0.7000,,255,3.7000,,90,0.2000,,,192,7,200,2.0000,8.9,8.9,35.25,35.28,,,,,,,,,,
HH,SCOWCGFS,1,GB-SCT,748S,GOV,97,I2,P,84,84,2018,2,18,1033,R1Q1,30,D,59.5160,-6.3500,59.4970,-6.4000,48E3,232,V,74SC0065,1,1,R,5.2000,-9,,3525,720,28,,4.5000,1100,113.0,22.0,186,0.7000,,235,3.8000,,100,0.6000,,,190,8,200,2.0000,9.0,8.8,35.26,35.28,,,,,,,,,,
HH,SCOWCGFS,1,GB-SCT,748S,GOV,97,I2,P,85,85,2018,2,18,1300,WSQ1,20,D,59.4320,-6.1170,59.4160,-6.1440,47E3,150,V,74SC0066,1,1,R,5.1000,-9,,2278,480,28,,4.5000,1100,101.0,24.0,186,0.7000,,220,3.7000,,260,0.2000,,,180,8,200,2.0000,8.5,8.3,35.24,35.21,,,,,,,,,,
HH,SCOWCGFS,1,GB-SCT,748S,GOV,110,I2,P,120,51,2012,3,4,1938,R2Q1,30,N,57.9727,-9.4350,57.9432,-9.4338,44E0,300,V,74SC0106,1,1,C,4.2000,-9,,3294,900,28,,4.5000,1100,116.0,20.0,186,0.7000,,190,3.6000,3.6000,315,0.1000,,,248,10,248,3.0000,,,,,,,,,,,,,,
HH,SCOWCGFS,1,GB-SCT,748S,GOV,110,I2,P,121,52,2012,3,5,0738,R2Q1,30,D,58.4108,-8.5205,58.4310,-8.4792,45E1,240,V,74SC0107,1,1,C,4.2000,-9,,3319,740,28,,4.5000,1100,114.0,20.0,186,0.7000,,45,3.6000,3.6000,208,0.5000,,,270,10,270,3.0000,,,,,,,,,,,,,,
HH,SCOWCGFS,1,GB-SCT,748S,GOV,110,I2,P,122,53,2012,3,5,1056,G1Q1,15,D,58.0708,-8.3275,58.0848,-8.3352,45E1,140,V,74SC0108,1,1,C,4.7000,-9,,1605,450,28,,4.5000,1100,103.0,20.0,186,0.7000,,340,3.5000,3.5000,233,0.2000,,,292,5,270,3.0000,,,,,,,,,,,,,,
HH,SCOWCGFS,1,GB-SCT,748S,GOV,110,I2,P,123,54,2012,3,5,1423,G1Q1,30,D,58.1057,-7.3890,58.1298,-7.3550,45E2,93,V,74SC0109,1,1,C,5.0000,-9,,3358,310,28,,4.5000,1100,89.0,17.0,186,0.7000,,30,3.6000,3.6000,100,0.2000,,,292,5,270,3.0000,,,,,,,,,,,,,,
HH,SCOWCGFS,1,GB-SCT,748S,GOV,110,I2,P,124,55,2012,3,5,1634,G1Q1,30,D,58.3035,-7.1433,58.3298,-7.1135,45E2,120,V,74SC0110,1,1,C,4.3000,-9,,3404,390,28,,4.5000,1100,101.0,21.0,186,0.7000,,40,3.7000,3.7000,270,0.3000,,,360,3,270,2.5000,,,,,,,,,,,,,,
HH,SCOWCGFS,1,GB-SCT,748S,GOV,110,I2,P,125,56,2012,3,5,1909,G1Q1,18,N,58.6682,-7.2733,58.6855,-7.2810,46E2,95,V,74SC0111,1,1,C,4.7000,-9,,1955,320,28,,4.5000,1100,94.0,19.0,186,0.7000,,340,3.6000,3.6000,335,0.3000,,,360,5,270,2.0000,,,,,,,,,,,,,,
HH,SCOWCGFS,1,GB-SCT,748S,GOV,110,I2,P,126,57,2012,3,6,0741,G1Q1,30,D,58.8495,-5.8588,58.8237,-5.8588,46E4,100,V,74SC0112,1,1,C,5.0000,-9,,2873,330,28,,4.5000,1100,91.0,17.0,186,0.7000,,180,3.1000,3.1000,98,0.2000,,,180,26,5,3.0000,,,,,,,,,,,,,,
HH,SCOWCGFS,4,GB-SCT,748S,GOV,110,I2,P,530,51,2012,11,28,0930,R2Q4,30,D,54.5847,-8.9695,54.5890,-8.9212,38E1,90,V,74SC0540,1,1,C,5.1000,-9,,3145,290,28,,4.5000,1100,86.0,17.0,186,0.7000,,80,3.4000,,170,0.1000,,,20,8,180,1.0000,,,,,,,,,,,,,,
HH,SCOWCGFS,4,GB-SCT,748S,GOV,110,I2,P,531,52,2012,11,28,1312,R2Q4,30,D,55.0667,-8.7632,55.0688,-8.7128,39E1,80,V,74SC0541,1,1,C,5.0000,-9,,3207,270,28,,4.5000,1100,86.0,19.0,186,0.7000,,84,3.5000,,198,0.3000,,,5,8,180,1.0000,,,,,,,,,,,,,,
HH,SCOWCGFS,4,GB-SCT,748S,GOV,110,I2,P,532,53,2012,11,28,1530,R2Q4,30,D,55.2282,-8.5245,55.2107,-8.5640,39E1,80,V,74SC0542,1,1,C,4.8000,-9,,3170,255,28,,4.5000,1100,86.0,19.0,186,0.7000,,236,3.4000,,130,0.1000,,,20,5,180,1.0000,,,,,,,,,,,,,,
HH,SCOWCGFS,4,GB-SCT,748S,GOV,110,I2,P,533,54,2012,11,28,1740,G3Q4,30,N,55.3687,-8.4467,55.3943,-8.4253,39E1,95,V,74SC0543,1,1,C,5.1000,-9,,3158,320,28,,4.5000,1100,88.0,17.0,186,0.7000,,20,3.4000,,150,0.1000,,,20,5,1,0.5000,,,,,,,,,,,,,,
HH,SCOWCGFS,4,GB-SCT,748S,GOV,60,I2,P,534,55,2012,11,29,0635,R2Q4,30,D,55.5008,-7.8488,55.5272,-7.8663,40E2,65,V,74SC0544,1,1,C,5.5000,-9,,3131,270,28,,4.5000,1100,72.0,19.0,186,0.7000,,330,3.4000,,230,0.3000,,,290,3,1,0.5000,,,,,,,,,,,,,,
HH,SCOWCGFS,4,GB-SCT,748S,GOV,60,I2,P,535,56,2012,11,29,1119,G3Q4,30,D,55.9087,-6.7033,55.9335,-6.6727,40E3,65,V,74SC0545,1,1,C,5.7000,-9,,3358,230,28,,4.5000,1100,64.0,19.0,186,0.7000,,35,3.4000,,240,0.1000,,,40,4,1,0.5000,,,,,,,,,,,,,,
HH,SCOWCGFS,4,GB-SCT,748S,GOV,110,I2,P,536,57,2012,11,29,1441,R2Q4,30,D,55.5817,-6.8008,55.5567,-6.7863,40E3,85,V,74SC0546,1,1,C,5.5000,-9,,2928,285,28,,4.5000,1100,81.0,,186,0.7000,,150,3.2000,,250,0.1000,,,240,3,1,1.0000,,,,,,,,,,,,,,
HH,SCOWCGFS,4,GB-SCT,748S,GOV,110,I2,P,537,58,2012,11,29,1649,R2Q4,30,N,55.3830,-6.7480,55.3627,-6.7127,39E3,80,V,74SC0547,1,1,C,5.4000,-9,,3176,300,28,,4.5000,1100,83.0,16.0,186,0.7000,,135,3.5000,,15,0.1000,,,220,5,1,1.0000,,,,,,,,,,,,,,
HH,SCOWCGFS,4,GB-SCT,748S,GOV,110,I2,P,538,59,2012,11,30,0645,CLQ4,30,N,55.6830,-5.0968,55.6663,-5.0625,40E4,160,V,74SC0548,1,1,C,3.6000,-9,,2839,530,28,,4.5000,1100,98.0,24.0,186,0.7000,,130,3.1000,,200,0.1000,,,20,1,1,1.0000,,,,,,,,,,,,,,
HH,SCOWCGFS,4,GB-SCT,748S,GOV,60,I2,P,539,60,2012,11,30,1058,-9,30,D,55.4168,-5.1858,55.4135,-5.2330,39E4,45,V,74SC0549,1,1,C,5.8000,-9,,2994,170,28,,4.5000,1100,57.0,15.0,186,0.7000,,265,3.2000,,75,0.2000,,,17,3,1,1.0000,,,,,,,,,,,,,,
HH,SCOWCGFS,4,GB-SCT,748S,GOV,60,I2,P,540,61,2012,11,30,1259,CLQ4,30,D,55.2573,-5.1988,55.2302,-5.2062,39E4,50,V,74SC0550,1,1,C,5.4000,-9,,3060,180,28,,4.5000,1100,61.0,16.0,186,0.7000,,188,3.3000,,125,0.1000,,,37,1,1,0.1000,,,,,,,,,,,,,,
HH,SCOWCGFS,4,GB-SCT,748S,GOV,110,I2,P,541,62,2012,11,30,1710,B2Q4,30,N,55.6180,-5.8940,55.6467,-5.8787,40E4,110,V,74SC0551,1,1,C,4.3000,-9,,3333,360,28,,4.5000,1100,86.0,21.0,186,0.7000,,15,3.6000,,315,0.2000,,,270,1,1,0.1000,,,,,,,,,,,,,,
HH,SCOWCGFS,4,GB-SCT,748S,GOV,110,I2,P,542,63,2012,12,1,0739,R2Q4,30,D,56.2013,-9.0848,56.2295,-9.0870,41E0,170,V,74SC0552,1,1,C,5.1000,-9,,3139,555,28,,4.5000,1100,104.0,19.0,186,0.7000,,360,3.4000,,46,0.2000,,,360,9,1,1.5000,,,,,,,,,,,,,,
HH,SCOWCGFS,4,GB-SCT,748S,GOV,110,I2,P,543,64,2012,12,1,1248,R2Q4,30,D,56.8953,-8.6515,56.9182,-8.6222,42E1,130,V,74SC0553,1,1,C,5.0000,-9,,3051,420,28,,4.5000,1100,95.0,18.0,186,0.7000,,37,3.3000,,340,0.1000,,,350,9,270,1.5000,,,,,,,,,,,,,,
HH,SCOWCGFS,4,GB-SCT,748S,GOV,110,I2,P,544,65,2012,12,1,1503,G2Q4,30,D,56.9533,-8.2458,56.9505,-8.1952,42E1,130,V,74SC0554,1,1,C,5.4000,-9,,3083,420,28,,4.5000,1100,96.0,19.0,186,0.7000,,100,3.3000,,280,0.2000,,,360,9,260,1.0000,,,,,,,,,,,,,,
HH,SCOWCGFS,4,GB-SCT,748S,GOV,110,I2,P,545,66,2012,12,2,0740,G2Q4,30,D,57.5815,-8.7310,57.6045,-8.7032,44E1,160,V,74SC0555,1,1,C,5.0000,-9,,3050,510,28,,4.5000,1100,103.0,20.0,186,0.7000,,38,3.3000,,344,0.1000,,,150,3,235,1.0000,,,,,,,,,,,,,,
HH,SCOWCGFS,4,GB-SCT,748S,GOV,110,I2,P,546,67,2012,12,2,1138,G1Q4,30,D,57.9412,-7.8398,57.9625,-7.8060,44E2,85,V,74SC0556,1,1,C,5.2000,-9,,3101,185,28,,4.5000,1100,85.0,18.0,186,0.7000,,44,3.4000,,360,0.2000,,,150,8,250,1.5000,,,,,,,,,,,,,,
HH,SCOWCGFS,4,GB-SCT,748S,GOV,110,I2,P,547,68,2012,12,2,1547,R1Q4,30,D,58.4502,-8.4207,58.4692,-8.3802,45E1,230,V,74SC0557,1,1,C,4.6000,-9,,3164,750,28,,4.5000,1100,106.0,20.0,186,0.7000,,55,3.4000,,310,0.2000,,,140,10,250,1.5000,,,,,,,,,,,,,,
HH,SCOWCGFS,1,GB-SCT,748S,GOV,47,I2,P,134,134,2018,3,5,0740,B1Q1,13,D,57.8300,-6.3910,57.8280,-6.4160,44E3,85,I,74SC0107,0,0,R,6.7000,-9,,1488,270,28,,4.5000,1100,68.0,18.0,186,0.7000,,264,3.5000,,90,0.7000,,,80,8,80,2.0000,6.9,6.9,34.39,34.39,,,,,,,,,,
HH,SCOWCGFS,1,GB-SCT,748S,GOV,47,I2,P,135,135,2018,3,5,1043,B1Q1,27,D,57.9290,-6.1330,57.9510,-6.1080,44E3,53,V,74SC0108,1,1,R,6.8000,-9,,2819,210,28,,4.5000,1100,67.0,18.0,186,0.7000,,40,3.4000,,340,0.3000,,,80,10,80,2.0000,6.9,6.9,34.34,34.34,,,,,,,,,,
HH,SCOWCGFS,1,GB-SCT,748S,GOV,97,I2,P,136,136,2018,3,5,1253,B1Q1,30,D,58.0320,-5.7610,58.0590,-5.7340,45E4,122,V,74SC0109,1,1,R,5.3000,-9,,3351,400,28,,4.5000,1100,90.0,21.0,186,0.7000,,45,3.6000,,10,0.3000,,,80,21,80,2.0000,7.1,7.3,34.45,34.71,,,,,,,,,,
HH,SCOWCGFS,1,GB-SCT,748S,GOV,47,I2,P,137,137,2018,3,5,1553,B1Q1,30,D,58.2950,-5.4940,58.2650,-5.4900,45E4,80,V,74SC0110,1,1,R,5.7000,-9,,3376,270,28,,4.5000,1100,68.0,19.0,186,0.7000,,180,3.7000,,200,0.4000,,,70,10,70,3.0000,7.0,7.1,34.36,34.38,,,,,,,,,,
HH,SCOWCGFS,1,GB-SCT,748S,GOV,47,I2,P,138,138,2018,3,6,0722,B1Q1,30,D,58.4180,-5.3380,58.4000,-5.3830,45E4,80,V,74SC0111,1,1,R,6.2000,-9,,3280,240,28,,4.5000,1100,69.0,18.0,186,0.7000,,220,3.6000,,180,0.3000,,,330,10,330,3.0000,6.8,7.1,34.41,34.66,,,,,,,,,,
HH,SCOWCGFS,1,GB-SCT,748S,GOV,97,I2,P,139,139,2018,3,6,0934,B1Q1,30,D,58.5470,-5.6030,58.5240,-5.6390,46E4,135,V,74SC0112,1,1,R,5.8000,-9,,3404,420,28,,4.5000,1100,92.0,18.0,186,0.7000,,210,3.6000,,340,0.3000,,,80,18,80,3.0000,6.8,7.7,34.65,35.09,,,,,,,,,,
HH,SCOWCGFS,1,GB-SCT,748S,GOV,97,I2,P,106,106,2017,2,22,0949,LBQ1,30,D,56.9990,-6.9730,56.9980,-7.0290,42E3,130,V,74SC0081,1,1,R,5.1000,-9,,3407,410,28,,4.5000,1100,90.0,22.0,186,0.7000,,280,3.7000,,267,0.3000,,,290,18,290,0.5000,8.5,9.1,34.80,35.19,,,,,,,,,,
HH,SCOWCGFS,1,GB-SCT,748S,GOV,97,I2,P,105,105,2017,2,22,1748,LBQ1,30,D,57.1820,-6.8600,57.1840,-6.9170,43E3,116,V,74SC0080,1,1,R,4.9000,-9,,3456,390,28,,4.5000,1100,90.0,23.0,186,0.7000,,280,3.7000,,68,0.1000,,,272,15,280,0.5000,8.4,8.7,34.87,35.06,,,,,,,,,,
HH,SCOWCGFS,1,GB-SCT,748S,GOV,97,I2,P,101,101,2017,2,20,0740,G1Q1,30,D,57.3130,-8.7650,57.3000,-8.8130,43E1,148,V,74SC0077,1,1,R,5.4000,-9,,3301,475,28,,4.5000,1100,94.0,20.0,186,0.7000,,235,3.5000,,256,0.2000,,,210,15,215,1.0000,10.0,10.0,35.38,35.38,,,,,,,,,,
HH,SCOWCGFS,1,GB-SCT,748S,GOV,97,I2,P,97,97,2017,2,20,0732,G1Q1,30,D,57.5950,-9.0410,57.5970,-9.0930,44E0,146,V,74SC0073,1,1,R,5.4000,-9,,3196,460,28,,4.5000,1100,98.0,20.0,186,0.7000,,280,3.5000,,274,0.3000,,,290,15,290,1.5000,9.5,10.0,35.23,35.38,,,,,,,,,,
HH,SCOWCGFS,1,GB-SCT,748S,GOV,97,I2,P,100,100,2017,2,20,1734,G1Q1,30,D,57.6420,-8.5460,57.6410,-8.5990,44E1,155,V,74SC0076,1,1,R,5.2000,-9,,3148,510,28,,4.5000,1100,101.0,20.0,186,0.7000,,270,3.4000,,344,0.4000,,,285,15,285,1.0000,9.7,9.8,35.31,35.33,,,,,,,,,,
HH,SCOWCGFS,1,GB-SCT,748S,GOV,97,I2,P,98,98,2017,2,20,0940,G1Q1,21,D,57.7020,-9.2100,57.7040,-9.2480,44E0,146,V,74SC0074,1,1,R,5.4000,-9,,2314,460,28,,4.5000,1100,100.0,21.0,186,0.7000,,278,3.5000,,224,0.3000,,,277,17,273,1.0000,10.2,10.1,35.38,35.38,,,,,,,,,,
HH,SCOWCGFS,1,GB-SCT,748S,GOV,97,I2,P,133,133,2017,3,3,0758,B1Q1,30,D,57.9280,-6.2090,57.9580,-6.2260,44E3,85,V,74SC0103,1,1,R,4.8000,-9,,3500,300,28,,4.5000,1100,93.0,20.0,186,0.7000,,350,3.8000,,264,0.3000,,,60,14,68,0.5000,8.2,8.4,34.61,34.73,,,,,,,,,,
HH,SCOWCGFS,1,GB-SCT,748S,GOV,97,I2,P,99,99,2017,2,20,1334,G1Q1,30,D,57.9760,-8.7160,57.9800,-8.7690,44E1,144,V,74SC0075,1,1,R,5.5000,-9,,3180,450,28,,4.5000,1100,100.0,21.0,186,0.7000,,275,3.5000,,355,0.2000,,,295,21,285,2.0000,10.1,10.0,35.38,35.38,,,,,,,,,,
HH,SCOWCGFS,1,GB-SCT,748S,GOV,97,I2,P,134,134,2017,3,4,1032,B1Q1,20,D,58.0020,-5.8670,58.0180,-5.8910,45E4,80,V,74SC0104,1,1,R,5.3000,-9,,2316,200,28,,4.5000,1100,82.0,19.0,186,0.7000,,321,3.8000,,250,0.3000,,,65,13,67,0.5000,8.2,8.2,34.64,34.64,,,,,,,,,,
HH,SCOWCGFS,1,GB-SCT,748S,GOV,97,I2,P,91,91,2017,2,18,1521,G1Q1,30,D,58.1740,-7.2560,58.1440,-7.2630,45E2,123,V,74SC0067,1,1,R,5.4000,-9,,3340,390,28,,4.5000,1100,93.0,19.0,186,0.7000,,195,3.6000,,262,0.3000,,,238,14,238,0.5000,8.9,8.1,35.14,35.01,,,,,,,,,,
HH,SCOWCGFS,1,GB-SCT,748S,GOV,97,I2,P,95,95,2017,2,19,1636,R2Q1,30,D,58.1990,-8.6240,58.1740,-8.6580,45E1,140,V,74SC0071,1,1,R,5.4000,-9,,3358,430,28,,4.5000,1100,101.0,22.0,186,0.7000,,230,3.6000,,334,0.2000,,,245,13,244,1.0000,10.1,10.0,35.37,35.37,,,,,,,,,,
HH,SCOWCGFS,1,GB-SCT,748S,GOV,97,I2,P,135,135,2017,3,4,1236,B1Q1,30,D,58.2010,-6.0000,58.2300,-5.9830,45E3,130,V,74SC0105,1,1,R,4.3000,-9,,3378,415,28,,4.5000,1100,90.0,25.0,186,0.7000,,20,3.7000,,315,0.1000,,,70,15,70,1.0000,8.2,8.8,34.67,35.08,,,,,,,,,,
HH,SCOWCGFS,1,GB-SCT,748S,GOV,97,I2,P,96,96,2017,2,19,1923,R2Q1,20,D,58.2330,-8.9530,58.2190,-8.9790,45E1,260,V,74SC0072,1,1,R,4.7000,-9,,2162,800,28,,4.5000,1100,111.0,22.0,186,0.7000,,235,3.5000,,185,0.2000,,,265,15,265,1.0000,10.2,10.1,35.37,35.38,,,,,,,,,,
HH,SCOWCGFS,1,GB-SCT,748S,GOV,97,I2,P,90,90,2017,2,18,1301,G1Q1,30,D,58.3600,-7.0710,58.3290,-7.0740,45E2,100,V,74SC0066,1,1,R,5.6000,-9,,3406,317,28,,4.5000,1100,89.0,20.0,186,0.7000,,185,3.7000,,324,0.2000,,,230,13,230,0.5000,8.2,8.2,34.97,34.97,,,,,,,,,,
HH,SCOWCGFS,1,GB-SCT,748S,GOV,97,I2,P,93,93,2017,2,19,1040,G1Q1,30,D,58.4040,-7.8990,58.3830,-7.9390,45E2,137,V,74SC0069,1,1,R,5.4000,-9,,3391,440,28,,4.5000,1100,100.0,20.0,186,0.7000,,225,3.6000,,0,0.2000,,,220,10,226,0.7000,9.7,9.7,35.31,35.30,,,,,,,,,,
HH,SCOWCGFS,1,GB-SCT,748S,GOV,97,I2,P,94,94,2017,2,19,1348,R2Q1,30,D,58.4360,-8.4190,58.4170,-8.4630,45E1,206,V,74SC0070,1,1,R,4.9000,-9,,3347,650,28,,4.5000,1100,110.0,21.0,186,0.7000,,230,3.6000,,14,0.3000,,,230,13,230,1.0000,10.0,9.8,35.36,35.35,,,,,,,,,,
HH,SCOWCGFS,1,GB-SCT,748S,GOV,97,I2,P,136,136,2017,3,4,1528,B1Q1,30,D,58.4600,-5.8330,58.4890,-5.8450,45E4,110,V,74SC0000,1,1,R,5.1000,-9,,3343,330,28,,4.5000,1100,89.0,18.0,186,0.7000,,348,3.6000,,250,0.2000,,,66,18,66,1.2000,,,,,,,,,,,,,,
HH,SCOWCGFS,1,GB-SCT,748S,GOV,97,I2,P,89,89,2017,2,18,1011,G1Q1,16,D,58.5990,-6.8100,58.5980,-6.7780,46E3,100,V,74SC0065,1,1,R,5.5000,-9,,1828,320,28,,4.5000,1100,87.0,20.0,186,0.7000,,95,3.7000,,258,0.1000,,,215,10,217,0.2000,9.4,9.4,35.24,35.25,,,,,,,,,,
HH,SCOWCGFS,1,GB-SCT,748S,GOV,97,I2,P,138,138,2017,3,5,0637,B1Q1,30,D,58.6910,-5.2740,58.7070,-5.2250,46E4,88,V,74SC0107,1,1,R,4.8000,-9,,3356,285,28,,4.5000,1100,88.0,19.0,186,0.7000,,60,3.6000,,220,0.3000,,,90,5,90,0.5000,8.1,8.2,34.61,34.85,,,,,,,,,,
HH,SCOWCGFS,1,GB-SCT,748S,GOV,97,I2,P,92,92,2017,2,19,0746,G1Q1,30,D,58.7260,-7.6830,58.7070,-7.7250,46E2,222,V,74SC0068,1,1,R,5.0000,-9,,3352,690,28,,4.5000,1100,107.0,21.0,186,0.7000,,230,3.6000,,250,0.2000,,,240,10,238,1.0000,10.1,9.8,35.35,35.33,,,,,,,,,,
HH,SCOWCGFS,4,GB-SCT,748S,GOV,97,I2,P,499,499,2015,12,5,1428,G1Q4,30,D,58.6660,-4.2270,58.6660,-4.2850,46E5,92,V,74SC0451,1,1,R,5.1000,-9,,3349,310,28,,4.5000,1100,91.0,18.0,186,0.7000,,270,3.6000,,140,0.1000,,,250,13,230,4.0000,10.2,10.3,34.67,34.76,,,,,,,,,,
HH,SCOWCGFS,4,GB-SCT,748S,GOV,97,I2,P,500,500,2015,12,6,0749,G1Q4,30,D,58.7170,-6.0830,58.7050,-6.1330,46E3,120,V,,1,1,R,4.9000,-9,,3194,390,28,,4.5000,1100,94.0,19.0,186,0.7000,,256,3.5000,,170,0.1000,,,250,21,260,5.0000,,,,,,,,,,,,,,
HH,SCOWCGFS,4,GB-SCT,748S,GOV,97,I2,P,501,501,2015,12,6,1034,G1Q4,30,D,58.8460,-5.8830,58.8440,-5.9350,46E4,100,V,,1,1,R,5.2000,-9,,2991,330,28,,4.5000,1100,91.0,19.0,186,0.7000,,265,3.2000,,353,0.3000,,,270,21,270,6.0000,,,,,,,,,,,,,,
HH,SCOWCGFS,4,GB-SCT,748S,GOV,97,I2,P,502,502,2015,12,6,1529,G1Q4,30,D,59.1830,-4.8810,59.1780,-4.9230,47E5,110,V,74SC0452,1,1,R,5.2000,-9,,2535,330,28,,4.5000,1100,86.0,19.0,186,0.7000,,266,2.7000,,142,0.3000,,,270,21,270,5.0000,10.1,10.1,35.05,35.05,,,,,,,,,,
HH,SCOWCGFS,4,GB-SCT,748S,GOV,97,I2,P,503,503,2015,12,7,0802,WSQ4,29,D,59.3070,-5.4990,59.3070,-5.4440,47E4,108,V,74SC0453,1,1,R,4.9000,-9,,3082,350,28,,4.5000,1100,93.0,19.0,186,0.7000,,96,3.4000,,278,0.2000,,,116,14,,5.0000,10.1,10.1,35.25,35.26,,,,,,,,,,
HH,SCOWCGFS,4,GB-SCT,748S,GOV,97,I2,P,504,504,2015,12,7,0945,G1Q4,30,D,59.2510,-5.2240,59.2390,-5.1760,47E4,108,V,74SC0454,1,1,R,5.0000,-9,,3046,360,28,,4.5000,1100,91.0,19.0,186,0.7000,,121,3.3000,,60,0.2000,,,125,18,120,4.0000,10.2,10.2,35.17,35.23,,,,,,,,,,
HH,SCOWCGFS,4,GB-SCT,748S,GOV,97,I2,P,449,449,2018,11,21,1150,R2Q4,15,D,55.7890,-9.0650,55.7750,-9.0730,40E0,134,V,74SC0515,1,1,R,5.1000,-9,,1575,420,28,,4.5000,1100,96.0,21.0,186,0.7000,,207,3.4000,,260,0.4000,,,55,21,60,3.5000,11.3,11.4,35.31,35.34,,,,,,,,,,
HH,SCOWCGFS,4,GB-SCT,748S,GOV,97,I2,P,450,450,2018,11,21,1359,R2Q4,30,D,55.6580,-9.3380,55.6290,-9.3550,40E0,250,V,74SC0516,1,1,R,4.7000,-9,,3341,780,28,,4.5000,1100,107.0,22.0,186,0.7000,,190,3.6000,,60,0.3000,,,100,22,60,3.5000,11.2,10.5,35.32,35.41,,,,,,,,,,
HH,SCOWCGFS,4,GB-SCT,748S,GOV,97,I2,P,451,451,2018,11,22,0808,R2Q4,15,D,56.7630,-8.2230,56.7520,-8.2040,42E1,132,I,,0,0,R,5.3000,-9,,1645,420,28,,4.5000,1100,96.0,21.0,186,0.7000,,132,3.5000,,211,0.3000,,,130,13,130,2.5000,,,,,,,,,,,,,,
HH,SCOWCGFS,1,GB-SCT,748S,GOV,110,I2,P,100,31,2012,2,27,1325,B1Q1,30,D,55.8298,-8.3133,55.8320,-8.2622,40E1,150,V,74SC0087,1,1,C,4.7000,-9,,3212,435,28,,4.5000,1100,98.0,18.0,186,0.7000,,89,3.5000,3.5000,120,0.3000,,,236,13,230,3.0000,,,,,,,,,,,,,,
HH,SCOWCGFS,1,GB-SCT,748S,GOV,110,I2,P,101,32,2012,2,27,1638,B1Q1,30,D,55.8233,-7.7123,55.8007,-7.7423,40E2,130,V,74SC0088,1,1,C,4.8000,-9,,3158,420,28,,4.5000,1100,97.0,18.0,186,0.7000,,220,3.4000,3.4000,100,0.2000,,,230,15,230,3.0000,,,,,,,,,,,,,,
HH,SCOWCGFS,1,GB-SCT,748S,GOV,60,I2,P,102,33,2012,2,29,1216,CLQ1,30,D,55.0915,-5.2073,55.1192,-5.1885,39E4,67,V,74SC0089,1,1,C,4.6000,-9,,3299,220,28,,4.5000,1100,64.0,19.0,186,0.7000,,20,3.6000,3.6000,140,0.3000,,,190,8,360,0.0000,,,,,,,,,,,,,,
HH,SCOWCGFS,1,GB-SCT,748S,GOV,60,I2,P,103,34,2012,2,29,1515,CLQ1,21,D,55.4300,-4.8768,55.4425,-4.8488,39E5,55,V,74SC0090,1,1,C,4.3000,-9,,2241,200,28,,4.5000,1100,68.0,21.0,186,0.7000,,50,3.5000,3.5000,100,0.1000,,,190,10,360,0.0000,,,,,,,,,,,,,,
HH,SCOWCGFS,1,GB-SCT,748S,GOV,97,I2,P,88,88,2015,2,24,0739,LBQ1,30,D,56.7630,-7.4730,56.7320,-7.4820,42E2,240,V,,1,1,R,4.6000,-9,,3482,750,28,,4.5000,1100,115.0,22.0,186,0.7000,,210,3.8000,,7,0.4000,,,300,26,100,4.0000,,,,,,,,,,,,,,
HH,SCOWCGFS,1,GB-SCT,748S,GOV,97,I2,P,89,89,2015,2,24,1238,LBQ1,30,D,56.4620,-7.4840,56.4600,-7.5370,41E2,140,V,,1,1,R,5.1000,-9,,3320,450,28,,4.5000,1100,99.0,20.0,186,0.7000,,280,3.6000,,130,0.2000,,,280,21,280,5.0000,,,,,,,,,,,,,,
HH,SCOWCGFS,1,GB-SCT,748S,GOV,97,I2,P,90,90,2015,2,24,1545,B1Q1,30,D,56.1800,-7.5610,56.1930,-7.6060,41E2,125,V,,1,1,R,5.4000,-9,,3205,395,28,,4.5000,1100,95.0,19.0,186,0.7000,,300,3.5000,,11,0.2000,,,300,21,300,5.5000,,,,,,,,,,,,,,
HH,SCOWCGFS,1,GB-SCT,748S,GOV,97,I2,P,91,91,2015,2,25,0725,B1Q1,30,D,56.2380,-7.1270,56.2330,-7.1820,41E2,90,V,74SC0076,1,1,R,5.3000,-9,,3471,300,28,,4.5000,1100,85.0,18.0,186,0.7000,,260,3.7000,,180,0.1000,,,219,6,270,2.0000,,,,,,,,,,,,,,
HH,SCOWCGFS,1,GB-SCT,748S,GOV,47,I2,P,92,92,2015,2,25,1010,B1Q1,30,D,56.1900,-6.7330,56.1850,-6.7870,41E3,65,V,74SC0077,1,1,R,5.8000,-9,,3336,225,28,,4.5000,1100,64.0,17.0,186,0.7000,,255,3.6000,,132,0.1000,,,192,10,250,1.0000,,,,,,,,,,,,,,
HH,SCOWCGFS,1,GB-SCT,748S,GOV,47,I2,P,93,93,2015,2,25,1303,PQ1,30,D,55.9320,-6.6610,55.9090,-6.6960,40E3,60,V,74SC0078,1,1,R,5.6000,-9,,3416,200,28,,4.5000,1100,65.0,17.0,186,0.7000,,224,3.7000,,168,0.1000,,,180,10,180,1.3000,,,,,,,,,,,,,,
HH,SCOWCGFS,1,GB-SCT,748S,GOV,97,I2,P,94,94,2015,2,25,1630,PQ1,30,D,55.5810,-6.8050,55.5510,-6.7920,40E3,92,V,74SC0079,1,1,R,5.3000,-9,,3425,330,28,,4.5000,1100,87.0,18.0,186,0.7000,,165,3.7000,,157,0.2000,,,218,10,10,2.0000,,,,,,,,,,,,,,
HH,SCOWCGFS,1,GB-SCT,748S,GOV,47,I2,P,95,95,2015,2,26,0730,-9,30,D,55.4160,-5.1950,55.4100,-5.2500,39E4,45,V,74SC0080,1,1,R,5.5000,-9,,3530,170,28,,4.5000,1100,62.0,17.0,186,0.7000,,260,3.8000,,357,0.1000,,,280,10,90,2.0000,,,,,,,,,,,,,,
HH,SCOWCGFS,1,GB-SCT,748S,GOV,47,I2,P,96,96,2015,2,26,1006,CLQ1,30,D,55.3140,-4.9810,55.3360,-4.9410,39E5,55,V,74SC0081,1,1,R,5.0000,-9,,3469,217,28,,4.5000,1100,66.0,20.0,186,0.7000,,37,3.7000,,24,0.4000,,,246,6,250,1.0000,,,,,,,,,,,,,,
HH,SCOWCGFS,1,GB-SCT,748S,GOV,47,I2,P,97,97,2015,2,26,1311,CLQ1,20,D,55.6280,-4.9060,55.6440,-4.9310,40E5,75,V,74SC0082,1,1,R,5.6000,-9,,2380,255,28,,4.5000,1100,64.0,20.0,186,0.7000,,310,3.9000,,93,0.2000,,,270,15,270,2.0000,,,,,,,,,,,,,,
HH,SCOWCGFS,1,GB-SCT,748S,GOV,97,I2,P,98,98,2015,2,28,0731,PQ1,30,D,55.3890,-6.4290,55.3860,-6.4860,39E3,120,V,74SC0083,1,1,R,4.7000,-9,,3583,515,28,,4.5000,1100,105.0,21.0,186,0.7000,,260,3.9000,,122,0.2000,,,230,12,40,2.0000,,,,,,,,,,,,,,
HH,SCOWCGFS,1,GB-SCT,748S,GOV,97,I2,P,99,99,2015,2,28,0937,PQ1,30,D,55.3990,-6.7550,55.3700,-6.7700,39E3,77,V,74SC0084,1,1,R,5.8000,-9,,3411,280,28,,4.5000,1100,78.0,16.0,186,0.7000,,190,3.7000,,59,0.2000,,,210,11,210,2.0000,,,,,,,,,,,,,,
HH,SCOWCGFS,1,GB-SCT,748S,GOV,47,I2,P,100,100,2015,2,28,1309,PQ1,30,D,55.5030,-7.3920,55.4760,-7.4210,40E2,58,I,,0,0,R,5.7000,-9,,3480,200,28,,4.5000,1100,66.0,17.0,186,0.7000,,215,3.8000,,187,0.1000,,,195,18,200,2.0000,,,,,,,,,,,,,,
HH,SCOWCGFS,1,GB-SCT,748S,GOV,47,I2,P,101,101,2015,2,28,1637,PQ1,30,D,55.7660,-7.3890,55.7400,-7.4220,40E2,61,V,74SC0085,1,1,R,5.7000,-9,,3566,210,28,,4.5000,1100,66.0,16.0,186,0.7000,,200,3.9000,,147,0.1000,,,180,22,,4.0000,,,,,,,,,,,,,,
HH,SCOWCGFS,1,GB-SCT,748S,GOV,97,I2,P,102,102,2015,3,1,0852,G2Q1,30,D,55.5290,-8.8490,55.5250,-8.9020,40E1,98,V,,1,1,R,5.3000,-9,,3359,300,28,,4.5000,1100,93.0,20.0,186,0.7000,,260,3.6000,,17,0.4000,,,270,15,260,5.0000,,,,,,,,,,,,,,
HH,SCOWCGFS,1,GB-SCT,748S,GOV,97,I2,P,103,103,2015,3,1,1142,G2Q1,30,D,55.4000,-8.5050,55.3920,-8.5600,39E1,100,V,,1,1,R,5.6000,-9,,3579,330,28,,4.5000,1100,93.0,19.0,186,0.7000,,260,3.9000,,308,0.2000,,,270,19,270,5.0000,,,,,,,,,,,,,,
HH,SCOWCGFS,1,GB-SCT,748S,GOV,97,I2,P,104,104,2015,3,1,1406,G2Q1,30,D,55.3860,-8.1960,55.3860,-8.2440,39E1,80,V,,1,1,R,5.7000,-9,,3047,285,28,,4.5000,1100,86.0,19.0,186,0.7000,,270,3.3000,,88,0.3000,,,270,21,270,5.0000,,,,,,,,,,,,,,
HH,SCOWCGFS,1,GB-SCT,748S,GOV,47,I2,P,105,105,2015,3,1,1647,PQ1,30,D,55.5170,-7.8180,55.5040,-7.8720,40E2,65,V,74SC0086,1,1,R,5.8000,-9,,3661,225,28,,4.5000,1100,69.0,17.0,186,0.7000,,270,4.0000,,297,0.4000,,,287,19,270,5.0000,,,,,,,,,,,,,,
HH,SCOWCGFS,4,GB-SCT,748S,GOV,97,I2,P,466,466,2015,11,24,0931,LBQ4,30,D,57.1010,-6.8470,57.1180,-6.8070,43E3,160,V,74SC0423,1,1,R,4.1000,-9,,3069,500,28,,4.5000,1100,88.0,24.0,186,0.7000,,43,3.3000,,150,0.1000,,,282,13,250,1.5000,11.6,12.0,34.70,35.01,,,,,,,,,,
HH,SCOWCGFS,4,GB-SCT,748S,GOV,47,I2,P,467,467,2015,11,24,1350,LBQ4,30,D,56.9000,-6.0080,56.9290,-5.9930,42E3,65,V,74SC0424,1,1,R,4.7000,-9,,3278,225,28,,4.5000,1100,66.0,21.0,186,0.7000,,10,3.6000,,135,0.1000,,,305,14,300,1.0000,11.0,11.8,33.75,34.69,,,,,,,,,,
HH,SCOWCGFS,4,GB-SCT,748S,GOV,47,I2,P,468,468,2015,11,25,0743,B2Q4,30,D,56.3750,-6.8110,56.3520,-6.8420,41E3,75,V,74SC0425,1,1,R,5.0000,-9,,3231,260,28,,4.5000,1100,72.0,18.0,186,0.7000,,233,3.5000,,62,0.1000,,,316,12,280,3.0000,11.2,11.5,34.59,35.00,,,,,,,,,,
HH,SCOWCGFS,4,GB-SCT,748S,GOV,97,I2,P,469,469,2015,11,25,0931,G3Q4,30,D,56.2850,-7.1040,56.2740,-7.1550,41E2,90,V,,1,1,R,5.0000,-9,,3384,290,28,,4.5000,1100,79.0,17.0,186,0.7000,,260,3.6000,,81,0.1000,,,311,11,290,3.0000,,,,,,,,,,,,,,
HH,SCOWCGFS,1,GB-SCT,748S,GOV,97,I2,P,104,104,2016,2,25,0745,G1Q1,30,D,57.7240,-9.3430,57.6930,-9.3510,44E0,180,V,74SC0085,1,1,R,4.9000,-9,,3427,600,28,,4.5000,1100,107.0,20.0,186,0.7000,,193,3.7000,,82,0.4000,,,222,8,310,2.0000,9.6,9.2,35.32,35.28,,,,,,,,,,
HH,SCOWCGFS,1,GB-SCT,748S,GOV,97,I2,P,105,105,2016,2,25,1051,G1Q1,30,D,57.3040,-9.1490,57.3090,-9.0940,43E0,144,V,74SC0086,1,1,R,5.1000,-9,,3362,460,28,,4.5000,1100,100.0,20.0,186,0.7000,,83,3.6000,,296,0.1000,,,290,2,310,2.0000,9.6,9.3,35.33,35.31,,,,,,,,,,
HH,SCOWCGFS,1,GB-SCT,748S,GOV,97,I2,P,106,106,2016,2,25,1255,G1Q1,30,D,57.2760,-8.7750,57.2870,-8.7220,43E1,140,V,74SC0087,1,1,R,5.2000,-9,,3460,450,28,,4.5000,1100,96.0,19.0,186,0.7000,,70,3.7000,,100,0.2000,,,240,6,350,3.0000,9.6,9.3,35.33,35.31,,,,,,,,,,
HH,SCOWCGFS,1,GB-SCT,748S,GOV,97,I2,P,107,107,2016,2,25,1504,G1Q1,31,D,57.2340,-8.3580,57.2270,-8.3020,43E1,135,V,74SC0088,1,1,R,4.9000,-9,,3430,450,28,,4.5000,1100,101.0,18.0,186,0.7000,,114,3.6000,,76,0.1000,,,210,4,230,2.0000,8.9,9.3,35.18,35.32,,,,,,,,,,
HH,SCOWCGFS,1,GB-SCT,748S,GOV,97,I2,P,108,108,2016,2,26,0744,G1Q1,30,D,56.8150,-8.0300,56.7860,-8.0300,42E1,125,V,74SC0089,1,1,R,5.2000,-9,,3255,400,28,,4.5000,1100,96.0,20.0,186,0.7000,,183,3.5000,,136,0.1000,,,170,10,180,2.0000,8.4,8.9,34.86,35.11,,,,,,,,,,
HH,SCOWCGFS,1,GB-SCT,748S,GOV,97,I2,P,109,109,2016,2,26,0955,R3Q1,30,D,56.7220,-8.3960,56.6960,-8.4240,42E1,138,V,74SC0090,1,1,R,5.0000,-9,,3400,450,28,,4.5000,1100,104.0,21.0,186,0.7000,,200,3.7000,,212,0.1000,,,160,12,180,3.0000,9.1,9.2,35.22,35.26,,,,,,,,,,
HH,SCOWCGFS,1,GB-SCT,748S,GOV,97,I2,P,110,110,2016,2,26,1207,R3Q1,30,D,56.5330,-8.4670,56.5220,-8.4170,42E1,170,V,74SC0091,1,1,R,4.7000,-9,,3353,540,28,,4.5000,1100,107.0,20.0,186,0.7000,,120,3.6000,,100,0.1000,,,160,11,180,4.0000,9.2,9.3,35.26,35.29,,,,,,,,,,
HH,SCOWCGFS,1,GB-SCT,748S,GOV,97,I2,P,111,111,2016,2,26,1432,LBQ1,27,D,56.4240,-8.0370,56.4010,-8.0130,41E1,171,V,74SC0092,1,1,R,4.5000,-9,,2962,540,28,,4.5000,1100,99.0,22.0,186,0.7000,,150,3.6000,,190,0.1000,,,158,6,180,4.0000,8.9,9.2,35.13,35.20,,,,,,,,,,
HH,SCOWCGFS,1,GB-SCT,748S,GOV,97,I2,P,112,112,2016,2,26,1719,B1Q1,30,D,56.1190,-8.2040,56.0930,-8.2300,41E1,115,V,74SC0093,1,1,R,5.0000,-9,,3344,370,28,,4.5000,1100,100.0,19.0,186,0.7000,,202,3.6000,,358,0.2000,,,109,14,280,4.0000,8.9,9.1,34.99,35.26,,,,,,,,,,
HH,SCOWCGFS,4,GB-SCT,748S,GOV,97,I2,P,470,470,2015,11,25,1248,G3Q4,16,D,56.1710,-7.6550,56.1820,-7.6760,41E2,105,V,,1,1,R,5.1000,-9,,1783,350,28,,4.5000,1100,93.0,18.0,186,0.7000,,310,3.6000,,45,0.2000,,,300,15,280,3.0000,,,,,,,,,,,,,,
HH,SCOWCGFS,4,GB-SCT,748S,GOV,97,I2,P,471,471,2015,11,25,1526,G3Q4,30,D,56.1160,-8.1500,56.1340,-8.1940,41E1,112,V,74SC0426,1,1,R,5.1000,-9,,3362,350,28,,4.5000,1100,96.0,19.0,186,0.7000,,301,3.6000,,122,0.3000,,,305,15,270,4.0000,11.6,11.7,35.18,35.26,,,,,,,,,,
HH,SCOWCGFS,4,GB-SCT,748S,GOV,97,I2,P,472,472,2015,11,26,0745,R2Q4,23,D,54.8920,-9.9080,54.8740,-9.9300,38E0,115,V,74SC0427,1,1,R,4.8000,-9,,2490,370,28,,4.5000,1100,97.0,20.0,186,0.7000,,220,3.6000,,305,0.2000,,,280,10,280,3.5000,11.7,11.5,33.29,35.31,,,,,,,,,,
HH,SCOWCGFS,4,GB-SCT,748S,GOV,97,I2,P,473,473,2015,11,26,0921,G4Q4,15,D,54.7600,-9.8220,54.7470,-9.8370,38E0,98,V,74SC0428,1,1,R,5.1000,-9,,1734,330,28,,4.5000,1100,95.0,18.0,186,0.7000,,216,3.8000,,190,0.1000,,,260,10,280,2.5000,12.0,12.0,35.24,35.27,,,,,,,,,,
HH,SCOWCGFS,4,GB-SCT,748S,GOV,97,I2,P,474,474,2015,11,26,1100,G4Q4,30,D,54.6300,-9.9570,54.6020,-9.9430,38E0,98,V,74SC0429,1,1,R,5.2000,-9,,3203,330,28,,4.5000,1100,92.0,18.0,186,0.7000,,174,3.5000,,140,0.2000,,,272,13,260,3.5000,12.0,12.0,35.13,35.24,,,,,,,,,,
HH,SCOWCGFS,1,GB-SCT,748S,GOV,60,I2,P,104,35,2012,3,1,0655,CLQ1,30,D,55.2748,-5.4492,55.2473,-5.4665,39E4,50,V,74SC0091,1,1,C,5.1000,-9,,3238,180,28,,4.5000,1100,63.0,17.0,186,0.7000,,185,3.5000,3.5000,270,0.5000,,,5,5,360,0.0000,,,,,,,,,,,,,,
HH,SCOWCGFS,1,GB-SCT,748S,GOV,110,I2,P,105,36,2012,3,1,1227,PQ1,30,D,55.6125,-5.9000,55.6405,-5.8833,40E4,110,V,74SC0092,1,1,C,4.3000,-9,,3262,360,28,,4.5000,1100,82.0,21.0,186,0.7000,,20,3.6000,3.6000,190,0.2000,,,5,5,360,0.0000,,,,,,,,,,,,,,
HH,SCOWCGFS,1,GB-SCT,748S,GOV,110,I2,P,106,37,2012,3,1,1555,PQ1,30,D,55.3863,-6.4477,55.3863,-6.5000,39E3,115,V,74SC0093,1,1,C,4.7000,-9,,3293,375,28,,4.5000,1100,95.0,18.0,186,0.7000,,270,3.6000,3.6000,100,0.2000,,,202,4,360,0.0000,,,,,,,,,,,,,,
HH,SCOWCGFS,1,GB-SCT,748S,GOV,110,I2,P,107,38,2012,3,1,1824,PQ1,30,D,55.5853,-6.8122,55.5555,-6.8088,40E3,82,V,74SC0094,1,1,C,4.9000,-9,,3323,270,28,,4.5000,1100,82.0,17.0,186,0.7000,,170,3.6000,3.6000,190,0.2000,,,202,5,360,0.0000,,,,,,,,,,,,,,
HH,SCOWCGFS,1,GB-SCT,748S,GOV,60,I2,P,108,39,2012,3,2,0653,PQ1,30,D,55.5402,-7.4190,55.5605,-7.4577,40E2,60,V,74SC0095,1,1,C,5.1000,-9,,3346,210,28,,4.5000,1100,67.0,17.0,186,0.7000,,315,3.6000,3.6000,340,0.1000,,,135,4,225,1.0000,,,,,,,,,,,,,,
HH,SCOWCGFS,1,GB-SCT,748S,GOV,60,I2,P,109,40,2012,3,2,0956,PQ1,30,D,55.8942,-7.1747,55.9175,-7.1417,40E2,66,V,74SC0096,1,1,C,4.9000,-9,,3329,225,28,,4.5000,1100,68.0,17.0,186,0.7000,,55,3.6000,3.6000,135,0.5000,,,135,10,135,1.0000,,,,,,,,,,,,,,
HH,SCOWCGFS,1,GB-SCT,748S,GOV,110,I2,P,110,41,2012,3,2,1151,B1Q1,30,D,55.9928,-7.2712,55.9937,-7.2180,40E2,114,V,74SC0097,1,1,C,4.9000,-9,,3280,370,28,,4.5000,1100,93.0,17.0,186,0.7000,,98,3.6000,3.6000,180,0.3000,,,135,10,135,1.0000,,,,,,,,,,,,,,
HH,SCOWCGFS,1,GB-SCT,748S,GOV,110,I2,P,111,42,2012,3,2,1522,B1Q1,30,D,55.8895,-7.8342,55.8673,-7.7988,40E2,140,V,74SC0098,1,1,C,4.6000,-9,,3350,470,28,,4.5000,1100,101.0,18.0,186,0.7000,,145,3.6000,3.6000,190,0.4000,,,135,10,135,1.0000,,,,,,,,,,,,,,
HH,SCOWCGFS,4,GB-SCT,748S,GOV,47,I2,P,463,463,2018,11,27,1322,GYQ4,30,D,54.4450,-9.4670,54.4200,-9.4950,37E0,80,V,74SC0525,1,1,R,5.1000,-9,,3322,270,28,,4.5000,1100,71.0,19.0,186,0.7000,,224,3.6000,,90,0.2000,,,240,11,240,2.0000,10.9,10.9,35.03,35.03,,,,,,,,,,
HH,SCOWCGFS,4,GB-SCT,748S,GOV,97,I2,P,464,464,2018,11,27,1639,G4Q4,30,D,54.6160,-9.9480,54.6440,-9.9650,38E0,99,V,74SC0526,1,1,R,5.1000,-9,,3380,330,28,,4.5000,1100,92.0,19.0,186,0.7000,,324,3.7000,,116,0.3000,,,210,14,270,3.0000,11.4,11.4,35.22,35.26,,,,,,,,,,
HH,SCOWCGFS,4,GB-SCT,748S,GOV,97,I2,P,465,465,2018,11,28,0749,R2Q4,16,D,55.4020,-8.2330,55.3870,-8.2260,39E1,85,V,74SC0527,1,1,R,4.9000,-9,,1745,290,28,,4.5000,1100,89.0,22.0,186,0.7000,,165,3.6000,,50,0.2000,,,130,18,190,3.0000,11.0,11.1,35.18,35.20,,,,,,,,,,
HH,SCOWCGFS,4,GB-SCT,748S,GOV,97,I2,P,466,466,2018,11,28,1001,G3Q4,15,D,55.6140,-8.3750,55.6100,-8.3490,40E1,91,V,74SC0528,1,1,R,5.0000,-9,,1694,300,28,,4.5000,1100,91.0,20.0,186,0.7000,,108,3.7000,,11,0.3000,,,35,71,160,3.0000,11.0,11.0,35.26,35.26,,,,,,,,,,
HH,SCOWCGFS,4,GB-SCT,748S,GOV,97,I2,P,467,467,2018,11,28,1219,G3Q4,30,D,55.8280,-8.3370,55.8230,-8.2880,40E1,146,V,74SC0529,1,1,R,4.9000,-9,,3172,480,28,,4.5000,1100,100.0,21.0,186,0.7000,,115,3.4000,,135,0.3000,,,142,18,130,4.0000,11.1,11.1,35.28,35.29,,,,,,,,,,
HH,SCOWCGFS,4,GB-SCT,748S,GOV,97,I2,P,468,468,2018,11,28,1532,G3Q4,30,D,55.9800,-7.7530,56.0030,-7.7200,40E2,161,V,74SC0530,1,1,R,4.3000,-9,,3385,510,28,,4.5000,1100,107.0,22.0,186,0.7000,,47,3.7000,,10,0.4000,,,200,18,170,3.5000,11.1,11.0,35.24,35.26,,,,,,,,,,
HH,SCOWCGFS,4,GB-SCT,748S,GOV,97,I2,P,360,360,2017,11,15,1529,WSQ4,30,D,59.9330,-4.1010,59.9040,-4.1190,48E5,140,V,74SC0360,1,1,R,5.2000,-9,,3535,440,28,,4.5000,1100,92.0,18.0,186,0.7000,,190,3.7000,,24,0.2000,,,195,9,195,1.0000,10.9,10.9,35.20,35.20,,,,,,,,,,
HH,SCOWCGFS,4,GB-SCT,748S,GOV,97,I2,P,361,361,2017,11,16,0738,G1Q4,30,D,58.5940,-5.6950,58.5680,-5.7260,46E4,135,V,74SC0361,1,1,R,5.4000,-9,,3531,430,28,,4.5000,1100,96.0,19.0,186,0.7000,,220,3.6000,,35,0.4000,,,271,16,270,2.0000,11.4,11.4,34.91,34.92,,,,,,,,,,
HH,SCOWCGFS,4,GB-SCT,748S,GOV,97,I2,P,362,362,2017,11,16,1010,B1Q4,21,D,58.3990,-5.5810,58.3960,-5.6220,45E4,110,V,74SC0362,1,1,R,5.4000,-9,,2520,360,28,,4.5000,1100,93.0,18.0,186,0.7000,,271,3.8000,,292,0.3000,,,290,18,290,1.5000,11.6,11.5,34.69,34.83,,,,,,,,,,
HH,SCOWCGFS,4,GB-SCT,748S,GOV,97,I2,P,363,363,2017,11,16,1230,B1Q4,30,D,58.2260,-5.5440,58.2040,-5.5900,45E4,116,V,74SC0363,1,1,R,6.5000,-9,,3934,380,28,,4.5000,1100,99.0,20.0,186,0.7000,,240,4.0000,,165,0.2000,,,270,12,270,2.0000,11.6,11.7,34.52,34.80,,,,,,,,,,
HH,SCOWCGFS,4,GB-SCT,748S,GOV,97,I2,P,364,364,2017,11,16,1518,B1Q4,30,D,58.2310,-5.9780,58.2030,-6.0040,45E4,125,V,74SC0364,1,1,R,4.9000,-9,,3613,400,28,,4.5000,1100,85.0,21.0,186,0.7000,,210,3.8000,,267,0.1000,,,290,12,290,0.5000,11.5,11.5,34.62,34.80,,,,,,,,,,
HH,SCOWCGFS,4,GB-SCT,748S,GOV,97,I2,P,365,365,2017,11,17,0744,LBQ4,30,D,56.8720,-7.1170,56.8780,-7.1720,42E2,140,V,74SC0365,1,1,R,4.3000,-9,,3589,450,28,,4.5000,1100,93.0,23.0,186,0.7000,,277,3.7000,,295,0.1000,,,287,14,287,1.0000,11.9,11.9,34.78,35.21,,,,,,,,,,
HH,SCOWCGFS,4,GB-SCT,748S,GOV,47,I2,P,421,421,2016,11,27,1239,R2Q4,19,D,55.5770,-7.4900,55.5630,-7.4620,40E2,69,V,74SC0436,1,1,R,6.2000,-9,,2304,225,28,,4.5000,1100,69.0,17.0,186,0.7000,,130,3.8000,,246,0.2000,,,140,12,130,1.5000,11.2,11.2,35.18,35.18,,,,,,,,,,
HH,SCOWCGFS,4,GB-SCT,748S,GOV,47,I2,P,422,422,2016,11,27,1506,R2Q4,30,D,55.5140,-7.0470,55.5160,-6.9930,40E2,76,V,74SC0437,1,1,R,6.2000,-9,,3396,240,28,,4.5000,1100,67.0,18.0,186,0.7000,,90,3.6000,,293,0.2000,,,122,10,122,0.5000,11.4,11.4,34.78,34.78,,,,,,,,,,
HH,SCOWCGFS,4,GB-SCT,748S,GOV,47,I2,P,423,423,2016,11,29,0958,CLQ4,31,D,55.3420,-4.9360,55.3190,-4.9730,39E5,62,V,74SC0438,1,1,R,5.9000,-9,,3537,200,28,,4.5000,1100,62.0,17.0,186,0.7000,,222,3.8000,,241,0.1000,,,265,7,265,0.2000,10.7,11.8,33.30,33.92,,,,,,,,,,
HH,SCOWCGFS,4,GB-SCT,748S,GOV,47,I2,P,424,424,2016,11,29,1201,CLQ4,30,D,55.2400,-5.1970,55.2100,-5.2120,39E4,49,V,74SC0439,1,1,R,5.9000,-9,,3540,180,28,,4.5000,1100,62.0,16.0,186,0.7000,,188,3.8000,,272,0.1000,,,240,6,240,0.5000,10.8,11.9,33.21,33.90,,,,,,,,,,
HH,SCOWCGFS,4,GB-SCT,748S,GOV,97,I2,P,475,475,2015,11,26,1332,GYQ4,30,D,54.3880,-10.0830,54.4090,-10.1180,37D9,103,V,74SC0430,1,1,R,5.2000,-9,,3305,330,28,,4.5000,1100,91.0,18.0,186,0.7000,,300,3.5000,,220,0.2000,,,252,14,290,4.0000,12.2,12.1,35.18,35.21,,,,,,,,,,
HH,SCOWCGFS,4,GB-SCT,748S,GOV,97,I2,P,476,476,2015,11,26,1613,GYQ4,30,D,54.4400,-9.5940,54.4290,-9.5470,37E0,85,V,74SC0431,1,1,R,5.1000,-9,,3320,300,28,,4.5000,1100,90.0,18.0,186,0.7000,,119,3.6000,,189,0.2000,,,240,14,280,3.0000,12.1,12.1,35.13,35.13,,,,,,,,,,
HH,SCOWCGFS,4,GB-SCT,748S,GOV,47,I2,P,477,477,2015,11,27,0757,GYQ4,29,D,54.4530,-8.9140,54.4690,-8.9570,37E1,69,V,74SC0432,1,1,R,5.1000,-9,,3247,240,28,,4.5000,1100,69.0,17.0,186,0.7000,,301,3.6000,,203,0.2000,,,211,13,290,3.0000,11.2,11.8,34.54,34.97,,,,,,,,,,
HH,SCOWCGFS,4,GB-SCT,748S,GOV,47,I2,P,478,478,2015,11,27,1028,R2Q4,15,D,54.5030,-8.4980,54.5000,-8.5230,38E1,47,V,,1,1,R,5.7000,-9,,1672,180,28,,4.5000,1100,62.0,16.0,186,0.7000,,263,3.6000,,231,0.1000,,,325,10,280,3.0000,,,,,,,,,,,,,,
HH,SCOWCGFS,4,GB-SCT,748S,GOV,47,I2,P,479,479,2015,11,27,1405,R2Q4,30,D,54.7980,-9.0640,54.8190,-9.0250,38E0,77,V,74SC0433,1,1,R,5.2000,-9,,3562,260,28,,4.5000,1100,73.0,19.0,186,0.7000,,30,3.8000,,310,0.1000,,,290,18,300,4.0000,11.8,11.8,35.06,35.07,,,,,,,,,,
HH,SCOWCGFS,4,GB-SCT,748S,GOV,47,I2,P,480,480,2015,11,28,0826,R2Q4,30,D,55.3910,-6.7490,55.3660,-6.7660,39E3,80,V,74SC0434,1,1,R,5.0000,-9,,3244,260,28,,4.5000,1100,68.0,17.0,186,0.7000,,230,3.5000,,173,0.1000,,,230,21,250,4.0000,11.3,11.4,34.93,34.95,,,,,,,,,,
HH,SCOWCGFS,4,GB-SCT,748S,GOV,97,I2,P,481,481,2015,11,28,1045,R2Q4,30,D,55.3910,-6.3920,55.3870,-6.4350,39E3,130,V,74SC0435,1,1,R,5.0000,-9,,2791,390,28,,4.5000,1100,95.0,20.0,186,0.7000,,263,3.0000,,124,0.9000,,,233,18,260,2.5000,11.4,11.4,34.60,34.77,,,,,,,,,,
HH,SCOWCGFS,4,GB-SCT,748S,GOV,97,I2,P,482,482,2015,11,28,1333,B2Q4,30,D,55.5170,-5.9560,55.5000,-5.9980,40E4,90,V,74SC0436,1,1,R,5.2000,-9,,3265,290,28,,4.5000,1100,80.0,16.0,186,0.7000,,230,3.5000,,90,0.2000,,,252,18,240,2.0000,11.5,11.6,34.21,34.21,,,,,,,,,,
HH,SCOWCGFS,4,GB-SCT,748S,GOV,47,I2,P,483,483,2015,11,29,0744,-9,30,D,55.4180,-5.1760,55.4140,-5.2230,39E4,41,V,74SC0437,1,1,R,5.5000,-9,,3027,170,28,,4.5000,1100,60.0,16.0,186,0.7000,,255,3.3000,,300,0.2000,,,230,15,230,2.0000,10.8,10.9,32.97,33.05,,,,,,,,,,
HH,SCOWCGFS,4,GB-SCT,748S,GOV,47,I2,P,484,484,2015,11,29,0951,CLQ4,30,D,55.3320,-4.9500,55.3150,-4.9840,39E5,71,V,74SC0438,1,1,R,5.0000,-9,,2957,210,28,,4.5000,1100,69.0,19.0,186,0.7000,,229,3.2000,,210,0.1000,,,230,21,240,3.0000,10.2,11.6,32.37,33.62,,,,,,,,,,
HH,SCOWCGFS,4,GB-SCT,748S,GOV,47,I2,P,485,485,2015,11,29,1249,CLQ4,30,D,55.6230,-4.8970,55.6460,-4.9340,40E5,75,V,74SC0439,1,1,R,4.7000,-9,,3475,230,28,,4.5000,1100,67.0,20.0,186,0.7000,,310,3.7000,,110,0.3000,,,280,21,300,2.0000,10.0,10.6,32.13,32.71,,,,,,,,,,
HH,SCOWCGFS,4,GB-SCT,748S,GOV,47,I2,P,486,486,2015,12,2,0751,R2Q4,30,D,55.4880,-7.4120,55.4630,-7.4380,39E2,57,I,74SC0440,0,0,R,5.6000,-9,,3243,180,28,,4.5000,1100,62.0,16.0,186,0.7000,,221,3.5000,,334,0.5000,,,270,13,260,4.0000,11.1,11.1,35.13,35.15,,,,,,,,,,
HH,SCOWCGFS,4,GB-SCT,748S,GOV,47,I2,P,487,487,2015,12,2,1040,G3Q4,30,D,55.7550,-7.4000,55.7760,-7.3660,40E2,61,V,74SC0441,1,1,R,5.4000,-9,,3230,210,28,,4.5000,1100,65.0,17.0,186,0.7000,,22,3.5000,,140,0.1000,,,294,11,290,3.0000,11.2,11.2,35.22,35.22,,,,,,,,,,
HH,SCOWCGFS,4,GB-SCT,748S,GOV,97,I2,P,488,488,2015,12,2,1300,G3Q4,30,D,55.9750,-7.2940,55.9900,-7.2470,40E2,110,V,74SC0442,1,1,R,4.9000,-9,,3391,350,28,,4.5000,1100,93.0,18.0,186,0.7000,,52,3.7000,,250,0.1000,,,270,10,270,4.0000,11.5,11.4,35.23,35.26,,,,,,,,,,
HH,SCOWCGFS,4,GB-SCT,748S,GOV,47,I2,P,489,489,2015,12,2,1458,G3Q4,30,D,55.9420,-6.9860,55.9650,-6.9530,40E3,63,V,74SC0443,1,1,R,5.3000,-9,,3241,210,28,,4.5000,1100,65.0,17.0,186,0.7000,,30,3.5000,,270,0.1000,,,260,12,270,4.0000,11.2,11.2,35.22,35.22,,,,,,,,,,
HH,SCOWCGFS,4,GB-SCT,748S,GOV,97,I2,P,490,490,2015,12,3,0801,R2Q4,30,D,55.7640,-8.7250,55.7920,-8.7120,40E1,105,V,74SC0444,1,1,R,5.4000,-9,,3239,345,28,,4.5000,1100,87.0,21.0,186,0.7000,,9,3.5000,,74,0.2000,,,233,5,,3.0000,11.2,11.2,35.28,35.28,,,,,,,,,,
HH,SCOWCGFS,4,GB-SCT,748S,GOV,97,I2,P,491,491,2015,12,3,1047,R2Q4,16,D,55.8110,-8.9980,55.8260,-8.9950,40E1,133,V,74SC0445,1,1,R,4.6000,-9,,1696,420,28,,4.5000,1100,99.0,20.0,186,0.7000,,355,3.5000,,201,0.1000,,,220,6,270,4.0000,11.0,11.0,35.27,35.30,,,,,,,,,,
HH,SCOWCGFS,4,GB-SCT,748S,GOV,97,I2,P,492,492,2015,12,3,1319,R2Q4,16,D,56.1340,-8.6770,56.1510,-8.6730,41E1,120,V,74SC0446,1,1,R,4.6000,-9,,1793,390,28,,4.5000,1100,102.0,21.0,186,0.7000,,2,3.7000,,17,0.1000,,,220,6,270,4.0000,11.4,11.3,35.24,35.26,,,,,,,,,,
HH,SCOWCGFS,4,GB-SCT,748S,GOV,97,I2,P,493,493,2015,12,3,1526,R2Q4,30,D,56.3800,-8.6060,56.4080,-8.5950,41E1,135,V,74SC0447,1,1,R,4.6000,-9,,3221,420,28,,4.5000,1100,101.0,21.0,186,0.7000,,11,3.5000,,180,0.1000,,,230,6,260,4.0000,11.4,11.3,35.20,35.25,,,,,,,,,,
HH,SCOWCGFS,4,GB-SCT,748S,GOV,97,I2,P,494,494,2015,12,4,0757,LBQ4,30,D,57.2750,-6.7350,57.3020,-6.7530,43E3,103,V,74SC0448,1,1,R,4.9000,-9,,3126,300,28,,4.5000,1100,92.0,20.0,186,0.7000,,343,3.4000,,357,0.1000,,,230,13,250,3.0000,11.0,11.4,34.65,34.81,,,,,,,,,,
HH,SCOWCGFS,4,GB-SCT,748S,GOV,97,I2,P,495,495,2015,12,4,1106,B1Q4,30,D,57.7320,-6.6710,57.7610,-6.6530,44E3,120,V,74SC0449,1,1,R,4.6000,-9,,3336,360,28,,4.5000,1100,98.0,21.0,186,0.7000,,16,3.6000,,275,0.0000,,,197,15,220,4.0000,11.1,11.1,34.63,34.65,,,,,,,,,,
HH,SCOWCGFS,4,GB-SCT,748S,GOV,47,I2,P,496,496,2015,12,4,1307,B1Q4,30,D,57.8300,-6.4050,57.8040,-6.4170,44E3,80,V,,1,1,R,5.4000,-9,,2940,270,28,,4.5000,1100,66.0,18.0,186,0.7000,,207,3.1000,,220,0.2000,,,210,21,210,3.0000,,,,,,,,,,,,,,
HH,SCOWCGFS,4,GB-SCT,748S,GOV,97,I2,P,497,497,2015,12,4,1526,B1Q4,30,D,57.9650,-6.2120,57.9430,-6.2170,44E3,97,V,,1,1,R,4.8000,-9,,2513,300,28,,4.5000,1100,85.0,21.0,186,0.7000,,202,2.8000,,198,0.3000,,,210,31,210,4.5000,,,,,,,,,,,,,,
HH,SCOWCGFS,1,GB-SCT,748S,GOV,97,I2,P,113,113,2016,2,27,0744,R3Q1,30,D,55.9810,-8.5290,55.9660,-8.5770,40E1,130,V,74SC0094,1,1,R,4.9000,-9,,3450,420,28,,4.5000,1100,101.0,19.0,186,0.7000,,238,3.7000,,118,0.1000,,,160,4,310,3.0000,9.2,9.2,35.26,35.27,,,,,,,,,,
HH,SCOWCGFS,1,GB-SCT,748S,GOV,97,I2,P,114,114,2016,2,27,0939,R3Q1,20,D,55.7850,-8.7190,55.7680,-8.7360,40E1,120,V,74SC0095,1,1,R,5.2000,-9,,2185,390,28,,4.5000,1100,98.0,21.0,186,0.7000,,211,3.5000,,315,0.1000,,,160,4,270,3.0000,9.5,9.5,35.33,35.33,,,,,,,,,,
HH,SCOWCGFS,1,GB-SCT,748S,GOV,97,I2,P,115,115,2016,2,27,1230,R3Q1,30,D,55.6450,-9.3320,55.6150,-9.3460,40E0,220,V,74SC0096,1,1,R,4.6000,-9,,3353,690,28,,4.5000,1100,110.0,20.0,186,0.7000,,190,3.6000,,275,0.1000,,,180,4,180,3.0000,9.8,9.6,35.33,35.34,,,,,,,,,,
HH,SCOWCGFS,1,GB-SCT,748S,GOV,97,I2,P,116,116,2016,2,27,1522,G2Q1,15,D,55.5520,-8.8410,55.5490,-8.8160,40E1,97,V,74SC0097,1,1,R,5.1000,-9,,1658,330,28,,4.5000,1100,90.0,18.0,186,0.7000,,106,3.5000,,64,0.1000,,,96,4,280,3.0000,9.6,9.4,35.48,35.35,,,,,,,,,,
HH,SCOWCGFS,1,GB-SCT,748S,GOV,47,I2,P,117,117,2016,2,28,0717,CLQ1,30,D,55.2730,-5.3950,55.2760,-5.3420,39E4,46,V,74SC0098,1,1,R,5.6000,-9,,3380,180,28,,4.5000,1100,61.0,16.0,186,0.7000,,86,3.6000,,178,0.1000,,,27,5,230,0.5000,6.6,7.9,31.58,33.24,,,,,,,,,,
HH,SCOWCGFS,1,GB-SCT,748S,GOV,47,I2,P,118,118,2016,2,28,0908,CLQ1,30,D,55.3660,-5.0230,55.3820,-4.9770,39E4,61,V,74SC0099,1,1,R,5.0000,-9,,3430,210,28,,4.5000,1100,67.0,19.0,186,0.7000,,63,3.7000,,223,0.2000,,,52,5,230,0.5000,6.9,8.2,31.54,33.12,,,,,,,,,,
HH,SCOWCGFS,1,GB-SCT,748S,GOV,110,I2,P,127,58,2012,3,6,1019,G1Q1,30,D,58.7948,-5.3203,58.7668,-5.3168,46E4,85,V,74SC0113,1,1,C,5.0000,-9,,3158,290,28,,4.5000,1100,89.0,18.0,186,0.7000,,180,3.4000,3.4000,90,0.1000,,,180,15,5,3.0000,,,,,,,,,,,,,,
HH,SCOWCGFS,1,GB-SCT,748S,GOV,110,I2,P,128,59,2012,3,7,0952,B2Q1,30,D,58.2217,-5.9812,58.2487,-5.9577,45E4,120,V,74SC0114,1,1,C,4.3000,-9,,3337,390,28,,4.5000,1100,87.0,21.0,186,0.7000,,30,3.6000,3.6000,315,0.2000,,,225,13,225,0.5000,,,,,,,,,,,,,,
HH,SCOWCGFS,1,GB-SCT,748S,GOV,110,I2,P,129,60,2012,3,7,1434,B2Q1,30,D,57.6173,-6.0372,57.6468,-6.0360,44E3,140,V,74SC0115,1,1,C,4.3000,-9,,3337,390,28,,4.5000,1100,87.0,22.0,186,0.7000,,360,3.6000,3.6000,270,0.1000,,,225,21,225,0.5000,,,,,,,,,,,,,,
HH,SCOWCGFS,1,GB-SCT,748S,GOV,110,I2,P,130,61,2012,3,8,0659,LBQ1,30,D,56.7397,-6.4657,56.7153,-6.4988,42E3,105,V,74SC0116,1,1,C,4.6000,-9,,3392,320,28,,4.5000,1100,97.0,19.0,186,0.7000,,219,3.6000,3.6000,60,0.3000,,,230,15,230,1.0000,,,,,,,,,,,,,,
HH,SCOWCGFS,1,GB-SCT,748S,GOV,110,I2,P,131,62,2012,3,9,0922,G1Q1,30,D,58.9397,-6.0763,58.9382,-6.1328,46E3,101,V,74SC0117,1,1,C,4.9000,-9,,3227,320,28,,4.5000,1100,101.0,18.0,186,0.7000,,270,3.5000,3.5000,90,0.2000,,,270,21,270,4.0000,,,,,,,,,,,,,,
HH,SCOWCGFS,1,GB-SCT,748S,GOV,110,I2,P,132,63,2012,3,9,1207,G1Q1,30,D,58.7703,-5.7050,58.7605,-5.7600,46E4,95,V,74SC0118,1,1,C,4.8000,-9,,3408,310,28,,4.5000,1100,92.0,19.0,186,0.7000,,270,3.6000,3.6000,130,0.2000,,,270,21,270,5.0000,,,,,,,,,,,,,,
HH,SCOWCGFS,1,GB-SCT,748S,GOV,110,I2,P,133,64,2012,3,9,1631,G1Q1,30,D,58.8475,-4.7057,58.8352,-4.7508,46E5,80,V,74SC0119,1,1,C,4.8000,-9,,2971,270,28,,4.5000,1100,84.0,19.0,186,0.7000,,240,3.2000,3.2000,260,0.1000,,,230,23,240,5.0000,,,,,,,,,,,,,,
HH,SCOWCGFS,1,GB-SCT,748S,GOV,97,I2,P,119,119,2016,2,28,1148,CLQ1,20,D,55.6040,-5.0090,55.5880,-4.9900,40E4,97,V,74SC0100,1,1,R,4.6000,-9,,2138,315,28,,4.5000,1100,85.0,23.0,186,0.7000,,133,3.5000,,292,0.2000,,,125,2,230,0.0000,7.3,8.3,30.87,33.12,,,,,,,,,,
HH,SCOWCGFS,1,GB-SCT,748S,GOV,47,I2,P,120,120,2016,3,1,0736,PQ1,21,D,55.3770,-6.7410,55.3740,-6.7060,39E3,79,V,74SC0101,1,1,R,5.9000,-9,,2227,270,28,,4.5000,1100,70.0,17.0,186,0.7000,,101,3.5000,,300,0.6000,,,270,13,300,3.0000,8.0,7.9,34.16,34.40,,,,,,,,,,
HH,SCOWCGFS,1,GB-SCT,748S,GOV,47,I2,P,121,121,2016,3,1,1043,PQ1,30,D,55.5020,-7.3810,55.4760,-7.4080,40E2,58,V,74SC0102,1,1,R,6.0000,-9,,3350,210,28,,4.5000,1100,66.0,17.0,186,0.7000,,227,3.6000,,240,0.2000,,,265,14,270,3.0000,7.8,8.0,34.32,34.46,,,,,,,,,,
HH,SCOWCGFS,1,GB-SCT,748S,GOV,47,I2,P,122,122,2016,3,1,1448,PQ1,30,D,55.2900,-8.1200,55.3140,-8.1480,39E1,58,V,74SC0103,1,1,R,5.9000,-9,,3206,200,28,,4.5000,1100,63.0,20.0,186,0.7000,,321,3.5000,,204,0.2000,,,288,21,280,4.0000,8.2,8.4,34.44,34.56,,,,,,,,,,
HH,SCOWCGFS,1,GB-SCT,748S,GOV,47,I2,P,123,123,2016,3,1,1705,PQ1,30,D,55.4660,-7.9360,55.4700,-7.9830,39E2,73,V,74SC0104,1,1,R,6.1000,-9,,3031,230,28,,4.5000,1100,64.0,18.0,186,0.7000,,278,3.3000,,10,0.2000,,,240,25,280,5.0000,8.7,8.9,34.81,35.01,,,,,,,,,,
HH,SCOWCGFS,1,GB-SCT,748S,GOV,97,I2,P,124,124,2016,3,2,0725,LBQ1,30,D,56.8510,-6.4390,56.8660,-6.4800,42E3,90,V,74SC0105,1,1,R,5.0000,-9,,3368,300,28,,4.5000,1100,86.0,19.0,186,0.7000,,273,3.6000,,242,0.1000,,,320,13,330,2.5000,7.8,8.0,34.56,34.75,,,,,,,,,,
HH,SCOWCGFS,1,GB-SCT,748S,GOV,97,I2,P,125,125,2016,3,2,1030,LBQ1,30,D,56.6890,-7.0730,56.6720,-7.1140,42E2,155,V,74SC0106,1,1,R,4.8000,-9,,3137,470,28,,4.5000,1100,106.0,20.0,186,0.7000,,248,3.4000,,74,0.1000,,,320,18,330,4.0000,8.3,8.8,34.82,35.11,,,,,,,,,,
HH,SCOWCGFS,1,GB-SCT,748S,GOV,47,I2,P,126,126,2016,3,3,0718,PQ1,20,D,54.8720,-8.9760,54.8890,-8.9850,38E1,75,I,74SC0107,0,0,R,,-9,,,,28,,4.5000,1100,,,186,0.7000,,341,,,26,0.1000,,,330,3,320,4.0000,8.8,9.2,34.93,35.22,,,,,,,,,,
HH,SCOWCGFS,1,GB-SCT,748S,GOV,97,I2,P,127,127,2016,3,3,1016,PQ1,30,D,54.6560,-8.9980,54.6320,-8.9650,38E1,90,V,74SC0108,1,1,R,5.1000,-9,,3419,300,28,,4.5000,1100,89.0,18.0,186,0.7000,,142,3.7000,,263,0.1000,,,195,11,330,4.0000,8.4,9.0,34.21,35.00,,,,,,,,,,
HH,SCOWCGFS,1,GB-SCT,748S,GOV,97,I2,P,128,128,2016,3,3,1241,G2Q1,30,D,54.5550,-9.3200,54.5370,-9.3600,38E0,92,V,74SC0109,1,1,R,5.3000,-9,,3259,300,28,,4.5000,1100,91.0,18.0,186,0.7000,,224,3.5000,,162,0.2000,,,160,13,330,3.0000,9.1,9.1,35.06,35.13,,,,,,,,,,
HH,SCOWCGFS,1,GB-SCT,748S,GOV,97,I2,P,129,129,2016,3,3,1531,G2Q1,20,D,54.7590,-9.6320,54.7780,-9.6300,38E0,100,V,,1,1,R,6.0000,-9,,2122,330,28,,4.5000,1100,90.0,18.0,186,0.7000,,347,3.4000,,332,0.2000,,,270,21,280,4.0000,,,,,,,,,,,,,,
HH,SCOWCGFS,1,GB-SCT,748S,GOV,97,I2,P,130,130,2016,3,3,1752,R3Q1,19,D,54.8530,-9.9050,54.8410,-9.9300,38E0,108,V,74SC0110,1,1,R,5.4000,-9,,2054,330,28,,4.5000,1100,92.0,18.0,186,0.7000,,243,3.6000,,246,0.1000,,,280,13,280,5.0000,9.4,9.4,35.28,35.32,,,,,,,,,,
HH,SCOWCGFS,1,GB-SCT,748S,GOV,97,I2,P,131,131,2016,3,4,0719,R3Q1,30,D,55.3070,-9.3960,55.3200,-9.3500,39E0,110,V,74SC0111,1,1,R,5.2000,-9,,3270,360,28,,4.5000,1100,97.0,19.0,186,0.7000,,57,3.5000,,126,0.0000,,,20,21,40,4.0000,9.6,9.6,35.32,35.32,,,,,,,,,,
HH,SCOWCGFS,1,GB-SCT,748S,GOV,97,I2,P,132,132,2016,3,4,0913,G2Q1,30,D,55.3320,-9.1050,55.3530,-9.0800,39E0,100,V,74SC0112,1,1,R,5.4000,-9,,3024,330,28,,4.5000,1100,92.0,19.0,186,0.7000,,25,3.3000,,85,0.2000,,,26,21,280,4.0000,9.1,9.1,35.29,35.25,,,,,,,,,,
HH,SCOWCGFS,1,GB-SCT,748S,GOV,97,I2,P,133,133,2016,3,4,1405,B1Q1,17,D,55.5520,-8.2810,55.5630,-8.2600,40E1,87,V,74SC0113,1,1,R,5.7000,-9,,1817,300,28,,4.5000,1100,86.0,19.0,186,0.7000,,41,3.5000,,349,0.2000,,,358,15,330,4.5000,9.0,9.2,35.17,35.31,,,,,,,,,,
HH,SCOWCGFS,1,GB-SCT,748S,GOV,97,I2,P,134,134,2016,3,4,1708,B1Q1,30,D,55.6730,-7.8180,55.6910,-7.8550,40E2,85,V,74SC0114,1,1,R,5.7000,-9,,3151,300,28,,4.5000,1100,98.0,19.0,186,0.7000,,330,3.4000,,327,0.1000,,,5,21,340,5.0000,9.2,9.2,35.32,35.32,,,,,,,,,,
HH,SCOWCGFS,1,GB-SCT,748S,GOV,97,I2,P,135,135,2016,3,5,0657,B1Q1,30,D,56.2800,-7.1280,56.2670,-7.1750,41E2,84,V,74SC0115,1,1,R,5.2000,-9,,3274,290,28,,4.5000,1100,85.0,19.0,186,0.7000,,250,3.5000,,160,0.1000,,,16,10,330,3.0000,7.6,8.9,34.21,35.19,,,,,,,,,,
HH,SCOWCGFS,1,GB-SCT,748S,GOV,97,I2,P,136,136,2016,3,5,0845,B1Q1,16,D,56.2520,-7.4990,56.2620,-7.5200,41E2,130,V,74SC0116,1,1,R,5.3000,-9,,1740,420,28,,4.5000,1100,95.0,18.0,186,0.7000,,331,3.5000,,276,0.1000,,,22,15,330,2.5000,8.6,8.8,35.01,35.14,,,,,,,,,,
HH,SCOWCGFS,1,GB-SCT,748S,GOV,110,I2,P,142,67,2013,3,9,1717,B2Q1,30,D,58.0285,-5.7663,58.0567,-5.7420,45E4,125,V,74SC0120,1,1,C,4.5000,-9,,3449,420,28,,4.5000,1100,92.0,24.0,186,0.7000,,31,3.8000,3.8000,23,0.4000,,,60,18,60,1.5000,,,,,,,,,,,,,,
HH,SCOWCGFS,1,GB-SCT,748S,GOV,110,I2,P,143,68,2013,3,10,0809,B2Q1,30,D,58.2132,-5.5793,58.2312,-5.5357,45E4,120,V,74SC0121,1,1,C,4.9000,-9,,3247,380,28,,4.5000,1100,98.0,21.0,186,0.7000,,58,3.5000,3.5000,356,0.3000,,,60,14,60,1.5000,,,,,,,,,,,,,,
HH,SCOWCGFS,1,GB-SCT,748S,GOV,110,I2,P,144,69,2013,3,10,1109,B2Q1,30,D,58.4963,-5.5927,58.5237,-5.6127,45E4,135,V,74SC0122,1,1,C,4.9000,-9,,3263,420,28,,4.5000,1100,101.0,20.0,186,0.7000,,1,3.5000,3.5000,196,0.3000,,,60,21,60,2.2000,,,,,,,,,,,,,,
HH,SCOWCGFS,1,GB-SCT,748S,GOV,110,I2,P,145,70,2013,3,10,1447,B2Q1,30,D,58.6687,-5.4323,58.6818,-5.3847,46E4,95,V,,1,1,C,5.1000,-9,,3125,400,28,,4.5000,1100,87.0,20.0,186,0.7000,,60,3.4000,3.4000,180,0.4000,,,60,21,60,3.5000,,,,,,,,,,,,,,
HH,SCOWCGFS,1,GB-SCT,748S,GOV,97,I2,P,123,123,2014,3,7,1018,B2Q1,15,D,58.6990,-5.2290,58.6900,-5.2490,46E4,80,V,74SC0000,1,1,R,6.1000,-9,,1597,250,28,,4.5000,1100,76.0,17.0,186,0.7000,,235,3.2000,,102,0.3000,,,240,26,240,3.0000,,,,,,,,,,,,,,
HH,SCOWCGFS,1,GB-SCT,748S,GOV,97,I2,P,124,124,2014,3,7,1844,G1Q1,30,D,58.6660,-4.2250,58.6660,-4.2820,46E5,90,V,74SC0096,1,1,R,5.1000,-9,,3354,280,28,,4.5000,1100,87.0,19.0,186,0.7000,,270,3.6000,,270,0.2000,,,260,20,270,3.0000,,,34.41,34.41,,,,,,,,,,
HH,SCOWCGFS,1,GB-SCT,748S,GOV,97,I2,P,125,125,2014,3,8,0700,G1Q1,30,D,58.8180,-4.7890,58.7940,-4.7580,46E5,85,V,74SC0097,1,1,R,5.0000,-9,,3433,290,28,,4.5000,1100,86.0,19.0,186,0.7000,,140,3.5000,,100,0.1000,,,140,17,140,2.0000,,,34.48,34.62,,,,,,,,,,
HH,SCOWCGFS,1,GB-SCT,748S,GOV,47,I2,P,126,126,2014,3,8,1023,G1Q1,30,D,58.9030,-4.0730,58.8860,-4.0290,46E5,65,V,74SC0098,1,1,R,5.5000,-9,,3167,230,28,,4.5000,1100,67.0,18.0,186,0.7000,,140,3.5000,,170,0.1000,,,160,18,180,3.5000,,,34.45,34.45,,,,,,,,,,
HH,SCOWCGFS,1,GB-SCT,748S,GOV,97,I2,P,72,72,2015,2,20,0731,WSQ1,16,D,59.6860,-4.5260,59.6750,-4.5500,48E5,105,V,74SC0061,1,1,R,5.5000,-9,,1752,345,28,,4.5000,1100,93.0,18.0,186,0.7000,,245,3.6000,,288,0.5000,,,240,15,50,4.0000,,,,,,,,,,,,,,
HH,SCOWCGFS,1,GB-SCT,748S,GOV,97,I2,P,73,73,2015,2,20,1000,R1Q1,30,D,59.8960,-4.6120,59.8860,-4.6730,48E5,135,V,74SC0062,1,1,R,5.2000,-9,,3613,445,28,,4.5000,1100,103.0,19.0,186,0.7000,,256,3.9000,,96,0.2000,,,238,13,250,4.0000,,,,,,,,,,,,,,
HH,SCOWCGFS,1,GB-SCT,748S,GOV,97,I2,P,74,74,2015,2,20,1318,R1Q1,30,D,60.0380,-4.2780,60.0240,-4.3310,49E5,155,V,74SC0063,1,1,R,5.1000,-9,,3323,495,28,,4.5000,1100,104.0,21.0,186,0.7000,,250,3.6000,,98,0.2000,,,270,15,270,1.8000,,,,,,,,,,,,,,
HH,SCOWCGFS,1,GB-SCT,748S,GOV,97,I2,P,75,75,2015,2,20,1616,R1Q1,16,D,60.0240,-4.7250,60.0160,-4.7530,49E5,220,V,74SC0064,1,1,R,5.0000,-9,,1836,690,28,,4.5000,1100,113.0,21.0,186,0.7000,,245,3.8000,,68,0.2000,,,260,15,260,1.8000,,,,,,,,,,,,,,
HH,SCOWCGFS,1,GB-SCT,748S,GOV,97,I2,P,76,76,2015,2,21,0732,WSQ1,30,D,59.4000,-5.4080,59.3990,-5.4670,47E4,114,V,74SC0065,1,1,R,5.4000,-9,,3315,275,28,,4.5000,1100,95.0,19.0,186,0.7000,,275,3.6000,,310,0.4000,,,25,15,0,4.0000,,,,,,,,,,,,,,
HH,SCOWCGFS,1,GB-SCT,748S,GOV,97,I2,P,77,77,2015,2,21,1045,R1Q1,30,D,59.6030,-5.8870,59.6220,-5.8340,48E4,136,V,74SC0066,1,1,R,3.9000,-9,,3681,450,28,,4.5000,1100,96.0,22.0,186,0.7000,,29,3.9000,,119,0.2000,,,20,14,20,4.0000,,,,,,,,,,,,,,
HH,SCOWCGFS,1,GB-SCT,748S,GOV,97,I2,P,78,78,2015,2,21,1402,WSQ1,30,D,59.4060,-6.1530,59.4310,-6.1190,47E3,150,V,74SC0067,1,1,R,5.2000,-9,,3403,480,28,,4.5000,1100,104.0,20.0,186,0.7000,,45,3.7000,,1,0.2000,,,15,15,15,1.5000,,,,,,,,,,,,,,
HH,SCOWCGFS,1,GB-SCT,748S,GOV,97,I2,P,79,79,2015,2,21,1640,R1Q1,30,D,59.4120,-6.4330,59.4390,-6.4030,47E3,175,V,74SC0068,1,1,R,5.2000,-9,,3443,540,28,,4.5000,1100,108.0,21.0,186,0.7000,,30,3.7000,,164,0.2000,,,10,10,0,4.0000,,,,,,,,,,,,,,
HH,SCOWCGFS,1,GB-SCT,748S,GOV,97,I2,P,80,80,2015,2,22,0744,G1Q1,30,D,58.6940,-7.1710,58.6630,-7.1650,46E2,100,V,74SC0069,1,1,R,5.3000,-9,,3476,330,28,,4.5000,1100,93.0,18.0,186,0.7000,,180,3.8000,,274,0.4000,,,180,18,180,3.0000,,,,,,,,,,,,,,
HH,SCOWCGFS,1,GB-SCT,748S,GOV,97,I2,P,81,81,2015,2,22,1026,G1Q1,30,D,58.7390,-7.6430,58.7130,-7.6510,46E2,200,V,,1,1,R,5.2000,-9,,2990,590,28,,4.5000,1100,107.0,20.0,186,0.7000,,180,3.3000,,36,0.2000,,,180,21,180,4.0000,,,,,,,,,,,,,,
HH,SCOWCGFS,1,GB-SCT,748S,GOV,97,I2,P,82,82,2015,2,22,1442,G1Q1,30,D,58.4380,-7.5790,58.4190,-7.6280,45E2,118,V,74SC0070,1,1,R,5.2000,-9,,3531,400,28,,4.5000,1100,99.0,20.0,186,0.7000,,240,3.8000,,337,0.5000,,,260,21,260,2.7000,,,,,,,,,,,,,,
HH,SCOWCGFS,1,GB-SCT,748S,GOV,97,I2,P,83,83,2015,2,22,1721,G1Q1,30,D,58.2770,-7.3530,58.2460,-7.3510,45E2,82,V,74SC0071,1,1,R,5.2000,-9,,3492,260,28,,4.5000,1100,85.0,18.0,186,0.7000,,195,3.8000,,118,0.2000,,,240,21,60,4.0000,,,,,,,,,,,,,,
HH,SCOWCGFS,1,GB-SCT,748S,GOV,97,I2,P,84,84,2015,2,23,0803,LBQ1,20,D,57.2770,-7.0300,57.2570,-7.0300,43E2,160,V,74SC0072,1,1,R,5.2000,-9,,2284,505,28,,4.5000,1100,108.0,21.0,186,0.7000,,181,3.7000,,200,0.4000,,,180,21,200,3.0000,,,,,,,,,,,,,,
HH,SCOWCGFS,1,GB-SCT,748S,GOV,97,I2,P,85,85,2015,2,23,1114,LBQ1,30,D,57.1300,-6.6750,57.1260,-6.7310,43E3,135,V,74SC0073,1,1,R,4.4000,-9,,3440,440,28,,4.5000,1100,101.0,24.0,186,0.7000,,250,3.7000,,151,0.1000,,,270,21,220,3.0000,,,,,,,,,,,,,,
HH,SCOWCGFS,1,GB-SCT,748S,GOV,97,I2,P,86,86,2015,2,23,1348,LBQ1,30,D,57.1130,-7.0020,57.0820,-7.0130,43E2,135,V,74SC0074,1,1,R,4.3000,-9,,3485,435,28,,4.5000,1100,97.0,24.0,186,0.7000,,195,3.8000,,185,0.1000,,,220,18,220,2.7000,,,,,,,,,,,,,,
HH,SCOWCGFS,1,GB-SCT,748S,GOV,97,I2,P,87,87,2015,2,23,1726,LBQ1,30,D,56.8470,-6.6460,56.8350,-6.6970,42E3,135,V,74SC0075,1,1,R,4.7000,-9,,3378,430,28,,4.5000,1100,90.0,22.0,186,0.7000,,250,3.7000,,265,0.1000,,,250,16,85,4.0000,,,,,,,,,,,,,,
HH,SCOWCGFS,1,GB-SCT,748S,GOV,97,I2,P,116,116,2015,3,4,1633,R3Q1,20,D,56.2980,-8.3580,56.2770,-8.3650,41E1,128,V,74SC0091,1,1,R,4.7000,-9,,2424,460,28,,4.5000,1100,108.0,20.0,186,0.7000,,200,3.9000,,239,0.3000,,,202,15,45,3.0000,,,,,,,,,,,,,,
HH,SCOWCGFS,1,GB-SCT,748S,GOV,97,I2,P,117,117,2015,3,5,0731,G1Q1,30,D,56.8800,-8.3970,56.8530,-8.4140,42E1,128,V,,1,1,R,5.1000,-9,,3196,415,28,,4.5000,1100,97.0,20.0,186,0.7000,,210,3.5000,,264,0.4000,,,190,23,10,4.0000,,,,,,,,,,,,,,
HH,SCOWCGFS,1,GB-SCT,748S,GOV,97,I2,P,118,118,2015,3,5,1040,G1Q1,30,D,57.0800,-8.4810,57.0520,-8.4840,43E1,141,V,74SC0092,1,1,R,5.7000,-9,,3143,450,28,,4.5000,1100,99.0,19.0,186,0.7000,,190,3.4000,,149,0.3000,,,270,13,220,4.0000,,,,,,,,,,,,,,
HH,SCOWCGFS,4,GB-SCT,748S,GOV,97,I2,P,431,431,2016,12,1,1413,G3Q4,30,D,56.3150,-7.6780,56.3160,-7.7380,41E2,150,V,74SC0446,1,1,R,5.3000,-9,,3654,465,28,,4.5000,1100,100.0,19.0,186,0.7000,,274,4.0000,,333,0.3000,,,340,8,310,1.5000,11.0,10.8,34.97,35.25,,,,,,,,,,
HH,SCOWCGFS,4,GB-SCT,748S,GOV,97,I2,P,432,432,2016,12,2,0806,LBQ4,30,D,56.6000,-7.3990,56.6250,-7.3600,42E2,172,V,74SC0447,1,1,R,5.0000,-9,,3578,550,28,,4.5000,1100,104.0,20.0,186,0.7000,,42,3.9000,,272,0.1000,,,250,4,250,0.1000,10.9,10.8,34.84,35.25,,,,,,,,,,
HH,SCOWCGFS,4,GB-SCT,748S,GOV,97,I2,P,433,433,2016,12,2,1009,LBQ4,30,D,56.7560,-7.3060,56.7830,-7.2760,42E2,172,V,74SC0448,1,1,R,5.1000,-9,,3535,530,28,,4.5000,1100,94.0,20.0,186,0.7000,,40,3.8000,,42,0.1000,,,266,3,266,0.1000,11.2,10.9,34.76,35.23,,,,,,,,,,
HH,SCOWCGFS,4,GB-SCT,748S,GOV,97,I2,P,434,434,2016,12,2,1158,LBQ4,30,D,56.7250,-7.0480,56.7410,-6.9940,42E2,156,V,74SC0449,1,1,R,5.8000,-9,,3733,500,28,,4.5000,1100,93.0,19.0,186,0.7000,,65,4.0000,,328,0.1000,,,180,3,300,0.2000,10.9,11.1,34.83,35.20,,,,,,,,,,
HH,SCOWCGFS,4,GB-SCT,748S,GOV,97,I2,P,435,435,2016,12,2,1446,LBQ4,30,D,56.8380,-6.6950,56.8490,-6.6380,42E3,140,V,74SC0450,1,1,R,4.7000,-9,,3672,440,28,,4.5000,1100,82.0,21.0,186,0.7000,,74,3.9000,,228,0.1000,,,350,2,300,0.2000,11.0,11.4,34.57,35.12,,,,,,,,,,
HH,SCOWCGFS,4,GB-SCT,748S,GOV,97,I2,P,436,436,2016,12,3,0817,LBQ4,15,D,57.5410,-6.8010,57.5570,-6.7990,44E3,149,V,74SC0451,1,1,R,5.0000,-9,,1806,475,28,,4.5000,1100,99.0,19.0,186,0.7000,,346,3.8000,,46,0.1000,,,210,4,212,0.1000,11.5,11.6,34.56,34.78,,,,,,,,,,
HH,SCOWCGFS,4,GB-SCT,748S,GOV,97,I2,P,437,437,2016,12,3,0946,B1Q4,30,D,57.7060,-6.6800,57.7380,-6.6670,44E3,140,V,74SC0452,1,1,R,4.9000,-9,,3646,450,28,,4.5000,1100,99.0,21.0,186,0.7000,,17,4.0000,,261,0.2000,,,208,6,208,0.1000,11.5,11.6,34.56,34.56,,,,,,,,,,
HH,SCOWCGFS,4,GB-SCT,748S,GOV,97,I2,P,438,438,2016,12,3,1250,B1Q4,30,D,57.9290,-6.2110,57.9590,-6.2300,44E3,84,V,74SC0453,1,1,R,5.4000,-9,,3481,280,28,,4.5000,1100,81.0,19.0,186,0.7000,,342,3.8000,,213,0.1000,,,170,5,180,0.2000,11.2,11.2,34.67,34.76,,,,,,,,,,
HH,SCOWCGFS,4,GB-SCT,748S,GOV,97,I2,P,439,439,2016,12,3,1525,B1Q4,30,D,58.1980,-6.0010,58.2290,-5.9800,45E3,124,V,74SC0454,1,1,R,4.7000,-9,,3673,400,28,,4.5000,1100,88.0,22.0,186,0.7000,,23,4.0000,,14,0.2000,,,218,6,218,0.2000,11.0,10.9,34.60,34.93,,,,,,,,,,
HH,SCOWCGFS,4,GB-SCT,748S,GOV,97,I2,P,440,440,2016,12,4,0820,R1Q4,30,D,58.6450,-7.5670,58.6180,-7.5320,46E2,127,V,74SC0455,1,1,R,5.4000,-9,,3652,405,28,,4.5000,1100,99.0,18.0,186,0.7000,,150,4.0000,,33,0.1000,,,205,8,207,0.5000,10.5,10.6,35.27,35.23,,,,,,,,,,
HH,SCOWCGFS,4,GB-SCT,748S,GOV,47,I2,P,441,441,2016,12,4,1104,G1Q4,30,D,58.4940,-6.9570,58.4970,-6.8950,45E3,72,V,74SC0456,1,1,R,5.7000,-9,,3649,246,28,,4.5000,1100,72.0,18.0,186,0.7000,,80,4.0000,,348,0.1000,,,205,10,180,1.0000,10.8,10.8,34.98,35.02,,,,,,,,,,
HH,SCOWCGFS,4,GB-SCT,748S,GOV,97,I2,P,442,442,2016,12,4,1304,G1Q4,30,D,58.6330,-6.8710,58.6450,-6.8130,46E3,107,V,74SC0457,1,1,R,5.2000,-9,,3676,350,28,,4.5000,1100,94.0,19.0,186,0.7000,,70,4.0000,,271,0.1000,,,220,8,200,1.0000,10.7,10.8,35.13,35.18,,,,,,,,,,
HH,SCOWCGFS,4,GB-SCT,748S,GOV,97,I2,P,443,443,2016,12,4,1540,G1Q4,30,D,58.6170,-6.2910,58.6170,-6.2280,46E3,95,V,74SC0458,1,1,R,5.8000,-9,,3675,290,28,,4.5000,1100,85.0,17.0,186,0.7000,,95,4.0000,,150,0.2000,,,216,5,211,0.3000,10.8,10.8,35.04,35.10,,,,,,,,,,
HH,SCOWCGFS,4,GB-SCT,748S,GOV,47,I2,P,444,444,2016,12,5,0811,G1Q4,30,D,58.8670,-5.0840,58.8530,-5.1390,46E4,82,V,74SC0459,1,1,R,5.7000,-9,,3555,275,28,,4.5000,1100,70.0,19.0,186,0.7000,,240,3.8000,,124,0.2000,,,110,5,110,0.1000,10.8,10.9,34.71,34.89,,,,,,,,,,
HH,SCOWCGFS,4,GB-SCT,748S,GOV,47,I2,P,445,445,2016,12,5,1111,G1Q4,26,D,58.6630,-4.6110,58.6490,-4.6570,46E5,57,V,74SC0460,1,1,R,6.1000,-9,,3128,210,28,,4.5000,1100,65.0,17.0,186,0.7000,,246,3.9000,,40,0.1000,,,131,7,90,0.3000,10.5,10.6,34.40,34.41,,,,,,,,,,
HH,SCOWCGFS,4,GB-SCT,748S,GOV,97,I2,P,446,446,2016,12,5,1356,G1Q4,30,D,58.6660,-4.2210,58.6650,-4.2840,46E5,94,V,74SC0461,1,1,R,5.9000,-9,,3632,300,28,,4.5000,1100,83.0,17.0,186,0.7000,,270,3.9000,,61,0.1000,,,170,4,90,0.2000,10.6,10.6,34.50,34.52,,,,,,,,,,
HH,SCOWCGFS,1,GB-SCT,748S,GOV,97,I2,P,124,124,2015,3,7,1655,G1Q1,30,D,59.1620,-4.1550,59.1390,-4.1120,47E5,103,V,74SC0096,1,1,R,4.9000,-9,,3557,355,28,,4.5000,1100,95.0,19.0,186,0.7000,,138,3.8000,,56,0.2000,,,200,5,,2.0000,,,,,,,,,,,,,,
HH,SCOWCGFS,1,GB-SCT,748S,GOV,97,I2,P,98,98,2018,2,21,0727,G1Q1,30,D,57.4360,-8.9150,57.4190,-8.8710,43E1,135,V,74SC0077,1,1,R,5.4000,-9,,3312,420,28,,4.5000,1100,100.0,20.0,186,0.7000,,140,3.6000,,80,0.2000,,,200,8,200,3.0000,9.0,8.9,35.29,35.28,,,,,,,,,,
HH,SCOWCGFS,1,GB-SCT,748S,GOV,97,I2,P,99,99,2018,2,21,0933,G1Q1,30,D,57.3080,-9.1130,57.3030,-9.1680,43E0,150,V,74SC0078,1,1,R,5.4000,-9,,3372,480,28,,4.5000,1100,103.0,22.0,186,0.7000,,253,3.6000,,100,0.2000,,,185,9,180,4.0000,9.5,9.4,35.32,35.31,,,,,,,,,,
HH,SCOWCGFS,1,GB-SCT,748S,GOV,97,I2,P,100,100,2018,2,21,1233,G1Q1,30,D,57.1040,-8.7420,57.0740,-8.7540,43E1,135,V,74SC0079,1,1,R,5.4000,-9,,3348,420,28,,4.5000,1100,99.0,21.0,186,0.7000,,180,3.6000,,200,0.2000,,,180,15,200,3.0000,9.2,9.2,35.29,35.30,,,,,,,,,,
HH,SCOWCGFS,1,GB-SCT,748S,GOV,97,I2,P,101,101,2018,2,21,1639,G1Q1,30,D,57.2250,-8.4070,57.2540,-8.4210,43E1,125,V,74SC0080,1,1,R,5.6000,-9,,3454,390,28,,4.5000,1100,94.0,20.0,186,0.7000,,360,3.7000,,30,0.2000,,,180,13,180,3.0000,9.3,8.9,35.31,35.28,,,,,,,,,,
HH,SCOWCGFS,1,GB-SCT,748S,GOV,97,I2,P,102,102,2018,2,22,0725,R3Q1,30,D,55.8070,-9.0080,55.8390,-9.0070,40E0,135,V,74SC0081,1,1,R,5.3000,-9,,3501,430,28,,4.5000,1100,97.0,21.0,186,0.7000,,355,3.8000,,150,0.1000,,,180,21,180,4.0000,9.5,9.5,35.33,35.33,,,,,,,,,,
HH,SCOWCGFS,1,GB-SCT,748S,GOV,97,I2,P,103,103,2018,2,22,0948,R3Q1,30,D,56.1100,-9.0210,56.1400,-9.0250,41E0,150,V,74SC0082,1,1,R,5.4000,-9,,3425,480,28,,4.5000,1100,104.0,22.0,186,0.7000,,355,3.7000,,330,0.1000,,,180,21,180,4.0000,9.7,9.4,35.34,35.30,,,,,,,,,,
HH,SCOWCGFS,4,GB-SCT,748S,GOV,97,I2,P,438,438,2013,11,22,0721,R1Q4,30,D,57.7160,-9.5030,57.7460,-9.5040,44E0,330,V,,1,1,R,4.8000,-9,,3369,990,28,,4.5000,1100,110.0,19.0,186,0.7000,,36,3.7000,,135,0.1000,,,315,20,315,0.2000,,,,,,,,,,,,,,
HH,SCOWCGFS,4,GB-SCT,748S,GOV,97,I2,P,428,428,2013,11,17,1625,B1Q4,30,D,57.7250,-6.6700,57.6990,-6.6950,44E3,120,V,,1,1,R,5.0000,-9,,3289,420,28,,4.5000,1100,91.0,20.0,186,0.7000,,200,3.6000,,0,0.0000,,,230,27,210,0.5000,,,,,,,,,,,,,,
HH,SCOWCGFS,4,GB-SCT,748S,GOV,97,I2,P,441,441,2013,11,22,1916,G1Q4,30,D,57.9480,-7.8280,57.9720,-7.7890,44E2,85,V,,1,1,R,5.5000,-9,,3456,270,28,,4.5000,1100,86.0,18.0,186,0.7000,,40,3.7000,,76,0.0000,,,330,4,330,0.5000,,,,,,,,,,,,,,
HH,SCOWCGFS,4,GB-SCT,748S,GOV,97,I2,P,440,440,2013,11,22,1501,R1Q4,30,D,57.9830,-8.8580,58.0080,-8.8210,44E1,160,V,,1,1,R,5.3000,-9,,3503,510,28,,4.5000,1100,101.0,18.0,186,0.7000,,35,3.8000,,325,0.0000,,,303,8,300,0.5000,,,,,,,,,,,,,,
HH,SCOWCGFS,4,GB-SCT,748S,GOV,97,I2,P,430,430,2013,11,18,1241,B1Q4,30,D,58.0440,-5.7510,58.0180,-5.7780,45E4,120,V,,1,1,R,5.3000,-9,,3304,390,28,,4.5000,1100,88.0,25.0,186,0.7000,,215,3.6000,,351,0.1000,,,277,10,260,0.6000,,,,,,,,,,,,,,
HH,SCOWCGFS,4,GB-SCT,748S,GOV,97,I2,P,427,427,2013,11,17,1227,B1Q4,30,D,58.0870,-6.1680,58.0610,-6.1920,45E3,115,V,,1,1,R,4.0000,-9,,3207,375,28,,4.5000,1100,85.0,19.0,186,0.7000,,210,3.5000,,225,0.1000,,,225,25,220,0.5000,,,,,,,,,,,,,,
HH,SCOWCGFS,4,GB-SCT,748S,GOV,97,I2,P,439,439,2013,11,22,1159,R1Q4,30,D,58.1940,-9.0320,58.2140,-8.9870,45E0,251,V,,1,1,R,4.9000,-9,,3475,810,28,,4.5000,1100,111.0,19.0,186,0.7000,,40,3.7000,,125,0.1000,,,335,5,330,1.0000,,,,,,,,,,,,,,
HH,SCOWCGFS,4,GB-SCT,748S,GOV,47,I2,P,442,442,2013,11,23,0718,G1Q4,30,D,58.4940,-6.9710,58.4990,-6.9140,45E3,72,V,,1,1,R,5.7000,-9,,3439,255,28,,4.5000,1100,74.0,18.0,186,0.7000,,65,3.7000,,180,0.0000,,,310,10,315,0.5000,,,,,,,,,,,,,,
HH,SCOWCGFS,4,GB-SCT,748S,GOV,97,I2,P,443,443,2013,11,23,0949,G1Q4,30,D,58.5970,-6.7240,58.5970,-6.7810,46E3,100,V,,1,1,R,5.0000,-9,,3290,330,28,,4.5000,1100,92.0,18.0,186,0.7000,,270,3.6000,,125,0.1000,,,306,10,300,0.5000,,,,,,,,,,,,,,
HH,SCOWCGFS,4,GB-SCT,748S,GOV,97,I2,P,426,426,2013,11,17,0722,G1Q4,30,D,58.6470,-6.1890,58.6500,-6.2470,46E3,115,V,,1,1,R,,-9,,3365,375,28,,4.5000,1100,91.0,19.0,186,0.7000,,270,3.6000,,235,0.3000,,,218,20,225,1.5000,,,,,,,,,,,,,,
HH,SCOWCGFS,4,GB-SCT,748S,GOV,97,I2,P,444,444,2013,11,23,1236,G1Q4,30,D,58.8160,-6.8850,58.8350,-6.8340,46E3,157,V,,1,1,R,5.2000,-9,,3625,500,28,,4.5000,1100,99.0,18.0,186,0.7000,,50,3.9000,,250,0.1000,,,321,10,315,0.5000,,,,,,,,,,,,,,
HH,SCOWCGFS,4,GB-SCT,748S,GOV,97,I2,P,445,445,2013,11,23,1623,R1Q4,30,D,58.9580,-7.4640,58.9820,-7.4270,46E2,210,V,,1,1,R,4.9000,-9,,3486,650,28,,4.5000,1100,111.0,20.0,186,0.7000,,32,3.8000,,100,0.0000,,,335,11,315,0.5000,,,,,,,,,,,,,,
HH,SCOWCGFS,4,GB-SCT,748S,GOV,97,I2,P,446,446,2013,11,24,0720,G1Q4,30,D,59.0030,-6.6240,58.9740,-6.6370,47E3,150,V,,1,1,R,4.9000,-9,,3363,480,28,,4.5000,1100,102.0,19.0,186,0.7000,,200,3.6000,,35,0.1000,,,55,4,40,0.8000,,,,,,,,,,,,,,
HH,SCOWCGFS,4,GB-SCT,748S,GOV,97,I2,P,447,447,2013,11,24,1002,WSQ4,30,D,59.1520,-6.4110,59.1490,-6.3510,47E3,125,V,,1,1,R,5.0000,-9,,3454,405,28,,4.5000,1100,101.0,18.0,186,0.7000,,100,3.7000,,315,0.1000,,,70,5,340,0.7000,10.7,,35.22,,,,,,,,,,,
HH,SCOWCGFS,4,GB-SCT,748S,GOV,97,I2,P,450,450,2013,11,24,1859,WSQ4,30,D,59.3320,-5.7870,59.3270,-5.7250,47E4,115,V,,1,1,R,5.2000,-9,,3603,360,28,,4.5000,1100,96.0,18.0,186,0.7000,,100,3.9000,,132,0.0000,,,220,3,220,0.3000,10.8,,35.19,,,,,,,,,,,
HH,SCOWCGFS,4,GB-SCT,748S,GOV,97,I2,P,431,431,2013,11,19,0719,WSQ4,30,D,59.4850,-4.4150,59.5110,-4.4210,47E5,106,V,,1,1,R,5.3000,-9,,3025,360,28,,4.5000,1100,91.0,19.0,186,0.7000,,340,3.4000,,325,0.4000,,,315,22,315,2.0000,,,,,,,,,,,,,,
HH,SCOWCGFS,4,GB-SCT,748S,GOV,97,I2,P,448,448,2013,11,24,1334,R1Q4,30,D,59.4970,-6.4050,59.5140,-6.3550,47E3,230,I,,0,0,R,4.8000,-9,,3453,720,28,,4.5000,1100,,21.0,186,0.7000,,45,3.8000,,160,0.1000,,,12,0,20,0.8000,10.6,,35.33,,,,,,,,,,,
HH,SCOWCGFS,4,GB-SCT,748S,GOV,97,I2,P,449,449,2013,11,24,1623,R1Q4,30,D,59.5270,-5.9510,59.5430,-5.9060,48E4,125,V,,1,1,R,5.2000,-9,,3091,450,28,,4.5000,1100,101.0,19.0,186,0.7000,,45,3.4000,,200,0.4000,,,350,2,315,0.8000,10.7,,35.23,,,,,,,,,,,
HH,SCOWCGFS,4,GB-SCT,748S,GOV,97,I2,P,432,432,2013,11,19,1015,WSQ4,30,D,59.7110,-4.2080,59.7400,-4.2050,48E5,100,V,,1,1,R,5.4000,-9,,3173,330,28,,4.5000,1100,90.0,19.0,186,0.7000,,360,3.4000,,305,0.3000,,,295,10,305,1.5000,,,,,,,,,,,,,,
HH,SCOWCGFS,4,GB-SCT,748S,GOV,97,I2,P,451,451,2013,11,25,0715,R1Q4,30,D,59.7620,-4.7870,59.7440,-4.8350,48E5,130,V,,1,1,R,5.3000,-9,,3420,420,28,,4.5000,1100,97.0,18.0,186,0.7000,,234,3.7000,,70,0.1000,,,260,10,270,0.7000,10.7,,35.19,,,,,,,,,,,
HH,SCOWCGFS,4,GB-SCT,748S,GOV,97,I2,P,433,433,2013,11,19,1432,R1Q4,30,D,60.0320,-4.7080,60.0180,-4.7560,49E5,154,V,,1,1,R,5.4000,-9,,3079,510,28,,4.5000,1100,97.0,19.0,186,0.7000,,234,3.4000,,170,0.4000,,,216,40,230,1.5000,,,,,,,,,,,,,,
HH,SCOWCGFS,1,GB-SCT,748S,GOV,97,I2,P,104,104,2018,2,22,1418,R3Q1,33,D,56.7540,-9.0010,56.7860,-9.0230,42E0,162,V,74SC0083,1,1,R,5.7000,-9,,3807,540,28,,4.5000,1100,104.0,22.0,186,0.7000,,337,3.8000,,45,0.7000,,,180,21,180,5.0000,9.7,9.4,35.33,35.31,,,,,,,,,,
HH,SCOWCGFS,1,GB-SCT,748S,GOV,97,I2,P,125,125,2019,3,3,1435,CLQ1,25,D,55.6830,-5.3910,55.6600,-5.4100,40E4,98,V,74SC0101,1,1,R,5.0000,-9,,2818,290,28,,4.5000,1100,91.0,19.0,186,0.7000,,197,3.7000,,267,0.2000,,,218,9,190,0.5000,8.2,8.3,32.60,33.31,,,,,,,,,,
HH,SCOWCGFS,1,GB-SCT,748S,GOV,47,I2,P,126,126,2019,3,3,1803,CLQ1,30,D,55.2780,-5.3170,55.2740,-5.3720,39E4,49,V,74SC0102,1,1,R,6.0000,-9,,3530,180,28,,4.5000,1100,59.0,16.0,186,0.7000,,260,3.8000,,79,0.3000,,,316,4,316,0.2000,8.1,8.4,32.86,33.63,,,,,,,,,,
HH,SCOWCGFS,1,GB-SCT,748S,GOV,47,I2,P,127,127,2019,3,4,0725,CLQ1,30,D,55.3340,-4.9450,55.3120,-4.9830,39E5,68,V,74SC0103,1,1,R,5.1000,-9,,3445,220,28,,4.5000,1100,67.0,17.0,186,0.7000,,233,3.7000,,49,0.2000,,,271,12,270,0.5000,7.9,8.2,33.04,33.29,,,,,,,,,,
HH,SCOWCGFS,1,GB-SCT,748S,GOV,97,I2,P,128,128,2019,3,4,1203,B2Q1,22,D,55.1460,-5.8620,55.1270,-5.8630,39E4,134,I,,0,0,R,5.9000,-9,,2200,430,28,,4.5000,1100,103.0,20.0,186,0.7000,,168,3.3000,,331,1.0000,,,241,9,160,0.5000,,,,,,,,,,,,,,
HH,SCOWCGFS,1,GB-SCT,748S,GOV,97,I2,P,129,129,2019,3,4,1645,PQ1,27,D,55.6480,-6.4650,55.6220,-6.4760,40E3,78,V,74SC0104,1,1,R,5.4000,-9,,3026,270,28,,4.5000,1100,81.0,20.0,186,0.7000,,209,3.6000,,77,0.3000,,,225,8,228,1.0000,8.5,8.5,34.18,34.19,,,,,,,,,,
HH,SCOWCGFS,1,GB-SCT,748S,GOV,97,I2,P,130,130,2019,3,5,0732,PQ1,30,D,56.2040,-5.9770,56.2160,-5.9270,41E4,93,V,74SC0105,1,1,R,4.4000,-9,,3393,310,28,,4.5000,1100,76.0,22.0,186,0.7000,,65,3.6000,,172,0.2000,,,15,74,145,0.5000,8.2,8.3,33.89,33.98,,,,,,,,,,
HH,SCOWCGFS,1,GB-SCT,748S,GOV,47,I2,P,131,131,2019,3,5,1257,PQ1,30,D,56.0020,-6.4930,55.9770,-6.5240,41E3,54,V,74SC0106,1,1,R,6.2000,-9,,3398,195,28,,4.5000,1100,58.0,15.0,186,0.7000,,212,3.7000,,330,0.4000,,,90,3,210,1.0000,8.4,8.4,34.20,34.31,,,,,,,,,,
HH,SCOWCGFS,1,GB-SCT,748S,GOV,47,I2,P,132,132,2019,3,5,1546,PQ1,20,D,55.9580,-6.9630,55.9430,-6.9890,40E3,64,V,74SC0107,1,1,R,5.5000,-9,,2354,215,28,,4.5000,1100,65.0,18.0,186,0.7000,,215,3.8000,,30,0.9000,,,150,3,150,1.0000,8.4,9.2,34.31,35.20,,,,,,,,,,
HH,SCOWCGFS,1,GB-SCT,748S,GOV,47,I2,P,133,133,2019,3,5,1808,PQ1,30,D,55.7610,-7.0130,55.7360,-6.9820,40E2,51,V,74SC0108,1,1,R,5.5000,-9,,3398,190,28,,4.5000,1100,61.0,17.0,186,0.7000,,170,3.6000,,90,0.7000,,,90,5,90,1.0000,8.4,8.7,34.32,34.71,,,,,,,,,,
HH,SCOWCGFS,1,GB-SCT,748S,GOV,97,I2,P,134,134,2019,3,6,0736,B2Q1,30,D,55.6680,-7.9750,55.6590,-7.9270,40E2,88,V,74SC0109,1,1,R,5.3000,-9,,3207,310,28,,4.5000,1100,88.0,19.0,186,0.7000,,90,3.4000,,280,0.3000,,,40,21,40,1.5000,9.6,9.7,35.22,35.24,,,,,,,,,,
HH,SCOWCGFS,4,GB-SCT,748S,GOV,97,I2,P,445,445,2015,11,19,0800,G1Q4,30,D,59.1290,-4.0770,59.1420,-4.1270,47E5,90,V,74SC0403,1,1,R,5.3000,-9,,3237,300,28,,4.5000,1100,87.0,18.0,186,0.7000,,300,3.5000,,146,0.1000,,,288,2,340,2.0000,11.3,11.4,35.09,35.13,,,,,,,,,,
HH,SCOWCGFS,4,GB-SCT,748S,GOV,97,I2,P,446,446,2015,11,19,1112,WSQ4,30,D,59.5120,-4.4090,59.5410,-4.3910,48E5,102,V,74SC0404,1,1,R,5.0000,-9,,3364,330,28,,4.5000,1100,91.0,18.0,186,0.7000,,10,3.6000,,237,0.1000,,,16,5,340,2.0000,11.2,11.2,35.19,35.20,,,,,,,,,,
HH,SCOWCGFS,4,GB-SCT,748S,GOV,97,I2,P,447,447,2015,11,19,1332,WSQ4,15,D,59.6980,-4.2050,59.7130,-4.2060,48E5,97,V,74SC0405,1,1,R,5.2000,-9,,1619,330,28,,4.5000,1100,90.0,18.0,186,0.7000,,350,3.5000,,200,0.1000,,,330,10,10,3.0000,11.1,11.1,35.22,35.23,,,,,,,,,,
HH,SCOWCGFS,4,GB-SCT,748S,GOV,97,I2,P,448,448,2015,11,20,0744,WSQ4,30,D,59.5180,-5.8210,59.5090,-5.8770,48E4,126,V,74SC0406,1,1,R,4.7000,-9,,3393,390,28,,4.5000,1100,98.0,19.0,186,0.7000,,270,3.6000,,22,0.1000,,,350,11,350,2.0000,11.2,11.1,35.23,35.25,,,,,,,,,,
HH,SCOWCGFS,4,GB-SCT,748S,GOV,97,I2,P,449,449,2015,11,20,1007,R1Q4,30,D,59.4220,-6.4040,59.4010,-6.4460,47E3,169,V,74SC0407,1,1,R,4.7000,-9,,3331,540,28,,4.5000,1100,104.0,20.0,186,0.7000,,228,3.6000,,294,0.1000,,,330,12,340,2.5000,11.0,10.7,35.25,35.40,,,,,,,,,,
HH,SCOWCGFS,4,GB-SCT,748S,GOV,97,I2,P,450,450,2015,11,20,1304,WSQ4,30,D,59.1130,-6.6430,59.0830,-6.6440,47E3,140,V,74SC0408,1,1,R,4.5000,-9,,3317,450,28,,4.5000,1100,104.0,21.0,186,0.7000,,190,3.6000,,270,0.1000,,,330,9,340,3.0000,11.0,10.8,35.25,35.29,,,,,,,,,,
HH,SCOWCGFS,4,GB-SCT,748S,GOV,97,I2,P,451,451,2015,11,20,1526,R1Q4,30,D,59.1160,-7.0230,59.1330,-7.0640,47E2,190,V,74SC0409,1,1,R,4.6000,-9,,3216,600,28,,4.5000,1100,109.0,21.0,186,0.7000,,316,3.5000,,135,0.2000,,,60,18,350,3.5000,10.7,10.7,35.22,35.37,,,,,,,,,,
HH,SCOWCGFS,4,GB-SCT,748S,GOV,97,I2,P,452,452,2015,11,21,0745,G1Q4,30,D,58.9220,-7.1270,58.9470,-7.1550,46E2,173,V,74SC0410,1,1,R,4.8000,-9,,3278,540,28,,4.5000,1100,100.0,19.0,186,0.7000,,324,3.5000,,240,0.2000,,,327,9,340,2.5000,10.8,10.8,35.27,35.36,,,,,,,,,,
HH,SCOWCGFS,4,GB-SCT,748S,GOV,97,I2,P,453,453,2015,11,21,1002,G1Q4,16,D,58.7210,-7.2440,58.7210,-7.2740,46E2,102,V,74SC0411,1,1,R,5.2000,-9,,1725,320,28,,4.5000,1100,91.0,18.0,186,0.7000,,266,3.5000,,116,0.0000,,,222,6,350,2.0000,11.0,11.0,35.15,35.25,,,,,,,,,,
HH,SCOWCGFS,4,GB-SCT,748S,GOV,97,I2,P,454,454,2015,11,21,1223,G1Q4,15,D,58.4790,-7.4790,58.4680,-7.5000,45E2,120,V,74SC0412,1,1,R,4.6000,-9,,1691,390,28,,4.5000,1100,100.0,20.0,186,0.7000,,240,3.7000,,260,0.1000,,,290,9,330,3.0000,11.1,11.0,35.26,35.27,,,,,,,,,,
HH,SCOWCGFS,4,GB-SCT,748S,GOV,97,I2,P,455,455,2015,11,21,1500,R1Q4,30,D,58.5990,-7.9530,58.5790,-7.9930,46E2,205,V,74SC0413,1,1,R,4.5000,-9,,3274,640,28,,4.5000,1100,111.0,21.0,186,0.7000,,240,3.5000,,10,0.1000,,,311,10,330,3.0000,10.8,10.8,35.28,35.42,,,,,,,,,,
HH,SCOWCGFS,1,GB-SCT,748S,GOV,97,I2,P,127,127,2017,3,3,0710,G2Q1,22,D,55.8470,-8.5190,55.8600,-8.4850,40E1,125,V,74SC0100,1,1,R,5.3000,-9,,2551,405,28,,4.5000,1100,96.0,19.0,186,0.7000,,55,3.7000,,229,0.2000,,,85,5,90,0.2000,9.9,9.9,35.39,35.38,,,,,,,,,,
HH,SCOWCGFS,1,GB-SCT,748S,GOV,97,I2,P,128,128,2017,3,3,0922,R3Q1,29,D,55.9070,-8.8100,55.8900,-8.8540,40E1,134,V,74SC0101,1,1,R,5.3000,-9,,3375,425,28,,4.5000,1100,99.0,20.0,186,0.7000,,240,3.8000,,23,0.1000,,,45,6,40,0.2000,10.1,10.1,35.39,35.39,,,,,,,,,,
HH,SCOWCGFS,1,GB-SCT,748S,GOV,97,I2,P,121,121,2017,2,27,1227,B2Q1,30,D,55.9900,-8.1350,55.9750,-8.1820,40E1,155,V,74SC0096,1,1,R,5.3000,-9,,3358,490,28,,4.5000,1100,101.0,21.0,186,0.7000,,235,3.6000,,342,0.2000,,,190,5,230,1.5000,9.4,9.5,35.29,35.31,,,,,,,,,,
HH,SCOWCGFS,1,GB-SCT,748S,GOV,97,I2,P,129,129,2017,3,3,1207,R3Q1,30,D,56.1210,-8.8520,56.1520,-8.8540,41E1,131,I,74SC0000,0,0,R,5.0000,-9,,3467,425,28,,4.5000,1100,100.0,20.0,186,0.7000,,5,3.8000,,296,0.1000,,,58,8,60,0.3000,,,,,,,,,,,,,,
HH,SCOWCGFS,4,GB-SCT,748S,GOV,97,I2,P,452,452,2018,11,22,1202,R2Q4,23,D,56.5070,-8.0750,56.4870,-8.0590,42E1,160,V,74SC0517,1,1,R,4.5000,-9,,2399,480,28,,4.5000,1100,100.0,20.0,186,0.7000,,148,3.5000,,305,0.4000,,,113,10,135,2.0000,11.2,11.3,35.08,35.16,,,,,,,,,,
HH,SCOWCGFS,1,GB-SCT,748S,GOV,47,I2,P,111,111,2017,2,23,1528,PQ1,30,D,56.1250,-6.3510,56.1390,-6.3020,41E3,72,V,74SC0086,1,1,R,5.6000,-9,,3376,210,28,,4.5000,1100,71.0,19.0,186,0.7000,,51,3.7000,,165,0.2000,,,310,14,307,0.5000,8.2,8.3,34.54,34.62,,,,,,,,,,
HH,SCOWCGFS,1,GB-SCT,748S,GOV,47,I2,P,112,112,2017,2,23,1742,PQ1,30,D,56.1340,-6.0350,56.1560,-6.0730,41E3,57,V,74SC0087,1,1,R,6.0000,-9,,3448,200,28,,4.5000,1100,60.0,17.0,186,0.7000,,310,3.7000,,116,0.1000,,,310,11,311,0.5000,8.1,8.3,34.30,34.46,,,,,,,,,,
HH,SCOWCGFS,1,GB-SCT,748S,GOV,97,I2,P,130,130,2017,3,3,1412,R3Q1,30,D,56.1520,-8.8060,56.1830,-8.8040,41E1,127,V,74SC0000,1,1,R,4.9000,-9,,3477,400,28,,4.5000,1100,100.0,21.0,186,0.7000,,10,3.8000,,268,0.1000,,,60,10,65,0.5000,,,,,,,,,,,,,,
HH,SCOWCGFS,1,GB-SCT,748S,GOV,97,I2,P,110,110,2017,2,23,1134,B2Q1,30,D,56.2440,-7.2070,56.2360,-7.1540,41E2,95,V,74SC0085,1,1,R,5.9000,-9,,3465,310,28,,4.5000,1100,85.0,18.0,186,0.7000,,100,3.7000,,347,0.1000,,,320,15,320,0.5000,8.4,9.0,34.88,35.17,,,,,,,,,,
HH,SCOWCGFS,1,GB-SCT,748S,GOV,97,I2,P,132,132,2017,3,3,1850,B2Q1,30,D,56.2990,-8.1000,56.3150,-8.0520,41E1,177,V,74SC0000,1,1,R,4.5000,-9,,3463,575,28,,4.5000,1100,112.0,20.0,186,0.7000,,60,3.7000,,155,0.1000,,,30,13,30,0.5000,,,,,,,,,,,,,,
HH,SCOWCGFS,1,GB-SCT,748S,GOV,97,I2,P,131,131,2017,3,3,1601,R3Q1,16,D,56.3120,-8.6440,56.3240,-8.6220,41E1,131,V,74SC0102,1,1,R,5.1000,-9,,1870,400,28,,4.5000,1100,97.0,19.0,186,0.7000,,50,3.8000,,99,0.1000,,,30,9,30,0.5000,9.4,9.5,35.30,35.31,,,,,,,,,,
HH,SCOWCGFS,1,GB-SCT,748S,GOV,97,I2,P,104,104,2017,2,21,1748,LBQ1,30,D,56.4440,-7.9350,56.4360,-7.9850,41E2,176,V,74SC0079,1,1,R,4.7000,-9,,3255,535,28,,4.5000,1100,110.0,23.0,186,0.7000,,240,3.5000,,288,0.3000,,,240,18,240,1.5000,9.0,9.3,35.11,35.22,,,,,,,,,,
HH,SCOWCGFS,1,GB-SCT,748S,GOV,97,I2,P,109,109,2017,2,23,0732,LBQ1,30,D,56.5660,-7.2680,56.5820,-7.2220,42E2,136,V,74SC0084,1,1,R,5.6000,-9,,3338,410,28,,4.5000,1100,90.0,19.0,186,0.7000,,50,3.6000,,102,0.2000,,,10,15,10,0.5000,9.4,9.5,35.26,35.31,,,,,,,,,,
HH,SCOWCGFS,1,GB-SCT,748S,GOV,97,I2,P,103,103,2017,2,21,1502,R3Q1,30,D,56.6800,-8.2190,56.6640,-8.2630,42E1,140,V,,1,1,R,5.4000,-9,,3185,440,28,,4.5000,1100,98.0,21.0,186,0.7000,,235,3.5000,,131,0.3000,,,220,13,220,1.0000,,,,,,,,,,,,,,
HH,SCOWCGFS,1,GB-SCT,748S,GOV,97,I2,P,108,108,2017,2,22,1757,LBQ1,30,D,56.7250,-6.4870,56.7020,-6.5220,42E3,97,V,74SC0083,1,1,R,5.7000,-9,,3398,290,28,,4.5000,1100,85.0,18.0,186,0.7000,,230,3.6000,,280,0.1000,,,286,8,286,0.2000,8.7,8.7,35.07,35.11,,,,,,,,,,
HH,SCOWCGFS,1,GB-SCT,748S,GOV,47,I2,P,107,107,2017,2,22,1449,LBQ1,30,D,56.9260,-5.9940,56.8960,-6.0110,42E4,67,V,74SC0082,1,1,R,6.0000,-9,,3484,225,28,,4.5000,1100,66.0,18.0,186,0.7000,,195,3.8000,,216,0.1000,,,286,13,285,0.2000,8.2,8.2,34.51,34.64,,,,,,,,,,
HH,SCOWCGFS,1,GB-SCT,748S,GOV,97,I2,P,102,102,2017,2,21,1132,G1Q1,30,D,56.9400,-8.5320,56.9290,-8.5800,42E1,135,V,74SC0078,1,1,R,5.5000,-9,,3215,435,28,,4.5000,1100,98.0,21.0,186,0.7000,,240,3.4000,,349,0.3000,,,240,15,240,1.0000,10.1,9.9,35.37,35.36,,,,,,,,,,
HH,SCOWCGFS,4,GB-SCT,748S,GOV,97,I2,P,453,453,2018,11,23,0758,B2Q4,7,D,56.2080,-5.9440,56.2070,-5.9570,41E4,104,I,,0,0,R,4.0000,-9,,803,330,28,,4.5000,1100,78.0,24.0,186,0.7000,,263,3.4000,,170,0.1000,,,75,8,250,0.5000,,,,,,,,,,,,,,
HH,SCOWCGFS,4,GB-SCT,748S,GOV,47,I2,P,454,454,2018,11,23,0853,B2Q4,30,D,56.2100,-5.9490,56.2030,-5.9990,41E4,98,V,74SC0518,1,1,R,4.3000,-9,,3297,325,28,,4.5000,1100,68.0,23.0,186,0.7000,,263,3.5000,,180,0.1000,,,73,8,250,0.5000,11.4,11.4,34.17,34.22,,,,,,,,,,
HH,SCOWCGFS,4,GB-SCT,748S,GOV,47,I2,P,455,455,2018,11,23,1326,B2Q4,30,D,56.0360,-6.1210,56.0110,-6.1450,41E3,42,V,74SC0519,1,1,R,5.0000,-9,,3203,150,28,,4.5000,1100,54.0,18.0,186,0.7000,,203,3.5000,,315,0.2000,,,82,9,90,1.0000,10.8,10.6,34.36,34.34,,,,,,,,,,
HH,SCOWCGFS,4,GB-SCT,748S,GOV,97,I2,P,456,456,2018,11,25,1240,CLQ4,30,D,55.7020,-5.1460,55.6850,-5.1040,40E4,170,V,74SC0520,1,1,R,4.0000,-9,,3199,495,28,,4.5000,1100,91.0,25.0,186,0.7000,,122,3.5000,,80,0.4000,,,63,6,180,0.1000,10.4,11.7,31.99,33.69,,,,,,,,,,
HH,SCOWCGFS,4,GB-SCT,748S,GOV,97,I2,P,395,395,2017,11,27,1413,G4Q4,30,D,54.6190,-9.9570,54.6320,-10.0030,38E0,101,V,74SC0393,1,1,R,5.4000,-9,,3305,330,28,,4.5000,1100,90.0,18.0,186,0.7000,,290,3.6000,,72,0.2000,,,308,19,310,2.0000,11.7,11.7,35.15,35.15,,,,,,,,,,
HH,SCOWCGFS,4,GB-SCT,748S,GOV,97,I2,P,396,396,2017,11,27,1055,G4Q4,7,D,54.3880,-10.0840,54.3930,-10.0940,37D9,105,I,,0,0,R,5.4000,-9,,824,330,28,,4.5000,1100,92.0,19.0,186,0.7000,,305,3.5000,,51,0.1000,,,305,18,303,2.0000,,,,,,,,,,,,,,
HH,SCOWCGFS,4,GB-SCT,748S,GOV,97,I2,P,397,397,2017,11,27,1626,G4Q4,15,D,54.5920,-8.9410,54.5950,-8.9670,38E1,90,V,74SC0394,1,1,R,5.2000,-9,,1662,310,28,,4.5000,1100,91.0,18.0,186,0.7000,,287,3.6000,,307,0.4000,,,310,21,310,2.0000,11.5,11.9,34.83,35.08,,,,,,,,,,
HH,SCOWCGFS,4,GB-SCT,748S,GOV,97,I2,P,398,398,2017,11,28,0756,R2Q4,30,D,55.1600,-9.7600,55.1880,-9.7530,39E0,115,V,74SC0395,1,1,R,5.3000,-9,,3135,355,28,,4.5000,1100,95.0,20.0,186,0.7000,,6,3.4000,,230,0.2000,,,359,15,359,2.0000,11.2,11.2,35.26,35.26,,,,,,,,,,
HH,SCOWCGFS,1,GB-SCT,748S,GOV,110,I2,P,70,1,2012,2,20,1540,WSQ1,30,D,59.9465,-4.0988,59.9175,-4.1013,48E5,130,V,74SC0057,1,1,C,4.9000,-9,,3224,415,28,,4.5000,1100,99.0,20.0,186,0.7000,,197,3.5000,3.5000,154,0.2000,,,260,16,260,4.0000,,,,,,,,,,,,,,
HH,SCOWCGFS,1,GB-SCT,748S,GOV,110,I2,P,71,2,2012,2,21,0750,R1Q1,30,D,59.4138,-6.4193,59.4360,-6.3830,47E3,173,V,74SC0058,1,1,C,4.6000,-9,,3239,540,28,,4.5000,1100,107.0,20.0,186,0.7000,,30,3.5000,3.5000,51,0.3000,,,235,9,235,2.0000,,,,,,,,,,,,,,
HH,SCOWCGFS,1,GB-SCT,748S,GOV,110,I2,P,72,3,2012,2,21,1154,R1Q1,30,D,59.7058,-5.9147,59.7068,-5.9708,48E4,260,V,74SC0059,1,1,C,4.7000,-9,,3142,670,28,,4.5000,1100,109.0,21.0,186,0.7000,,267,3.4000,3.4000,207,0.4000,,,240,16,240,2.0000,,,,,,,,,,,,,,
HH,SCOWCGFS,1,GB-SCT,748S,GOV,110,I2,P,73,4,2012,2,21,1521,R1Q1,30,D,59.6520,-5.4682,59.6387,-5.5158,48E4,121,V,74SC0060,1,1,C,4.8000,-9,,3073,405,28,,4.5000,1100,99.0,19.0,186,0.7000,,240,3.3000,3.3000,316,0.2000,,,240,12,240,3.0000,,,,,,,,,,,,,,
HH,SCOWCGFS,1,GB-SCT,748S,GOV,110,I2,P,74,5,2012,2,21,1727,WSQ1,30,D,59.4600,-5.3502,59.4322,-5.3435,47E4,110,V,74SC0061,1,1,C,4.9000,-9,,3164,330,28,,4.5000,1100,95.0,19.0,186,0.7000,,180,3.4000,3.4000,300,0.4000,,,180,21,225,3.0000,,,,,,,,,,,,,,
HH,SCOWCGFS,1,GB-SCT,748S,GOV,110,I2,P,75,6,2012,2,22,0751,G1Q1,30,D,59.2907,-5.1768,59.2735,-5.2187,47E4,125,V,74SC0062,1,1,C,5.2000,-9,,3052,405,28,,4.5000,1100,96.0,19.0,186,0.7000,,243,3.3000,3.3000,201,0.5000,,,225,9,225,3.0000,,,,,,,,,,,,,,
HH,SCOWCGFS,1,GB-SCT,748S,GOV,110,I2,P,76,7,2012,2,22,1005,G1Q1,15,D,59.2832,-4.8748,59.2713,-4.8597,47E5,110,V,74SC0063,1,1,C,4.8000,-9,,1552,360,28,,4.5000,1100,94.0,20.0,186,0.7000,,157,3.4000,3.4000,95,0.1000,,,240,5,240,2.0000,,,,,,,,,,,,,,
HH,SCOWCGFS,1,GB-SCT,748S,GOV,110,I2,P,77,8,2012,2,22,1208,WSQ1,30,D,59.4237,-4.8843,59.4445,-4.8477,47E5,130,V,74SC0064,1,1,C,4.7000,-9,,3126,420,28,,4.5000,1100,98.0,20.0,186,0.7000,,43,3.4000,3.4000,229,0.3000,,,225,9,225,2.0000,,,,,,,,,,,,,,
HH,SCOWCGFS,1,GB-SCT,748S,GOV,110,I2,P,78,9,2012,2,22,1607,WSQ1,30,D,59.6390,-4.1883,59.6180,-4.2255,48E5,100,V,74SC0065,1,1,C,4.8000,-9,,3147,330,28,,4.5000,1100,90.0,20.0,186,0.7000,,216,3.4000,3.4000,8,0.5000,,,225,12,225,3.0000,,,,,,,,,,,,,,
HH,SCOWCGFS,1,GB-SCT,748S,GOV,110,I2,P,79,10,2012,2,22,1914,G1Q1,30,N,59.2400,-4.1960,59.2185,-4.2332,47E5,110,V,74SC0066,1,1,C,5.0000,-9,,3240,360,28,,4.5000,1100,90.0,17.0,186,0.7000,,240,3.5000,3.5000,245,0.3000,,,270,21,225,3.0000,,,,,,,,,,,,,,
HH,SCOWCGFS,1,GB-SCT,748S,GOV,110,I2,P,80,11,2012,2,23,0719,G1Q1,30,D,58.7098,-4.3495,58.7133,-4.4002,46E5,97,V,74SC0067,1,1,C,5.3000,-9,,2992,330,28,,4.5000,1100,86.0,18.0,186,0.7000,,274,3.2000,3.2000,175,0.5000,,,240,12,225,2.0000,,,,,,,,,,,,,,
HH,SCOWCGFS,1,GB-SCT,748S,GOV,110,I2,P,81,12,2012,2,23,1443,B2Q1,30,D,58.5062,-5.8068,58.4918,-5.8553,46E4,104,V,74SC0068,1,1,C,5.0000,-9,,3249,330,28,,4.5000,1100,91.0,18.0,186,0.7000,,242,3.5000,3.5000,279,0.3000,,,236,21,225,3.0000,,,,,,,,,,,,,,
HH,SCOWCGFS,1,GB-SCT,748S,GOV,60,I2,P,82,13,2012,2,23,1742,B2Q1,19,D,58.4200,-5.3330,58.4112,-5.3622,45E4,75,V,74SC0069,1,1,C,5.1000,-9,,1969,270,28,,4.5000,1100,72.0,,186,0.7000,,240,3.3000,3.3000,100,0.3000,,,240,21,225,3.0000,,,,,,,,,,,,,,
HH,SCOWCGFS,1,GB-SCT,748S,GOV,110,I2,P,83,14,2012,2,23,2130,B2Q1,22,N,58.2327,-5.9665,58.2137,-5.9902,45E4,120,V,74SC0070,1,1,C,4.2000,-9,,2544,390,28,,4.5000,1100,85.0,,186,0.7000,,200,3.7000,3.7000,110,0.4000,,,263,18,225,2.0000,,,,,,,,,,,,,,
HH,SCOWCGFS,1,GB-SCT,748S,GOV,110,I2,P,84,15,2012,2,24,0727,B2Q1,23,D,57.6563,-6.7117,57.6708,-6.7423,44E3,140,V,74SC0071,1,1,C,4.4000,-9,,2423,460,28,,4.5000,1100,103.0,21.0,186,0.7000,,292,3.4000,3.4000,117,0.3000,,,265,16,261,1.0000,,,,,,,,,,,,,,
HH,SCOWCGFS,1,GB-SCT,748S,GOV,110,I2,P,85,16,2012,2,24,1135,LBQ1,18,D,57.4458,-6.9263,57.4310,-6.9288,43E3,177,V,74SC0072,1,1,C,4.6000,-9,,1643,550,28,,4.5000,1100,103.0,21.0,186,0.7000,,205,3.3000,3.3000,307,0.3000,,,300,14,280,1.0000,,,,,,,,,,,,,,
HH,SCOWCGFS,1,GB-SCT,748S,GOV,110,I2,P,86,17,2012,2,24,1410,LBQ1,30,D,57.1297,-6.9943,57.1005,-6.9962,43E3,133,V,74SC0073,1,1,C,3.8000,-9,,3231,420,28,,4.5000,1100,96.0,23.0,186,0.7000,,199,3.5000,3.5000,326,0.3000,,,278,14,280,1.0000,,,,,,,,,,,,,,
HH,SCOWCGFS,1,GB-SCT,748S,GOV,110,I2,P,87,18,2012,2,24,1705,LBQ1,30,D,56.8818,-7.1772,56.8737,-7.1242,42E2,155,V,74SC0074,1,1,C,4.2000,-9,,3409,490,28,,4.5000,1100,98.0,21.0,186,0.7000,,120,3.6000,3.6000,20,0.5000,,,286,12,280,1.0000,,,,,,,,,,,,,,
HH,SCOWCGFS,1,GB-SCT,748S,GOV,110,I2,P,88,19,2012,2,24,2134,LBQ1,30,N,56.6797,-6.7140,56.6913,-6.6638,42E3,80,V,74SC0075,1,1,C,5.3000,-9,,3351,270,28,,4.5000,1100,82.0,16.0,186,0.7000,,65,3.6000,3.6000,150,0.1000,,,240,10,240,0.5000,,,,,,,,,,,,,,
HH,SCOWCGFS,4,GB-SCT,748S,GOV,97,I2,P,399,399,2017,11,28,1053,R2Q4,17,D,55.1880,-9.2900,55.2030,-9.3030,39E0,105,I,,0,0,R,5.4000,-9,,1925,340,28,,4.5000,1100,94.0,18.0,186,0.7000,,343,3.7000,,242,0.1000,,,35,15,35,15.0000,,,,,,,,,,,,,,
HH,SCOWCGFS,4,GB-SCT,748S,GOV,97,I2,P,400,400,2017,11,28,1334,G4Q4,15,D,54.9270,-9.3020,54.9420,-9.2960,38E0,92,V,74SC0396,1,1,R,5.5000,-9,,1703,305,28,,4.5000,1100,95.0,19.0,186,0.7000,,8,3.8000,,356,0.3000,,,0,18,350,3.0000,11.4,11.4,35.20,35.20,,,,,,,,,,
HH,SCOWCGFS,4,GB-SCT,748S,GOV,47,I2,P,401,401,2017,11,28,1536,R2Q4,15,D,54.9330,-9.0130,54.9470,-9.0160,38E0,78,V,74SC0397,1,1,R,,-9,,1592,255,28,,4.5000,1100,72.0,19.0,186,0.7000,,355,3.5000,,24,0.2000,,,359,16,359,1.5000,11.4,11.4,35.20,35.20,,,,,,,,,,
HH,SCOWCGFS,4,GB-SCT,748S,GOV,97,I2,P,402,402,2017,11,29,0759,R2Q4,30,D,55.6680,-9.3080,55.6990,-9.3070,40E0,175,V,74SC0398,1,1,R,5.1000,-9,,3401,570,28,,4.5000,1100,108.0,20.0,186,0.7000,,359,3.7000,,306,0.1000,,,355,18,355,2.0000,11.0,10.5,35.25,35.34,,,,,,,,,,
HH,SCOWCGFS,4,GB-SCT,748S,GOV,97,I2,P,403,403,2017,11,29,1044,R2Q4,15,D,55.4570,-9.2750,55.4720,-9.2700,39E0,140,V,74SC0399,1,1,R,5.3000,-9,,1732,450,28,,4.5000,1100,101.0,19.0,186,0.7000,,7,3.8000,,77,0.2000,,,15,14,12,2.0000,11.1,11.1,35.28,35.29,,,,,,,,,,
HH,SCOWCGFS,4,GB-SCT,748S,GOV,97,I2,P,404,404,2017,11,29,1400,R2Q4,15,D,55.3900,-8.7020,55.4060,-8.7010,39E1,102,V,,1,1,R,5.5000,-9,,1720,330,28,,4.5000,1100,93.0,20.0,186,0.7000,,1,3.8000,,89,0.3000,,,352,14,350,2.0000,11.1,11.1,35.24,35.26,,,,,,,,,,
HH,SCOWCGFS,1,GB-SCT,748S,GOV,110,I2,P,89,20,2012,2,25,0821,G2Q1,30,D,55.4028,-8.5032,55.3847,-8.5405,39E1,100,V,74SC0076,1,1,C,5.1000,-9,,3129,330,28,,4.5000,1100,90.0,17.0,186,0.7000,,230,3.4000,3.4000,125,0.3000,,,250,14,240,2.0000,,,,,,,,,,,,,,
HH,SCOWCGFS,1,GB-SCT,748S,GOV,110,I2,P,90,21,2012,2,25,1345,R3Q1,20,D,55.8518,-9.2337,55.8362,-9.2518,40E0,164,V,74SC0077,1,1,C,5.0000,-9,,2102,500,28,,4.5000,1100,105.0,19.0,186,0.7000,,221,3.4000,3.4000,127,0.3000,,,262,13,250,3.0000,,,,,,,,,,,,,,
HH,SCOWCGFS,1,GB-SCT,748S,GOV,110,I2,P,91,22,2012,2,25,1657,R3Q1,22,D,55.4757,-9.2700,55.4533,-9.2742,39E0,140,V,74SC0078,1,1,C,4.6000,-9,,2468,460,28,,4.5000,1100,105.0,20.0,186,0.7000,,180,3.7000,3.7000,225,0.5000,,,270,13,270,2.5000,,,,,,,,,,,,,,
HH,SCOWCGFS,1,GB-SCT,748S,GOV,110,I2,P,92,23,2012,2,25,2007,G2Q1,30,N,55.1480,-9.0668,55.1177,-9.0685,39E0,96,V,74SC0079,1,1,C,4.8000,-9,,3359,325,28,,4.5000,1100,91.0,18.0,186,0.7000,,190,3.7000,3.7000,300,0.1000,,,270,8,270,2.0000,,,,,,,,,,,,,,
HH,SCOWCGFS,1,GB-SCT,748S,GOV,110,I2,P,93,24,2012,2,26,0713,R3Q1,18,D,54.7513,-10.2482,54.7670,-10.2417,38D9,125,V,74SC0080,1,1,C,4.6000,-9,,1784,405,28,,4.5000,1100,95.0,19.0,186,0.7000,,2,3.2000,3.2000,82,0.3000,,,208,7,260,1.5000,,,,,,,,,,,,,,
HH,SCOWCGFS,4,GB-SCT,748S,GOV,97,I2,P,405,405,2017,11,29,1632,R2Q4,28,D,55.1810,-8.8460,55.1680,-8.8010,39E1,90,V,74SC0401,1,1,R,5.6000,-9,,3252,300,28,,4.5000,1100,94.0,19.0,186,0.7000,,110,3.8000,,23,0.1000,,,20,11,20,1.2000,11.3,11.3,35.18,35.21,,,,,,,,,,
HH,SCOWCGFS,4,GB-SCT,748S,GOV,97,I2,P,406,406,2017,11,30,0801,G3Q4,30,D,56.0820,-8.3300,56.0510,-8.3290,41E1,157,V,74SC0402,1,1,R,5.0000,-9,,3374,490,28,,4.5000,1100,100.0,19.0,186,0.7000,,175,3.7000,,248,0.2000,,,14,11,11,1.0000,10.9,11.0,35.17,35.23,,,,,,,,,,
HH,SCOWCGFS,1,GB-SCT,748S,GOV,97,I2,P,135,135,2019,3,6,0956,B2Q1,25,D,55.7780,-7.7810,55.7850,-7.7390,40E2,103,V,74SC0110,1,1,R,5.2000,-9,,2771,330,28,,4.5000,1100,91.0,19.0,186,0.7000,,60,3.6000,,151,0.1000,,,15,21,15,2.0000,9.7,9.7,35.29,35.31,,,,,,,,,,
HH,SCOWCGFS,1,GB-SCT,748S,GOV,97,I2,P,136,136,2019,3,6,1248,B2Q1,30,D,55.9890,-7.7470,56.0150,-7.7260,40E2,161,V,74SC0111,1,1,R,4.4000,-9,,3283,510,28,,4.5000,1100,104.0,20.0,186,0.7000,,30,3.5000,,14,0.1000,,,25,19,25,3.0000,9.7,9.8,35.29,35.29,,,,,,,,,,
HH,SCOWCGFS,1,GB-SCT,748S,GOV,97,I2,P,137,137,2019,3,6,1620,B2Q1,30,D,56.2460,-7.6400,56.2760,-7.6250,41E2,115,V,74SC0112,1,1,R,4.7000,-9,,3483,380,28,,4.5000,1100,98.0,20.0,186,0.7000,,20,3.8000,,354,0.2000,,,10,18,10,2.0000,9.4,9.5,35.27,35.27,,,,,,,,,,
HH,SCOWCGFS,1,GB-SCT,748S,GOV,97,I2,P,138,138,2019,3,7,0725,LBQ1,20,D,57.1310,-6.6750,57.1290,-6.7090,43E3,127,V,74SC0113,1,1,R,4.0000,-9,,2115,410,28,,4.5000,1100,94.0,23.0,186,0.7000,,275,3.6000,,262,0.2000,,,7,21,7,1.3000,8.5,8.9,34.70,34.96,,,,,,,,,,
HH,SCOWCGFS,1,GB-SCT,748S,GOV,110,I2,P,94,19,2013,2,23,1751,R1Q1,30,D,59.0122,-6.9133,59.0233,-6.9680,47E3,180,V,74SC0074,1,1,C,5.1000,-9,,3407,570,28,,4.5000,1100,97.0,20.0,186,0.7000,,278,3.7000,3.7000,78,0.3000,,,60,5,60,0.2000,,,,,,,,,,,,,,
HH,SCOWCGFS,1,GB-SCT,748S,GOV,110,I2,P,95,20,2013,2,23,2132,R1Q1,30,N,59.1943,-7.1388,59.1803,-7.1882,47E2,400,V,,1,1,C,4.3000,-9,,3233,1200,28,,4.5000,1100,114.0,23.0,186,0.7000,,50,3.5000,3.5000,62,0.2000,,,120,5,120,0.2000,,,,,,,,,,,,,,
HH,SCOWCGFS,1,GB-SCT,748S,GOV,110,I2,P,96,21,2013,2,24,0902,G1Q1,30,D,58.7225,-7.6700,58.7472,-7.6308,46E2,200,V,74SC0075,1,1,C,4.6000,-9,,3503,650,28,,4.5000,1100,106.0,22.0,186,0.7000,,49,3.8000,3.8000,342,0.2000,,,180,10,180,0.4000,,,,,,,,,,,,,,
HH,SCOWCGFS,1,GB-SCT,748S,GOV,110,I2,P,97,22,2013,2,24,1644,G1Q1,25,D,58.0065,-8.6355,58.0130,-8.5875,45E1,140,V,74SC0076,1,1,C,4.7000,-9,,2916,450,28,,4.5000,1100,99.0,22.0,186,0.7000,,88,3.7000,3.7000,45,0.5000,,,180,8,180,0.4000,,,,,,,,,,,,,,
HH,SCOWCGFS,1,GB-SCT,748S,GOV,110,I2,P,98,23,2013,2,24,1909,R2Q1,30,N,58.2233,-8.8638,58.2460,-8.8275,45E1,200,V,74SC0077,1,1,C,4.2000,-9,,3343,600,28,,4.5000,1100,104.0,22.0,186,0.7000,,45,3.6000,3.6000,60,0.6000,,,180,5,180,0.2000,,,,,,,,,,,,,,
HH,SCOWCGFS,1,GB-SCT,748S,GOV,110,I2,P,99,24,2013,2,25,0733,R2Q1,20,D,58.5432,-8.4817,58.5367,-8.5140,46E1,400,V,74SC0078,1,1,C,5.0000,-9,,2160,1200,28,,4.5000,1100,103.0,20.0,186,0.7000,,2,3.5000,3.5000,45,0.4000,,,180,18,180,2.0000,,,,,,,,,,,,,,
HH,SCOWCGFS,1,GB-SCT,748S,GOV,110,I2,P,100,25,2013,2,25,1720,G1Q1,30,D,57.8668,-8.8883,57.8445,-8.9252,44E1,138,V,74SC0079,1,1,C,4.6000,-9,,3329,420,28,,4.5000,1100,101.0,20.0,186,0.7000,,213,3.6000,3.6000,5,0.4000,,,200,15,200,2.0000,,,,,,,,,,,,,,
HH,SCOWCGFS,1,GB-SCT,748S,GOV,-9,-9,-9,101,26,2013,2,25,1943,G1Q1,30,D,57.8250,-9.3193,57.8002,-9.3488,44E0,200,I,,1,1,C,,-9,,,,,,,,,,,,,,,,,,,,,,,,,,,,,,,,,,,,,
HH,SCOWCGFS,1,GB-SCT,748S,GOV,110,I2,P,102,27,2013,2,26,0736,G1Q1,30,D,57.5052,-8.5572,57.4842,-8.5995,44E1,160,V,74SC0080,1,1,C,4.3000,-9,,3460,500,28,,4.5000,1100,100.0,20.0,186,0.7000,,220,3.7000,3.7000,19,0.1000,,,210,10,210,2.0000,,,,,,,,,,,,,,
HH,SCOWCGFS,1,GB-SCT,748S,GOV,110,I2,P,103,28,2013,2,26,0947,G1Q1,30,D,57.4600,-8.8295,57.4378,-8.7885,43E1,140,V,74SC0081,1,1,C,5.0000,-9,,3492,140,28,,4.5000,1100,99.0,20.0,186,0.7000,,130,3.8000,3.8000,228,0.3000,,,210,8,210,1.5000,,,,,,,,,,,,,,
HH,SCOWCGFS,1,GB-SCT,748S,GOV,110,I2,P,104,29,2013,2,26,1326,G1Q1,30,D,57.0660,-8.7397,57.0390,-8.7178,43E1,126,V,74SC0082,1,1,C,4.9000,-9,,3285,480,28,,4.5000,1100,100.0,21.0,186,0.7000,,160,3.6000,3.6000,319,0.4000,,,210,8,210,1.0000,,,,,,,,,,,,,,
HH,SCOWCGFS,1,GB-SCT,748S,GOV,110,I2,P,105,30,2013,2,26,1534,R3Q1,30,D,56.9040,-8.6690,56.8770,-8.6480,42E1,132,V,74SC0083,1,1,C,4.7000,-9,,3291,460,28,,4.5000,1100,98.0,21.0,186,0.7000,,172,3.5000,3.5000,44,0.5000,,,210,5,210,0.5000,,,,,,,,,,,,,,
HH,SCOWCGFS,1,GB-SCT,748S,GOV,110,I2,P,106,31,2013,2,26,1705,G1Q1,30,D,56.8753,-8.4347,56.8643,-8.3787,42E1,128,V,74SC0084,1,1,C,4.9000,-9,,3636,420,28,,4.5000,1100,99.0,21.0,186,0.7000,,128,3.9000,3.9000,63,0.5000,,,180,5,180,0.5000,,,,,,,,,,,,,,
HH,SCOWCGFS,1,GB-SCT,748S,GOV,110,I2,P,107,32,2013,2,26,2042,R3Q1,26,D,56.4995,-8.5100,56.4898,-8.4665,41E1,155,V,74SC0085,1,1,C,5.1000,-9,,2908,510,28,,4.5000,1100,98.0,18.0,186,0.7000,,115,3.6000,3.6000,274,0.4000,,,180,5,180,0.4000,,,,,,,,,,,,,,
HH,SCOWCGFS,1,GB-SCT,748S,GOV,110,I2,P,108,33,2013,2,27,0655,R3Q1,30,D,56.2458,-9.1818,56.2177,-9.1917,41E0,350,V,74SC0086,1,1,C,4.9000,-9,,3239,1000,28,,4.5000,1100,113.0,23.0,186,0.7000,,206,3.5000,3.5000,45,0.3000,,,180,5,180,0.4000,,,,,,,,,,,,,,
HH,SCOWCGFS,1,GB-SCT,748S,GOV,110,I2,P,109,34,2013,2,27,1414,R3Q1,30,D,55.3077,-9.7663,55.2907,-9.8083,39E0,180,V,74SC0087,1,1,C,4.5000,-9,,3297,540,28,,4.5000,1100,100.0,20.0,186,0.7000,,229,3.6000,3.6000,55,0.5000,,,180,3,180,0.2000,,,,,,,,,,,,,,
HH,SCOWCGFS,1,GB-SCT,748S,GOV,110,I2,P,110,35,2013,2,28,0709,G2Q1,30,D,54.5855,-10.2733,54.5682,-10.2318,38D9,125,V,74SC0088,1,1,C,5.2000,-9,,3303,400,28,,4.5000,1100,95.0,20.0,186,0.7000,,126,3.6000,3.6000,40,0.2000,,,240,3,240,0.2000,,,,,,,,,,,,,,
HH,SCOWCGFS,1,GB-SCT,748S,GOV,110,I2,P,111,36,2013,2,28,0958,R3Q1,30,D,54.8305,-9.9697,54.8442,-9.9247,38E0,110,V,74SC0089,1,1,C,4.9000,-9,,3252,360,28,,4.5000,1100,95.0,21.0,186,0.7000,,71,3.5000,3.5000,333,0.2000,,,200,3,240,0.2000,,,,,,,,,,,,,,
HH,SCOWCGFS,1,GB-SCT,748S,GOV,110,I2,P,112,37,2013,2,28,1332,-9,30,D,54.4587,-9.5597,54.4452,-9.5153,37E0,85,V,74SC0090,1,1,C,5.4000,-9,,3237,330,28,,4.5000,1100,90.0,19.0,186,0.7000,,100,3.5000,3.5000,2,0.2000,,,280,3,180,0.2000,,,,,,,,,,,,,,
HH,SCOWCGFS,1,GB-SCT,748S,GOV,110,I2,P,113,38,2013,2,28,1626,G2Q1,30,D,54.7625,-9.5330,54.7898,-9.5495,38E0,100,V,74SC0091,1,1,C,5.7000,-9,,3219,340,28,,4.5000,1100,77.0,16.0,186,0.7000,,343,3.5000,3.5000,136,0.3000,,,45,8,45,0.2000,,,,,,,,,,,,,,
HH,SCOWCGFS,1,GB-SCT,748S,GOV,110,I2,P,114,39,2013,2,28,1842,R3Q1,20,D,55.0322,-9.5395,55.0508,-9.5265,39E0,110,V,74SC0092,1,1,C,5.3000,-9,,2222,350,28,,4.5000,1100,90.0,19.0,186,0.7000,,20,3.6000,3.6000,158,0.2000,,,45,6,45,0.2000,,,,,,,,,,,,,,
HH,SCOWCGFS,1,GB-SCT,748S,GOV,110,I2,P,115,40,2013,3,1,0742,R3Q1,15,D,55.7745,-9.0785,55.7600,-9.0830,40E0,138,V,74SC0093,1,1,C,4.6000,-9,,1617,450,28,,4.5000,1100,98.0,23.0,186,0.7000,,194,3.6000,3.6000,120,0.2000,,,45,5,45,0.2000,,,,,,,,,,,,,,
HH,SCOWCGFS,1,GB-SCT,748S,GOV,110,I2,P,116,41,2013,3,1,1005,G2Q1,30,D,55.5330,-8.8497,55.5028,-8.8673,40E1,100,V,74SC0094,1,1,C,5.1000,-9,,3536,360,28,,4.5000,1100,94.0,19.0,186,0.7000,,193,3.8000,3.8000,320,0.2000,,,45,5,45,0.2000,,,,,,,,,,,,,,
HH,SCOWCGFS,1,GB-SCT,748S,GOV,110,I2,P,117,42,2013,3,1,1447,G2Q1,30,D,55.0917,-9.0937,55.0622,-9.0935,39E0,97,V,74SC0095,1,1,C,4.8000,-9,,3260,330,28,,4.5000,1100,92.0,20.0,186,0.7000,,180,3.6000,3.6000,63,0.2000,,,45,3,45,0.1000,,,,,,,,,,,,,,
HH,SCOWCGFS,1,GB-SCT,748S,GOV,110,I2,P,118,43,2013,3,1,1719,PQ1,30,D,55.0672,-8.7627,55.0657,-8.7118,39E1,85,V,74SC0096,1,1,C,4.7000,-9,,3244,310,28,,4.5000,1100,91.0,23.0,186,0.7000,,90,3.5000,3.5000,89,0.2000,,,48,3,48,0.1000,,,,,,,,,,,,,,
HH,SCOWCGFS,1,GB-SCT,748S,GOV,110,I2,P,119,44,2013,3,2,0739,B1Q1,30,D,55.9357,-7.9710,55.9038,-7.9638,40E2,170,V,74SC0097,1,1,C,4.6000,-9,,3547,460,28,,4.5000,1100,102.0,21.0,186,0.7000,,177,3.9000,3.9000,101,0.3000,,,45,3,45,0.1000,,,,,,,,,,,,,,
HH,SCOWCGFS,1,GB-SCT,748S,GOV,110,I2,P,120,45,2013,3,2,1015,B1Q1,30,D,55.6657,-7.9315,55.6703,-7.9832,40E2,88,V,74SC0098,1,1,C,4.2000,-9,,3313,320,28,,4.5000,1100,92.0,21.0,186,0.7000,,280,3.6000,3.6000,88,0.1000,,,240,3,240,0.1000,,,,,,,,,,,,,,
HH,SCOWCGFS,1,GB-SCT,748S,GOV,60,I2,P,121,46,2013,3,2,1332,PQ1,30,D,55.3172,-8.1630,55.3362,-8.2033,39E1,65,V,74SC0099,1,1,C,5.0000,-9,,3308,220,28,,4.5000,1100,67.0,20.0,186,0.7000,,307,3.6000,3.6000,40,0.2000,,,180,3,180,0.1000,,,,,,,,,,,,,,
HH,SCOWCGFS,1,GB-SCT,748S,GOV,60,I2,P,122,47,2013,3,2,1841,PQ1,25,D,55.5160,-7.0473,55.5170,-7.0062,40E2,75,V,74SC0100,1,1,C,5.5000,-9,,2588,270,28,,4.5000,1100,72.0,20.0,186,0.7000,,110,3.4000,3.4000,309,1.1000,,,180,3,180,0.1000,,,,,,,,,,,,,,
HH,SCOWCGFS,1,GB-SCT,748S,GOV,110,I2,P,123,48,2013,3,4,1609,CLQ1,30,D,55.4947,-5.0027,55.5247,-4.9867,39E4,112,V,74SC0101,1,1,C,4.4000,-9,,3469,300,28,,4.5000,1100,80.0,22.0,186,0.7000,,13,3.8000,3.8000,333,0.3000,,,180,3,180,0.1000,,,,,,,,,,,,,,
HH,SCOWCGFS,1,GB-SCT,748S,GOV,60,I2,P,124,49,2013,3,4,1826,CLQ1,30,D,55.3372,-4.9452,55.3152,-4.9827,39E5,65,V,74SC0102,1,1,C,4.9000,-9,,3413,210,28,,4.5000,1100,64.0,21.0,186,0.7000,,225,3.7000,3.7000,289,0.3000,,,180,5,180,0.2000,,,,,,,,,,,,,,
HH,SCOWCGFS,1,GB-SCT,748S,GOV,60,I2,P,125,50,2013,3,5,0724,CLQ1,30,D,55.0615,-5.2360,55.0908,-5.2203,39E4,68,V,74SC0103,1,1,C,4.9000,-9,,3406,230,28,,4.5000,1100,67.0,20.0,186,0.7000,,19,3.7000,3.7000,330,0.4000,,,180,3,180,0.0000,,,,,,,,,,,,,,
HH,SCOWCGFS,1,GB-SCT,748S,GOV,110,I2,P,126,51,2013,3,5,0948,CLQ1,30,D,55.1992,-5.5887,55.1988,-5.6428,39E4,112,V,74SC0104,1,1,C,5.0000,-9,,3401,330,28,,4.5000,1100,91.0,20.0,186,0.7000,,263,3.7000,3.7000,281,0.3000,,,180,3,180,0.0000,,,,,,,,,,,,,,
HH,SCOWCGFS,1,GB-SCT,748S,GOV,60,I2,P,127,52,2013,3,5,1520,PQ1,30,D,55.3763,-6.7377,55.4033,-6.7655,39E3,78,V,74SC0105,1,1,C,5.2000,-9,,3462,320,28,,4.5000,1100,72.0,20.0,186,0.7000,,325,3.8000,3.8000,137,0.8000,,,90,5,90,0.1000,,,,,,,,,,,,,,
HH,SCOWCGFS,1,GB-SCT,748S,GOV,60,I2,P,128,53,2013,3,5,1809,PQ1,30,D,55.7275,-6.9800,55.7472,-7.0207,40E3,50,V,74SC0106,1,1,C,5.6000,-9,,3356,180,28,,4.5000,1100,62.0,17.0,186,0.7000,,328,3.6000,3.6000,290,0.5000,,,90,5,90,0.2000,,,,,,,,,,,,,,
HH,SCOWCGFS,1,GB-SCT,748S,GOV,110,I2,P,129,54,2013,3,6,0647,LBQ1,30,D,56.4665,-7.4857,56.4933,-7.5187,41E2,140,V,74SC0107,1,1,C,5.1000,-9,,3633,480,28,,4.5000,1100,93.0,20.0,186,0.7000,,342,3.9000,3.9000,191,0.3000,,,90,10,90,0.2000,,,,,,,,,,,,,,
HH,SCOWCGFS,1,GB-SCT,748S,GOV,110,I2,P,130,55,2013,3,6,1006,B1Q1,30,D,56.2818,-7.1273,56.3020,-7.0872,41E2,85,V,74SC0108,1,1,C,4.8000,-9,,3427,330,28,,4.5000,1100,86.0,20.0,186,0.7000,,70,3.7000,3.7000,310,0.4000,,,90,15,90,0.5000,,,,,,,,,,,,,,
HH,SCOWCGFS,1,GB-SCT,748S,GOV,110,I2,P,134,59,2013,3,7,1229,LBQ1,30,D,57.1148,-6.8017,57.1418,-6.8223,43E3,158,V,74SC0112,1,1,C,4.1000,-9,,3351,460,28,,4.5000,1100,86.0,24.0,186,0.7000,,316,3.6000,3.6000,12,0.2000,,,90,3,90,0.3000,,,,,,,,,,,,,,
HH,SCOWCGFS,1,GB-SCT,748S,GOV,110,I2,P,135,60,2013,3,7,1513,LBQ1,30,D,56.9118,-6.8732,56.8842,-6.8873,42E3,190,V,74SC0113,1,1,C,4.4000,-9,,3200,600,28,,4.5000,1100,91.0,22.0,186,0.7000,,191,3.5000,3.5000,347,0.3000,,,90,9,90,0.3000,,,,,,,,,,,,,,
HH,SCOWCGFS,1,GB-SCT,748S,GOV,110,I2,P,136,61,2013,3,7,1705,LBQ1,27,D,56.7745,-7.1267,56.7585,-7.1690,42E2,165,V,74SC0114,1,1,C,4.4000,-9,,3123,500,28,,4.5000,1100,92.0,23.0,186,0.7000,,228,3.8000,3.8000,165,0.1000,,,90,13,90,0.4000,,,,,,,,,,,,,,
HH,SCOWCGFS,1,GB-SCT,748S,GOV,110,I2,P,137,62,2013,3,8,0700,LBQ1,30,D,56.3333,-8.0263,56.3658,-8.0130,41E1,185,V,74SC0115,1,1,C,4.9000,-9,,3699,500,28,,4.5000,1100,109.0,21.0,186,0.7000,,34,4.0000,4.0000,44,0.1000,,,90,26,90,4.0000,,,,,,,,,,,,,,
HH,SCOWCGFS,1,GB-SCT,748S,GOV,97,I2,P,70,70,2014,2,19,0917,R1Q1,30,D,59.6760,-5.2220,59.6600,-5.2690,48E4,140,V,74SC0059,1,1,R,4.5000,-9,,3196,450,28,,4.5000,1100,100.0,20.0,186,0.7000,,235,3.5000,,318,0.2000,,,115,9,50,1.0000,,,35.32,35.33,,,,,,,,,,
HH,SCOWCGFS,1,GB-SCT,748S,GOV,97,I2,P,71,71,2014,2,19,1219,R1Q1,30,D,59.6100,-5.8520,59.5910,-5.9000,48E4,145,V,74SC0060,1,1,R,4.8000,-9,,3689,448,28,,4.5000,1100,97.0,19.0,186,0.7000,,230,3.7000,,154,0.1000,,,130,10,50,1.5000,,,35.31,35.31,,,,,,,,,,
HH,SCOWCGFS,1,GB-SCT,748S,GOV,97,I2,P,72,72,2014,2,19,1439,R1Q1,30,D,59.6230,-6.2410,59.6050,-6.2890,48E3,240,V,74SC0061,1,1,R,4.3000,-9,,3616,745,28,,4.5000,1100,113.0,22.0,186,0.7000,,226,3.6000,,280,0.1000,,,135,14,50,2.0000,,,35.36,35.35,,,,,,,,,,
HH,SCOWCGFS,1,GB-SCT,748S,GOV,97,I2,P,73,73,2014,2,19,1815,WSQ1,30,D,59.2540,-6.4220,59.2620,-6.3650,47E3,160,V,74SC0062,1,1,R,4.5000,-9,,3602,520,28,,4.5000,1100,103.0,20.0,186,0.7000,,100,3.7000,,150,0.2000,,,150,15,150,2.0000,,,35.07,35.32,,,,,,,,,,
HH,SCOWCGFS,1,GB-SCT,748S,GOV,97,I2,P,74,74,2014,2,20,0644,G1Q1,30,D,59.0790,-5.5070,59.0640,-5.5570,47E4,90,V,74SC0063,1,1,R,4.9000,-9,,3546,295,28,,4.5000,1100,86.0,18.0,186,0.7000,,253,3.6000,,253,0.1000,,,130,9,130,1.0000,,,34.73,35.13,,,,,,,,,,
HH,SCOWCGFS,1,GB-SCT,748S,GOV,97,I2,P,75,75,2014,2,20,0853,G1Q1,30,D,59.0250,-5.8510,59.0200,-5.9060,47E4,80,V,74SC0064,1,1,R,5.4000,-9,,3410,272,28,,4.5000,1100,84.0,17.0,186,0.7000,,261,3.5000,,246,0.1000,,,160,8,90,1.0000,,,35.07,34.67,,,,,,,,,,
HH,SCOWCGFS,1,GB-SCT,748S,GOV,97,I2,P,76,76,2014,2,20,1132,G1Q1,30,D,59.0340,-6.3620,59.0250,-6.4140,47E3,80,V,74SC0065,1,1,R,5.0000,-9,,3355,290,28,,4.5000,1100,91.0,19.0,186,0.7000,,253,3.4000,,39,0.1000,,,280,6,250,2.0000,,,35.23,35.23,,,,,,,,,,
HH,SCOWCGFS,1,GB-SCT,748S,GOV,97,I2,P,77,77,2014,2,20,1424,G1Q1,30,D,58.7970,-6.1810,58.7880,-6.2370,46E3,115,V,74SC0000,1,1,R,4.8000,-9,,3623,375,28,,4.5000,1100,96.0,19.0,186,0.7000,,250,3.7000,,96,0.1000,,,250,15,260,3.0000,,,,,,,,,,,,,,
HH,SCOWCGFS,1,GB-SCT,748S,GOV,97,I2,P,78,78,2014,2,21,0709,G1Q1,30,D,58.3620,-7.0030,58.3310,-7.0010,45E2,75,V,74SC0067,1,1,R,5.7000,-9,,3438,252,28,,4.5000,1100,78.0,19.0,186,0.7000,,189,3.7000,,220,0.1000,,,188,15,190,3.5000,,,34.94,34.96,,,,,,,,,,
HH,SCOWCGFS,1,GB-SCT,748S,GOV,97,I2,P,79,79,2014,2,21,1128,G1Q1,30,D,58.8130,-7.1300,58.7850,-7.1330,46E2,130,V,74SC0068,1,1,R,4.6000,-9,,3147,420,28,,4.5000,1100,99.0,20.0,186,0.7000,,190,3.4000,,144,0.4000,,,180,10,190,3.5000,,,35.30,35.30,,,,,,,,,,
HH,SCOWCGFS,1,GB-SCT,748S,GOV,97,I2,P,80,80,2014,2,21,1411,G1Q1,30,D,58.7170,-7.4400,58.6960,-7.4830,46E2,100,V,74SC0069,1,1,R,5.0000,-9,,3682,330,28,,4.5000,1100,95.0,19.0,186,0.7000,,230,3.7000,,200,0.1000,,,260,15,235,4.0000,,,35.27,35.27,,,,,,,,,,
HH,SCOWCGFS,1,GB-SCT,748S,GOV,97,I2,P,81,81,2014,2,21,1911,R2Q1,30,D,58.3390,-8.1900,58.3360,-8.2420,45E1,156,V,74SC0070,1,1,R,4.4000,-9,,3248,480,28,,4.5000,1100,104.0,20.0,186,0.7000,,260,3.4000,,270,0.2000,,,270,23,270,4.0000,,,35.34,35.32,,,,,,,,,,
HH,SCOWCGFS,1,GB-SCT,748S,GOV,97,I2,P,82,82,2014,2,22,0735,-9,30,D,58.4260,-9.1810,58.4110,-9.2280,45E0,500,V,74SC0071,1,1,R,3.5000,-9,,3481,1475,28,,4.5000,1100,129.0,22.0,186,0.7000,,250,3.5000,,306,0.1000,,,266,15,260,4.0000,,,35.38,35.37,,,,,,,,,,
HH,SCOWCGFS,1,GB-SCT,748S,GOV,97,I2,P,83,83,2014,2,22,1050,R2Q1,30,D,58.2060,-9.0020,58.1850,-9.0410,45E0,260,V,74SC0072,1,1,R,4.2000,-9,,3510,810,28,,4.5000,1100,118.0,21.0,186,0.7000,,225,3.6000,,260,0.1000,,,230,15,230,3.5000,,,35.38,35.37,,,,,,,,,,
HH,SCOWCGFS,1,GB-SCT,748S,GOV,97,I2,P,84,84,2014,2,22,1405,G1Q1,30,D,57.9860,-8.5340,57.9620,-8.5050,44E1,140,V,74SC0073,1,1,R,4.5000,-9,,3370,450,28,,4.5000,1100,102.0,19.0,186,0.7000,,154,3.5000,,207,0.1000,,,171,15,190,3.0000,,,35.35,35.34,,,,,,,,,,
HH,SCOWCGFS,1,GB-SCT,748S,GOV,97,I2,P,85,85,2014,2,22,1809,G1Q1,30,D,57.6540,-8.5510,57.6270,-8.5520,44E1,155,V,74SC0000,1,1,R,4.8000,-9,,3080,490,28,,4.5000,1100,102.0,19.0,186,0.7000,,180,3.4000,,218,0.1000,,,180,20,190,4.0000,,,,,,,,,,,,,,
HH,SCOWCGFS,1,GB-SCT,748S,GOV,97,I2,P,86,86,2014,2,23,0721,G1Q1,30,D,57.7420,-9.5040,57.7120,-9.5010,44E0,320,V,74SC0000,1,1,R,4.3000,-9,,3498,960,28,,4.5000,1100,118.0,20.0,186,0.7000,,184,3.8000,,160,0.3000,,,190,15,190,3.0000,,,35.16,,,,,,,,,,,
HH,SCOWCGFS,1,GB-SCT,748S,GOV,97,I2,P,87,87,2014,2,23,1429,R3Q1,30,D,57.1360,-9.2640,57.1070,-9.2560,43E0,270,V,74SC0000,1,1,R,4.1000,-9,,3440,840,28,,4.5000,1100,120.0,21.0,186,0.7000,,184,3.7000,,235,0.3000,,,220,25,190,5.0000,,,35.16,,,,,,,,,,,
HH,SCOWCGFS,1,GB-SCT,748S,GOV,97,I2,P,88,88,2014,2,24,0717,R3Q1,30,D,56.7780,-9.0130,56.7490,-9.0020,42E0,170,I,74SC0000,0,0,R,4.7000,-9,,3328,550,28,,4.5000,1100,103.0,20.0,186,0.7000,,170,3.5000,,120,0.2000,,,240,10,240,3.0000,,,35.16,,,,,,,,,,,
HH,SCOWCGFS,1,GB-SCT,748S,GOV,97,I2,P,89,89,2014,2,24,0857,R3Q1,15,D,56.7780,-9.0120,56.7630,-9.0040,42E0,170,V,74SC0000,1,1,R,4.5000,-9,,1729,560,28,,4.5000,1100,112.0,20.0,186,0.7000,,177,3.7000,,168,0.4000,,,200,5,190,3.0000,,,35.16,,,,,,,,,,,
HH,SCOWCGFS,1,GB-SCT,748S,GOV,97,I2,P,90,90,2014,2,24,1123,G1Q1,30,D,57.0240,-8.7240,56.9960,-8.7100,43E1,130,V,74SC0000,1,1,R,4.6000,-9,,3323,420,28,,4.5000,1100,102.0,20.0,186,0.7000,,170,3.5000,,75,0.1000,,,180,10,190,3.0000,,,,,,,,,,,,,,
HH,SCOWCGFS,1,GB-SCT,748S,GOV,97,I2,P,91,91,2014,2,24,1400,R3Q1,30,D,56.7950,-8.3550,56.7630,-8.3420,42E1,130,V,74SC0000,1,1,R,4.6000,-9,,3679,420,28,,4.5000,1100,108.0,21.0,186,0.7000,,174,3.9000,,120,0.1000,,,165,13,190,2.0000,,,34.29,,,,,,,,,,,
HH,SCOWCGFS,1,GB-SCT,748S,GOV,97,I2,P,92,92,2014,2,24,1653,R3Q1,30,D,56.4630,-8.5290,56.4370,-8.5510,41E1,135,V,74SC0000,1,1,R,4.6000,-9,,3393,440,28,,4.5000,1100,105.0,21.0,186,0.7000,,185,3.5000,,30,0.1000,,,150,20,180,3.0000,,,34.85,,,,,,,,,,,
HH,SCOWCGFS,1,GB-SCT,748S,GOV,97,I2,P,93,93,2014,2,25,0723,R3Q1,30,D,56.2880,-8.3340,56.2640,-8.3180,41E1,130,V,74SC0000,1,1,R,4.9000,-9,,2911,405,28,,4.5000,1100,98.0,19.0,186,0.7000,,155,3.1000,,187,0.3000,,,160,20,160,4.0000,,,35.01,,,,,,,,,,,
HH,SCOWCGFS,1,GB-SCT,748S,GOV,97,I2,P,88,88,2017,2,18,0748,G1Q1,30,D,58.8250,-6.8600,58.8090,-6.9090,46E3,160,V,74SC0064,1,1,R,5.4000,-9,,3281,510,28,,4.5000,1100,100.0,20.0,186,0.7000,,235,3.6000,,271,0.1000,,,241,11,240,0.5000,9.9,9.9,35.34,35.35,,,,,,,,,,
HH,SCOWCGFS,1,GB-SCT,748S,GOV,97,I2,P,139,139,2017,3,5,0911,G1Q1,30,D,58.8380,-4.7500,58.8480,-4.6960,46E5,84,V,74SC0108,1,1,R,5.2000,-9,,3371,240,28,,4.5000,1100,79.0,19.0,186,0.7000,,67,3.6000,,69,0.1000,,,130,7,135,1.0000,8.1,8.5,34.78,35.11,,,,,,,,,,
HH,SCOWCGFS,1,GB-SCT,748S,GOV,47,I2,P,79,79,2017,2,16,0743,G1Q1,30,D,58.8870,-4.0270,58.9050,-4.0760,46E5,75,V,74SC0057,1,1,R,5.9000,-9,,3742,248,28,,4.5000,1100,68.0,18.0,186,0.7000,,300,3.7000,,81,0.1000,,,180,7,180,0.5000,8.4,8.3,35.07,35.14,,,,,,,,,,
HH,SCOWCGFS,1,GB-SCT,748S,GOV,97,I2,P,87,87,2017,2,17,1737,R1Q1,30,D,59.1150,-7.1550,59.1010,-7.2040,47E2,185,V,74SC0063,1,1,R,5.2000,-9,,3519,570,28,,4.5000,1100,105.0,22.0,186,0.7000,,230,3.5000,,296,0.4000,,,185,15,185,1.0000,10.1,10.0,35.34,35.34,,,,,,,,,,
HH,SCOWCGFS,1,GB-SCT,748S,GOV,97,I2,P,81,81,2017,2,16,1333,G1Q1,30,D,59.1580,-4.8440,59.1870,-4.8640,47E5,106,V,74SC0059,1,1,R,5.5000,-9,,3523,350,28,,4.5000,1100,89.0,18.0,186,0.7000,,335,3.7000,,252,0.2000,,,318,11,318,0.5000,8.7,8.8,35.21,35.23,,,,,,,,,,
HH,SCOWCGFS,1,GB-SCT,748S,GOV,97,I2,P,80,80,2017,2,16,1014,G1Q1,30,D,59.1770,-4.2580,59.2070,-4.2730,47E5,100,V,74SC0058,1,1,R,5.8000,-9,,3543,320,28,,4.5000,1100,85.0,18.0,186,0.7000,,330,3.8000,,272,0.1000,,,320,5,321,0.3000,8.7,8.7,35.20,35.22,,,,,,,,,,
HH,SCOWCGFS,1,GB-SCT,748S,GOV,97,I2,P,86,86,2017,2,17,1536,R1Q1,30,D,59.2150,-6.8160,59.1970,-6.8630,47E3,168,V,74SC0000,1,1,R,5.5000,-9,,3668,530,28,,4.5000,1100,104.0,20.0,186,0.7000,,225,3.6000,,194,0.2000,,,180,12,180,0.5000,,,,,,,,,,,,,,
HH,SCOWCGFS,1,GB-SCT,748S,GOV,97,I2,P,85,85,2017,2,17,1401,R1Q1,30,D,59.2340,-6.8160,59.2190,-6.8670,47E3,200,I,74SC0000,0,0,R,5.3000,-9,,3661,630,28,,4.5000,1100,105.0,20.0,186,0.7000,,230,3.6000,,183,0.3000,,,181,12,180,0.6000,,,,,,,,,,,,,,
HH,SCOWCGFS,1,GB-SCT,748S,GOV,97,I2,P,84,84,2017,2,17,1017,WSQ1,30,D,59.2500,-6.0320,59.2250,-6.0660,47E3,100,V,74SC0062,1,1,R,5.8000,-9,,3652,330,28,,4.5000,1100,89.0,19.0,186,0.7000,,225,3.7000,,145,0.1000,,,170,12,168,0.5000,9.5,9.5,35.28,35.28,,,,,,,,,,
HH,SCOWCGFS,1,GB-SCT,748S,GOV,97,I2,P,83,83,2017,2,17,0739,WSQ1,30,D,59.3220,-5.5180,59.3170,-5.5770,47E4,108,V,74SC0061,1,1,R,5.4000,-9,,3599,340,28,,4.5000,1100,91.0,20.0,186,0.7000,,255,3.7000,,169,0.1000,,,190,10,190,0.5000,9.1,9.1,35.21,35.21,,,,,,,,,,
HH,SCOWCGFS,1,GB-SCT,748S,GOV,97,I2,P,82,82,2017,2,16,1634,WSQ1,30,D,59.4640,-4.8480,59.4940,-4.8350,47E5,138,V,74SC0060,1,1,R,5.5000,-9,,3495,437,28,,4.5000,1100,91.0,19.0,186,0.7000,,10,3.7000,,350,0.1000,,,340,11,340,0.5000,9.1,9.2,35.26,35.27,,,,,,,,,,
HH,SCOWCGFS,1,GB-SCT,748S,GOV,97,I2,P,77,77,2017,2,15,1439,WSQ1,30,D,59.6330,-4.8180,59.6340,-4.8800,48E5,132,V,74SC0055,1,1,R,5.2000,-9,,3478,425,28,,4.5000,1100,98.0,21.0,186,0.7000,,266,3.8000,,174,0.1000,,,200,6,200,0.3000,9.3,9.3,35.28,35.29,,,,,,,,,,
HH,SCOWCGFS,1,GB-SCT,748S,GOV,97,I2,P,78,78,2017,2,15,1658,R1Q1,30,D,59.6920,-5.2700,59.6910,-5.3320,48E4,140,V,74SC0056,1,1,R,5.1000,-9,,3548,460,28,,4.5000,1100,97.0,21.0,186,0.7000,,270,3.8000,,150,0.1000,,,150,6,150,0.2000,9.7,9.5,35.34,35.30,,,,,,,,,,
HH,SCOWCGFS,1,GB-SCT,748S,GOV,97,I2,P,76,76,2017,2,15,1108,R1Q1,30,D,59.9490,-4.8980,59.9330,-4.9480,48E5,197,V,74SC0054,1,1,R,5.1000,-9,,3661,620,28,,4.5000,1100,106.0,21.0,186,0.7000,,240,3.6000,,225,0.2000,,,205,10,205,1.0000,9.8,9.7,35.33,35.32,,,,,,,,,,
HH,SCOWCGFS,1,GB-SCT,748S,GOV,97,I2,P,75,75,2017,2,15,0746,R1Q1,30,D,60.0480,-4.1420,60.0410,-4.2000,49E5,163,V,74SC0053,1,1,R,5.4000,-9,,3534,520,28,,4.5000,1100,99.0,20.0,186,0.7000,,255,3.6000,,149,0.2000,,,230,6,230,0.3000,9.5,9.5,35.29,35.30,,,,,,,,,,
HH,SCOWCGFS,4,GB-SCT,748S,GOV,97,I2,P,435,435,2013,11,21,0721,R2Q4,30,D,56.7480,-9.0020,56.7760,-9.0190,42E0,180,V,,1,1,R,5.3000,-9,,3355,570,28,,4.5000,1100,107.0,19.0,186,0.7000,,345,3.7000,,160,0.2000,,,20,25,20,2.0000,,,,,,,,,,,,,,
HH,SCOWCGFS,4,GB-SCT,748S,GOV,97,I2,P,434,434,2013,11,20,1030,LBQ4,30,D,57.1110,-7.0280,57.0830,-7.0450,43E2,140,V,,1,1,R,4.3000,-9,,3262,450,28,,4.5000,1100,92.0,22.0,186,0.7000,,203,3.5000,,80,0.3000,,,358,45,355,2.5000,,,,,,,,,,,,,,
HH,SCOWCGFS,4,GB-SCT,748S,GOV,97,I2,P,437,437,2013,11,21,2258,G2Q4,30,D,57.3540,-8.7980,57.3790,-8.8350,43E1,135,V,,1,1,R,5.5000,-9,,3602,450,28,,4.5000,1100,99.0,17.0,186,0.7000,,325,3.9000,,268,0.1000,,,220,3,210,0.2000,,,,,,,,,,,,,,
HH,SCOWCGFS,4,GB-SCT,748S,GOV,97,I2,P,436,436,2013,11,21,1915,R1Q4,30,D,57.4960,-9.3870,57.5230,-9.4000,43E0,210,V,,1,1,R,5.2000,-9,,3135,640,28,,4.5000,1100,105.0,19.0,186,0.7000,,355,3.4000,,90,0.0000,,,280,5,315,1.5000,,,,,,,,,,,,,,
HH,SCOWCGFS,4,GB-SCT,748S,GOV,97,I2,P,429,429,2013,11,17,1828,B1Q4,30,D,57.5710,-6.7640,57.5500,-6.8020,44E3,160,V,,1,1,R,5.6000,-9,,3309,520,28,,4.5000,1100,93.0,20.0,186,0.7000,,220,3.5000,,191,0.1000,,,220,12,220,0.3000,,,,,,,,,,,,,,
HH,SCOWCGFS,4,GB-SCT,748S,GOV,97,I2,P,385,385,2016,11,18,0746,G1Q4,31,D,59.2570,-4.1330,59.2420,-4.1870,47E5,105,V,74SC0401,1,1,R,6.1000,-9,,3506,345,28,,4.5000,1100,81.0,16.0,186,0.7000,,238,3.8000,,150,0.1000,,,50,5,50,1.0000,11.3,11.3,34.96,35.00,,,,,,,,,,
HH,SCOWCGFS,4,GB-SCT,748S,GOV,97,I2,P,386,386,2016,11,18,1118,WSQ4,30,D,59.4260,-4.8710,59.4530,-4.8350,47E5,130,V,74SC0402,1,1,R,5.5000,-9,,3619,400,28,,4.5000,1100,91.0,18.0,186,0.7000,,30,3.9000,,311,0.2000,,,320,10,300,3.0000,11.3,11.3,35.11,35.12,,,,,,,,,,
HH,SCOWCGFS,4,GB-SCT,748S,GOV,97,I2,P,387,387,2016,11,18,1348,WSQ4,30,D,59.6320,-4.8000,59.6340,-4.8660,48E5,129,V,74SC0403,1,1,R,5.5000,-9,,3716,400,28,,4.5000,1100,95.0,19.0,186,0.7000,,278,4.0000,,182,0.1000,,,320,8,300,2.0000,11.2,11.1,35.13,35.15,,,,,,,,,,
HH,SCOWCGFS,4,GB-SCT,748S,GOV,97,I2,P,388,388,2016,11,18,1620,R1Q4,30,D,59.6740,-5.2290,59.6560,-5.2800,48E4,131,V,74SC0404,1,1,R,5.4000,-9,,3585,410,28,,4.5000,1100,96.0,19.0,186,0.7000,,230,3.9000,,303,0.2000,,,330,6,320,0.5000,11.0,10.9,35.15,35.19,,,,,,,,,,
HH,SCOWCGFS,4,GB-SCT,748S,GOV,97,I2,P,389,389,2016,11,19,0738,WSQ4,20,D,59.3860,-5.1610,59.3670,-5.1790,47E4,125,V,74SC0405,1,1,R,5.6000,-9,,2337,410,28,,4.5000,1100,93.0,18.0,186,0.7000,,215,3.8000,,215,0.1000,,,108,4,110,0.5000,11.0,11.1,35.13,35.18,,,,,,,,,,
HH,SCOWCGFS,4,GB-SCT,748S,GOV,97,I2,P,390,390,2016,11,19,0902,G1Q4,30,D,59.2540,-5.2540,59.2250,-5.2840,47E4,105,V,74SC0406,1,1,R,5.7000,-9,,3606,345,28,,4.5000,1100,84.0,17.0,186,0.7000,,206,3.9000,,24,0.2000,,,90,2,90,0.5000,11.3,11.3,35.08,35.11,,,,,,,,,,
HH,SCOWCGFS,4,GB-SCT,748S,GOV,97,I2,P,391,391,2016,11,19,1218,WSQ4,15,D,59.3040,-5.9020,59.3030,-5.9330,47E4,95,V,74SC0407,1,1,R,6.0000,-9,,1776,290,28,,4.5000,1100,86.0,17.0,186,0.7000,,270,3.9000,,16,0.2000,,,270,3,280,2.0000,11.2,11.2,35.12,35.14,,,,,,,,,,
HH,SCOWCGFS,4,GB-SCT,748S,GOV,97,I2,P,392,392,2016,11,19,1437,R1Q4,20,D,59.5270,-5.9490,59.5400,-5.9150,48E4,135,V,74SC0408,1,1,R,5.6000,-9,,2419,420,28,,4.5000,1100,99.0,19.0,186,0.7000,,50,3.9000,,206,0.2000,,,146,2,280,2.0000,11.0,11.0,35.13,35.18,,,,,,,,,,
HH,SCOWCGFS,4,GB-SCT,748S,GOV,97,I2,P,393,393,2016,11,20,0749,R1Q4,30,D,59.7040,-5.8840,59.7040,-5.9380,48E4,250,V,74SC0409,1,1,R,5.1000,-9,,2979,740,28,,4.5000,1100,109.0,21.0,186,0.7000,,275,3.9000,,170,0.1000,,,20,5,20,0.5000,10.9,10.2,35.17,35.30,,,,,,,,,,
HH,SCOWCGFS,4,GB-SCT,748S,GOV,97,I2,P,394,394,2016,11,20,0935,R1Q4,30,D,59.6910,-6.1270,59.6660,-6.0900,48E3,210,V,74SC0410,1,1,R,5.5000,-9,,3518,640,28,,4.5000,1100,108.0,20.0,186,0.7000,,148,3.8000,,123,0.1000,,,5,4,5,0.2000,10.9,10.4,35.18,35.29,,,,,,,,,,
HH,SCOWCGFS,4,GB-SCT,748S,GOV,97,I2,P,395,395,2016,11,20,1140,R1Q4,20,D,59.6070,-6.2780,59.5900,-6.3050,48E3,254,V,74SC0411,1,1,R,5.3000,-9,,2405,760,28,,4.5000,1100,109.0,21.0,186,0.7000,,225,3.9000,,287,0.2000,,,22,6,300,1.0000,10.9,10.1,35.18,35.32,,,,,,,,,,
HH,SCOWCGFS,4,GB-SCT,748S,GOV,97,I2,P,396,396,2016,11,20,1536,R1Q4,30,D,59.2080,-6.8320,59.1880,-6.8790,47E3,165,V,74SC0412,1,1,R,5.4000,-9,,3575,515,28,,4.5000,1100,104.0,20.0,186,0.7000,,230,3.8000,,301,0.2000,,,15,5,15,0.3000,11.1,10.3,35.08,35.35,,,,,,,,,,
HH,SCOWCGFS,4,GB-SCT,748S,GOV,97,I2,P,397,397,2016,11,21,0745,R1Q4,30,D,58.5890,-7.9610,58.5690,-8.0080,46E2,192,V,74SC0413,1,1,R,5.3000,-9,,3711,580,28,,4.5000,1100,103.0,20.0,186,0.7000,,240,3.8000,,9,0.1000,,,325,5,325,0.5000,10.8,10.2,35.21,35.36,,,,,,,,,,
HH,SCOWCGFS,4,GB-SCT,748S,GOV,97,I2,P,398,398,2016,11,21,0954,R1Q4,15,D,58.3590,-7.8550,58.3470,-7.8760,45E2,123,V,74SC0414,1,1,R,5.9000,-9,,1804,370,28,,4.5000,1100,94.0,17.0,186,0.7000,,225,4.0000,,265,0.2000,,,325,6,325,0.2000,11.2,11.1,35.15,35.21,,,,,,,,,,
HH,SCOWCGFS,4,GB-SCT,748S,GOV,97,I2,P,399,399,2016,11,21,1329,G1Q4,30,D,58.3170,-7.1240,58.2900,-7.1570,45E2,120,V,74SC0415,1,1,R,5.2000,-9,,3601,370,28,,4.5000,1100,95.0,20.0,186,0.7000,,215,3.9000,,281,0.1000,,,307,5,280,1.0000,11.2,11.4,34.88,35.09,,,,,,,,,,
HH,SCOWCGFS,4,GB-SCT,748S,GOV,97,I2,P,400,400,2016,11,21,1546,G1Q4,30,D,58.1250,-7.3610,58.0990,-7.3980,45E2,95,V,74SC0416,1,1,R,6.0000,-9,,3667,290,28,,4.5000,1100,83.0,17.0,186,0.7000,,215,4.0000,,220,0.1000,,,351,5,350,0.3000,11.2,11.5,34.92,35.05,,,,,,,,,,
HH,SCOWCGFS,4,GB-SCT,748S,GOV,97,I2,P,401,401,2016,11,22,1316,G2Q4,23,D,57.6660,-8.9570,57.6900,-8.9490,44E1,145,V,,1,1,R,5.8000,-9,,2674,447,28,,4.5000,1100,101.0,20.0,186,0.7000,,8,3.8000,,152,0.2000,,,1,13,0,2.5000,,,,,,,,,,,,,,
HH,SCOWCGFS,4,GB-SCT,748S,GOV,97,I2,P,402,402,2016,11,22,1453,G2Q4,30,D,57.6630,-8.8250,57.6870,-8.8020,44E1,164,V,74SC0418,1,1,R,5.6000,-9,,3432,505,28,,4.5000,1100,101.0,19.0,186,0.7000,,16,3.7000,,20,0.1000,,,10,15,0,2.0000,11.4,11.0,35.14,35.20,,,,,,,,,,
HH,SCOWCGFS,4,GB-SCT,748S,GOV,97,I2,P,403,403,2016,11,23,0753,R2Q4,4,D,56.8870,-9.0580,56.8830,-9.0570,42E0,190,I,74SC0419,0,0,R,5.3000,-9,,397,570,28,,4.5000,1100,102.0,19.0,186,0.7000,,170,3.8000,,43,0.1000,,,140,2,,2.0000,10.8,10.5,35.23,35.36,,,,,,,,,,
HH,SCOWCGFS,4,GB-SCT,748S,GOV,97,I2,P,404,404,2016,11,23,0941,R2Q4,25,D,56.8100,-8.6580,56.8000,-8.6130,42E1,125,V,74SC0420,1,1,R,5.3000,-9,,2965,380,28,,4.5000,1100,96.0,20.0,186,0.7000,,105,3.8000,,20,0.2000,,,160,2,160,0.1000,11.2,10.5,35.12,35.25,,,,,,,,,,
HH,SCOWCGFS,4,GB-SCT,748S,GOV,97,I2,P,405,405,2016,11,23,1225,G2Q4,30,D,56.8100,-8.3220,56.7850,-8.2840,42E1,135,V,74SC0421,1,1,R,5.6000,-9,,3611,420,28,,4.5000,1100,93.0,18.0,186,0.7000,,137,3.9000,,136,0.1000,,,240,3,280,0.5000,11.2,10.3,35.08,35.27,,,,,,,,,,
HH,SCOWCGFS,4,GB-SCT,748S,GOV,97,I2,P,406,406,2016,11,23,1424,R2Q4,30,D,56.6020,-8.1800,56.5880,-8.1260,42E1,154,V,74SC0422,1,1,R,5.3000,-9,,3637,475,28,,4.5000,1100,96.0,18.0,186,0.7000,,120,4.0000,,214,0.1000,,,186,3,280,0.5000,11.5,10.2,34.86,35.27,,,,,,,,,,
HH,SCOWCGFS,4,GB-SCT,748S,GOV,97,I2,P,407,407,2016,11,24,0803,R2Q4,30,D,56.3060,-8.1100,56.2830,-8.1510,41E1,178,V,74SC0423,1,1,R,5.3000,-9,,3570,540,28,,4.5000,1100,98.0,19.0,186,0.7000,,228,3.8000,,146,0.1000,,,230,5,229,0.1000,11.3,10.9,35.14,35.24,,,,,,,,,,
HH,SCOWCGFS,4,GB-SCT,748S,GOV,97,I2,P,408,408,2016,11,24,1017,R2Q4,30,D,56.3330,-8.4660,56.3550,-8.5060,41E1,155,V,74SC0424,1,1,R,5.6000,-9,,3488,495,28,,4.5000,1100,96.0,18.0,186,0.7000,,315,3.8000,,146,0.2000,,,250,3,240,0.2000,11.2,11.1,35.16,35.27,,,,,,,,,,
HH,SCOWCGFS,4,GB-SCT,748S,GOV,110,I2,P,480,1,2012,11,14,0722,G1Q4,30,D,59.1750,-4.0342,59.2042,-4.0277,47E5,110,V,74SC0493,1,1,C,5.2000,-9,,3280,360,28,,4.5000,1100,90.0,18.0,186,0.7000,,345,3.5000,,330,0.2000,,,230,13,50,2.0000,,,,,,,,,,,,,,
HH,SCOWCGFS,4,GB-SCT,748S,GOV,110,I2,P,481,2,2012,11,14,1113,G1Q4,30,D,58.7178,-4.3288,58.7168,-4.3858,46E5,80,V,74SC0494,1,1,C,5.2000,-9,,3275,290,28,,4.5000,1100,85.0,18.0,186,0.7000,,260,3.6000,,230,0.1000,,,235,10,45,1.5000,,,,,,,,,,,,,,
HH,SCOWCGFS,4,GB-SCT,748S,GOV,110,I2,P,482,3,2012,11,14,1433,G1Q4,30,D,58.8685,-5.0800,58.8563,-5.1298,46E4,80,V,74SC0495,1,1,C,5.5000,-9,,3096,290,28,,4.5000,1100,81.0,18.0,186,0.7000,,250,3.4000,,90,0.2000,,,245,13,45,2.0000,,,,,,,,,,,,,,
HH,SCOWCGFS,4,GB-SCT,748S,GOV,110,I2,P,483,4,2012,11,14,1802,G1Q4,30,D,58.8548,-5.7035,58.8460,-5.7568,46E4,98,V,74SC0496,1,1,C,5.0000,-9,,3284,330,28,,4.5000,1100,94.0,18.0,186,0.7000,,250,3.5000,,35,0.1000,,,230,13,45,2.0000,,,,,,,,,,,,,,
HH,SCOWCGFS,4,GB-SCT,748S,GOV,110,I2,P,484,5,2012,11,15,0700,R1Q4,30,D,60.0097,-4.0448,59.9885,-4.0807,49E5,120,V,74SC0497,1,1,C,4.9000,-9,,3101,390,28,,4.5000,1100,95.0,19.0,186,0.7000,,230,3.4000,,35,0.2000,,,230,21,35,3.0000,,,,,,,,,,,,,,
HH,SCOWCGFS,4,GB-SCT,748S,GOV,110,I2,P,485,6,2012,11,15,1026,R1Q4,30,D,59.8887,-4.6245,59.8767,-4.6695,48E5,140,V,74SC0498,1,1,C,5.3000,-9,,2850,410,28,,4.5000,1100,94.0,18.0,186,0.7000,,240,3.0000,,220,0.2000,,,230,21,30,3.0000,,,,,,,,,,,,,,
HH,SCOWCGFS,4,GB-SCT,748S,GOV,110,I2,P,486,7,2012,11,15,1606,WSQ4,30,D,59.3763,-5.1700,59.3528,-5.1957,47E4,125,V,74SC0499,1,1,C,4.9000,-9,,3021,330,28,,4.5000,1100,92.0,18.0,186,0.7000,,206,3.0000,,220,0.2000,,,210,21,35,3.0000,,,,,,,,,,,,,,
HH,SCOWCGFS,4,GB-SCT,748S,GOV,110,I2,P,487,8,2012,11,15,1837,G1Q4,30,D,59.2238,-5.0270,59.2088,-5.0678,47E4,100,V,74SC0500,1,1,C,5.0000,-9,,2859,330,28,,4.5000,1100,91.0,18.0,186,0.7000,,230,3.2000,,30,0.2000,,,230,23,35,3.0000,,,,,,,,,,,,,,
HH,SCOWCGFS,4,GB-SCT,748S,GOV,110,I2,P,488,9,2012,11,16,0527,B1Q4,30,N,58.5033,-5.7850,58.5003,-5.8410,46E4,103,V,74SC0501,1,1,C,4.9000,-9,,3265,140,28,,4.5000,1100,90.0,18.0,186,0.7000,,265,3.5000,,210,0.1000,,,230,10,20,0.5000,,,,,,,,,,,,,,
HH,SCOWCGFS,4,GB-SCT,748S,GOV,110,I2,P,489,10,2012,11,16,0732,B1Q4,30,D,58.2780,-5.9358,58.2535,-5.9620,45E4,110,V,74SC0502,1,1,C,4.3000,-9,,3127,360,28,,4.5000,1100,87.0,22.0,186,0.7000,,210,3.4000,,20,0.1000,,,235,9,20,0.5000,,,,,,,,,,,,,,
HH,SCOWCGFS,4,GB-SCT,748S,GOV,110,I2,P,490,11,2012,11,16,0958,B1Q4,30,D,58.0140,-5.8848,57.9922,-5.8538,45E4,90,V,74SC0503,1,1,C,4.9000,-9,,3056,320,28,,4.5000,1100,88.0,19.0,186,0.7000,,160,3.3000,,10,0.2000,,,230,8,20,0.5000,,,,,,,,,,,,,,
HH,SCOWCGFS,4,GB-SCT,748S,GOV,110,I2,P,491,12,2012,11,17,0659,WSQ4,30,D,59.4032,-5.3893,59.4010,-5.4433,47E4,115,V,74SC0504,1,1,C,4.9000,-9,,3085,375,28,,4.5000,1100,93.0,21.0,186,0.7000,,260,3.3000,,35,0.1000,,,260,15,45,1.5000,,,,,,,,,,,,,,
HH,SCOWCGFS,4,GB-SCT,748S,GOV,110,I2,P,492,13,2012,11,17,0921,WSQ4,30,D,59.3725,-5.8513,59.3682,-5.9058,47E4,128,V,74SC0505,1,1,C,4.9000,-9,,3167,405,28,,4.5000,1100,97.0,19.0,186,0.7000,,260,3.4000,,35,0.2000,,,250,15,45,2.0000,,,,,,,,,,,,,,
HH,SCOWCGFS,4,GB-SCT,748S,GOV,110,I2,P,493,14,2012,11,17,1237,R1Q4,30,D,59.4703,-6.4273,59.4508,-6.4692,47E3,215,V,74SC0506,1,1,C,4.9000,-9,,3216,640,28,,4.5000,1100,106.0,19.0,186,0.7000,,215,3.5000,,35,0.2000,,,230,15,40,2.0000,,,,,,,,,,,,,,
HH,SCOWCGFS,4,GB-SCT,748S,GOV,-9,-9,-9,494,15,2012,11,17,1544,WSQ4,30,D,59.2077,-6.1252,59.1965,-6.1753,47E3,110,I,,1,1,C,,-9,,,,,,,,,19.0,,,,237,3.4000,,128,0.3000,,,225,18,30,2.0000,,,,,,,,,,,,,,
HH,SCOWCGFS,4,GB-SCT,748S,GOV,110,I2,P,495,16,2012,11,18,0712,R1Q4,30,D,59.0693,-6.5332,59.0403,-6.5338,47E3,130,V,74SC0507,1,1,C,5.1000,-9,,3231,360,28,,4.5000,1100,95.0,19.0,186,0.7000,,196,3.5000,,210,0.3000,,,270,13,90,2.0000,,,,,,,,,,,,,,
HH,SCOWCGFS,4,GB-SCT,748S,GOV,110,I2,P,496,17,2012,11,18,0912,G1Q4,30,D,58.9147,-6.6777,58.8912,-6.7107,46E3,130,V,74SC0508,1,1,C,5.4000,-9,,3263,420,28,,4.5000,1100,96.0,19.0,186,0.7000,,230,3.5000,,240,0.1000,,,290,13,90,2.0000,,,,,,,,,,,,,,
HH,SCOWCGFS,4,GB-SCT,748S,GOV,110,I2,P,497,18,2012,11,18,1241,G1Q4,30,D,58.7223,-7.2672,58.7217,-7.3248,46E2,104,V,74SC0509,1,1,C,5.4000,-9,,3320,340,28,,4.5000,1100,90.0,17.0,186,0.7000,,264,3.6000,,300,0.1000,,,240,13,70,1.5000,,,,,,,,,,,,,,
HH,SCOWCGFS,4,GB-SCT,748S,GOV,110,I2,P,498,19,2012,11,18,1512,R1Q4,30,D,58.7138,-7.7417,58.6965,-7.7853,46E2,240,V,74SC0510,1,1,C,4.7000,-9,,3189,750,28,,4.5000,1100,109.0,22.0,186,0.7000,,234,3.5000,,123,0.2000,,,260,13,70,1.5000,,,,,,,,,,,,,,
HH,SCOWCGFS,1,GB-SCT,748S,GOV,47,I2,P,86,86,2018,2,18,1619,G1Q1,30,D,59.0300,-5.9400,59.0000,-5.9340,47E4,78,V,,1,1,R,5.6000,-9,,3313,270,28,,4.5000,1100,71.0,19.0,186,0.7000,,163,3.6000,,200,0.1000,,,150,10,180,3.0000,,,,,,,,,,,,,,
HH,SCOWCGFS,1,GB-SCT,748S,GOV,97,I2,P,87,87,2018,2,18,1825,G1Q1,30,N,58.8810,-5.6800,58.8700,-5.7350,46E4,105,V,74SC0067,1,1,R,5.7000,-9,,3368,340,28,,4.5000,1100,93.0,20.0,186,0.7000,,247,3.6000,,170,0.1000,,,115,8,180,2.0000,7.3,7.8,34.91,35.10,,,,,,,,,,
HH,SCOWCGFS,1,GB-SCT,748S,GOV,97,I2,P,88,88,2018,2,19,0723,G1Q1,30,D,58.8210,-6.6960,58.7900,-6.6920,46E3,140,V,74SC0068,1,1,R,5.8000,-9,,3436,450,28,,4.5000,1100,96.0,20.0,186,0.7000,,185,3.7000,,100,0.4000,,,220,8,220,2.0000,8.8,8.7,35.27,35.25,,,,,,,,,,
HH,SCOWCGFS,1,GB-SCT,748S,GOV,97,I2,P,89,89,2018,2,19,1010,G1Q1,30,D,58.9490,-7.2130,58.9760,-7.2450,46E2,150,V,74SC0069,1,1,R,5.2000,-9,,3461,480,28,,4.5000,1100,104.0,22.0,186,0.7000,,335,3.8000,,170,0.6000,,,260,8,220,2.0000,9.1,8.9,35.28,35.29,,,,,,,,,,
HH,SCOWCGFS,1,GB-SCT,748S,GOV,97,I2,P,90,90,2018,2,19,1258,G1Q1,30,D,58.7210,-7.3160,58.7210,-7.2580,46E2,103,V,74SC0070,1,1,R,6.0000,-9,,3377,340,28,,4.5000,1100,88.0,18.0,186,0.7000,,93,3.7000,,300,0.4000,,,250,8,240,2.0000,8.5,8.5,35.25,35.24,,,,,,,,,,
HH,SCOWCGFS,1,GB-SCT,748S,GOV,97,I2,P,122,122,2017,3,2,0738,G2Q1,30,D,54.6840,-9.5710,54.6610,-9.6030,38E0,102,V,74SC0097,1,1,R,5.5000,-9,,3329,330,28,,4.5000,1100,90.0,20.0,186,0.7000,,230,3.6000,,174,0.2000,,,285,13,285,1.0000,9.5,9.4,35.21,35.20,,,,,,,,,,
HH,SCOWCGFS,1,GB-SCT,748S,GOV,97,I2,P,123,123,2017,3,2,1023,R3Q1,20,D,54.8490,-9.8960,54.8400,-9.9280,38E0,106,V,74SC0098,1,1,R,5.5000,-9,,2292,330,28,,4.5000,1100,93.0,20.0,186,0.7000,,235,3.8000,,332,0.1000,,,260,13,260,1.2000,9.9,10.0,35.27,35.28,,,,,,,,,,
HH,SCOWCGFS,1,GB-SCT,748S,GOV,97,I2,P,124,124,2017,3,2,1255,R3Q1,30,D,54.9260,-9.6250,54.9020,-9.6590,38E0,96,I,,0,0,R,5.6000,-9,,3487,310,28,,4.5000,1100,92.0,21.0,186,0.7000,,230,3.8000,,48,0.3000,,,255,8,255,1.0000,,,,,,,,,,,,,,
HH,SCOWCGFS,1,GB-SCT,748S,GOV,97,I2,P,125,125,2017,3,2,1613,G2Q1,30,D,55.1130,-9.0960,55.1420,-9.0800,39E0,96,V,74SC0000,1,1,R,5.7000,-9,,3379,305,28,,4.5000,1100,91.0,20.0,186,0.7000,,10,3.7000,,340,0.1000,,,212,6,205,0.5000,,,,,,,,,,,,,,
HH,SCOWCGFS,1,GB-SCT,748S,GOV,97,I2,P,113,113,2017,2,24,0723,CLQ1,30,D,55.1920,-5.5760,55.1990,-5.6250,39E4,120,V,74SC0088,1,1,R,6.2000,-9,,3261,355,28,,4.5000,1100,90.0,20.0,186,0.7000,,290,3.5000,,130,0.7000,,,312,6,312,0.2000,8.2,8.3,34.04,34.14,,,,,,,,,,
HH,SCOWCGFS,1,GB-SCT,748S,GOV,97,I2,P,126,126,2017,3,2,1841,R3Q1,16,D,55.3140,-9.3620,55.3080,-9.3890,39E0,107,V,74SC0099,1,1,R,5.5000,-9,,1825,340,28,,4.5000,1100,94.0,20.0,186,0.7000,,255,3.7000,,120,0.1000,,,175,8,172,0.5000,10.2,10.2,35.37,35.38,,,,,,,,,,
HH,SCOWCGFS,1,GB-SCT,748S,GOV,47,I2,P,114,114,2017,2,24,1101,CLQ1,30,D,55.4330,-4.8620,55.4560,-4.8280,39E5,70,V,74SC0089,1,1,R,5.4000,-9,,3364,210,28,,4.5000,1100,64.0,20.0,186,0.7000,,50,3.6000,,280,0.2000,,,222,4,222,0.1000,7.9,8.2,32.64,34.03,,,,,,,,,,
HH,SCOWCGFS,1,GB-SCT,748S,GOV,97,I2,P,117,117,2017,2,26,1000,PQ1,30,D,55.5240,-5.9750,55.4930,-5.9750,40E4,93,V,74SC0092,1,1,R,5.3000,-9,,3376,300,28,,4.5000,1100,85.0,19.0,186,0.7000,,185,3.7000,,185,0.2000,,,180,9,180,0.3000,8.2,8.3,34.36,34.36,,,,,,,,,,
HH,SCOWCGFS,1,GB-SCT,748S,GOV,47,I2,P,118,118,2017,2,26,1431,PQ1,22,D,55.6530,-6.4650,55.6310,-6.4660,40E3,75,V,74SC0093,1,1,R,6.2000,-9,,2385,210,28,,4.5000,1100,63.0,20.0,186,0.7000,,186,3.6000,,140,0.2000,,,265,18,261,0.5000,8.3,8.4,34.39,34.39,,,,,,,,,,
HH,SCOWCGFS,1,GB-SCT,748S,GOV,97,I2,P,115,115,2017,2,24,1427,CLQ1,30,D,55.6900,-5.1180,55.7090,-5.1600,40E4,170,V,74SC0090,1,1,R,4.6000,-9,,3388,455,28,,4.5000,1100,83.0,23.0,186,0.7000,,305,3.7000,,186,0.2000,,,205,5,204,0.1000,8.1,8.1,33.07,33.92,,,,,,,,,,
HH,SCOWCGFS,1,GB-SCT,748S,GOV,47,I2,P,119,119,2017,2,26,1748,PQ1,30,D,55.7290,-6.9710,55.7510,-7.0050,40E3,50,V,74SC0094,1,1,R,6.3000,-9,,3246,170,28,,4.5000,1100,58.0,18.0,186,0.7000,,310,3.5000,,163,0.4000,,,220,18,221,1.0000,8.4,8.4,34.72,34.73,,,,,,,,,,
HH,SCOWCGFS,1,GB-SCT,748S,GOV,97,I2,P,116,116,2017,2,26,0741,PQ1,30,D,55.7660,-5.7800,55.7380,-5.8030,40E4,100,V,74SC0091,1,1,R,4.2000,-9,,3420,317,28,,4.5000,1100,85.0,25.0,186,0.7000,,210,3.7000,,129,0.2000,,,189,13,189,0.5000,8.2,8.3,34.29,34.30,,,,,,,,,,
HH,SCOWCGFS,1,GB-SCT,748S,GOV,97,I2,P,61,61,2015,2,17,0802,G1Q1,30,D,58.7180,-4.3150,58.7160,-4.3750,46E5,85,V,74SC0050,1,1,R,5.6000,-9,,3475,300,28,,4.5000,1100,87.0,18.0,186,0.7000,,270,3.8000,,,0.1000,,,260,23,90,5.0000,,,,,,,,,,,,,,
HH,SCOWCGFS,1,GB-SCT,748S,GOV,47,I2,P,62,62,2015,2,17,1010,G1Q1,30,D,58.6580,-4.6280,58.6420,-4.6800,46E5,58,V,74SC0051,1,1,R,6.0000,-9,,3544,210,28,,4.5000,1100,66.0,17.0,186,0.7000,,245,3.9000,,200,0.2000,,,250,19,250,3.0000,,,,,,,,,,,,,,
HH,SCOWCGFS,1,GB-SCT,748S,GOV,97,I2,P,63,63,2015,2,17,1010,G1Q1,30,D,58.8260,-4.8520,58.8210,-4.9070,46E5,90,V,74SC0052,1,1,R,5.6000,-9,,3232,290,28,,4.5000,1100,81.0,20.0,186,0.7000,,245,3.5000,,120,0.1000,,,245,21,245,3.0000,,,,,,,,,,,,,,
HH,SCOWCGFS,1,GB-SCT,748S,GOV,97,I2,P,64,64,2015,2,17,1701,B2Q1,30,D,58.6790,-5.3930,58.6670,-5.4450,46E4,95,V,74SC0053,1,1,R,5.7000,-9,,3375,310,28,,4.5000,1100,87.0,18.0,186,0.7000,,250,3.6000,,20,0.2000,,,215,18,85,5.0000,,,,,,,,,,,,,,
HH,SCOWCGFS,1,GB-SCT,748S,GOV,97,I2,P,65,65,2015,2,18,0745,B2Q1,30,D,57.7620,-5.9910,57.7310,-5.9830,44E4,157,V,74SC0054,1,1,R,4.8000,-9,,3423,480,28,,4.5000,1100,91.0,23.0,186,0.7000,,185,3.7000,,90,0.4000,,,210,21,220,2.0000,,,,,,,,,,,,,,
HH,SCOWCGFS,1,GB-SCT,748S,GOV,97,I2,P,66,66,2015,2,18,1034,B2Q1,30,D,58.0190,-5.8790,57.9900,-5.9000,45E4,88,V,74SC0055,1,1,R,5.4000,-9,,3395,300,28,,4.5000,1100,91.0,19.0,186,0.7000,,207,3.7000,,330,0.2000,,,210,20,210,3.0000,,,,,,,,,,,,,,
HH,SCOWCGFS,1,GB-SCT,748S,GOV,97,I2,P,67,67,2015,2,18,1340,B2Q1,30,D,58.1850,-6.0010,58.1550,-6.0070,45E3,121,V,74SC0056,1,1,R,4.7000,-9,,3370,390,28,,4.5000,1100,92.0,23.0,186,0.7000,,195,3.6000,,295,0.3000,,,205,23,160,3.0000,,,,,,,,,,,,,,
HH,SCOWCGFS,1,GB-SCT,748S,GOV,97,I2,P,68,68,2015,2,18,1649,B2Q1,30,D,58.4040,-5.9050,58.3750,-5.9270,45E4,105,V,74SC0057,1,1,R,5.2000,-9,,3453,360,28,,4.5000,1100,97.0,20.0,186,0.7000,,205,3.8000,,196,0.1000,,,205,23,160,3.0000,,,,,,,,,,,,,,
HH,SCOWCGFS,1,GB-SCT,748S,GOV,97,I2,P,69,69,2015,2,19,0736,G1Q1,30,D,58.7780,-6.1590,58.7920,-6.2110,46E3,120,V,74SC0058,1,1,R,5.4000,-9,,3348,390,28,,4.5000,1100,91.0,18.0,186,0.7000,,290,3.7000,,250,0.2000,,,230,21,45,3.0000,,,,,,,,,,,,,,
HH,SCOWCGFS,1,GB-SCT,748S,GOV,97,I2,P,70,70,2015,2,19,1034,G1Q1,30,D,59.0230,-5.8690,59.0030,-5.9150,47E4,84,V,74SC0059,1,1,R,5.5000,-9,,3503,280,28,,4.5000,1100,87.0,18.0,186,0.7000,,229,3.8000,,143,0.3000,,,236,20,230,4.0000,,,,,,,,,,,,,,
HH,SCOWCGFS,1,GB-SCT,748S,GOV,97,I2,P,71,71,2015,2,19,1439,WSQ1,30,D,59.3030,-5.4400,59.2970,-5.4950,47E4,106,V,74SC0060,1,1,R,5.2000,-9,,3211,345,28,,4.5000,1100,88.0,20.0,186,0.7000,,245,3.5000,,14,0.2000,,,230,21,230,3.0000,,,,,,,,,,,,,,
HH,SCOWCGFS,1,GB-SCT,748S,GOV,97,I2,P,91,91,2018,2,19,1456,G1Q1,30,D,58.5990,-7.1470,58.5690,-7.1300,46E2,97,V,74SC0071,1,1,R,5.7000,-9,,3475,330,28,,4.5000,1100,91.0,20.0,186,0.7000,,170,3.8000,,230,0.4000,,,250,9,230,2.0000,8.2,8.2,35.18,35.19,,,,,,,,,,
HH,SCOWCGFS,1,GB-SCT,748S,GOV,97,I2,P,92,92,2018,2,19,1713,G1Q1,30,D,58.4810,-7.4760,58.4600,-7.5180,45E2,118,V,74SC0072,1,1,R,5.2000,-9,,3364,390,28,,4.5000,1100,97.0,20.0,186,0.7000,,240,3.6000,,170,0.1000,,,250,8,250,2.0000,8.6,8.5,35.25,35.26,,,,,,,,,,
HH,SCOWCGFS,1,GB-SCT,748S,GOV,97,I2,P,93,93,2018,2,20,0721,G1Q1,20,D,57.9550,-8.2370,57.9730,-8.2550,44E1,143,V,74SC0073,1,1,R,5.0000,-9,,2195,450,28,,4.5000,1100,101.0,22.0,186,0.7000,,320,3.6000,,150,0.2000,,,300,10,300,3.0000,8.6,8.6,35.23,35.24,,,,,,,,,,
HH,SCOWCGFS,1,GB-SCT,748S,GOV,47,I2,P,127,127,2018,3,2,1731,CLQ1,30,D,55.2780,-5.3210,55.2740,-5.3730,39E4,47,V,74SC0102,1,1,R,5.9000,-9,,3399,180,28,,4.5000,1100,64.0,19.0,186,0.7000,,263,3.6000,,100,0.1000,,,95,18,95,2.0000,6.4,6.5,33.13,33.33,,,,,,,,,,
HH,SCOWCGFS,1,GB-SCT,748S,GOV,47,I2,P,128,128,2018,3,3,1125,B2Q1,30,D,56.1750,-6.8510,56.2000,-6.8190,41E3,76,V,74SC0103,1,1,R,5.7000,-9,,3382,270,28,,4.5000,1100,70.0,19.0,186,0.7000,,42,3.7000,,210,0.4000,,,80,10,80,2.0000,7.4,7.6,35.05,35.11,,,,,,,,,,
HH,SCOWCGFS,1,GB-SCT,748S,GOV,97,I2,P,129,129,2018,3,3,1517,LBQ1,30,D,56.5230,-7.4180,56.5460,-7.3820,42E2,156,V,74SC0104,1,1,R,4.7000,-9,,3409,500,28,,4.5000,1100,102.0,21.0,186,0.7000,,47,3.7000,,90,0.2000,,,100,13,90,2.0000,7.8,8.2,34.99,35.12,,,,,,,,,,
HH,SCOWCGFS,1,GB-SCT,748S,GOV,97,I2,P,130,130,2018,3,3,1721,LBQ1,30,D,56.6270,-7.1190,56.6470,-7.0790,42E2,138,V,74SC0105,1,1,R,5.1000,-9,,3341,450,28,,4.5000,1100,99.0,20.0,186,0.7000,,58,3.6000,,30,0.4000,,,75,10,80,2.0000,7.2,7.8,34.90,35.03,,,,,,,,,,
HH,SCOWCGFS,1,GB-SCT,748S,GOV,97,I2,P,131,131,2018,3,4,0723,LBQ1,30,D,56.9420,-6.5780,56.9120,-6.5770,42E3,94,V,74SC0106,1,1,R,5.0000,-9,,3334,330,28,,4.5000,1100,77.0,22.0,186,0.7000,,180,3.6000,,30,0.4000,,,120,8,90,1.0000,6.9,7.6,34.66,34.96,,,,,,,,,,
HH,SCOWCGFS,1,GB-SCT,748S,GOV,97,I2,P,132,132,2018,3,4,1446,LBQ1,30,D,56.9920,-7.1640,57.0210,-7.1410,42E2,180,V,,1,1,R,4.9000,-9,,3479,585,28,,4.5000,1100,108.0,22.0,186,0.7000,,30,3.8000,,240,0.4000,,,80,8,80,2.0000,,,,,,,,,,,,,,
HH,SCOWCGFS,1,GB-SCT,748S,GOV,97,I2,P,133,133,2018,3,4,1757,LBQ1,18,D,57.4510,-6.9580,57.4680,-6.9500,43E3,190,I,,0,0,R,4.4000,-9,,1942,590,28,,4.5000,1100,104.0,23.0,186,0.7000,,40,3.6000,,10,0.5000,,,81,8,80,2.0000,,,,,,,,,,,,,,
HH,SCOWCGFS,1,GB-SCT,748S,GOV,97,I2,P,120,120,2017,2,27,0744,B2Q1,30,D,55.7920,-8.2700,55.7660,-8.2950,40E1,132,V,74SC0095,1,1,R,5.2000,-9,,3246,440,28,,4.5000,1100,94.0,20.0,186,0.7000,,211,3.5000,,10,0.3000,,,230,10,233,2.0000,10.0,9.8,35.37,35.35,,,,,,,,,,
HH,SCOWCGFS,1,GB-SCT,748S,GOV,110,I2,P,138,63,2013,3,8,1132,LBQ1,30,D,56.4448,-7.9342,56.4503,-7.8832,41E2,176,V,74SC0116,1,1,C,4.7000,-9,,3301,500,28,,4.5000,1100,109.0,22.0,186,0.7000,,86,3.6000,3.6000,336,0.2000,,,80,26,80,4.0000,,,,,,,,,,,,,,
HH,SCOWCGFS,1,GB-SCT,748S,GOV,110,I2,P,139,64,2013,3,9,0710,B2Q1,30,D,57.5803,-6.7477,57.6082,-6.7262,44E3,180,V,74SC0117,1,1,C,4.7000,-9,,3334,540,28,,4.5000,1100,93.0,21.0,186,0.7000,,42,3.6000,3.6000,301,0.2000,,,45,14,45,0.8000,,,,,,,,,,,,,,
HH,SCOWCGFS,1,GB-SCT,748S,GOV,110,I2,P,140,65,2013,3,9,1133,B2Q1,30,D,57.9265,-6.2092,57.9557,-6.2265,44E3,85,V,74SC0118,1,1,C,5.1000,-9,,3408,280,28,,4.5000,1100,90.0,20.0,186,0.7000,,352,3.7000,3.7000,235,0.4000,,,45,25,45,1.4000,,,,,,,,,,,,,,
HH,SCOWCGFS,1,GB-SCT,748S,GOV,110,I2,P,141,66,2013,3,9,1439,B2Q1,30,D,57.7402,-5.9822,57.7708,-5.9963,44E4,150,V,74SC0119,1,1,C,4.3000,-9,,3492,480,28,,4.5000,1100,96.0,24.0,186,0.7000,,353,3.8000,3.8000,135,0.1000,,,80,13,90,0.5000,,,,,,,,,,,,,,
RecordType,Quarter,Country,Ship,Gear,Survey,Reserved1,Reserved2,StNo,HaulNo,Year,LTREF,PARAM,LTSZC,UnitWgt,LT_Weight,UnitItem,LT_Items,LTSRC,TYPPL,LTPRP
LT,4,GB-SCT,748S,GOV,SCOWCGFS,,,446,446,2015,C-TS-REV,A7,A,kg/haul,0.0020,items/haul,1,UNK,PE,CL7
LT,1,GB-SCT,748S,GOV,SCOWCGFS,,,127,127,2019,C-TS-REV,A14,C,kg/haul,0.0260,items/haul,1,LB,PE,CL1~AO
LT,1,GB-SCT,748S,GOV,SCOWCGFS,,,106,106,2020,C-TS-REV,A8,B,kg/haul,0.0200,items/haul,1,SBF,PE,CL8
LT,1,GB-SCT,748S,GOV,SCOWCGFS,,,90,90,2020,C-TS-REV,A8,B,kg/haul,0.0800,items/haul,1,UNK,PE,CL4~AO
LT,4,GB-SCT,748S,GOV,SCOWCGFS,,,397,397,2019,C-TS-REV,A8,A,kg/haul,0.0010,items/haul,1,SBF,PE,-9
LT,4,GB-SCT,748S,GOV,SCOWCGFS,,,387,387,2019,C-TS-REV,A8,A,kg/haul,0.0010,items/haul,1,UNK,PE,-9
LT,1,GB-SCT,748S,GOV,SCOWCGFS,,,96,96,2020,RECO-LT,LT-TOT,-9,-9,-9.0000,items/haul,0,-9,-9,-9
LT,1,GB-SCT,748S,GOV,SCOWCGFS,,,97,97,2020,RECO-LT,LT-TOT,-9,-9,-9.0000,items/haul,0,-9,-9,-9
LT,4,GB-SCT,748S,GOV,SCOWCGFS,,,435,435,2013,RECO-LT,LT-TOT,-9,-9,-9.0000,items/haul,0,-9,-9,-9
LT,4,GB-SCT,748S,GOV,SCOWCGFS,,,436,436,2013,RECO-LT,LT-TOT,-9,-9,-9.0000,items/haul,0,-9,-9,-9
LT,1,GB-SCT,748S,GOV,SCOWCGFS,,,84,84,2020,RECO-LT,LT-TOT,-9,-9,-9.0000,items/haul,0,-9,-9,-9
LT,1,GB-SCT,748S,GOV,SCOWCGFS,,,88,88,2020,RECO-LT,LT-TOT,-9,-9,-9.0000,items/haul,0,-9,-9,-9
LT,1,GB-SCT,748S,GOV,SCOWCGFS,,,120,120,2020,RECO-LT,LT-TOT,-9,-9,-9.0000,items/haul,0,-9,-9,-9
LT,1,GB-SCT,748S,GOV,SCOWCGFS,,,122,122,2020,RECO-LT,LT-TOT,-9,-9,-9.0000,items/haul,0,-9,-9,-9
LT,1,GB-SCT,748S,GOV,SCOWCGFS,,,103,103,2020,RECO-LT,LT-TOT,-9,-9,-9.0000,items/haul,0,-9,-9,-9
LT,1,GB-SCT,748S,GOV,SCOWCGFS,,,107,107,2020,RECO-LT,LT-TOT,-9,-9,-9.0000,items/haul,0,-9,-9,-9
LT,1,GB-SCT,748S,GOV,SCOWCGFS,,,71,71,2020,RECO-LT,LT-TOT,-9,-9,-9.0000,items/haul,0,-9,-9,-9
LT,1,GB-SCT,748S,GOV,SCOWCGFS,,,75,75,2020,RECO-LT,LT-TOT,-9,-9,-9.0000,items/haul,0,-9,-9,-9
LT,1,GB-SCT,748S,GOV,SCOWCGFS,,,114,114,2020,RECO-LT,LT-TOT,-9,-9,-9.0000,items/haul,0,-9,-9,-9
LT,1,GB-SCT,748S,GOV,SCOWCGFS,,,115,115,2020,RECO-LT,LT-TOT,-9,-9,-9.0000,items/haul,0,-9,-9,-9
LT,1,GB-SCT,748S,GOV,SCOWCGFS,,,128,128,2020,RECO-LT,LT-TOT,-9,-9,-9.0000,items/haul,0,-9,-9,-9
LT,1,GB-SCT,748S,GOV,SCOWCGFS,,,102,102,2020,RECO-LT,LT-TOT,-9,-9,-9.0000,items/haul,0,-9,-9,-9
LT,4,GB-SCT,748S,GOV,SCOWCGFS,,,424,424,2019,RECO-LT,LT-TOT,-9,-9,-9.0000,items/haul,0,-9,-9,-9
LT,4,GB-SCT,748S,GOV,SCOWCGFS,,,426,426,2019,RECO-LT,LT-TOT,-9,-9,-9.0000,items/haul,0,-9,-9,-9
LT,1,GB-SCT,748S,GOV,SCOWCGFS,,,108,108,2020,RECO-LT,LT-TOT,-9,-9,-9.0000,items/haul,0,-9,-9,-9
LT,1,GB-SCT,748S,GOV,SCOWCGFS,,,109,109,2020,RECO-LT,LT-TOT,-9,-9,-9.0000,items/haul,0,-9,-9,-9
LT,1,GB-SCT,748S,GOV,SCOWCGFS,,,126,126,2020,RECO-LT,LT-TOT,-9,-9,-9.0000,items/haul,0,-9,-9,-9
LT,1,GB-SCT,748S,GOV,SCOWCGFS,,,95,95,2020,RECO-LT,LT-TOT,-9,-9,-9.0000,items/haul,0,-9,-9,-9
LT,4,GB-SCT,748S,GOV,SCOWCGFS,,,418,418,2019,RECO-LT,LT-TOT,-9,-9,-9.0000,items/haul,0,-9,-9,-9
LT,4,GB-SCT,748S,GOV,SCOWCGFS,,,419,419,2019,RECO-LT,LT-TOT,-9,-9,-9.0000,items/haul,0,-9,-9,-9
LT,1,GB-SCT,748S,GOV,SCOWCGFS,,,98,98,2020,RECO-LT,LT-TOT,-9,-9,-9.0000,items/haul,0,-9,-9,-9
LT,1,GB-SCT,748S,GOV,SCOWCGFS,,,99,99,2020,RECO-LT,LT-TOT,-9,-9,-9.0000,items/haul,0,-9,-9,-9
LT,1,GB-SCT,748S,GOV,SCOWCGFS,,,116,116,2020,RECO-LT,LT-TOT,-9,-9,-9.0000,items/haul,0,-9,-9,-9
LT,1,GB-SCT,748S,GOV,SCOWCGFS,,,82,82,2020,RECO-LT,LT-TOT,-9,-9,-9.0000,items/haul,0,-9,-9,-9
LT,4,GB-SCT,748S,GOV,SCOWCGFS,,,412,412,2019,RECO-LT,LT-TOT,-9,-9,-9.0000,items/haul,0,-9,-9,-9
LT,4,GB-SCT,748S,GOV,SCOWCGFS,,,413,413,2019,RECO-LT,LT-TOT,-9,-9,-9.0000,items/haul,0,-9,-9,-9
LT,1,GB-SCT,748S,GOV,SCOWCGFS,,,89,89,2020,RECO-LT,LT-TOT,-9,-9,-9.0000,items/haul,0,-9,-9,-9
LT,1,GB-SCT,748S,GOV,SCOWCGFS,,,91,91,2020,RECO-LT,LT-TOT,-9,-9,-9.0000,items/haul,0,-9,-9,-9
LT,1,GB-SCT,748S,GOV,SCOWCGFS,,,110,110,2020,RECO-LT,LT-TOT,-9,-9,-9.0000,items/haul,0,-9,-9,-9
LT,1,GB-SCT,748S,GOV,SCOWCGFS,,,70,70,2020,RECO-LT,LT-TOT,-9,-9,-9.0000,items/haul,0,-9,-9,-9
LT,4,GB-SCT,748S,GOV,SCOWCGFS,,,406,406,2019,RECO-LT,LT-TOT,-9,-9,-9.0000,items/haul,0,-9,-9,-9
LT,4,GB-SCT,748S,GOV,SCOWCGFS,,,407,407,2019,RECO-LT,LT-TOT,-9,-9,-9.0000,items/haul,0,-9,-9,-9
LT,1,GB-SCT,748S,GOV,SCOWCGFS,,,77,77,2020,RECO-LT,LT-TOT,-9,-9,-9.0000,items/haul,0,-9,-9,-9
LT,1,GB-SCT,748S,GOV,SCOWCGFS,,,78,78,2020,RECO-LT,LT-TOT,-9,-9,-9.0000,items/haul,0,-9,-9,-9
LT,1,GB-SCT,748S,GOV,SCOWCGFS,,,101,101,2020,RECO-LT,LT-TOT,-9,-9,-9.0000,items/haul,0,-9,-9,-9
LT,4,GB-SCT,748S,GOV,SCOWCGFS,,,423,423,2019,RECO-LT,LT-TOT,-9,-9,-9.0000,items/haul,0,-9,-9,-9
LT,4,GB-SCT,748S,GOV,SCOWCGFS,,,395,395,2019,RECO-LT,LT-TOT,-9,-9,-9.0000,items/haul,0,-9,-9,-9
LT,4,GB-SCT,748S,GOV,SCOWCGFS,,,398,398,2019,RECO-LT,LT-TOT,-9,-9,-9.0000,items/haul,0,-9,-9,-9
LT,4,GB-SCT,748S,GOV,SCOWCGFS,,,427,427,2019,RECO-LT,LT-TOT,-9,-9,-9.0000,items/haul,0,-9,-9,-9
LT,4,GB-SCT,748S,GOV,SCOWCGFS,,,428,428,2019,RECO-LT,LT-TOT,-9,-9,-9.0000,items/haul,0,-9,-9,-9
LT,1,GB-SCT,748S,GOV,SCOWCGFS,,,94,94,2020,RECO-LT,LT-TOT,-9,-9,-9.0000,items/haul,0,-9,-9,-9
LT,4,GB-SCT,748S,GOV,SCOWCGFS,,,417,417,2019,RECO-LT,LT-TOT,-9,-9,-9.0000,items/haul,0,-9,-9,-9
LT,4,GB-SCT,748S,GOV,SCOWCGFS,,,384,384,2019,RECO-LT,LT-TOT,-9,-9,-9.0000,items/haul,0,-9,-9,-9
LT,4,GB-SCT,748S,GOV,SCOWCGFS,,,388,388,2019,RECO-LT,LT-TOT,-9,-9,-9.0000,items/haul,0,-9,-9,-9
LT,4,GB-SCT,748S,GOV,SCOWCGFS,,,420,420,2019,RECO-LT,LT-TOT,-9,-9,-9.0000,items/haul,0,-9,-9,-9
LT,4,GB-SCT,748S,GOV,SCOWCGFS,,,421,421,2019,RECO-LT,LT-TOT,-9,-9,-9.0000,items/haul,0,-9,-9,-9
LT,1,GB-SCT,748S,GOV,SCOWCGFS,,,79,79,2020,RECO-LT,LT-TOT,-9,-9,-9.0000,items/haul,0,-9,-9,-9
LT,4,GB-SCT,748S,GOV,SCOWCGFS,,,411,411,2019,RECO-LT,LT-TOT,-9,-9,-9.0000,items/haul,0,-9,-9,-9
LT,4,GB-SCT,748S,GOV,SCOWCGFS,,,377,377,2019,RECO-LT,LT-TOT,-9,-9,-9.0000,items/haul,0,-9,-9,-9
LT,4,GB-SCT,748S,GOV,SCOWCGFS,,,379,379,2019,RECO-LT,LT-TOT,-9,-9,-9.0000,items/haul,0,-9,-9,-9
LT,4,GB-SCT,748S,GOV,SCOWCGFS,,,414,414,2019,RECO-LT,LT-TOT,-9,-9,-9.0000,items/haul,0,-9,-9,-9
LT,4,GB-SCT,748S,GOV,SCOWCGFS,,,415,415,2019,RECO-LT,LT-TOT,-9,-9,-9.0000,items/haul,0,-9,-9,-9
LT,4,GB-SCT,748S,GOV,SCOWCGFS,,,429,429,2019,RECO-LT,LT-TOT,-9,-9,-9.0000,items/haul,0,-9,-9,-9
LT,4,GB-SCT,748S,GOV,SCOWCGFS,,,405,405,2019,RECO-LT,LT-TOT,-9,-9,-9.0000,items/haul,0,-9,-9,-9
LT,4,GB-SCT,748S,GOV,SCOWCGFS,,,369,369,2019,RECO-LT,LT-TOT,-9,-9,-9.0000,items/haul,0,-9,-9,-9
LT,4,GB-SCT,748S,GOV,SCOWCGFS,,,370,370,2019,RECO-LT,LT-TOT,-9,-9,-9.0000,items/haul,0,-9,-9,-9
LT,4,GB-SCT,748S,GOV,SCOWCGFS,,,408,408,2019,RECO-LT,LT-TOT,-9,-9,-9.0000,items/haul,0,-9,-9,-9
LT,4,GB-SCT,748S,GOV,SCOWCGFS,,,409,409,2019,RECO-LT,LT-TOT,-9,-9,-9.0000,items/haul,0,-9,-9,-9
LT,4,GB-SCT,748S,GOV,SCOWCGFS,,,422,422,2019,RECO-LT,LT-TOT,-9,-9,-9.0000,items/haul,0,-9,-9,-9
LT,4,GB-SCT,748S,GOV,SCOWCGFS,,,394,394,2019,RECO-LT,LT-TOT,-9,-9,-9.0000,items/haul,0,-9,-9,-9
LT,1,GB-SCT,748S,GOV,SCOWCGFS,,,96,96,2019,RECO-LT,LT-TOT,-9,-9,-9.0000,items/haul,0,-9,-9,-9
LT,1,GB-SCT,748S,GOV,SCOWCGFS,,,98,98,2019,RECO-LT,LT-TOT,-9,-9,-9.0000,items/haul,0,-9,-9,-9
LT,4,GB-SCT,748S,GOV,SCOWCGFS,,,399,399,2019,RECO-LT,LT-TOT,-9,-9,-9.0000,items/haul,0,-9,-9,-9
LT,4,GB-SCT,748S,GOV,SCOWCGFS,,,401,401,2019,RECO-LT,LT-TOT,-9,-9,-9.0000,items/haul,0,-9,-9,-9
LT,4,GB-SCT,748S,GOV,SCOWCGFS,,,416,416,2019,RECO-LT,LT-TOT,-9,-9,-9.0000,items/haul,0,-9,-9,-9
LT,4,GB-SCT,748S,GOV,SCOWCGFS,,,383,383,2019,RECO-LT,LT-TOT,-9,-9,-9.0000,items/haul,0,-9,-9,-9
LT,1,GB-SCT,748S,GOV,SCOWCGFS,,,86,86,2019,RECO-LT,LT-TOT,-9,-9,-9.0000,items/haul,0,-9,-9,-9
LT,1,GB-SCT,748S,GOV,SCOWCGFS,,,87,87,2019,RECO-LT,LT-TOT,-9,-9,-9.0000,items/haul,0,-9,-9,-9
LT,4,GB-SCT,748S,GOV,SCOWCGFS,,,389,389,2019,RECO-LT,LT-TOT,-9,-9,-9.0000,items/haul,0,-9,-9,-9
LT,4,GB-SCT,748S,GOV,SCOWCGFS,,,392,392,2019,RECO-LT,LT-TOT,-9,-9,-9.0000,items/haul,0,-9,-9,-9
LT,4,GB-SCT,748S,GOV,SCOWCGFS,,,410,410,2019,RECO-LT,LT-TOT,-9,-9,-9.0000,items/haul,0,-9,-9,-9
LT,4,GB-SCT,748S,GOV,SCOWCGFS,,,376,376,2019,RECO-LT,LT-TOT,-9,-9,-9.0000,items/haul,0,-9,-9,-9
LT,1,GB-SCT,748S,GOV,SCOWCGFS,,,80,80,2019,RECO-LT,LT-TOT,-9,-9,-9.0000,items/haul,0,-9,-9,-9
LT,1,GB-SCT,748S,GOV,SCOWCGFS,,,81,81,2019,RECO-LT,LT-TOT,-9,-9,-9.0000,items/haul,0,-9,-9,-9
LT,4,GB-SCT,748S,GOV,SCOWCGFS,,,380,380,2019,RECO-LT,LT-TOT,-9,-9,-9.0000,items/haul,0,-9,-9,-9
LT,4,GB-SCT,748S,GOV,SCOWCGFS,,,381,381,2019,RECO-LT,LT-TOT,-9,-9,-9.0000,items/haul,0,-9,-9,-9
LT,4,GB-SCT,748S,GOV,SCOWCGFS,,,404,404,2019,RECO-LT,LT-TOT,-9,-9,-9.0000,items/haul,0,-9,-9,-9
LT,4,GB-SCT,748S,GOV,SCOWCGFS,,,368,368,2019,RECO-LT,LT-TOT,-9,-9,-9.0000,items/haul,0,-9,-9,-9
LT,1,GB-SCT,748S,GOV,SCOWCGFS,,,137,137,2019,RECO-LT,LT-TOT,-9,-9,-9.0000,items/haul,0,-9,-9,-9
LT,1,GB-SCT,748S,GOV,SCOWCGFS,,,139,139,2019,RECO-LT,LT-TOT,-9,-9,-9.0000,items/haul,0,-9,-9,-9
LT,4,GB-SCT,748S,GOV,SCOWCGFS,,,372,372,2019,RECO-LT,LT-TOT,-9,-9,-9.0000,items/haul,0,-9,-9,-9
LT,4,GB-SCT,748S,GOV,SCOWCGFS,,,373,373,2019,RECO-LT,LT-TOT,-9,-9,-9.0000,items/haul,0,-9,-9,-9
LT,4,GB-SCT,748S,GOV,SCOWCGFS,,,393,393,2019,RECO-LT,LT-TOT,-9,-9,-9.0000,items/haul,0,-9,-9,-9
LT,1,GB-SCT,748S,GOV,SCOWCGFS,,,94,94,2019,RECO-LT,LT-TOT,-9,-9,-9.0000,items/haul,0,-9,-9,-9
LT,1,GB-SCT,748S,GOV,SCOWCGFS,,,124,124,2019,RECO-LT,LT-TOT,-9,-9,-9.0000,items/haul,0,-9,-9,-9
LT,1,GB-SCT,748S,GOV,SCOWCGFS,,,129,129,2019,RECO-LT,LT-TOT,-9,-9,-9.0000,items/haul,0,-9,-9,-9
LT,1,GB-SCT,748S,GOV,SCOWCGFS,,,99,99,2019,RECO-LT,LT-TOT,-9,-9,-9.0000,items/haul,0,-9,-9,-9
LT,4,GB-SCT,748S,GOV,SCOWCGFS,,,366,366,2019,RECO-LT,LT-TOT,-9,-9,-9.0000,items/haul,0,-9,-9,-9
LT,4,GB-SCT,748S,GOV,SCOWCGFS,,,382,382,2019,RECO-LT,LT-TOT,-9,-9,-9.0000,items/haul,0,-9,-9,-9
LT,1,GB-SCT,748S,GOV,SCOWCGFS,,,85,85,2019,RECO-LT,LT-TOT,-9,-9,-9.0000,items/haul,0,-9,-9,-9
LT,1,GB-SCT,748S,GOV,SCOWCGFS,,,119,119,2019,RECO-LT,LT-TOT,-9,-9,-9.0000,items/haul,0,-9,-9,-9
LT,1,GB-SCT,748S,GOV,SCOWCGFS,,,120,120,2019,RECO-LT,LT-TOT,-9,-9,-9.0000,items/haul,0,-9,-9,-9
LT,1,GB-SCT,748S,GOV,SCOWCGFS,,,89,89,2019,RECO-LT,LT-TOT,-9,-9,-9.0000,items/haul,0,-9,-9,-9
LT,1,GB-SCT,748S,GOV,SCOWCGFS,,,90,90,2019,RECO-LT,LT-TOT,-9,-9,-9.0000,items/haul,0,-9,-9,-9
LT,4,GB-SCT,748S,GOV,SCOWCGFS,,,375,375,2019,RECO-LT,LT-TOT,-9,-9,-9.0000,items/haul,0,-9,-9,-9
LT,1,GB-SCT,748S,GOV,SCOWCGFS,,,79,79,2019,RECO-LT,LT-TOT,-9,-9,-9.0000,items/haul,0,-9,-9,-9
LT,1,GB-SCT,748S,GOV,SCOWCGFS,,,108,108,2019,RECO-LT,LT-TOT,-9,-9,-9.0000,items/haul,0,-9,-9,-9
LT,1,GB-SCT,748S,GOV,SCOWCGFS,,,109,109,2019,RECO-LT,LT-TOT,-9,-9,-9.0000,items/haul,0,-9,-9,-9
LT,1,GB-SCT,748S,GOV,SCOWCGFS,,,82,82,2019,RECO-LT,LT-TOT,-9,-9,-9.0000,items/haul,0,-9,-9,-9
LT,1,GB-SCT,748S,GOV,SCOWCGFS,,,83,83,2019,RECO-LT,LT-TOT,-9,-9,-9.0000,items/haul,0,-9,-9,-9
LT,4,GB-SCT,748S,GOV,SCOWCGFS,,,367,367,2019,RECO-LT,LT-TOT,-9,-9,-9.0000,items/haul,0,-9,-9,-9
LT,1,GB-SCT,748S,GOV,SCOWCGFS,,,136,136,2019,RECO-LT,LT-TOT,-9,-9,-9.0000,items/haul,0,-9,-9,-9
LT,1,GB-SCT,748S,GOV,SCOWCGFS,,,107,107,2019,RECO-LT,LT-TOT,-9,-9,-9.0000,items/haul,0,-9,-9,-9
LT,4,GB-SCT,748S,GOV,SCOWCGFS,,,477,477,2018,RECO-LT,LT-TOT,-9,-9,-9.0000,items/haul,0,-9,-9,-9
LT,1,GB-SCT,748S,GOV,SCOWCGFS,,,140,140,2019,RECO-LT,LT-TOT,-9,-9,-9.0000,items/haul,0,-9,-9,-9
LT,1,GB-SCT,748S,GOV,SCOWCGFS,,,77,77,2019,RECO-LT,LT-TOT,-9,-9,-9.0000,items/haul,0,-9,-9,-9
LT,1,GB-SCT,748S,GOV,SCOWCGFS,,,93,93,2019,RECO-LT,LT-TOT,-9,-9,-9.0000,items/haul,0,-9,-9,-9
LT,1,GB-SCT,748S,GOV,SCOWCGFS,,,123,123,2019,RECO-LT,LT-TOT,-9,-9,-9.0000,items/haul,0,-9,-9,-9
LT,4,GB-SCT,748S,GOV,SCOWCGFS,,,472,472,2018,RECO-LT,LT-TOT,-9,-9,-9.0000,items/haul,0,-9,-9,-9
LT,4,GB-SCT,748S,GOV,SCOWCGFS,,,473,473,2018,RECO-LT,LT-TOT,-9,-9,-9.0000,items/haul,0,-9,-9,-9
LT,1,GB-SCT,748S,GOV,SCOWCGFS,,,132,132,2019,RECO-LT,LT-TOT,-9,-9,-9.0000,items/haul,0,-9,-9,-9
LT,1,GB-SCT,748S,GOV,SCOWCGFS,,,133,133,2019,RECO-LT,LT-TOT,-9,-9,-9.0000,items/haul,0,-9,-9,-9
LT,1,GB-SCT,748S,GOV,SCOWCGFS,,,84,84,2019,RECO-LT,LT-TOT,-9,-9,-9.0000,items/haul,0,-9,-9,-9
LT,1,GB-SCT,748S,GOV,SCOWCGFS,,,118,118,2019,RECO-LT,LT-TOT,-9,-9,-9.0000,items/haul,0,-9,-9,-9
LT,4,GB-SCT,748S,GOV,SCOWCGFS,,,466,466,2018,RECO-LT,LT-TOT,-9,-9,-9.0000,items/haul,0,-9,-9,-9
LT,4,GB-SCT,748S,GOV,SCOWCGFS,,,467,467,2018,RECO-LT,LT-TOT,-9,-9,-9.0000,items/haul,0,-9,-9,-9
LT,1,GB-SCT,748S,GOV,SCOWCGFS,,,121,121,2019,RECO-LT,LT-TOT,-9,-9,-9.0000,items/haul,0,-9,-9,-9
LT,1,GB-SCT,748S,GOV,SCOWCGFS,,,122,122,2019,RECO-LT,LT-TOT,-9,-9,-9.0000,items/haul,0,-9,-9,-9
LT,1,GB-SCT,748S,GOV,SCOWCGFS,,,78,78,2019,RECO-LT,LT-TOT,-9,-9,-9.0000,items/haul,0,-9,-9,-9
LT,1,GB-SCT,748S,GOV,SCOWCGFS,,,116,116,2019,RECO-LT,LT-TOT,-9,-9,-9.0000,items/haul,0,-9,-9,-9
LT,4,GB-SCT,748S,GOV,SCOWCGFS,,,458,458,2018,RECO-LT,LT-TOT,-9,-9,-9.0000,items/haul,0,-9,-9,-9
LT,4,GB-SCT,748S,GOV,SCOWCGFS,,,461,461,2018,RECO-LT,LT-TOT,-9,-9,-9.0000,items/haul,0,-9,-9,-9
LT,1,GB-SCT,748S,GOV,SCOWCGFS,,,110,110,2019,RECO-LT,LT-TOT,-9,-9,-9.0000,items/haul,0,-9,-9,-9
LT,1,GB-SCT,748S,GOV,SCOWCGFS,,,104,104,2019,RECO-LT,LT-TOT,-9,-9,-9.0000,items/haul,0,-9,-9,-9
LT,1,GB-SCT,748S,GOV,SCOWCGFS,,,135,135,2019,RECO-LT,LT-TOT,-9,-9,-9.0000,items/haul,0,-9,-9,-9
LT,1,GB-SCT,748S,GOV,SCOWCGFS,,,106,106,2019,RECO-LT,LT-TOT,-9,-9,-9.0000,items/haul,0,-9,-9,-9
LT,4,GB-SCT,748S,GOV,SCOWCGFS,,,452,452,2018,RECO-LT,LT-TOT,-9,-9,-9.0000,items/haul,0,-9,-9,-9
LT,4,GB-SCT,748S,GOV,SCOWCGFS,,,453,453,2018,RECO-LT,LT-TOT,-9,-9,-9.0000,items/haul,0,-9,-9,-9
LT,4,GB-SCT,748S,GOV,SCOWCGFS,,,479,479,2018,RECO-LT,LT-TOT,-9,-9,-9.0000,items/haul,0,-9,-9,-9
LT,1,GB-SCT,748S,GOV,SCOWCGFS,,,100,100,2019,RECO-LT,LT-TOT,-9,-9,-9.0000,items/haul,0,-9,-9,-9
LT,1,GB-SCT,748S,GOV,SCOWCGFS,,,115,115,2019,RECO-LT,LT-TOT,-9,-9,-9.0000,items/haul,0,-9,-9,-9
LT,4,GB-SCT,748S,GOV,SCOWCGFS,,,471,471,2018,RECO-LT,LT-TOT,-9,-9,-9.0000,items/haul,0,-9,-9,-9
LT,4,GB-SCT,748S,GOV,SCOWCGFS,,,446,446,2018,RECO-LT,LT-TOT,-9,-9,-9.0000,items/haul,0,-9,-9,-9
LT,4,GB-SCT,748S,GOV,SCOWCGFS,,,447,447,2018,RECO-LT,LT-TOT,-9,-9,-9.0000,items/haul,0,-9,-9,-9
LT,4,GB-SCT,748S,GOV,SCOWCGFS,,,474,474,2018,RECO-LT,LT-TOT,-9,-9,-9.0000,items/haul,0,-9,-9,-9
LT,4,GB-SCT,748S,GOV,SCOWCGFS,,,475,475,2018,RECO-LT,LT-TOT,-9,-9,-9.0000,items/haul,0,-9,-9,-9
LT,1,GB-SCT,748S,GOV,SCOWCGFS,,,105,105,2019,RECO-LT,LT-TOT,-9,-9,-9.0000,items/haul,0,-9,-9,-9
LT,4,GB-SCT,748S,GOV,SCOWCGFS,,,465,465,2018,RECO-LT,LT-TOT,-9,-9,-9.0000,items/haul,0,-9,-9,-9
LT,4,GB-SCT,748S,GOV,SCOWCGFS,,,437,437,2018,RECO-LT,LT-TOT,-9,-9,-9.0000,items/haul,0,-9,-9,-9
LT,4,GB-SCT,748S,GOV,SCOWCGFS,,,438,438,2018,RECO-LT,LT-TOT,-9,-9,-9.0000,items/haul,0,-9,-9,-9
LT,4,GB-SCT,748S,GOV,SCOWCGFS,,,468,468,2018,RECO-LT,LT-TOT,-9,-9,-9.0000,items/haul,0,-9,-9,-9
LT,4,GB-SCT,748S,GOV,SCOWCGFS,,,469,469,2018,RECO-LT,LT-TOT,-9,-9,-9.0000,items/haul,0,-9,-9,-9
LT,4,GB-SCT,748S,GOV,SCOWCGFS,,,470,470,2018,RECO-LT,LT-TOT,-9,-9,-9.0000,items/haul,0,-9,-9,-9
LT,4,GB-SCT,748S,GOV,SCOWCGFS,,,457,457,2018,RECO-LT,LT-TOT,-9,-9,-9.0000,items/haul,0,-9,-9,-9
LT,4,GB-SCT,748S,GOV,SCOWCGFS,,,429,429,2018,RECO-LT,LT-TOT,-9,-9,-9.0000,items/haul,0,-9,-9,-9
LT,4,GB-SCT,748S,GOV,SCOWCGFS,,,430,430,2018,RECO-LT,LT-TOT,-9,-9,-9.0000,items/haul,0,-9,-9,-9
LT,4,GB-SCT,748S,GOV,SCOWCGFS,,,462,462,2018,RECO-LT,LT-TOT,-9,-9,-9.0000,items/haul,0,-9,-9,-9
LT,4,GB-SCT,748S,GOV,SCOWCGFS,,,463,463,2018,RECO-LT,LT-TOT,-9,-9,-9.0000,items/haul,0,-9,-9,-9
LT,4,GB-SCT,748S,GOV,SCOWCGFS,,,464,464,2018,RECO-LT,LT-TOT,-9,-9,-9.0000,items/haul,0,-9,-9,-9
LT,4,GB-SCT,748S,GOV,SCOWCGFS,,,451,451,2018,RECO-LT,LT-TOT,-9,-9,-9.0000,items/haul,0,-9,-9,-9
LT,4,GB-SCT,748S,GOV,SCOWCGFS,,,422,422,2018,RECO-LT,LT-TOT,-9,-9,-9.0000,items/haul,0,-9,-9,-9
LT,4,GB-SCT,748S,GOV,SCOWCGFS,,,424,424,2018,RECO-LT,LT-TOT,-9,-9,-9.0000,items/haul,0,-9,-9,-9
LT,4,GB-SCT,748S,GOV,SCOWCGFS,,,454,454,2018,RECO-LT,LT-TOT,-9,-9,-9.0000,items/haul,0,-9,-9,-9
LT,4,GB-SCT,748S,GOV,SCOWCGFS,,,455,455,2018,RECO-LT,LT-TOT,-9,-9,-9.0000,items/haul,0,-9,-9,-9
LT,4,GB-SCT,748S,GOV,SCOWCGFS,,,456,456,2018,RECO-LT,LT-TOT,-9,-9,-9.0000,items/haul,0,-9,-9,-9
LT,4,GB-SCT,748S,GOV,SCOWCGFS,,,445,445,2018,RECO-LT,LT-TOT,-9,-9,-9.0000,items/haul,0,-9,-9,-9
LT,1,GB-SCT,748S,GOV,SCOWCGFS,,,133,133,2018,RECO-LT,LT-TOT,-9,-9,-9.0000,items/haul,0,-9,-9,-9
LT,1,GB-SCT,748S,GOV,SCOWCGFS,,,134,134,2018,RECO-LT,LT-TOT,-9,-9,-9.0000,items/haul,0,-9,-9,-9
LT,4,GB-SCT,748S,GOV,SCOWCGFS,,,448,448,2018,RECO-LT,LT-TOT,-9,-9,-9.0000,items/haul,0,-9,-9,-9
LT,4,GB-SCT,748S,GOV,SCOWCGFS,,,449,449,2018,RECO-LT,LT-TOT,-9,-9,-9.0000,items/haul,0,-9,-9,-9
LT,4,GB-SCT,748S,GOV,SCOWCGFS,,,450,450,2018,RECO-LT,LT-TOT,-9,-9,-9.0000,items/haul,0,-9,-9,-9
LT,4,GB-SCT,748S,GOV,SCOWCGFS,,,436,436,2018,RECO-LT,LT-TOT,-9,-9,-9.0000,items/haul,0,-9,-9,-9
LT,1,GB-SCT,748S,GOV,SCOWCGFS,,,120,120,2018,RECO-LT,LT-TOT,-9,-9,-9.0000,items/haul,0,-9,-9,-9
LT,1,GB-SCT,748S,GOV,SCOWCGFS,,,121,121,2018,RECO-LT,LT-TOT,-9,-9,-9.0000,items/haul,0,-9,-9,-9
LT,4,GB-SCT,748S,GOV,SCOWCGFS,,,439,439,2018,RECO-LT,LT-TOT,-9,-9,-9.0000,items/haul,0,-9,-9,-9
LT,4,GB-SCT,748S,GOV,SCOWCGFS,,,441,441,2018,RECO-LT,LT-TOT,-9,-9,-9.0000,items/haul,0,-9,-9,-9
LT,4,GB-SCT,748S,GOV,SCOWCGFS,,,444,444,2018,RECO-LT,LT-TOT,-9,-9,-9.0000,items/haul,0,-9,-9,-9
LT,4,GB-SCT,748S,GOV,SCOWCGFS,,,428,428,2018,RECO-LT,LT-TOT,-9,-9,-9.0000,items/haul,0,-9,-9,-9
LT,1,GB-SCT,748S,GOV,SCOWCGFS,,,108,108,2018,RECO-LT,LT-TOT,-9,-9,-9.0000,items/haul,0,-9,-9,-9
LT,1,GB-SCT,748S,GOV,SCOWCGFS,,,109,109,2018,RECO-LT,LT-TOT,-9,-9,-9.0000,items/haul,0,-9,-9,-9
LT,4,GB-SCT,748S,GOV,SCOWCGFS,,,431,431,2018,RECO-LT,LT-TOT,-9,-9,-9.0000,items/haul,0,-9,-9,-9
LT,4,GB-SCT,748S,GOV,SCOWCGFS,,,432,432,2018,RECO-LT,LT-TOT,-9,-9,-9.0000,items/haul,0,-9,-9,-9
LT,4,GB-SCT,748S,GOV,SCOWCGFS,,,434,434,2018,RECO-LT,LT-TOT,-9,-9,-9.0000,items/haul,0,-9,-9,-9
LT,1,GB-SCT,748S,GOV,SCOWCGFS,,,138,138,2018,RECO-LT,LT-TOT,-9,-9,-9.0000,items/haul,0,-9,-9,-9
LT,1,GB-SCT,748S,GOV,SCOWCGFS,,,101,101,2018,RECO-LT,LT-TOT,-9,-9,-9.0000,items/haul,0,-9,-9,-9
LT,1,GB-SCT,748S,GOV,SCOWCGFS,,,102,102,2018,RECO-LT,LT-TOT,-9,-9,-9.0000,items/haul,0,-9,-9,-9
LT,4,GB-SCT,748S,GOV,SCOWCGFS,,,425,425,2018,RECO-LT,LT-TOT,-9,-9,-9.0000,items/haul,0,-9,-9,-9
LT,4,GB-SCT,748S,GOV,SCOWCGFS,,,426,426,2018,RECO-LT,LT-TOT,-9,-9,-9.0000,items/haul,0,-9,-9,-9
LT,4,GB-SCT,748S,GOV,SCOWCGFS,,,427,427,2018,RECO-LT,LT-TOT,-9,-9,-9.0000,items/haul,0,-9,-9,-9
LT,1,GB-SCT,748S,GOV,SCOWCGFS,,,128,128,2018,RECO-LT,LT-TOT,-9,-9,-9.0000,items/haul,0,-9,-9,-9
LT,1,GB-SCT,748S,GOV,SCOWCGFS,,,94,94,2018,RECO-LT,LT-TOT,-9,-9,-9.0000,items/haul,0,-9,-9,-9
LT,1,GB-SCT,748S,GOV,SCOWCGFS,,,95,95,2018,RECO-LT,LT-TOT,-9,-9,-9.0000,items/haul,0,-9,-9,-9
LT,1,GB-SCT,748S,GOV,SCOWCGFS,,,135,135,2018,RECO-LT,LT-TOT,-9,-9,-9.0000,items/haul,0,-9,-9,-9
LT,1,GB-SCT,748S,GOV,SCOWCGFS,,,136,136,2018,RECO-LT,LT-TOT,-9,-9,-9.0000,items/haul,0,-9,-9,-9
LT,1,GB-SCT,748S,GOV,SCOWCGFS,,,137,137,2018,RECO-LT,LT-TOT,-9,-9,-9.0000,items/haul,0,-9,-9,-9
LT,1,GB-SCT,748S,GOV,SCOWCGFS,,,118,118,2018,RECO-LT,LT-TOT,-9,-9,-9.0000,items/haul,0,-9,-9,-9
LT,1,GB-SCT,748S,GOV,SCOWCGFS,,,87,87,2018,RECO-LT,LT-TOT,-9,-9,-9.0000,items/haul,0,-9,-9,-9
LT,1,GB-SCT,748S,GOV,SCOWCGFS,,,88,88,2018,RECO-LT,LT-TOT,-9,-9,-9.0000,items/haul,0,-9,-9,-9
LT,1,GB-SCT,748S,GOV,SCOWCGFS,,,124,124,2018,RECO-LT,LT-TOT,-9,-9,-9.0000,items/haul,0,-9,-9,-9
LT,1,GB-SCT,748S,GOV,SCOWCGFS,,,125,125,2018,RECO-LT,LT-TOT,-9,-9,-9.0000,items/haul,0,-9,-9,-9
LT,1,GB-SCT,748S,GOV,SCOWCGFS,,,127,127,2018,RECO-LT,LT-TOT,-9,-9,-9.0000,items/haul,0,-9,-9,-9
LT,1,GB-SCT,748S,GOV,SCOWCGFS,,,107,107,2018,RECO-LT,LT-TOT,-9,-9,-9.0000,items/haul,0,-9,-9,-9
LT,1,GB-SCT,748S,GOV,SCOWCGFS,,,75,75,2018,RECO-LT,LT-TOT,-9,-9,-9.0000,items/haul,0,-9,-9,-9
LT,1,GB-SCT,748S,GOV,SCOWCGFS,,,76,76,2018,RECO-LT,LT-TOT,-9,-9,-9.0000,items/haul,0,-9,-9,-9
LT,1,GB-SCT,748S,GOV,SCOWCGFS,,,110,110,2018,RECO-LT,LT-TOT,-9,-9,-9.0000,items/haul,0,-9,-9,-9
LT,1,GB-SCT,748S,GOV,SCOWCGFS,,,113,113,2018,RECO-LT,LT-TOT,-9,-9,-9.0000,items/haul,0,-9,-9,-9
LT,1,GB-SCT,748S,GOV,SCOWCGFS,,,114,114,2018,RECO-LT,LT-TOT,-9,-9,-9.0000,items/haul,0,-9,-9,-9
LT,1,GB-SCT,748S,GOV,SCOWCGFS,,,100,100,2018,RECO-LT,LT-TOT,-9,-9,-9.0000,items/haul,0,-9,-9,-9
LT,4,GB-SCT,748S,GOV,SCOWCGFS,,,407,407,2017,RECO-LT,LT-TOT,-9,-9,-9.0000,items/haul,0,-9,-9,-9
LT,4,GB-SCT,748S,GOV,SCOWCGFS,,,408,408,2017,RECO-LT,LT-TOT,-9,-9,-9.0000,items/haul,0,-9,-9,-9
LT,1,GB-SCT,748S,GOV,SCOWCGFS,,,103,103,2018,RECO-LT,LT-TOT,-9,-9,-9.0000,items/haul,0,-9,-9,-9
LT,1,GB-SCT,748S,GOV,SCOWCGFS,,,104,104,2018,RECO-LT,LT-TOT,-9,-9,-9.0000,items/haul,0,-9,-9,-9
LT,1,GB-SCT,748S,GOV,SCOWCGFS,,,106,106,2018,RECO-LT,LT-TOT,-9,-9,-9.0000,items/haul,0,-9,-9,-9
LT,1,GB-SCT,748S,GOV,SCOWCGFS,,,92,92,2018,RECO-LT,LT-TOT,-9,-9,-9.0000,items/haul,0,-9,-9,-9
LT,4,GB-SCT,748S,GOV,SCOWCGFS,,,401,401,2017,RECO-LT,LT-TOT,-9,-9,-9.0000,items/haul,0,-9,-9,-9
LT,4,GB-SCT,748S,GOV,SCOWCGFS,,,402,402,2017,RECO-LT,LT-TOT,-9,-9,-9.0000,items/haul,0,-9,-9,-9
LT,1,GB-SCT,748S,GOV,SCOWCGFS,,,96,96,2018,RECO-LT,LT-TOT,-9,-9,-9.0000,items/haul,0,-9,-9,-9
LT,1,GB-SCT,748S,GOV,SCOWCGFS,,,97,97,2018,RECO-LT,LT-TOT,-9,-9,-9.0000,items/haul,0,-9,-9,-9
LT,1,GB-SCT,748S,GOV,SCOWCGFS,,,99,99,2018,RECO-LT,LT-TOT,-9,-9,-9.0000,items/haul,0,-9,-9,-9
LT,1,GB-SCT,748S,GOV,SCOWCGFS,,,86,86,2018,RECO-LT,LT-TOT,-9,-9,-9.0000,items/haul,0,-9,-9,-9
LT,4,GB-SCT,748S,GOV,SCOWCGFS,,,391,391,2017,RECO-LT,LT-TOT,-9,-9,-9.0000,items/haul,0,-9,-9,-9
LT,4,GB-SCT,748S,GOV,SCOWCGFS,,,394,394,2017,RECO-LT,LT-TOT,-9,-9,-9.0000,items/haul,0,-9,-9,-9
LT,1,GB-SCT,748S,GOV,SCOWCGFS,,,89,89,2018,RECO-LT,LT-TOT,-9,-9,-9.0000,items/haul,0,-9,-9,-9
LT,1,GB-SCT,748S,GOV,SCOWCGFS,,,90,90,2018,RECO-LT,LT-TOT,-9,-9,-9.0000,items/haul,0,-9,-9,-9
LT,1,GB-SCT,748S,GOV,SCOWCGFS,,,91,91,2018,RECO-LT,LT-TOT,-9,-9,-9.0000,items/haul,0,-9,-9,-9
LT,1,GB-SCT,748S,GOV,SCOWCGFS,,,74,74,2018,RECO-LT,LT-TOT,-9,-9,-9.0000,items/haul,0,-9,-9,-9
LT,4,GB-SCT,748S,GOV,SCOWCGFS,,,378,378,2017,RECO-LT,LT-TOT,-9,-9,-9.0000,items/haul,0,-9,-9,-9
LT,4,GB-SCT,748S,GOV,SCOWCGFS,,,381,381,2017,RECO-LT,LT-TOT,-9,-9,-9.0000,items/haul,0,-9,-9,-9
LT,1,GB-SCT,748S,GOV,SCOWCGFS,,,77,77,2018,RECO-LT,LT-TOT,-9,-9,-9.0000,items/haul,0,-9,-9,-9
LT,1,GB-SCT,748S,GOV,SCOWCGFS,,,83,83,2018,RECO-LT,LT-TOT,-9,-9,-9.0000,items/haul,0,-9,-9,-9
LT,1,GB-SCT,748S,GOV,SCOWCGFS,,,85,85,2018,RECO-LT,LT-TOT,-9,-9,-9.0000,items/haul,0,-9,-9,-9
LT,4,GB-SCT,748S,GOV,SCOWCGFS,,,406,406,2017,RECO-LT,LT-TOT,-9,-9,-9.0000,items/haul,0,-9,-9,-9
LT,4,GB-SCT,748S,GOV,SCOWCGFS,,,360,360,2017,RECO-LT,LT-TOT,-9,-9,-9.0000,items/haul,0,-9,-9,-9
LT,4,GB-SCT,748S,GOV,SCOWCGFS,,,361,361,2017,RECO-LT,LT-TOT,-9,-9,-9.0000,items/haul,0,-9,-9,-9
LT,4,GB-SCT,748S,GOV,SCOWCGFS,,,409,409,2017,RECO-LT,LT-TOT,-9,-9,-9.0000,items/haul,0,-9,-9,-9
LT,4,GB-SCT,748S,GOV,SCOWCGFS,,,410,410,2017,RECO-LT,LT-TOT,-9,-9,-9.0000,items/haul,0,-9,-9,-9
LT,1,GB-SCT,748S,GOV,SCOWCGFS,,,73,73,2018,RECO-LT,LT-TOT,-9,-9,-9.0000,items/haul,0,-9,-9,-9
LT,4,GB-SCT,748S,GOV,SCOWCGFS,,,400,400,2017,RECO-LT,LT-TOT,-9,-9,-9.0000,items/haul,0,-9,-9,-9
LT,4,GB-SCT,748S,GOV,SCOWCGFS,,,354,354,2017,RECO-LT,LT-TOT,-9,-9,-9.0000,items/haul,0,-9,-9,-9
LT,4,GB-SCT,748S,GOV,SCOWCGFS,,,355,355,2017,RECO-LT,LT-TOT,-9,-9,-9.0000,items/haul,0,-9,-9,-9
LT,4,GB-SCT,748S,GOV,SCOWCGFS,,,403,403,2017,RECO-LT,LT-TOT,-9,-9,-9.0000,items/haul,0,-9,-9,-9
LT,4,GB-SCT,748S,GOV,SCOWCGFS,,,404,404,2017,RECO-LT,LT-TOT,-9,-9,-9.0000,items/haul,0,-9,-9,-9
LT,4,GB-SCT,748S,GOV,SCOWCGFS,,,405,405,2017,RECO-LT,LT-TOT,-9,-9,-9.0000,items/haul,0,-9,-9,-9
LT,4,GB-SCT,748S,GOV,SCOWCGFS,,,386,386,2017,RECO-LT,LT-TOT,-9,-9,-9.0000,items/haul,0,-9,-9,-9
LT,1,GB-SCT,748S,GOV,SCOWCGFS,,,129,129,2017,RECO-LT,LT-TOT,-9,-9,-9.0000,items/haul,0,-9,-9,-9
LT,1,GB-SCT,748S,GOV,SCOWCGFS,,,130,130,2017,RECO-LT,LT-TOT,-9,-9,-9.0000,items/haul,0,-9,-9,-9
LT,4,GB-SCT,748S,GOV,SCOWCGFS,,,395,395,2017,RECO-LT,LT-TOT,-9,-9,-9.0000,items/haul,0,-9,-9,-9
LT,4,GB-SCT,748S,GOV,SCOWCGFS,,,396,396,2017,RECO-LT,LT-TOT,-9,-9,-9.0000,items/haul,0,-9,-9,-9
LT,4,GB-SCT,748S,GOV,SCOWCGFS,,,399,399,2017,RECO-LT,LT-TOT,-9,-9,-9.0000,items/haul,0,-9,-9,-9
LT,4,GB-SCT,748S,GOV,SCOWCGFS,,,377,377,2017,RECO-LT,LT-TOT,-9,-9,-9.0000,items/haul,0,-9,-9,-9
LT,1,GB-SCT,748S,GOV,SCOWCGFS,,,123,123,2017,RECO-LT,LT-TOT,-9,-9,-9.0000,items/haul,0,-9,-9,-9
LT,1,GB-SCT,748S,GOV,SCOWCGFS,,,124,124,2017,RECO-LT,LT-TOT,-9,-9,-9.0000,items/haul,0,-9,-9,-9
LT,4,GB-SCT,748S,GOV,SCOWCGFS,,,383,383,2017,RECO-LT,LT-TOT,-9,-9,-9.0000,items/haul,0,-9,-9,-9
LT,4,GB-SCT,748S,GOV,SCOWCGFS,,,384,384,2017,RECO-LT,LT-TOT,-9,-9,-9.0000,items/haul,0,-9,-9,-9
LT,4,GB-SCT,748S,GOV,SCOWCGFS,,,385,385,2017,RECO-LT,LT-TOT,-9,-9,-9.0000,items/haul,0,-9,-9,-9
LT,4,GB-SCT,748S,GOV,SCOWCGFS,,,359,359,2017,RECO-LT,LT-TOT,-9,-9,-9.0000,items/haul,0,-9,-9,-9
LT,1,GB-SCT,748S,GOV,SCOWCGFS,,,113,113,2017,RECO-LT,LT-TOT,-9,-9,-9.0000,items/haul,0,-9,-9,-9
LT,1,GB-SCT,748S,GOV,SCOWCGFS,,,115,115,2017,RECO-LT,LT-TOT,-9,-9,-9.0000,items/haul,0,-9,-9,-9
LT,4,GB-SCT,748S,GOV,SCOWCGFS,,,364,364,2017,RECO-LT,LT-TOT,-9,-9,-9.0000,items/haul,0,-9,-9,-9
LT,4,GB-SCT,748S,GOV,SCOWCGFS,,,365,365,2017,RECO-LT,LT-TOT,-9,-9,-9.0000,items/haul,0,-9,-9,-9
LT,4,GB-SCT,748S,GOV,SCOWCGFS,,,368,368,2017,RECO-LT,LT-TOT,-9,-9,-9.0000,items/haul,0,-9,-9,-9
LT,1,GB-SCT,748S,GOV,SCOWCGFS,,,139,139,2017,RECO-LT,LT-TOT,-9,-9,-9.0000,items/haul,0,-9,-9,-9
LT,1,GB-SCT,748S,GOV,SCOWCGFS,,,105,105,2017,RECO-LT,LT-TOT,-9,-9,-9.0000,items/haul,0,-9,-9,-9
LT,1,GB-SCT,748S,GOV,SCOWCGFS,,,106,106,2017,RECO-LT,LT-TOT,-9,-9,-9.0000,items/haul,0,-9,-9,-9
LT,4,GB-SCT,748S,GOV,SCOWCGFS,,,356,356,2017,RECO-LT,LT-TOT,-9,-9,-9.0000,items/haul,0,-9,-9,-9
LT,4,GB-SCT,748S,GOV,SCOWCGFS,,,357,357,2017,RECO-LT,LT-TOT,-9,-9,-9.0000,items/haul,0,-9,-9,-9
LT,4,GB-SCT,748S,GOV,SCOWCGFS,,,358,358,2017,RECO-LT,LT-TOT,-9,-9,-9.0000,items/haul,0,-9,-9,-9
LT,1,GB-SCT,748S,GOV,SCOWCGFS,,,128,128,2017,RECO-LT,LT-TOT,-9,-9,-9.0000,items/haul,0,-9,-9,-9
LT,1,GB-SCT,748S,GOV,SCOWCGFS,,,95,95,2017,RECO-LT,LT-TOT,-9,-9,-9.0000,items/haul,0,-9,-9,-9
LT,1,GB-SCT,748S,GOV,SCOWCGFS,,,97,97,2017,RECO-LT,LT-TOT,-9,-9,-9.0000,items/haul,0,-9,-9,-9
LT,1,GB-SCT,748S,GOV,SCOWCGFS,,,131,131,2017,RECO-LT,LT-TOT,-9,-9,-9.0000,items/haul,0,-9,-9,-9
LT,1,GB-SCT,748S,GOV,SCOWCGFS,,,132,132,2017,RECO-LT,LT-TOT,-9,-9,-9.0000,items/haul,0,-9,-9,-9
LT,1,GB-SCT,748S,GOV,SCOWCGFS,,,133,133,2017,RECO-LT,LT-TOT,-9,-9,-9.0000,items/haul,0,-9,-9,-9
LT,1,GB-SCT,748S,GOV,SCOWCGFS,,,122,122,2017,RECO-LT,LT-TOT,-9,-9,-9.0000,items/haul,0,-9,-9,-9
LT,1,GB-SCT,748S,GOV,SCOWCGFS,,,87,87,2017,RECO-LT,LT-TOT,-9,-9,-9.0000,items/haul,0,-9,-9,-9
LT,1,GB-SCT,748S,GOV,SCOWCGFS,,,88,88,2017,RECO-LT,LT-TOT,-9,-9,-9.0000,items/haul,0,-9,-9,-9
LT,1,GB-SCT,748S,GOV,SCOWCGFS,,,125,125,2017,RECO-LT,LT-TOT,-9,-9,-9.0000,items/haul,0,-9,-9,-9
LT,1,GB-SCT,748S,GOV,SCOWCGFS,,,126,126,2017,RECO-LT,LT-TOT,-9,-9,-9.0000,items/haul,0,-9,-9,-9
LT,1,GB-SCT,748S,GOV,SCOWCGFS,,,127,127,2017,RECO-LT,LT-TOT,-9,-9,-9.0000,items/haul,0,-9,-9,-9
LT,1,GB-SCT,748S,GOV,SCOWCGFS,,,110,110,2017,RECO-LT,LT-TOT,-9,-9,-9.0000,items/haul,0,-9,-9,-9
LT,1,GB-SCT,748S,GOV,SCOWCGFS,,,80,80,2017,RECO-LT,LT-TOT,-9,-9,-9.0000,items/haul,0,-9,-9,-9
LT,1,GB-SCT,748S,GOV,SCOWCGFS,,,81,81,2017,RECO-LT,LT-TOT,-9,-9,-9.0000,items/haul,0,-9,-9,-9
LT,1,GB-SCT,748S,GOV,SCOWCGFS,,,119,119,2017,RECO-LT,LT-TOT,-9,-9,-9.0000,items/haul,0,-9,-9,-9
LT,1,GB-SCT,748S,GOV,SCOWCGFS,,,120,120,2017,RECO-LT,LT-TOT,-9,-9,-9.0000,items/haul,0,-9,-9,-9
LT,1,GB-SCT,748S,GOV,SCOWCGFS,,,121,121,2017,RECO-LT,LT-TOT,-9,-9,-9.0000,items/haul,0,-9,-9,-9
LT,1,GB-SCT,748S,GOV,SCOWCGFS,,,104,104,2017,RECO-LT,LT-TOT,-9,-9,-9.0000,items/haul,0,-9,-9,-9
LT,4,GB-SCT,748S,GOV,SCOWCGFS,,,443,443,2016,RECO-LT,LT-TOT,-9,-9,-9.0000,items/haul,0,-9,-9,-9
LT,4,GB-SCT,748S,GOV,SCOWCGFS,,,445,445,2016,RECO-LT,LT-TOT,-9,-9,-9.0000,items/haul,0,-9,-9,-9
LT,1,GB-SCT,748S,GOV,SCOWCGFS,,,107,107,2017,RECO-LT,LT-TOT,-9,-9,-9.0000,items/haul,0,-9,-9,-9
LT,1,GB-SCT,748S,GOV,SCOWCGFS,,,108,108,2017,RECO-LT,LT-TOT,-9,-9,-9.0000,items/haul,0,-9,-9,-9
LT,1,GB-SCT,748S,GOV,SCOWCGFS,,,109,109,2017,RECO-LT,LT-TOT,-9,-9,-9.0000,items/haul,0,-9,-9,-9
LT,1,GB-SCT,748S,GOV,SCOWCGFS,,,94,94,2017,RECO-LT,LT-TOT,-9,-9,-9.0000,items/haul,0,-9,-9,-9
LT,4,GB-SCT,748S,GOV,SCOWCGFS,,,436,436,2016,RECO-LT,LT-TOT,-9,-9,-9.0000,items/haul,0,-9,-9,-9
LT,4,GB-SCT,748S,GOV,SCOWCGFS,,,437,437,2016,RECO-LT,LT-TOT,-9,-9,-9.0000,items/haul,0,-9,-9,-9
LT,1,GB-SCT,748S,GOV,SCOWCGFS,,,101,101,2017,RECO-LT,LT-TOT,-9,-9,-9.0000,items/haul,0,-9,-9,-9
LT,1,GB-SCT,748S,GOV,SCOWCGFS,,,102,102,2017,RECO-LT,LT-TOT,-9,-9,-9.0000,items/haul,0,-9,-9,-9
LT,1,GB-SCT,748S,GOV,SCOWCGFS,,,103,103,2017,RECO-LT,LT-TOT,-9,-9,-9.0000,items/haul,0,-9,-9,-9
LT,1,GB-SCT,748S,GOV,SCOWCGFS,,,86,86,2017,RECO-LT,LT-TOT,-9,-9,-9.0000,items/haul,0,-9,-9,-9
LT,4,GB-SCT,748S,GOV,SCOWCGFS,,,423,423,2016,RECO-LT,LT-TOT,-9,-9,-9.0000,items/haul,0,-9,-9,-9
LT,4,GB-SCT,748S,GOV,SCOWCGFS,,,431,431,2016,RECO-LT,LT-TOT,-9,-9,-9.0000,items/haul,0,-9,-9,-9
LT,1,GB-SCT,748S,GOV,SCOWCGFS,,,89,89,2017,RECO-LT,LT-TOT,-9,-9,-9.0000,items/haul,0,-9,-9,-9
LT,1,GB-SCT,748S,GOV,SCOWCGFS,,,90,90,2017,RECO-LT,LT-TOT,-9,-9,-9.0000,items/haul,0,-9,-9,-9
LT,1,GB-SCT,748S,GOV,SCOWCGFS,,,91,91,2017,RECO-LT,LT-TOT,-9,-9,-9.0000,items/haul,0,-9,-9,-9
LT,1,GB-SCT,748S,GOV,SCOWCGFS,,,79,79,2017,RECO-LT,LT-TOT,-9,-9,-9.0000,items/haul,0,-9,-9,-9
LT,4,GB-SCT,748S,GOV,SCOWCGFS,,,414,414,2016,RECO-LT,LT-TOT,-9,-9,-9.0000,items/haul,0,-9,-9,-9
LT,4,GB-SCT,748S,GOV,SCOWCGFS,,,415,415,2016,RECO-LT,LT-TOT,-9,-9,-9.0000,items/haul,0,-9,-9,-9
LT,1,GB-SCT,748S,GOV,SCOWCGFS,,,83,83,2017,RECO-LT,LT-TOT,-9,-9,-9.0000,items/haul,0,-9,-9,-9
LT,1,GB-SCT,748S,GOV,SCOWCGFS,,,84,84,2017,RECO-LT,LT-TOT,-9,-9,-9.0000,items/haul,0,-9,-9,-9
LT,1,GB-SCT,748S,GOV,SCOWCGFS,,,85,85,2017,RECO-LT,LT-TOT,-9,-9,-9.0000,items/haul,0,-9,-9,-9
LT,4,GB-SCT,748S,GOV,SCOWCGFS,,,442,442,2016,RECO-LT,LT-TOT,-9,-9,-9.0000,items/haul,0,-9,-9,-9
LT,4,GB-SCT,748S,GOV,SCOWCGFS,,,407,407,2016,RECO-LT,LT-TOT,-9,-9,-9.0000,items/haul,0,-9,-9,-9
LT,4,GB-SCT,748S,GOV,SCOWCGFS,,,408,408,2016,RECO-LT,LT-TOT,-9,-9,-9.0000,items/haul,0,-9,-9,-9
LT,4,GB-SCT,748S,GOV,SCOWCGFS,,,446,446,2016,RECO-LT,LT-TOT,-9,-9,-9.0000,items/haul,0,-9,-9,-9
LT,1,GB-SCT,748S,GOV,SCOWCGFS,,,76,76,2017,RECO-LT,LT-TOT,-9,-9,-9.0000,items/haul,0,-9,-9,-9
LT,1,GB-SCT,748S,GOV,SCOWCGFS,,,78,78,2017,RECO-LT,LT-TOT,-9,-9,-9.0000,items/haul,0,-9,-9,-9
LT,4,GB-SCT,748S,GOV,SCOWCGFS,,,435,435,2016,RECO-LT,LT-TOT,-9,-9,-9.0000,items/haul,0,-9,-9,-9
LT,4,GB-SCT,748S,GOV,SCOWCGFS,,,399,399,2016,RECO-LT,LT-TOT,-9,-9,-9.0000,items/haul,0,-9,-9,-9
LT,4,GB-SCT,748S,GOV,SCOWCGFS,,,402,402,2016,RECO-LT,LT-TOT,-9,-9,-9.0000,items/haul,0,-9,-9,-9
LT,4,GB-SCT,748S,GOV,SCOWCGFS,,,438,438,2016,RECO-LT,LT-TOT,-9,-9,-9.0000,items/haul,0,-9,-9,-9
LT,4,GB-SCT,748S,GOV,SCOWCGFS,,,439,439,2016,RECO-LT,LT-TOT,-9,-9,-9.0000,items/haul,0,-9,-9,-9
LT,4,GB-SCT,748S,GOV,SCOWCGFS,,,440,440,2016,RECO-LT,LT-TOT,-9,-9,-9.0000,items/haul,0,-9,-9,-9
LT,4,GB-SCT,748S,GOV,SCOWCGFS,,,422,422,2016,RECO-LT,LT-TOT,-9,-9,-9.0000,items/haul,0,-9,-9,-9
LT,4,GB-SCT,748S,GOV,SCOWCGFS,,,392,392,2016,RECO-LT,LT-TOT,-9,-9,-9.0000,items/haul,0,-9,-9,-9
LT,4,GB-SCT,748S,GOV,SCOWCGFS,,,393,393,2016,RECO-LT,LT-TOT,-9,-9,-9.0000,items/haul,0,-9,-9,-9
LT,4,GB-SCT,748S,GOV,SCOWCGFS,,,432,432,2016,RECO-LT,LT-TOT,-9,-9,-9.0000,items/haul,0,-9,-9,-9
LT,4,GB-SCT,748S,GOV,SCOWCGFS,,,433,433,2016,RECO-LT,LT-TOT,-9,-9,-9.0000,items/haul,0,-9,-9,-9
LT,4,GB-SCT,748S,GOV,SCOWCGFS,,,434,434,2016,RECO-LT,LT-TOT,-9,-9,-9.0000,items/haul,0,-9,-9,-9
LT,4,GB-SCT,748S,GOV,SCOWCGFS,,,413,413,2016,RECO-LT,LT-TOT,-9,-9,-9.0000,items/haul,0,-9,-9,-9
LT,1,GB-SCT,748S,GOV,SCOWCGFS,,,99,99,2016,RECO-LT,LT-TOT,-9,-9,-9.0000,items/haul,0,-9,-9,-9
LT,4,GB-SCT,748S,GOV,SCOWCGFS,,,386,386,2016,RECO-LT,LT-TOT,-9,-9,-9.0000,items/haul,0,-9,-9,-9
LT,4,GB-SCT,748S,GOV,SCOWCGFS,,,416,416,2016,RECO-LT,LT-TOT,-9,-9,-9.0000,items/haul,0,-9,-9,-9
LT,4,GB-SCT,748S,GOV,SCOWCGFS,,,417,417,2016,RECO-LT,LT-TOT,-9,-9,-9.0000,items/haul,0,-9,-9,-9
LT,4,GB-SCT,748S,GOV,SCOWCGFS,,,421,421,2016,RECO-LT,LT-TOT,-9,-9,-9.0000,items/haul,0,-9,-9,-9
LT,4,GB-SCT,748S,GOV,SCOWCGFS,,,406,406,2016,RECO-LT,LT-TOT,-9,-9,-9.0000,items/haul,0,-9,-9,-9
LT,1,GB-SCT,748S,GOV,SCOWCGFS,,,90,90,2016,RECO-LT,LT-TOT,-9,-9,-9.0000,items/haul,0,-9,-9,-9
LT,1,GB-SCT,748S,GOV,SCOWCGFS,,,91,91,2016,RECO-LT,LT-TOT,-9,-9,-9.0000,items/haul,0,-9,-9,-9
LT,4,GB-SCT,748S,GOV,SCOWCGFS,,,410,410,2016,RECO-LT,LT-TOT,-9,-9,-9.0000,items/haul,0,-9,-9,-9
LT,4,GB-SCT,748S,GOV,SCOWCGFS,,,411,411,2016,RECO-LT,LT-TOT,-9,-9,-9.0000,items/haul,0,-9,-9,-9
LT,4,GB-SCT,748S,GOV,SCOWCGFS,,,412,412,2016,RECO-LT,LT-TOT,-9,-9,-9.0000,items/haul,0,-9,-9,-9
LT,4,GB-SCT,748S,GOV,SCOWCGFS,,,398,398,2016,RECO-LT,LT-TOT,-9,-9,-9.0000,items/haul,0,-9,-9,-9
LT,1,GB-SCT,748S,GOV,SCOWCGFS,,,78,78,2016,RECO-LT,LT-TOT,-9,-9,-9.0000,items/haul,0,-9,-9,-9
LT,1,GB-SCT,748S,GOV,SCOWCGFS,,,79,79,2016,RECO-LT,LT-TOT,-9,-9,-9.0000,items/haul,0,-9,-9,-9
LT,4,GB-SCT,748S,GOV,SCOWCGFS,,,403,403,2016,RECO-LT,LT-TOT,-9,-9,-9.0000,items/haul,0,-9,-9,-9
LT,4,GB-SCT,748S,GOV,SCOWCGFS,,,404,404,2016,RECO-LT,LT-TOT,-9,-9,-9.0000,items/haul,0,-9,-9,-9
LT,4,GB-SCT,748S,GOV,SCOWCGFS,,,405,405,2016,RECO-LT,LT-TOT,-9,-9,-9.0000,items/haul,0,-9,-9,-9
LT,4,GB-SCT,748S,GOV,SCOWCGFS,,,391,391,2016,RECO-LT,LT-TOT,-9,-9,-9.0000,items/haul,0,-9,-9,-9
LT,1,GB-SCT,748S,GOV,SCOWCGFS,,,72,72,2016,RECO-LT,LT-TOT,-9,-9,-9.0000,items/haul,0,-9,-9,-9
LT,1,GB-SCT,748S,GOV,SCOWCGFS,,,73,73,2016,RECO-LT,LT-TOT,-9,-9,-9.0000,items/haul,0,-9,-9,-9
LT,4,GB-SCT,748S,GOV,SCOWCGFS,,,394,394,2016,RECO-LT,LT-TOT,-9,-9,-9.0000,items/haul,0,-9,-9,-9
LT,4,GB-SCT,748S,GOV,SCOWCGFS,,,395,395,2016,RECO-LT,LT-TOT,-9,-9,-9.0000,items/haul,0,-9,-9,-9
LT,4,GB-SCT,748S,GOV,SCOWCGFS,,,396,396,2016,RECO-LT,LT-TOT,-9,-9,-9.0000,items/haul,0,-9,-9,-9
LT,1,GB-SCT,748S,GOV,SCOWCGFS,,,98,98,2016,RECO-LT,LT-TOT,-9,-9,-9.0000,items/haul,0,-9,-9,-9
LT,1,GB-SCT,748S,GOV,SCOWCGFS,,,126,126,2016,RECO-LT,LT-TOT,-9,-9,-9.0000,items/haul,0,-9,-9,-9
LT,1,GB-SCT,748S,GOV,SCOWCGFS,,,129,129,2016,RECO-LT,LT-TOT,-9,-9,-9.0000,items/haul,0,-9,-9,-9
LT,4,GB-SCT,748S,GOV,SCOWCGFS,,,388,388,2016,RECO-LT,LT-TOT,-9,-9,-9.0000,items/haul,0,-9,-9,-9
LT,4,GB-SCT,748S,GOV,SCOWCGFS,,,389,389,2016,RECO-LT,LT-TOT,-9,-9,-9.0000,items/haul,0,-9,-9,-9
LT,4,GB-SCT,748S,GOV,SCOWCGFS,,,390,390,2016,RECO-LT,LT-TOT,-9,-9,-9.0000,items/haul,0,-9,-9,-9
LT,1,GB-SCT,748S,GOV,SCOWCGFS,,,89,89,2016,RECO-LT,LT-TOT,-9,-9,-9.0000,items/haul,0,-9,-9,-9
LT,1,GB-SCT,748S,GOV,SCOWCGFS,,,119,119,2016,RECO-LT,LT-TOT,-9,-9,-9.0000,items/haul,0,-9,-9,-9
LT,1,GB-SCT,748S,GOV,SCOWCGFS,,,120,120,2016,RECO-LT,LT-TOT,-9,-9,-9.0000,items/haul,0,-9,-9,-9
LT,1,GB-SCT,748S,GOV,SCOWCGFS,,,93,93,2016,RECO-LT,LT-TOT,-9,-9,-9.0000,items/haul,0,-9,-9,-9
LT,1,GB-SCT,748S,GOV,SCOWCGFS,,,95,95,2016,RECO-LT,LT-TOT,-9,-9,-9.0000,items/haul,0,-9,-9,-9
LT,1,GB-SCT,748S,GOV,SCOWCGFS,,,96,96,2016,RECO-LT,LT-TOT,-9,-9,-9.0000,items/haul,0,-9,-9,-9
LT,1,GB-SCT,748S,GOV,SCOWCGFS,,,77,77,2016,RECO-LT,LT-TOT,-9,-9,-9.0000,items/haul,0,-9,-9,-9
LT,1,GB-SCT,748S,GOV,SCOWCGFS,,,113,113,2016,RECO-LT,LT-TOT,-9,-9,-9.0000,items/haul,0,-9,-9,-9
LT,1,GB-SCT,748S,GOV,SCOWCGFS,,,114,114,2016,RECO-LT,LT-TOT,-9,-9,-9.0000,items/haul,0,-9,-9,-9
LT,1,GB-SCT,748S,GOV,SCOWCGFS,,,80,80,2016,RECO-LT,LT-TOT,-9,-9,-9.0000,items/haul,0,-9,-9,-9
LT,1,GB-SCT,748S,GOV,SCOWCGFS,,,82,82,2016,RECO-LT,LT-TOT,-9,-9,-9.0000,items/haul,0,-9,-9,-9
LT,1,GB-SCT,748S,GOV,SCOWCGFS,,,84,84,2016,RECO-LT,LT-TOT,-9,-9,-9.0000,items/haul,0,-9,-9,-9
LT,1,GB-SCT,748S,GOV,SCOWCGFS,,,135,135,2016,RECO-LT,LT-TOT,-9,-9,-9.0000,items/haul,0,-9,-9,-9
LT,1,GB-SCT,748S,GOV,SCOWCGFS,,,105,105,2016,RECO-LT,LT-TOT,-9,-9,-9.0000,items/haul,0,-9,-9,-9
LT,1,GB-SCT,748S,GOV,SCOWCGFS,,,106,106,2016,RECO-LT,LT-TOT,-9,-9,-9.0000,items/haul,0,-9,-9,-9
LT,1,GB-SCT,748S,GOV,SCOWCGFS,,,74,74,2016,RECO-LT,LT-TOT,-9,-9,-9.0000,items/haul,0,-9,-9,-9
LT,1,GB-SCT,748S,GOV,SCOWCGFS,,,75,75,2016,RECO-LT,LT-TOT,-9,-9,-9.0000,items/haul,0,-9,-9,-9
LT,1,GB-SCT,748S,GOV,SCOWCGFS,,,76,76,2016,RECO-LT,LT-TOT,-9,-9,-9.0000,items/haul,0,-9,-9,-9
LT,1,GB-SCT,748S,GOV,SCOWCGFS,,,125,125,2016,RECO-LT,LT-TOT,-9,-9,-9.0000,items/haul,0,-9,-9,-9
LT,4,GB-SCT,748S,GOV,SCOWCGFS,,,501,501,2015,RECO-LT,LT-TOT,-9,-9,-9.0000,items/haul,0,-9,-9,-9
LT,4,GB-SCT,748S,GOV,SCOWCGFS,,,502,502,2015,RECO-LT,LT-TOT,-9,-9,-9.0000,items/haul,0,-9,-9,-9
LT,1,GB-SCT,748S,GOV,SCOWCGFS,,,132,132,2016,RECO-LT,LT-TOT,-9,-9,-9.0000,items/haul,0,-9,-9,-9
LT,1,GB-SCT,748S,GOV,SCOWCGFS,,,133,133,2016,RECO-LT,LT-TOT,-9,-9,-9.0000,items/haul,0,-9,-9,-9
LT,1,GB-SCT,748S,GOV,SCOWCGFS,,,134,134,2016,RECO-LT,LT-TOT,-9,-9,-9.0000,items/haul,0,-9,-9,-9
LT,1,GB-SCT,748S,GOV,SCOWCGFS,,,118,118,2016,RECO-LT,LT-TOT,-9,-9,-9.0000,items/haul,0,-9,-9,-9
LT,4,GB-SCT,748S,GOV,SCOWCGFS,,,486,486,2015,RECO-LT,LT-TOT,-9,-9,-9.0000,items/haul,0,-9,-9,-9
LT,4,GB-SCT,748S,GOV,SCOWCGFS,,,489,489,2015,RECO-LT,LT-TOT,-9,-9,-9.0000,items/haul,0,-9,-9,-9
LT,1,GB-SCT,748S,GOV,SCOWCGFS,,,121,121,2016,RECO-LT,LT-TOT,-9,-9,-9.0000,items/haul,0,-9,-9,-9
LT,1,GB-SCT,748S,GOV,SCOWCGFS,,,123,123,2016,RECO-LT,LT-TOT,-9,-9,-9.0000,items/haul,0,-9,-9,-9
LT,1,GB-SCT,748S,GOV,SCOWCGFS,,,124,124,2016,RECO-LT,LT-TOT,-9,-9,-9.0000,items/haul,0,-9,-9,-9
LT,1,GB-SCT,748S,GOV,SCOWCGFS,,,112,112,2016,RECO-LT,LT-TOT,-9,-9,-9.0000,items/haul,0,-9,-9,-9
LT,4,GB-SCT,748S,GOV,SCOWCGFS,,,476,476,2015,RECO-LT,LT-TOT,-9,-9,-9.0000,items/haul,0,-9,-9,-9
LT,4,GB-SCT,748S,GOV,SCOWCGFS,,,477,477,2015,RECO-LT,LT-TOT,-9,-9,-9.0000,items/haul,0,-9,-9,-9
LT,1,GB-SCT,748S,GOV,SCOWCGFS,,,115,115,2016,RECO-LT,LT-TOT,-9,-9,-9.0000,items/haul,0,-9,-9,-9
LT,1,GB-SCT,748S,GOV,SCOWCGFS,,,116,116,2016,RECO-LT,LT-TOT,-9,-9,-9.0000,items/haul,0,-9,-9,-9
LT,1,GB-SCT,748S,GOV,SCOWCGFS,,,117,117,2016,RECO-LT,LT-TOT,-9,-9,-9.0000,items/haul,0,-9,-9,-9
LT,1,GB-SCT,748S,GOV,SCOWCGFS,,,104,104,2016,RECO-LT,LT-TOT,-9,-9,-9.0000,items/haul,0,-9,-9,-9
LT,4,GB-SCT,748S,GOV,SCOWCGFS,,,464,464,2015,RECO-LT,LT-TOT,-9,-9,-9.0000,items/haul,0,-9,-9,-9
LT,4,GB-SCT,748S,GOV,SCOWCGFS,,,466,466,2015,RECO-LT,LT-TOT,-9,-9,-9.0000,items/haul,0,-9,-9,-9
LT,1,GB-SCT,748S,GOV,SCOWCGFS,,,107,107,2016,RECO-LT,LT-TOT,-9,-9,-9.0000,items/haul,0,-9,-9,-9
LT,1,GB-SCT,748S,GOV,SCOWCGFS,,,108,108,2016,RECO-LT,LT-TOT,-9,-9,-9.0000,items/haul,0,-9,-9,-9
LT,1,GB-SCT,748S,GOV,SCOWCGFS,,,109,109,2016,RECO-LT,LT-TOT,-9,-9,-9.0000,items/haul,0,-9,-9,-9
LT,4,GB-SCT,748S,GOV,SCOWCGFS,,,498,498,2015,RECO-LT,LT-TOT,-9,-9,-9.0000,items/haul,0,-9,-9,-9
LT,4,GB-SCT,748S,GOV,SCOWCGFS,,,452,452,2015,RECO-LT,LT-TOT,-9,-9,-9.0000,items/haul,0,-9,-9,-9
LT,4,GB-SCT,748S,GOV,SCOWCGFS,,,453,453,2015,RECO-LT,LT-TOT,-9,-9,-9.0000,items/haul,0,-9,-9,-9
LT,4,GB-SCT,748S,GOV,SCOWCGFS,,,503,503,2015,RECO-LT,LT-TOT,-9,-9,-9.0000,items/haul,0,-9,-9,-9
LT,1,GB-SCT,748S,GOV,SCOWCGFS,,,101,101,2016,RECO-LT,LT-TOT,-9,-9,-9.0000,items/haul,0,-9,-9,-9
LT,1,GB-SCT,748S,GOV,SCOWCGFS,,,102,102,2016,RECO-LT,LT-TOT,-9,-9,-9.0000,items/haul,0,-9,-9,-9
LT,4,GB-SCT,748S,GOV,SCOWCGFS,,,484,484,2015,RECO-LT,LT-TOT,-9,-9,-9.0000,items/haul,0,-9,-9,-9
LT,1,GB-SCT,748S,GOV,SCOWCGFS,,,87,87,2015,RECO-LT,LT-TOT,-9,-9,-9.0000,items/haul,0,-9,-9,-9
LT,1,GB-SCT,748S,GOV,SCOWCGFS,,,90,90,2015,RECO-LT,LT-TOT,-9,-9,-9.0000,items/haul,0,-9,-9,-9
LT,4,GB-SCT,748S,GOV,SCOWCGFS,,,492,492,2015,RECO-LT,LT-TOT,-9,-9,-9.0000,items/haul,0,-9,-9,-9
LT,4,GB-SCT,748S,GOV,SCOWCGFS,,,493,493,2015,RECO-LT,LT-TOT,-9,-9,-9.0000,items/haul,0,-9,-9,-9
LT,4,GB-SCT,748S,GOV,SCOWCGFS,,,497,497,2015,RECO-LT,LT-TOT,-9,-9,-9.0000,items/haul,0,-9,-9,-9
LT,4,GB-SCT,748S,GOV,SCOWCGFS,,,474,474,2015,RECO-LT,LT-TOT,-9,-9,-9.0000,items/haul,0,-9,-9,-9
LT,1,GB-SCT,748S,GOV,SCOWCGFS,,,78,78,2015,RECO-LT,LT-TOT,-9,-9,-9.0000,items/haul,0,-9,-9,-9
LT,1,GB-SCT,748S,GOV,SCOWCGFS,,,79,79,2015,RECO-LT,LT-TOT,-9,-9,-9.0000,items/haul,0,-9,-9,-9
LT,4,GB-SCT,748S,GOV,SCOWCGFS,,,478,478,2015,RECO-LT,LT-TOT,-9,-9,-9.0000,items/haul,0,-9,-9,-9
LT,4,GB-SCT,748S,GOV,SCOWCGFS,,,480,480,2015,RECO-LT,LT-TOT,-9,-9,-9.0000,items/haul,0,-9,-9,-9
LT,4,GB-SCT,748S,GOV,SCOWCGFS,,,481,481,2015,RECO-LT,LT-TOT,-9,-9,-9.0000,items/haul,0,-9,-9,-9
LT,4,GB-SCT,748S,GOV,SCOWCGFS,,,463,463,2015,RECO-LT,LT-TOT,-9,-9,-9.0000,items/haul,0,-9,-9,-9
LT,1,GB-SCT,748S,GOV,SCOWCGFS,,,72,72,2015,RECO-LT,LT-TOT,-9,-9,-9.0000,items/haul,0,-9,-9,-9
LT,1,GB-SCT,748S,GOV,SCOWCGFS,,,73,73,2015,RECO-LT,LT-TOT,-9,-9,-9.0000,items/haul,0,-9,-9,-9
LT,4,GB-SCT,748S,GOV,SCOWCGFS,,,467,467,2015,RECO-LT,LT-TOT,-9,-9,-9.0000,items/haul,0,-9,-9,-9
LT,4,GB-SCT,748S,GOV,SCOWCGFS,,,468,468,2015,RECO-LT,LT-TOT,-9,-9,-9.0000,items/haul,0,-9,-9,-9
LT,4,GB-SCT,748S,GOV,SCOWCGFS,,,472,472,2015,RECO-LT,LT-TOT,-9,-9,-9.0000,items/haul,0,-9,-9,-9
LT,1,GB-SCT,748S,GOV,SCOWCGFS,,,96,96,2015,RECO-LT,LT-TOT,-9,-9,-9.0000,items/haul,0,-9,-9,-9
LT,1,GB-SCT,748S,GOV,SCOWCGFS,,,64,64,2015,RECO-LT,LT-TOT,-9,-9,-9.0000,items/haul,0,-9,-9,-9
LT,1,GB-SCT,748S,GOV,SCOWCGFS,,,65,65,2015,RECO-LT,LT-TOT,-9,-9,-9.0000,items/haul,0,-9,-9,-9
LT,4,GB-SCT,748S,GOV,SCOWCGFS,,,456,456,2015,RECO-LT,LT-TOT,-9,-9,-9.0000,items/haul,0,-9,-9,-9
LT,4,GB-SCT,748S,GOV,SCOWCGFS,,,458,458,2015,RECO-LT,LT-TOT,-9,-9,-9.0000,items/haul,0,-9,-9,-9
LT,4,GB-SCT,748S,GOV,SCOWCGFS,,,459,459,2015,RECO-LT,LT-TOT,-9,-9,-9.0000,items/haul,0,-9,-9,-9
LT,1,GB-SCT,748S,GOV,SCOWCGFS,,,86,86,2015,RECO-LT,LT-TOT,-9,-9,-9.0000,items/haul,0,-9,-9,-9
LT,1,GB-SCT,748S,GOV,SCOWCGFS,,,119,119,2015,RECO-LT,LT-TOT,-9,-9,-9.0000,items/haul,0,-9,-9,-9
LT,1,GB-SCT,748S,GOV,SCOWCGFS,,,120,120,2015,RECO-LT,LT-TOT,-9,-9,-9.0000,items/haul,0,-9,-9,-9
LT,1,GB-SCT,748S,GOV,SCOWCGFS,,,92,92,2015,RECO-LT,LT-TOT,-9,-9,-9.0000,items/haul,0,-9,-9,-9
LT,1,GB-SCT,748S,GOV,SCOWCGFS,,,93,93,2015,RECO-LT,LT-TOT,-9,-9,-9.0000,items/haul,0,-9,-9,-9
LT,1,GB-SCT,748S,GOV,SCOWCGFS,,,95,95,2015,RECO-LT,LT-TOT,-9,-9,-9.0000,items/haul,0,-9,-9,-9
LT,1,GB-SCT,748S,GOV,SCOWCGFS,,,77,77,2015,RECO-LT,LT-TOT,-9,-9,-9.0000,items/haul,0,-9,-9,-9
LT,1,GB-SCT,748S,GOV,SCOWCGFS,,,111,111,2015,RECO-LT,LT-TOT,-9,-9,-9.0000,items/haul,0,-9,-9,-9
LT,1,GB-SCT,748S,GOV,SCOWCGFS,,,113,113,2015,RECO-LT,LT-TOT,-9,-9,-9.0000,items/haul,0,-9,-9,-9
LT,1,GB-SCT,748S,GOV,SCOWCGFS,,,80,80,2015,RECO-LT,LT-TOT,-9,-9,-9.0000,items/haul,0,-9,-9,-9
LT,1,GB-SCT,748S,GOV,SCOWCGFS,,,81,81,2015,RECO-LT,LT-TOT,-9,-9,-9.0000,items/haul,0,-9,-9,-9
LT,1,GB-SCT,748S,GOV,SCOWCGFS,,,82,82,2015,RECO-LT,LT-TOT,-9,-9,-9.0000,items/haul,0,-9,-9,-9
LT,1,GB-SCT,748S,GOV,SCOWCGFS,,,71,71,2015,RECO-LT,LT-TOT,-9,-9,-9.0000,items/haul,0,-9,-9,-9
LT,1,GB-SCT,748S,GOV,SCOWCGFS,,,103,103,2015,RECO-LT,LT-TOT,-9,-9,-9.0000,items/haul,0,-9,-9,-9
LT,1,GB-SCT,748S,GOV,SCOWCGFS,,,104,104,2015,RECO-LT,LT-TOT,-9,-9,-9.0000,items/haul,0,-9,-9,-9
LT,1,GB-SCT,748S,GOV,SCOWCGFS,,,74,74,2015,RECO-LT,LT-TOT,-9,-9,-9.0000,items/haul,0,-9,-9,-9
LT,1,GB-SCT,748S,GOV,SCOWCGFS,,,75,75,2015,RECO-LT,LT-TOT,-9,-9,-9.0000,items/haul,0,-9,-9,-9
LT,1,GB-SCT,748S,GOV,SCOWCGFS,,,76,76,2015,RECO-LT,LT-TOT,-9,-9,-9.0000,items/haul,0,-9,-9,-9
LT,1,GB-SCT,748S,GOV,SCOWCGFS,,,63,63,2015,RECO-LT,LT-TOT,-9,-9,-9.0000,items/haul,0,-9,-9,-9
LT,1,GB-SCT,748S,GOV,SCOWCGFS,,,88,88,2014,RECO-LT,LT-TOT,-9,-9,-9.0000,items/haul,0,-9,-9,-9
LT,1,GB-SCT,748S,GOV,SCOWCGFS,,,90,90,2014,RECO-LT,LT-TOT,-9,-9,-9.0000,items/haul,0,-9,-9,-9
LT,1,GB-SCT,748S,GOV,SCOWCGFS,,,67,67,2015,RECO-LT,LT-TOT,-9,-9,-9.0000,items/haul,0,-9,-9,-9
LT,1,GB-SCT,748S,GOV,SCOWCGFS,,,68,68,2015,RECO-LT,LT-TOT,-9,-9,-9.0000,items/haul,0,-9,-9,-9
LT,1,GB-SCT,748S,GOV,SCOWCGFS,,,70,70,2015,RECO-LT,LT-TOT,-9,-9,-9.0000,items/haul,0,-9,-9,-9
LT,1,GB-SCT,748S,GOV,SCOWCGFS,,,119,119,2015,RECO-LT,LT-TOT,-9,-9,-9.0000,items/haul,0,-9,-9,-9
LT,1,GB-SCT,748S,GOV,SCOWCGFS,,,76,76,2014,RECO-LT,LT-TOT,-9,-9,-9.0000,items/haul,0,-9,-9,-9
LT,1,GB-SCT,748S,GOV,SCOWCGFS,,,77,77,2014,RECO-LT,LT-TOT,-9,-9,-9.0000,items/haul,0,-9,-9,-9
LT,1,GB-SCT,748S,GOV,SCOWCGFS,,,124,124,2015,RECO-LT,LT-TOT,-9,-9,-9.0000,items/haul,0,-9,-9,-9
LT,1,GB-SCT,748S,GOV,SCOWCGFS,,,61,61,2015,RECO-LT,LT-TOT,-9,-9,-9.0000,items/haul,0,-9,-9,-9
LT,1,GB-SCT,748S,GOV,SCOWCGFS,,,62,62,2015,RECO-LT,LT-TOT,-9,-9,-9.0000,items/haul,0,-9,-9,-9
LT,1,GB-SCT,748S,GOV,SCOWCGFS,,,110,110,2015,RECO-LT,LT-TOT,-9,-9,-9.0000,items/haul,0,-9,-9,-9
LT,1,GB-SCT,748S,GOV,SCOWCGFS,,,126,126,2014,RECO-LT,LT-TOT,-9,-9,-9.0000,items/haul,0,-9,-9,-9
LT,1,GB-SCT,748S,GOV,SCOWCGFS,,,67,67,2014,RECO-LT,LT-TOT,-9,-9,-9.0000,items/haul,0,-9,-9,-9
LT,1,GB-SCT,748S,GOV,SCOWCGFS,,,114,114,2015,RECO-LT,LT-TOT,-9,-9,-9.0000,items/haul,0,-9,-9,-9
LT,1,GB-SCT,748S,GOV,SCOWCGFS,,,116,116,2015,RECO-LT,LT-TOT,-9,-9,-9.0000,items/haul,0,-9,-9,-9
LT,1,GB-SCT,748S,GOV,SCOWCGFS,,,118,118,2015,RECO-LT,LT-TOT,-9,-9,-9.0000,items/haul,0,-9,-9,-9
LT,1,GB-SCT,748S,GOV,SCOWCGFS,,,101,101,2015,RECO-LT,LT-TOT,-9,-9,-9.0000,items/haul,0,-9,-9,-9
LT,1,GB-SCT,748S,GOV,SCOWCGFS,,,121,121,2014,RECO-LT,LT-TOT,-9,-9,-9.0000,items/haul,0,-9,-9,-9
LT,1,GB-SCT,748S,GOV,SCOWCGFS,,,122,122,2014,RECO-LT,LT-TOT,-9,-9,-9.0000,items/haul,0,-9,-9,-9
LT,1,GB-SCT,748S,GOV,SCOWCGFS,,,106,106,2015,RECO-LT,LT-TOT,-9,-9,-9.0000,items/haul,0,-9,-9,-9
LT,1,GB-SCT,748S,GOV,SCOWCGFS,,,107,107,2015,RECO-LT,LT-TOT,-9,-9,-9.0000,items/haul,0,-9,-9,-9
LT,1,GB-SCT,748S,GOV,SCOWCGFS,,,109,109,2015,RECO-LT,LT-TOT,-9,-9,-9.0000,items/haul,0,-9,-9,-9
LT,1,GB-SCT,748S,GOV,SCOWCGFS,,,84,84,2014,RECO-LT,LT-TOT,-9,-9,-9.0000,items/haul,0,-9,-9,-9
LT,1,GB-SCT,748S,GOV,SCOWCGFS,,,101,101,2014,RECO-LT,LT-TOT,-9,-9,-9.0000,items/haul,0,-9,-9,-9
LT,1,GB-SCT,748S,GOV,SCOWCGFS,,,105,105,2014,RECO-LT,LT-TOT,-9,-9,-9.0000,items/haul,0,-9,-9,-9
LT,1,GB-SCT,748S,GOV,SCOWCGFS,,,94,94,2014,RECO-LT,LT-TOT,-9,-9,-9.0000,items/haul,0,-9,-9,-9
LT,1,GB-SCT,748S,GOV,SCOWCGFS,,,95,95,2014,RECO-LT,LT-TOT,-9,-9,-9.0000,items/haul,0,-9,-9,-9
LT,1,GB-SCT,748S,GOV,SCOWCGFS,,,100,100,2015,RECO-LT,LT-TOT,-9,-9,-9.0000,items/haul,0,-9,-9,-9
LT,1,GB-SCT,748S,GOV,SCOWCGFS,,,75,75,2014,RECO-LT,LT-TOT,-9,-9,-9.0000,items/haul,0,-9,-9,-9
LT,1,GB-SCT,748S,GOV,SCOWCGFS,,,138,63,2013,RECO-LT,LT-TOT,-9,-9,-9.0000,items/haul,0,-9,-9,-9
LT,1,GB-SCT,748S,GOV,SCOWCGFS,,,140,65,2013,RECO-LT,LT-TOT,-9,-9,-9.0000,items/haul,0,-9,-9,-9
LT,1,GB-SCT,748S,GOV,SCOWCGFS,,,79,79,2014,RECO-LT,LT-TOT,-9,-9,-9.0000,items/haul,0,-9,-9,-9
LT,1,GB-SCT,748S,GOV,SCOWCGFS,,,80,80,2014,RECO-LT,LT-TOT,-9,-9,-9.0000,items/haul,0,-9,-9,-9
LT,1,GB-SCT,748S,GOV,SCOWCGFS,,,81,81,2014,RECO-LT,LT-TOT,-9,-9,-9.0000,items/haul,0,-9,-9,-9
LT,1,GB-SCT,748S,GOV,SCOWCGFS,,,125,125,2014,RECO-LT,LT-TOT,-9,-9,-9.0000,items/haul,0,-9,-9,-9
LT,1,GB-SCT,748S,GOV,SCOWCGFS,,,119,44,2013,RECO-LT,LT-TOT,-9,-9,-9.0000,items/haul,0,-9,-9,-9
LT,1,GB-SCT,748S,GOV,SCOWCGFS,,,127,52,2013,RECO-LT,LT-TOT,-9,-9,-9.0000,items/haul,0,-9,-9,-9
LT,1,GB-SCT,748S,GOV,SCOWCGFS,,,70,70,2014,RECO-LT,LT-TOT,-9,-9,-9.0000,items/haul,0,-9,-9,-9
LT,1,GB-SCT,748S,GOV,SCOWCGFS,,,71,71,2014,RECO-LT,LT-TOT,-9,-9,-9.0000,items/haul,0,-9,-9,-9
LT,1,GB-SCT,748S,GOV,SCOWCGFS,,,72,72,2014,RECO-LT,LT-TOT,-9,-9,-9.0000,items/haul,0,-9,-9,-9
LT,1,GB-SCT,748S,GOV,SCOWCGFS,,,117,117,2014,RECO-LT,LT-TOT,-9,-9,-9.0000,items/haul,0,-9,-9,-9
LT,1,GB-SCT,748S,GOV,SCOWCGFS,,,107,32,2013,RECO-LT,LT-TOT,-9,-9,-9.0000,items/haul,0,-9,-9,-9
LT,1,GB-SCT,748S,GOV,SCOWCGFS,,,111,36,2013,RECO-LT,LT-TOT,-9,-9,-9.0000,items/haul,0,-9,-9,-9
LT,1,GB-SCT,748S,GOV,SCOWCGFS,,,124,124,2014,RECO-LT,LT-TOT,-9,-9,-9.0000,items/haul,0,-9,-9,-9
LT,1,GB-SCT,748S,GOV,SCOWCGFS,,,124,124,2014,RECO-LT,LT-TOT,-9,-9,-9.0000,items/haul,0,-9,-9,-9
LT,1,GB-SCT,748S,GOV,SCOWCGFS,,,124,124,2014,RECO-LT,LT-TOT,-9,-9,-9.0000,items/haul,0,-9,-9,-9
LT,1,GB-SCT,748S,GOV,SCOWCGFS,,,100,100,2014,RECO-LT,LT-TOT,-9,-9,-9.0000,items/haul,0,-9,-9,-9
LT,1,GB-SCT,748S,GOV,SCOWCGFS,,,97,22,2013,RECO-LT,LT-TOT,-9,-9,-9.0000,items/haul,0,-9,-9,-9
LT,1,GB-SCT,748S,GOV,SCOWCGFS,,,100,25,2013,RECO-LT,LT-TOT,-9,-9,-9.0000,items/haul,0,-9,-9,-9
LT,1,GB-SCT,748S,GOV,SCOWCGFS,,,107,107,2014,RECO-LT,LT-TOT,-9,-9,-9.0000,items/haul,0,-9,-9,-9
LT,1,GB-SCT,748S,GOV,SCOWCGFS,,,110,110,2014,RECO-LT,LT-TOT,-9,-9,-9.0000,items/haul,0,-9,-9,-9
LT,1,GB-SCT,748S,GOV,SCOWCGFS,,,111,111,2014,RECO-LT,LT-TOT,-9,-9,-9.0000,items/haul,0,-9,-9,-9
LT,1,GB-SCT,748S,GOV,SCOWCGFS,,,137,62,2013,RECO-LT,LT-TOT,-9,-9,-9.0000,items/haul,0,-9,-9,-9
LT,1,GB-SCT,748S,GOV,SCOWCGFS,,,85,10,2013,RECO-LT,LT-TOT,-9,-9,-9.0000,items/haul,0,-9,-9,-9
LT,1,GB-SCT,748S,GOV,SCOWCGFS,,,86,11,2013,RECO-LT,LT-TOT,-9,-9,-9.0000,items/haul,0,-9,-9,-9
LT,1,GB-SCT,748S,GOV,SCOWCGFS,,,143,68,2013,RECO-LT,LT-TOT,-9,-9,-9.0000,items/haul,0,-9,-9,-9
LT,1,GB-SCT,748S,GOV,SCOWCGFS,,,144,69,2013,RECO-LT,LT-TOT,-9,-9,-9.0000,items/haul,0,-9,-9,-9
LT,1,GB-SCT,748S,GOV,SCOWCGFS,,,145,70,2013,RECO-LT,LT-TOT,-9,-9,-9.0000,items/haul,0,-9,-9,-9
LT,1,GB-SCT,748S,GOV,SCOWCGFS,,,118,43,2013,RECO-LT,LT-TOT,-9,-9,-9.0000,items/haul,0,-9,-9,-9
LT,1,GB-SCT,748S,GOV,SCOWCGFS,,,78,3,2013,RECO-LT,LT-TOT,-9,-9,-9.0000,items/haul,0,-9,-9,-9
LT,1,GB-SCT,748S,GOV,SCOWCGFS,,,80,5,2013,RECO-LT,LT-TOT,-9,-9,-9.0000,items/haul,0,-9,-9,-9
LT,1,GB-SCT,748S,GOV,SCOWCGFS,,,130,55,2013,RECO-LT,LT-TOT,-9,-9,-9.0000,items/haul,0,-9,-9,-9
LT,1,GB-SCT,748S,GOV,SCOWCGFS,,,132,57,2013,RECO-LT,LT-TOT,-9,-9,-9.0000,items/haul,0,-9,-9,-9
LT,1,GB-SCT,748S,GOV,SCOWCGFS,,,133,58,2013,RECO-LT,LT-TOT,-9,-9,-9.0000,items/haul,0,-9,-9,-9
LT,1,GB-SCT,748S,GOV,SCOWCGFS,,,105,30,2013,RECO-LT,LT-TOT,-9,-9,-9.0000,items/haul,0,-9,-9,-9
LT,4,GB-SCT,748S,GOV,SCOWCGFS,,,544,65,2012,RECO-LT,LT-TOT,-9,-9,-9.0000,items/haul,0,-9,-9,-9
LT,4,GB-SCT,748S,GOV,SCOWCGFS,,,545,66,2012,RECO-LT,LT-TOT,-9,-9,-9.0000,items/haul,0,-9,-9,-9
LT,1,GB-SCT,748S,GOV,SCOWCGFS,,,112,37,2013,RECO-LT,LT-TOT,-9,-9,-9.0000,items/haul,0,-9,-9,-9
LT,1,GB-SCT,748S,GOV,SCOWCGFS,,,115,40,2013,RECO-LT,LT-TOT,-9,-9,-9.0000,items/haul,0,-9,-9,-9
LT,1,GB-SCT,748S,GOV,SCOWCGFS,,,117,42,2013,RECO-LT,LT-TOT,-9,-9,-9.0000,items/haul,0,-9,-9,-9
LT,1,GB-SCT,748S,GOV,SCOWCGFS,,,94,19,2013,RECO-LT,LT-TOT,-9,-9,-9.0000,items/haul,0,-9,-9,-9
LT,4,GB-SCT,748S,GOV,SCOWCGFS,,,530,51,2012,RECO-LT,LT-TOT,-9,-9,-9.0000,items/haul,0,-9,-9,-9
LT,4,GB-SCT,748S,GOV,SCOWCGFS,,,527,48,2012,RECO-LT,LT-TOT,-9,-9,-9.0000,items/haul,0,-9,-9,-9
LT,1,GB-SCT,748S,GOV,SCOWCGFS,,,101,26,2013,RECO-LT,LT-TOT,-9,-9,-9.0000,items/haul,0,-9,-9,-9
LT,1,GB-SCT,748S,GOV,SCOWCGFS,,,103,28,2013,RECO-LT,LT-TOT,-9,-9,-9.0000,items/haul,0,-9,-9,-9
LT,1,GB-SCT,748S,GOV,SCOWCGFS,,,104,29,2013,RECO-LT,LT-TOT,-9,-9,-9.0000,items/haul,0,-9,-9,-9
LT,1,GB-SCT,748S,GOV,SCOWCGFS,,,84,9,2013,RECO-LT,LT-TOT,-9,-9,-9.0000,items/haul,0,-9,-9,-9
LT,4,GB-SCT,748S,GOV,SCOWCGFS,,,523,44,2012,RECO-LT,LT-TOT,-9,-9,-9.0000,items/haul,0,-9,-9,-9
LT,4,GB-SCT,748S,GOV,SCOWCGFS,,,509,30,2012,RECO-LT,LT-TOT,-9,-9,-9.0000,items/haul,0,-9,-9,-9
LT,1,GB-SCT,748S,GOV,SCOWCGFS,,,87,12,2013,RECO-LT,LT-TOT,-9,-9,-9.0000,items/haul,0,-9,-9,-9
LT,1,GB-SCT,748S,GOV,SCOWCGFS,,,89,14,2013,RECO-LT,LT-TOT,-9,-9,-9.0000,items/haul,0,-9,-9,-9
LT,1,GB-SCT,748S,GOV,SCOWCGFS,,,92,17,2013,RECO-LT,LT-TOT,-9,-9,-9.0000,items/haul,0,-9,-9,-9
LT,4,GB-SCT,748S,GOV,SCOWCGFS,,,548,69,2012,RECO-LT,LT-TOT,-9,-9,-9.0000,items/haul,0,-9,-9,-9
LT,4,GB-SCT,748S,GOV,SCOWCGFS,,,514,35,2012,RECO-LT,LT-TOT,-9,-9,-9.0000,items/haul,0,-9,-9,-9
LT,4,GB-SCT,748S,GOV,SCOWCGFS,,,497,18,2012,RECO-LT,LT-TOT,-9,-9,-9.0000,items/haul,0,-9,-9,-9
LT,1,GB-SCT,748S,GOV,SCOWCGFS,,,81,6,2013,RECO-LT,LT-TOT,-9,-9,-9.0000,items/haul,0,-9,-9,-9
LT,1,GB-SCT,748S,GOV,SCOWCGFS,,,82,7,2013,RECO-LT,LT-TOT,-9,-9,-9.0000,items/haul,0,-9,-9,-9
LT,1,GB-SCT,748S,GOV,SCOWCGFS,,,83,8,2013,RECO-LT,LT-TOT,-9,-9,-9.0000,items/haul,0,-9,-9,-9
LT,4,GB-SCT,748S,GOV,SCOWCGFS,,,543,64,2012,RECO-LT,LT-TOT,-9,-9,-9.0000,items/haul,0,-9,-9,-9
LT,4,GB-SCT,748S,GOV,SCOWCGFS,,,490,11,2012,RECO-LT,LT-TOT,-9,-9,-9.0000,items/haul,0,-9,-9,-9
LT,4,GB-SCT,748S,GOV,SCOWCGFS,,,491,12,2012,RECO-LT,LT-TOT,-9,-9,-9.0000,items/haul,0,-9,-9,-9
LT,4,GB-SCT,748S,GOV,SCOWCGFS,,,546,67,2012,RECO-LT,LT-TOT,-9,-9,-9.0000,items/haul,0,-9,-9,-9
LT,4,GB-SCT,748S,GOV,SCOWCGFS,,,536,57,2012,RECO-LT,LT-TOT,-9,-9,-9.0000,items/haul,0,-9,-9,-9
LT,4,GB-SCT,748S,GOV,SCOWCGFS,,,547,68,2012,RECO-LT,LT-TOT,-9,-9,-9.0000,items/haul,0,-9,-9,-9
LT,4,GB-SCT,748S,GOV,SCOWCGFS,,,538,59,2012,RECO-LT,LT-TOT,-9,-9,-9.0000,items/haul,0,-9,-9,-9
LT,4,GB-SCT,748S,GOV,SCOWCGFS,,,484,5,2012,RECO-LT,LT-TOT,-9,-9,-9.0000,items/haul,0,-9,-9,-9
LT,4,GB-SCT,748S,GOV,SCOWCGFS,,,485,6,2012,RECO-LT,LT-TOT,-9,-9,-9.0000,items/haul,0,-9,-9,-9
LT,4,GB-SCT,748S,GOV,SCOWCGFS,,,515,36,2012,RECO-LT,LT-TOT,-9,-9,-9.0000,items/haul,0,-9,-9,-9
LT,4,GB-SCT,748S,GOV,SCOWCGFS,,,516,37,2012,RECO-LT,LT-TOT,-9,-9,-9.0000,items/haul,0,-9,-9,-9
LT,4,GB-SCT,748S,GOV,SCOWCGFS,,,542,63,2012,RECO-LT,LT-TOT,-9,-9,-9.0000,items/haul,0,-9,-9,-9
LT,4,GB-SCT,748S,GOV,SCOWCGFS,,,521,42,2012,RECO-LT,LT-TOT,-9,-9,-9.0000,items/haul,0,-9,-9,-9
LT,1,GB-SCT,748S,GOV,SCOWCGFS,,,114,45,2012,RECO-LT,LT-TOT,-9,-9,-9.0000,items/haul,0,-9,-9,-9
LT,1,GB-SCT,748S,GOV,SCOWCGFS,,,118,49,2012,RECO-LT,LT-TOT,-9,-9,-9.0000,items/haul,0,-9,-9,-9
LT,4,GB-SCT,748S,GOV,SCOWCGFS,,,510,31,2012,RECO-LT,LT-TOT,-9,-9,-9.0000,items/haul,0,-9,-9,-9
LT,4,GB-SCT,748S,GOV,SCOWCGFS,,,511,32,2012,RECO-LT,LT-TOT,-9,-9,-9.0000,items/haul,0,-9,-9,-9
LT,4,GB-SCT,748S,GOV,SCOWCGFS,,,537,58,2012,RECO-LT,LT-TOT,-9,-9,-9.0000,items/haul,0,-9,-9,-9
LT,4,GB-SCT,748S,GOV,SCOWCGFS,,,513,34,2012,RECO-LT,LT-TOT,-9,-9,-9.0000,items/haul,0,-9,-9,-9
LT,1,GB-SCT,748S,GOV,SCOWCGFS,,,86,17,2012,RECO-LT,LT-TOT,-9,-9,-9.0000,items/haul,0,-9,-9,-9
LT,1,GB-SCT,748S,GOV,SCOWCGFS,,,89,20,2012,RECO-LT,LT-TOT,-9,-9,-9.0000,items/haul,0,-9,-9,-9
LT,4,GB-SCT,748S,GOV,SCOWCGFS,,,499,20,2012,RECO-LT,LT-TOT,-9,-9,-9.0000,items/haul,0,-9,-9,-9
LT,4,GB-SCT,748S,GOV,SCOWCGFS,,,500,21,2012,RECO-LT,LT-TOT,-9,-9,-9.0000,items/haul,0,-9,-9,-9
LT,4,GB-SCT,748S,GOV,SCOWCGFS,,,520,41,2012,RECO-LT,LT-TOT,-9,-9,-9.0000,items/haul,0,-9,-9,-9
LT,4,GB-SCT,748S,GOV,SCOWCGFS,,,508,29,2012,RECO-LT,LT-TOT,-9,-9,-9.0000,items/haul,0,-9,-9,-9
LT,4,GB-SCT,748S,GOV,SCOWCGFS,,,448,448,2013,RECO-LT,LT-TOT,-9,-9,-9.0000,items/haul,0,-9,-9,-9
LT,4,GB-SCT,748S,GOV,SCOWCGFS,,,449,449,2013,RECO-LT,LT-TOT,-9,-9,-9.0000,items/haul,0,-9,-9,-9
LT,4,GB-SCT,748S,GOV,SCOWCGFS,,,492,13,2012,RECO-LT,LT-TOT,-9,-9,-9.0000,items/haul,0,-9,-9,-9
LT,4,GB-SCT,748S,GOV,SCOWCGFS,,,494,15,2012,RECO-LT,LT-TOT,-9,-9,-9.0000,items/haul,0,-9,-9,-9
LT,4,GB-SCT,748S,GOV,SCOWCGFS,,,512,33,2012,RECO-LT,LT-TOT,-9,-9,-9.0000,items/haul,0,-9,-9,-9
LT,4,GB-SCT,748S,GOV,SCOWCGFS,,,496,17,2012,RECO-LT,LT-TOT,-9,-9,-9.0000,items/haul,0,-9,-9,-9
LT,4,GB-SCT,748S,GOV,SCOWCGFS,,,437,437,2013,RECO-LT,LT-TOT,-9,-9,-9.0000,items/haul,0,-9,-9,-9
LT,4,GB-SCT,748S,GOV,SCOWCGFS,,,438,438,2013,RECO-LT,LT-TOT,-9,-9,-9.0000,items/haul,0,-9,-9,-9
LT,4,GB-SCT,748S,GOV,SCOWCGFS,,,486,7,2012,RECO-LT,LT-TOT,-9,-9,-9.0000,items/haul,0,-9,-9,-9
LT,4,GB-SCT,748S,GOV,SCOWCGFS,,,487,8,2012,RECO-LT,LT-TOT,-9,-9,-9.0000,items/haul,0,-9,-9,-9
LT,4,GB-SCT,748S,GOV,SCOWCGFS,,,504,25,2012,RECO-LT,LT-TOT,-9,-9,-9.0000,items/haul,0,-9,-9,-9
LT,4,GB-SCT,748S,GOV,SCOWCGFS,,,489,10,2012,RECO-LT,LT-TOT,-9,-9,-9.0000,items/haul,0,-9,-9,-9
LT,4,GB-SCT,748S,GOV,SCOWCGFS,,,446,446,2013,RECO-LT,LT-TOT,-9,-9,-9.0000,items/haul,0,-9,-9,-9
LT,4,GB-SCT,748S,GOV,SCOWCGFS,,,447,447,2013,RECO-LT,LT-TOT,-9,-9,-9.0000,items/haul,0,-9,-9,-9
LT,1,GB-SCT,748S,GOV,SCOWCGFS,,,123,54,2012,RECO-LT,LT-TOT,-9,-9,-9.0000,items/haul,0,-9,-9,-9
LT,1,GB-SCT,748S,GOV,SCOWCGFS,,,124,55,2012,RECO-LT,LT-TOT,-9,-9,-9.0000,items/haul,0,-9,-9,-9
LT,4,GB-SCT,748S,GOV,SCOWCGFS,,,495,16,2012,RECO-LT,LT-TOT,-9,-9,-9.0000,items/haul,0,-9,-9,-9
LT,4,GB-SCT,748S,GOV,SCOWCGFS,,,483,4,2012,RECO-LT,LT-TOT,-9,-9,-9.0000,items/haul,0,-9,-9,-9
LT,4,GB-SCT,748S,GOV,SCOWCGFS,,,427,427,2013,RECO-LT,LT-TOT,-9,-9,-9.0000,items/haul,0,-9,-9,-9
LT,4,GB-SCT,748S,GOV,SCOWCGFS,,,431,431,2013,RECO-LT,LT-TOT,-9,-9,-9.0000,items/haul,0,-9,-9,-9
LT,1,GB-SCT,748S,GOV,SCOWCGFS,,,97,28,2012,RECO-LT,LT-TOT,-9,-9,-9.0000,items/haul,0,-9,-9,-9
LT,1,GB-SCT,748S,GOV,SCOWCGFS,,,104,35,2012,RECO-LT,LT-TOT,-9,-9,-9.0000,items/haul,0,-9,-9,-9
LT,4,GB-SCT,748S,GOV,SCOWCGFS,,,488,9,2012,RECO-LT,LT-TOT,-9,-9,-9.0000,items/haul,0,-9,-9,-9
LT,1,GB-SCT,748S,GOV,SCOWCGFS,,,113,44,2012,RECO-LT,LT-TOT,-9,-9,-9.0000,items/haul,0,-9,-9,-9
LT,4,GB-SCT,748S,GOV,SCOWCGFS,,,434,434,2013,RECO-LT,LT-TOT,-9,-9,-9.0000,items/haul,0,-9,-9,-9
LT,4,GB-SCT,748S,GOV,SCOWCGFS,,,441,441,2013,RECO-LT,LT-TOT,-9,-9,-9.0000,items/haul,0,-9,-9,-9
LT,4,GB-SCT,748S,GOV,SCOWCGFS,,,450,450,2013,RECO-LT,LT-TOT,-9,-9,-9.0000,items/haul,0,-9,-9,-9
LT,4,GB-SCT,748S,GOV,SCOWCGFS,,,451,451,2013,RECO-LT,LT-TOT,-9,-9,-9.0000,items/haul,0,-9,-9,-9
LT,4,GB-SCT,748S,GOV,SCOWCGFS,,,480,1,2012,RECO-LT,LT-TOT,-9,-9,-9.0000,items/haul,0,-9,-9,-9
LT,1,GB-SCT,748S,GOV,SCOWCGFS,,,85,16,2012,RECO-LT,LT-TOT,-9,-9,-9.0000,items/haul,0,-9,-9,-9
LT,1,GB-SCT,748S,GOV,SCOWCGFS,,,112,112,2020,RECO-LT,LT-TOT,-9,-9,-9.0000,items/haul,0,-9,-9,-9
LT,1,GB-SCT,748S,GOV,SCOWCGFS,,,113,113,2020,RECO-LT,LT-TOT,-9,-9,-9.0000,items/haul,0,-9,-9,-9
LT,1,GB-SCT,748S,GOV,SCOWCGFS,,,82,13,2012,RECO-LT,LT-TOT,-9,-9,-9.0000,items/haul,0,-9,-9,-9
LT,4,GB-SCT,748S,GOV,SCOWCGFS,,,426,426,2013,RECO-LT,LT-TOT,-9,-9,-9.0000,items/haul,0,-9,-9,-9
LT,1,GB-SCT,748S,GOV,SCOWCGFS,,,110,41,2012,RECO-LT,LT-TOT,-9,-9,-9.0000,items/haul,0,-9,-9,-9
LT,4,GB-SCT,748S,GOV,SCOWCGFS,,,444,444,2013,RECO-LT,LT-TOT,-9,-9,-9.0000,items/haul,0,-9,-9,-9
LT,1,GB-SCT,748S,GOV,SCOWCGFS,,,127,127,2019,C-TS-REV,A7,A,kg/haul,0.0010,items/haul,1,UNK,PP,CL7
LT,1,GB-SCT,748S,GOV,SCOWCGFS,,,103,103,2019,C-TS-REV,A5,B,-9,0.0050,items/haul,1,SBF,PP,-9
LT,1,GB-SCT,748S,GOV,SCOWCGFS,,,117,117,2020,RECO-LT,LT-TOT,-9,-9,-9.0000,items/haul,0,-9,-9,-9
LT,1,GB-SCT,748S,GOV,SCOWCGFS,,,118,118,2020,RECO-LT,LT-TOT,-9,-9,-9.0000,items/haul,0,-9,-9,-9
LT,1,GB-SCT,748S,GOV,SCOWCGFS,,,119,119,2020,RECO-LT,LT-TOT,-9,-9,-9.0000,items/haul,0,-9,-9,-9
LT,1,GB-SCT,748S,GOV,SCOWCGFS,,,111,111,2020,RECO-LT,LT-TOT,-9,-9,-9.0000,items/haul,0,-9,-9,-9
LT,1,GB-SCT,748S,GOV,SCOWCGFS,,,136,136,2017,C-TS-REV,B7,A,kg/haul,0.0680,items/haul,1,UNK,-9,CL8
LT,4,GB-SCT,748S,GOV,SCOWCGFS,,,427,427,2016,C-TS-REV,B7,A,kg/haul,0.0028,items/haul,1,UNK,-9,-9
LT,1,GB-SCT,748S,GOV,SCOWCGFS,,,125,125,2019,C-TS-REV,A1,D,kg/haul,0.0500,items/haul,1,LB,PE,AO
LT,1,GB-SCT,748S,GOV,SCOWCGFS,,,101,101,2019,C-TS-REV,A7,B,-9,0.0090,items/haul,1,UNK,PP,-9
LT,4,GB-SCT,748S,GOV,SCOWCGFS,,,423,423,2018,C-TS-REV,A7,B,kg/haul,0.0120,items/haul,1,UNK,PP,AO
LT,4,GB-SCT,748S,GOV,SCOWCGFS,,,455,455,2018,C-TS-REV,A7,A,kg/haul,0.3950,items/haul,1,UNK,PP,-9
LT,1,GB-SCT,748S,GOV,SCOWCGFS,,,75,75,2017,C-TS-REV,B7,C,kg/haul,1.6000,items/haul,1,UNK,-9,-9
LT,1,GB-SCT,748S,GOV,SCOWCGFS,,,97,97,2014,C-TS-REV,B7,C,kg/haul,1.0000,items/haul,1,UNK,-9,AO
LT,1,GB-SCT,748S,GOV,SCOWCGFS,,,95,95,2019,C-TS-REV,A5,A,kg/haul,0.0200,items/haul,1,SBF,PP,-9
LT,1,GB-SCT,748S,GOV,SCOWCGFS,,,101,101,2019,C-TS-REV,A8,B,-9,0.0100,items/haul,1,SBF,PP,CL8
LT,1,GB-SCT,748S,GOV,SCOWCGFS,,,117,117,2019,C-TS-REV,A8,F,-9,80.0000,items/haul,1,SBF,PP,-9
LT,4,GB-SCT,748S,GOV,SCOWCGFS,,,455,455,2018,C-TS-REV,A1,A,kg/haul,0.0410,items/haul,1,LB,LDPE,AO
LT,1,GB-SCT,748S,GOV,SCOWCGFS,,,128,128,2016,C-TS-REV,A1,C,kg/haul,0.0180,items/haul,1,UNK,-9,-9
LT,1,GB-SCT,748S,GOV,SCOWCGFS,,,105,105,2015,C-TS-REV,A1,C,kg/haul,0.0500,items/haul,1,UNK,-9,-9
LT,1,GB-SCT,748S,GOV,SCOWCGFS,,,93,93,2014,C-TS-REV,B7,A,kg/haul,0.0001,items/haul,1,UNK,-9,-9
LT,1,GB-SCT,748S,GOV,SCOWCGFS,,,123,48,2013,C-TS-REV,B7,A,kg/haul,0.0800,items/haul,1,UNK,-9,-9
LT,4,GB-SCT,748S,GOV,SCOWCGFS,,,385,385,2016,C-TS-REV,B1,B,kg/haul,0.0030,items/haul,1,UNK,-9,-9
LT,1,GB-SCT,748S,GOV,SCOWCGFS,,,66,66,2015,C-TS-REV,E4,D,kg/haul,6.0000,items/haul,1,UNK,-9,AO
LT,1,GB-SCT,748S,GOV,SCOWCGFS,,,94,94,2015,C-TS-REV,C4,D,kg/haul,6.5000,items/haul,1,UNK,-9,AO
LT,1,GB-SCT,748S,GOV,SCOWCGFS,,,68,68,2014,C-TS-REV,F2,C,kg/haul,1.3000,items/haul,1,UNK,-9,AO
LT,4,GB-SCT,748S,GOV,SCOWCGFS,,,372,372,2017,C-TS-REV,B7,C,kg/haul,0.2120,items/haul,1,SBF,-9,-9
LT,1,GB-SCT,748S,GOV,SCOWCGFS,,,118,118,2017,C-TS-REV,B7,A,kg/haul,0.0140,items/haul,1,SBMR,-9,-9
LT,1,GB-SCT,748S,GOV,SCOWCGFS,,,85,85,2015,C-TS-REV,B7,D,kg/haul,25.0000,items/haul,1,UNK,-9,-9
LT,1,GB-SCT,748S,GOV,SCOWCGFS,,,81,12,2012,C-TS-REV,B7,D,kg/haul,0.2500,items/haul,1,UNK,-9,-9
LT,1,GB-SCT,748S,GOV,SCOWCGFS,,,110,110,2016,C-TS-REV,B6,D,kg/haul,1.4640,items/haul,1,UNK,-9,-9
LT,1,GB-SCT,748S,GOV,SCOWCGFS,,,88,88,2019,C-TS-REV,B4,D,kg/haul,0.7720,items/haul,1,LB,-9,-9
LT,4,GB-SCT,748S,GOV,SCOWCGFS,,,485,485,2015,C-TS-REV,A1,A,kg/haul,0.0200,items/haul,1,UNK,-9,-9
LT,1,GB-SCT,748S,GOV,SCOWCGFS,,,97,97,2015,C-TS-REV,A1,B,kg/haul,0.0280,items/haul,1,UNK,-9,-9
LT,1,GB-SCT,748S,GOV,SCOWCGFS,,,102,33,2012,C-TS-REV,A1,D,kg/haul,0.5200,items/haul,1,UNK,-9,-9
LT,4,GB-SCT,748S,GOV,SCOWCGFS,,,403,403,2019,C-TS-REV,B7,C,kg/haul,0.0200,items/haul,1,UNK,-9,-9
LT,4,GB-SCT,748S,GOV,SCOWCGFS,,,400,400,2016,C-TS-REV,E1,C,kg/haul,0.0400,items/haul,1,UNK,-9,-9
LT,4,GB-SCT,748S,GOV,SCOWCGFS,,,539,60,2012,C-TS-REV,E1,A,-9,-9.0000,items/haul,1,UNK,-9,-9
LT,1,GB-SCT,748S,GOV,SCOWCGFS,,,78,78,2014,C-TS-REV,A4,A,kg/haul,0.0009,items/haul,1,UNK,-9,CL1
LT,4,GB-SCT,748S,GOV,SCOWCGFS,,,419,419,2016,C-TS-REV,A1,C,kg/haul,0.0710,items/haul,1,UNK,-9,-9
LT,1,GB-SCT,748S,GOV,SCOWCGFS,,,127,127,2016,C-TS-REV,A1,C,kg/haul,0.1000,items/haul,1,UNK,-9,AO
LT,1,GB-SCT,748S,GOV,SCOWCGFS,,,127,127,2016,C-TS-REV,A1,C,kg/haul,0.1000,items/haul,1,UNK,-9,AO
LT,1,GB-SCT,748S,GOV,SCOWCGFS,,,106,106,2020,C-TS-REV,B8,E,kg/haul,50.0000,items/haul,1,SBS,-9,-9
LT,1,GB-SCT,748S,GOV,SCOWCGFS,,,117,117,2017,C-TS-REV,C1,C,kg/haul,0.0900,items/haul,1,UNK,-9,-9
LT,1,GB-SCT,748S,GOV,SCOWCGFS,,,92,92,2019,C-TS-REV,B4,D,kg/haul,1.0000,items/haul,1,UNK,-9,-9
LT,1,GB-SCT,748S,GOV,SCOWCGFS,,,84,84,2015,C-TS-REV,B5,C,kg/haul,0.2800,items/haul,1,SBMR,-9,AO
LT,1,GB-SCT,748S,GOV,SCOWCGFS,,,69,69,2015,C-TS-REV,B5,D,kg/haul,6.3000,items/haul,1,UNK,-9,-9
LT,4,GB-SCT,748S,GOV,SCOWCGFS,,,442,442,2018,C-TS-REV,C4,D,kg/haul,5.2000,items/haul,1,LB,-9,-9
LT,4,GB-SCT,748S,GOV,SCOWCGFS,,,397,397,2017,C-TS-REV,B8,A,kg/haul,0.0010,items/haul,1,SBF,-9,-9
LT,1,GB-SCT,748S,GOV,SCOWCGFS,,,122,122,2016,C-TS-REV,B8,B,kg/haul,0.2120,items/haul,1,SBMR,-9,-9
LT,1,GB-SCT,748S,GOV,SCOWCGFS,,,112,112,2015,C-TS-REV,B2,C,kg/haul,0.0200,items/haul,1,UNK,-9,-9
LT,1,GB-SCT,748S,GOV,SCOWCGFS,,,127,127,2016,C-TS-REV,B2,B,kg/haul,0.0500,items/haul,1,UNK,-9,-9
LT,1,GB-SCT,748S,GOV,SCOWCGFS,,,73,73,2014,C-TS-REV,B2,A,kg/haul,0.0100,items/haul,1,UNK,-9,-9
LT,4,GB-SCT,748S,GOV,SCOWCGFS,,,540,61,2012,C-TS-REV,B2,A,-9,-9.0000,items/haul,1,UNK,-9,-9
LT,4,GB-SCT,748S,GOV,SCOWCGFS,,,494,494,2015,C-TS-REV,C5,A,kg/haul,0.0660,items/haul,1,UNK,-9,CL4
LT,4,GB-SCT,748S,GOV,SCOWCGFS,,,385,385,2016,C-TS-REV,C5,B,kg/haul,0.0450,items/haul,1,UNK,-9,CL7
LT,1,GB-SCT,748S,GOV,SCOWCGFS,,,83,83,2020,C-TS-REV,A11,C,kg/haul,0.0700,items/haul,1,LB,-9,CL2
LT,4,GB-SCT,748S,GOV,SCOWCGFS,,,469,469,2015,C-TS-REV,A11,C,kg/haul,0.3000,items/haul,1,UNK,-9,-9
LT,1,GB-SCT,748S,GOV,SCOWCGFS,,,83,83,2020,C-TS-REV,A11,B,kg/haul,0.0300,items/haul,1,LB,-9,CL2
LT,4,GB-SCT,748S,GOV,SCOWCGFS,,,459,459,2018,C-TS-REV,A11,D,kg/haul,3.0000,items/haul,1,SBF,-9,-9
LT,1,GB-SCT,748S,GOV,SCOWCGFS,,,132,132,2018,C-TS-REV,C5,C,kg/haul,0.1300,items/haul,1,UNK,-9,CL4
LT,4,GB-SCT,748S,GOV,SCOWCGFS,,,425,425,2016,C-TS-REV,C5,C,kg/haul,0.1140,items/haul,1,UNK,-9,-9
LT,1,GB-SCT,748S,GOV,SCOWCGFS,,,111,111,2016,C-TS-REV,B8,D,kg/haul,1.2900,items/haul,1,SBMR,-9,AO
LT,4,GB-SCT,748S,GOV,SCOWCGFS,,,435,435,2018,C-TS-REV,B8,D,kg/haul,0.9000,items/haul,1,LB,-9,AO
LT,1,GB-SCT,748S,GOV,SCOWCGFS,,,69,69,2014,C-TS-REV,B8,D,kg/haul,6.0000,items/haul,1,UNK,-9,AO
LT,1,GB-SCT,748S,GOV,SCOWCGFS,,,79,79,2018,C-TS-REV,B8,E,kg/haul,25.0000,items/haul,1,SBF,-9,-9
LT,1,GB-SCT,748S,GOV,SCOWCGFS,,,116,116,2018,C-TS-REV,F1,D,kg/haul,0.5000,items/haul,1,UNK,-9,CL5
LT,1,GB-SCT,748S,GOV,SCOWCGFS,,,130,130,2018,C-TS-REV,F1,D,kg/haul,0.6500,items/haul,1,UNK,-9,CL5
LT,4,GB-SCT,748S,GOV,SCOWCGFS,,,539,60,2012,C-TS-REV,C5,B,kg/haul,0.0400,items/haul,1,UNK,-9,AO
LT,4,GB-SCT,748S,GOV,SCOWCGFS,,,390,390,2019,C-TS-REV,B8,C,kg/haul,3.0000,items/haul,1,UNK,-9,-9
LT,4,GB-SCT,748S,GOV,SCOWCGFS,,,391,391,2019,C-TS-REV,B8,C,kg/haul,0.5000,items/haul,1,UNK,-9,-9
LT,4,GB-SCT,748S,GOV,SCOWCGFS,,,376,376,2017,C-TS-REV,B8,A,kg/haul,0.0010,items/haul,1,LB,-9,-9
LT,1,GB-SCT,748S,GOV,SCOWCGFS,,,113,113,2014,C-TS-REV,F1,B,kg/haul,0.1400,items/haul,1,UNK,-9,-9
LT,1,GB-SCT,748S,GOV,SCOWCGFS,,,126,57,2012,C-TS-REV,F1,B,kg/haul,0.3830,items/haul,1,UNK,-9,-9
LT,1,GB-SCT,748S,GOV,SCOWCGFS,,,127,127,2016,C-TS-REV,C5,C,kg/haul,0.1200,items/haul,1,UNK,-9,AO
LT,1,GB-SCT,748S,GOV,SCOWCGFS,,,139,64,2013,C-TS-REV,C5,C,kg/haul,0.0700,items/haul,1,UNK,-9,-9
LT,4,GB-SCT,748S,GOV,SCOWCGFS,,,387,387,2017,C-TS-REV,C5,C,kg/haul,0.2120,items/haul,1,SBF,-9,-9
LT,4,GB-SCT,748S,GOV,SCOWCGFS,,,420,420,2016,C-TS-REV,C5,A,kg/haul,0.0020,items/haul,1,UNK,-9,AO
LT,4,GB-SCT,748S,GOV,SCOWCGFS,,,393,393,2017,C-TS-REV,A10,C,kg/haul,0.0050,items/haul,1,SBF,-9,-9
LT,1,GB-SCT,748S,GOV,SCOWCGFS,,,114,114,2014,C-TS-REV,A10,A,kg/haul,0.0040,items/haul,1,UNK,-9,-9
LT,1,GB-SCT,748S,GOV,SCOWCGFS,,,128,128,2016,C-TS-REV,F1,D,kg/haul,2.0600,items/haul,1,UNK,-9,-9
LT,4,GB-SCT,748S,GOV,SCOWCGFS,,,425,425,2019,C-TS-REV,C5,C,kg/haul,0.1000,items/haul,1,UNK,-9,CL4
LT,1,GB-SCT,748S,GOV,SCOWCGFS,,,138,138,2019,C-TS-REV,C5,C,kg/haul,0.0800,items/haul,1,UNK,-9,CL4
LT,1,GB-SCT,748S,GOV,SCOWCGFS,,,97,97,2019,C-TS-REV,C5,C,kg/haul,0.0830,items/haul,1,UNK,-9,-9
LT,1,GB-SCT,748S,GOV,SCOWCGFS,,,103,103,2014,C-TS-REV,B3,D,kg/haul,10.0000,items/haul,1,SBF,-9,-9
LT,1,GB-SCT,748S,GOV,SCOWCGFS,,,104,104,2014,C-TS-REV,B3,D,kg/haul,10.0000,items/haul,1,SBF,-9,-9
LT,1,GB-SCT,748S,GOV,SCOWCGFS,,,127,127,2016,C-TS-REV,F1,D,kg/haul,0.2500,items/haul,1,UNK,-9,-9
LT,1,GB-SCT,748S,GOV,SCOWCGFS,,,111,42,2012,C-TS-REV,F1,B,kg/haul,0.1250,items/haul,1,UNK,-9,-9
LT,1,GB-SCT,748S,GOV,SCOWCGFS,,,112,43,2012,C-TS-REV,F1,B,kg/haul,-9.0000,items/haul,1,UNK,-9,-9
LT,1,GB-SCT,748S,GOV,SCOWCGFS,,,97,97,2019,C-TS-REV,F1,D,kg/haul,0.4930,items/haul,1,LB,-9,-9
LT,1,GB-SCT,748S,GOV,SCOWCGFS,,,92,92,2016,C-TS-REV,B3,A,kg/haul,0.0008,items/haul,1,SBF,-9,-9
LT,1,GB-SCT,748S,GOV,SCOWCGFS,,,73,73,2014,C-TS-REV,B3,A,kg/haul,0.0200,items/haul,1,SBF,-9,-9
LT,1,GB-SCT,748S,GOV,SCOWCGFS,,,119,119,2018,C-TS-REV,F1,C,kg/haul,0.5000,items/haul,1,UNK,-9,CL5
LT,1,GB-SCT,748S,GOV,SCOWCGFS,,,123,123,2018,C-TS-REV,F1,C,kg/haul,0.4000,items/haul,0,UNK,-9,CL5
LT,4,GB-SCT,748S,GOV,SCOWCGFS,,,424,424,2016,C-TS-REV,F1,C,kg/haul,0.1450,items/haul,1,UNK,-9,-9
LT,4,GB-SCT,748S,GOV,SCOWCGFS,,,441,441,2016,C-TS-REV,F1,A,kg/haul,0.0530,items/haul,1,UNK,-9,CL2
LT,4,GB-SCT,748S,GOV,SCOWCGFS,,,373,373,2017,C-TS-REV,C6,A,kg/haul,0.0060,items/haul,1,UNK,-9,-9
LT,4,GB-SCT,748S,GOV,SCOWCGFS,,,495,495,2015,C-TS-REV,C6,B,kg/haul,0.1500,items/haul,1,UNK,-9,-9
LT,1,GB-SCT,748S,GOV,SCOWCGFS,,,86,86,2020,C-TS-REV,B3,E,kg/haul,30.0000,items/haul,1,SBF,-9,-9
LT,1,GB-SCT,748S,GOV,SCOWCGFS,,,76,76,2020,C-TS-REV,B3,E,kg/haul,20.0000,items/haul,1,SBF,-9,-9
LT,4,GB-SCT,748S,GOV,SCOWCGFS,,,397,397,2016,C-TS-REV,B3,E,kg/haul,7.9000,items/haul,1,UNK,-9,-9
LT,1,GB-SCT,748S,GOV,SCOWCGFS,,,141,141,2019,C-TS-REV,A10,C,kg/haul,0.0150,items/haul,1,UNK,-9,CL2
LT,4,GB-SCT,748S,GOV,SCOWCGFS,,,451,451,2015,C-TS-REV,E2,A,kg/haul,0.0040,items/haul,1,UNK,-9,CL5
LT,4,GB-SCT,748S,GOV,SCOWCGFS,,,455,455,2015,C-TS-REV,E2,A,kg/haul,0.0480,items/haul,1,UNK,-9,CL5
LT,1,GB-SCT,748S,GOV,SCOWCGFS,,,86,86,2014,C-TS-REV,B3,A,kg/haul,0.0020,items/haul,1,SBF,-9,-9
LT,4,GB-SCT,748S,GOV,SCOWCGFS,,,449,449,2015,C-TS-REV,B3,F,kg/haul,20.0000,items/haul,1,SBF,-9,-9
LT,1,GB-SCT,748S,GOV,SCOWCGFS,,,88,13,2013,C-TS-REV,B3,D,kg/haul,20.0000,items/haul,1,SBF,-9,AO
LT,1,GB-SCT,748S,GOV,SCOWCGFS,,,96,21,2013,C-TS-REV,B3,D,kg/haul,100.0000,items/haul,1,SBF,-9,-9
LT,4,GB-SCT,748S,GOV,SCOWCGFS,,,433,433,2013,C-TS-REV,E2,A,kg/haul,0.0100,items/haul,1,UNK,-9,-9
LT,4,GB-SCT,748S,GOV,SCOWCGFS,,,442,442,2013,C-TS-REV,E2,A,kg/haul,0.0200,items/haul,1,UNK,-9,-9
LT,1,GB-SCT,748S,GOV,SCOWCGFS,,,127,127,2020,C-TS-REV,C6,B,kg/haul,0.0400,items/haul,1,UNK,-9,-9
LT,1,GB-SCT,748S,GOV,SCOWCGFS,,,122,122,2018,C-TS-REV,C6,B,kg/haul,0.5000,items/haul,1,SBF,-9,-9
LT,1,GB-SCT,748S,GOV,SCOWCGFS,,,127,127,2019,C-TS-REV,C6,D,kg/haul,0.6000,items/haul,1,UNK,-9,AO
LT,4,GB-SCT,748S,GOV,SCOWCGFS,,,375,375,2017,C-TS-REV,B3,C,kg/haul,0.0050,items/haul,1,UNK,-9,-9
LT,1,GB-SCT,748S,GOV,SCOWCGFS,,,131,131,2016,C-TS-REV,E2,B,kg/haul,0.0620,items/haul,1,UNK,-9,-9
LT,4,GB-SCT,748S,GOV,SCOWCGFS,,,499,499,2015,C-TS-REV,E2,B,kg/haul,0.1600,items/haul,1,UNK,-9,-9
LT,1,GB-SCT,748S,GOV,SCOWCGFS,,,82,82,2014,C-TS-REV,E2,A,kg/haul,0.2400,items/haul,1,UNK,-9,-9
LT,1,GB-SCT,748S,GOV,SCOWCGFS,,,66,66,2014,C-TS-REV,E2,A,kg/haul,0.3900,items/haul,1,UNK,-9,-9
LT,4,GB-SCT,748S,GOV,SCOWCGFS,,,498,19,2012,C-TS-REV,C6,C,kg/haul,0.0600,items/haul,1,UNK,-9,-9
LT,1,GB-SCT,748S,GOV,SCOWCGFS,,,124,49,2013,C-TS-REV,C6,C,kg/haul,-9.0000,items/haul,1,UNK,-9,-9
LT,4,GB-SCT,748S,GOV,SCOWCGFS,,,443,443,2018,C-TS-REV,E2,B,kg/haul,0.1100,items/haul,1,SBF,-9,-9
LT,1,GB-SCT,748S,GOV,SCOWCGFS,,,139,139,2018,C-TS-REV,E2,B,kg/haul,0.0040,items/haul,1,SBF,-9,-9
LT,4,GB-SCT,748S,GOV,SCOWCGFS,,,445,445,2013,C-TS-REV,E2,A,kg/haul,0.4500,items/haul,1,UNK,-9,-9
LT,4,GB-SCT,748S,GOV,SCOWCGFS,,,429,429,2013,C-TS-REV,E2,A,kg/haul,0.0200,items/haul,1,UNK,-9,-9
LT,4,GB-SCT,748S,GOV,SCOWCGFS,,,496,496,2015,C-TS-REV,E2,A,kg/haul,0.0020,items/haul,1,UNK,-9,CL8
LT,4,GB-SCT,748S,GOV,SCOWCGFS,,,494,494,2015,C-TS-REV,E2,A,kg/haul,0.0010,items/haul,1,UNK,-9,CL8
LT,4,GB-SCT,748S,GOV,SCOWCGFS,,,495,495,2015,C-TS-REV,E2,A,kg/haul,0.0010,items/haul,1,UNK,-9,CL8
LT,1,GB-SCT,748S,GOV,SCOWCGFS,,,122,53,2012,C-TS-REV,E2,D,kg/haul,0.1300,items/haul,1,UNK,-9,-9
LT,4,GB-SCT,748S,GOV,SCOWCGFS,,,450,450,2015,C-TS-REV,E2,B,kg/haul,0.0180,items/haul,1,UNK,-9,CL5
LT,4,GB-SCT,748S,GOV,SCOWCGFS,,,457,457,2015,C-TS-REV,E2,B,kg/haul,0.0080,items/haul,1,UNK,-9,CL8
LT,1,GB-SCT,748S,GOV,SCOWCGFS,,,120,51,2012,C-TS-REV,E2,A,kg/haul,0.0200,items/haul,1,UNK,-9,-9
LT,4,GB-SCT,748S,GOV,SCOWCGFS,,,443,443,2013,C-TS-REV,E2,A,kg/haul,0.0200,items/haul,1,UNK,-9,-9
LT,1,GB-SCT,748S,GOV,SCOWCGFS,,,135,135,2017,C-TS-REV,A8,A,kg/haul,0.0060,items/haul,1,UNK,-9,-9
LT,1,GB-SCT,748S,GOV,SCOWCGFS,,,102,33,2012,C-TS-REV,E2,C,kg/haul,0.0020,items/haul,1,SBF,-9,CL5
LT,1,GB-SCT,748S,GOV,SCOWCGFS,,,131,131,2018,C-TS-REV,E2,B,kg/haul,0.0120,items/haul,1,SBF,-9,-9
LT,1,GB-SCT,748S,GOV,SCOWCGFS,,,106,106,2014,C-TS-REV,E2,D,kg/haul,0.7680,items/haul,1,UNK,-9,-9
LT,1,GB-SCT,748S,GOV,SCOWCGFS,,,111,111,2018,C-TS-REV,E2,A,kg/haul,0.0070,items/haul,1,SBF,-9,-9
LT,4,GB-SCT,748S,GOV,SCOWCGFS,,,430,430,2013,C-TS-REV,E2,F,kg/haul,0.7970,items/haul,1,UNK,-9,-9
LT,1,GB-SCT,748S,GOV,SCOWCGFS,,,120,45,2013,C-TS-REV,A8,A,kg/haul,0.0150,items/haul,1,SBF,-9,-9
LT,1,GB-SCT,748S,GOV,SCOWCGFS,,,111,42,2012,C-TS-REV,A8,A,kg/haul,0.0800,items/haul,1,SBF,-9,-9
LT,4,GB-SCT,748S,GOV,SCOWCGFS,,,440,440,2013,C-TS-REV,E2,D,kg/haul,0.2130,items/haul,1,UNK,-9,-9
LT,1,GB-SCT,748S,GOV,SCOWCGFS,,,92,92,2020,C-TS-REV,E2,E,kg/haul,10.0000,items/haul,1,UNK,-9,-9
LT,4,GB-SCT,748S,GOV,SCOWCGFS,,,475,475,2015,C-TS-REV,E2,B,kg/haul,0.0200,items/haul,1,UNK,-9,-9
LT,1,GB-SCT,748S,GOV,SCOWCGFS,,,109,109,2014,C-TS-REV,E2,B,kg/haul,0.0940,items/haul,1,UNK,-9,-9
LT,4,GB-SCT,748S,GOV,SCOWCGFS,,,518,39,2012,C-TS-REV,A8,A,kg/haul,-9.0000,items/haul,1,SBF,-9,-9
LT,1,GB-SCT,748S,GOV,SCOWCGFS,,,116,47,2012,C-TS-REV,A8,A,kg/haul,0.1000,items/haul,1,SBF,-9,-9
LT,1,GB-SCT,748S,GOV,SCOWCGFS,,,103,34,2012,C-TS-REV,E2,C,kg/haul,0.0100,items/haul,1,SBF,-9,CL5
LT,1,GB-SCT,748S,GOV,SCOWCGFS,,,117,48,2012,C-TS-REV,E2,C,kg/haul,1.0000,items/haul,1,UNK,-9,-9
LT,1,GB-SCT,748S,GOV,SCOWCGFS,,,121,52,2012,C-TS-REV,E2,C,kg/haul,0.1700,items/haul,1,UNK,-9,-9
LT,4,GB-SCT,748S,GOV,SCOWCGFS,,,482,482,2015,C-TS-REV,E2,A,kg/haul,0.0020,items/haul,1,UNK,-9,CL5
LT,1,GB-SCT,748S,GOV,SCOWCGFS,,,129,60,2012,C-TS-REV,A8,B,kg/haul,0.0980,items/haul,1,SBF,-9,-9
LT,1,GB-SCT,748S,GOV,SCOWCGFS,,,112,112,2018,C-TS-REV,A8,F,kg/haul,250.0000,items/haul,1,SBF,-9,-9
LT,1,GB-SCT,748S,GOV,SCOWCGFS,,,127,127,2016,C-TS-REV,A8,C,kg/haul,1.1000,items/haul,1,SBF,-9,AO
LT,1,GB-SCT,748S,GOV,SCOWCGFS,,,98,98,2017,C-TS-REV,A8,C,kg/haul,0.6420,items/haul,1,SBF,-9,-9
LT,4,GB-SCT,748S,GOV,SCOWCGFS,,,379,379,2017,C-TS-REV,A8,A,kg/haul,0.0190,items/haul,1,UNK,-9,-9
LT,1,GB-SCT,748S,GOV,SCOWCGFS,,,134,134,2017,C-TS-REV,A8,A,kg/haul,0.0040,items/haul,1,UNK,-9,-9
LT,1,GB-SCT,748S,GOV,SCOWCGFS,,,129,60,2012,C-TS-REV,A8,B,kg/haul,0.0820,items/haul,1,SBF,-9,-9
LT,1,GB-SCT,748S,GOV,SCOWCGFS,,,93,93,2017,C-TS-REV,A8,B,kg/haul,0.0280,items/haul,1,UNK,-9,-9
LT,1,GB-SCT,748S,GOV,SCOWCGFS,,,98,98,2015,C-TS-REV,A8,F,kg/haul,0.0200,items/haul,1,SBF,-9,-9
LT,1,GB-SCT,748S,GOV,SCOWCGFS,,,64,64,2014,C-TS-REV,A8,A,kg/haul,0.0200,items/haul,1,UNK,-9,-9
LT,1,GB-SCT,748S,GOV,SCOWCGFS,,,129,54,2013,C-TS-REV,A8,A,kg/haul,0.0350,items/haul,1,SBF,-9,-9
LT,1,GB-SCT,748S,GOV,SCOWCGFS,,,126,51,2013,C-TS-REV,A8,A,kg/haul,0.0320,items/haul,1,SBF,-9,-9
LT,1,GB-SCT,748S,GOV,SCOWCGFS,,,109,34,2013,C-TS-REV,A8,D,kg/haul,5.5000,items/haul,1,SBF,-9,-9
LT,1,GB-SCT,748S,GOV,SCOWCGFS,,,120,51,2012,C-TS-REV,A8,B,kg/haul,0.1700,items/haul,1,SBF,-9,-9
LT,4,GB-SCT,748S,GOV,SCOWCGFS,,,392,392,2017,C-TS-REV,A8,F,kg/haul,30.0000,items/haul,1,SBF,-9,-9
LT,1,GB-SCT,748S,GOV,SCOWCGFS,,,127,127,2016,C-TS-REV,A8,F,kg/haul,3.5000,items/haul,1,UNK,-9,AO
LT,1,GB-SCT,748S,GOV,SCOWCGFS,,,128,59,2012,C-TS-REV,A8,A,kg/haul,0.0412,items/haul,1,SBF,-9,-9
LT,4,GB-SCT,748S,GOV,SCOWCGFS,,,518,39,2012,C-TS-REV,A8,A,kg/haul,-9.0000,items/haul,1,SBF,-9,-9
LT,1,GB-SCT,748S,GOV,SCOWCGFS,,,128,128,2016,C-TS-REV,A8,D,kg/haul,0.4280,items/haul,1,UNK,-9,-9
LT,1,GB-SCT,748S,GOV,SCOWCGFS,,,105,36,2012,C-TS-REV,A8,-9,kg/haul,0.0260,items/haul,1,SBF,-9,-9
LT,1,GB-SCT,748S,GOV,SCOWCGFS,,,100,100,2016,C-TS-REV,A8,B,kg/haul,0.0040,items/haul,1,SBF,-9,-9
LT,4,GB-SCT,748S,GOV,SCOWCGFS,,,369,369,2017,C-TS-REV,A8,B,kg/haul,0.0400,items/haul,1,SBF,-9,-9
LT,1,GB-SCT,748S,GOV,SCOWCGFS,,,91,16,2013,C-TS-REV,A8,B,kg/haul,0.3900,items/haul,1,SBF,-9,-9
LT,1,GB-SCT,748S,GOV,SCOWCGFS,,,110,35,2013,C-TS-REV,A8,B,kg/haul,0.1400,items/haul,1,SBF,-9,-9
LT,4,GB-SCT,748S,GOV,SCOWCGFS,,,493,14,2012,C-TS-REV,A8,C,kg/haul,1.2000,items/haul,1,SBF,-9,-9
LT,1,GB-SCT,748S,GOV,SCOWCGFS,,,94,94,2016,C-TS-REV,A8,C,kg/haul,0.0540,items/haul,1,UNK,-9,AO
LT,1,GB-SCT,748S,GOV,SCOWCGFS,,,90,15,2013,C-TS-REV,A8,B,kg/haul,0.0500,items/haul,1,SBF,-9,-9
LT,1,GB-SCT,748S,GOV,SCOWCGFS,,,81,12,2012,C-TS-REV,A8,B,kg/haul,0.8200,items/haul,1,SBF,-9,AO
LT,1,GB-SCT,748S,GOV,SCOWCGFS,,,117,48,2012,C-TS-REV,A8,B,kg/haul,0.1200,items/haul,1,SBF,-9,-9
LT,1,GB-SCT,748S,GOV,SCOWCGFS,,,127,58,2012,C-TS-REV,A8,B,kg/haul,0.1100,items/haul,1,SBF,-9,-9
LT,4,GB-SCT,748S,GOV,SCOWCGFS,,,380,380,2017,C-TS-REV,C3,B,kg/haul,0.0400,items/haul,1,SBF,-9,-9
LT,1,GB-SCT,748S,GOV,SCOWCGFS,,,108,33,2013,C-TS-REV,C3,B,kg/haul,0.4300,items/haul,1,SBF,-9,AO
LT,1,GB-SCT,748S,GOV,SCOWCGFS,,,96,27,2012,C-TS-REV,A8,-9,kg/haul,0.0250,items/haul,1,SBF,-9,-9
LT,1,GB-SCT,748S,GOV,SCOWCGFS,,,98,23,2013,C-TS-REV,A8,-9,kg/haul,0.1000,items/haul,1,SBF,-9,-9
LT,4,GB-SCT,748S,GOV,SCOWCGFS,,,428,428,2013,C-TS-REV,A8,D,kg/haul,0.1550,items/haul,1,SBF,-9,-9
LT,1,GB-SCT,748S,GOV,SCOWCGFS,,,93,93,2020,C-TS-REV,A8,D,kg/haul,2.0000,items/haul,1,SBF,-9,AO
LT,1,GB-SCT,748S,GOV,SCOWCGFS,,,92,92,2017,C-TS-REV,C3,C,kg/haul,0.6480,items/haul,1,UNK,-9,-9
LT,1,GB-SCT,748S,GOV,SCOWCGFS,,,81,81,2016,C-TS-REV,C3,C,kg/haul,0.7760,items/haul,1,UNK,-9,AO
LT,1,GB-SCT,748S,GOV,SCOWCGFS,,,85,85,2015,C-TS-REV,A8,C,kg/haul,1.1000,items/haul,1,UNK,-9,-9
LT,4,GB-SCT,748S,GOV,SCOWCGFS,,,459,459,2018,C-TS-REV,A8,C,kg/haul,2.0000,items/haul,1,SBF,-9,-9
LT,4,GB-SCT,748S,GOV,SCOWCGFS,,,374,374,2017,C-TS-REV,A8,C,kg/haul,2.0000,items/haul,1,SBF,-9,-9
LT,4,GB-SCT,748S,GOV,SCOWCGFS,,,389,389,2017,C-TS-REV,A8,C,kg/haul,2.0000,items/haul,1,SBF,-9,-9
LT,4,GB-SCT,748S,GOV,SCOWCGFS,,,525,46,2012,C-TS-REV,A5,A,-9,-9.0000,items/haul,1,SBF,-9,-9
LT,4,GB-SCT,748S,GOV,SCOWCGFS,,,441,441,2016,C-TS-REV,A5,A,kg/haul,0.0130,items/haul,1,UNK,-9,-9
LT,4,GB-SCT,748S,GOV,SCOWCGFS,,,371,371,2019,C-TS-REV,C3,D,kg/haul,10.7000,items/haul,1,SBF,-9,-9
LT,4,GB-SCT,748S,GOV,SCOWCGFS,,,522,43,2012,C-TS-REV,A9,A,kg/haul,0.0040,items/haul,1,LB,-9,-9
LT,1,GB-SCT,748S,GOV,SCOWCGFS,,,117,117,2018,C-TS-REV,A9,A,kg/haul,0.0050,items/haul,1,UNK,-9,CL4
LT,1,GB-SCT,748S,GOV,SCOWCGFS,,,141,66,2013,C-TS-REV,A9,A,kg/haul,0.0100,items/haul,1,UNK,-9,-9
LT,1,GB-SCT,748S,GOV,SCOWCGFS,,,131,131,2016,C-TS-REV,A5,A,kg/haul,0.0100,items/haul,1,UNK,-9,-9
LT,4,GB-SCT,748S,GOV,SCOWCGFS,,,385,385,2019,C-TS-REV,A5,A,kg/haul,0.0050,items/haul,1,SBF,-9,-9
LT,1,GB-SCT,748S,GOV,SCOWCGFS,,,91,91,2019,C-TS-REV,C3,C,kg/haul,0.3340,items/haul,1,SBF,-9,AO
LT,4,GB-SCT,748S,GOV,SCOWCGFS,,,375,375,2017,C-TS-REV,C3,A,kg/haul,0.0010,items/haul,1,UNK,-9,-9
LT,1,GB-SCT,748S,GOV,SCOWCGFS,,,77,77,2017,C-TS-REV,C3,A,kg/haul,0.0280,items/haul,1,UNK,-9,-9
LT,4,GB-SCT,748S,GOV,SCOWCGFS,,,363,363,2017,C-TS-REV,C3,F,kg/haul,40.0000,items/haul,1,SBF,-9,-9
LT,1,GB-SCT,748S,GOV,SCOWCGFS,,,89,89,2014,C-TS-REV,A5,A,kg/haul,0.0001,items/haul,1,SBF,-9,-9
LT,1,GB-SCT,748S,GOV,SCOWCGFS,,,91,91,2014,C-TS-REV,A5,A,kg/haul,0.0001,items/haul,1,SBF,-9,AO
LT,4,GB-SCT,748S,GOV,SCOWCGFS,,,444,444,2016,C-TS-REV,A5,A,kg/haul,0.0010,items/haul,1,UNK,-9,-9
LT,1,GB-SCT,748S,GOV,SCOWCGFS,,,77,77,2017,C-TS-REV,A5,A,kg/haul,0.0010,items/haul,1,UNK,-9,-9
LT,1,GB-SCT,748S,GOV,SCOWCGFS,,,127,127,2016,C-TS-REV,A5,A,kg/haul,0.0050,items/haul,1,UNK,-9,-9
LT,1,GB-SCT,748S,GOV,SCOWCGFS,,,66,66,2014,C-TS-REV,C3,C,kg/haul,1.3000,items/haul,1,SBF,-9,-9
LT,1,GB-SCT,748S,GOV,SCOWCGFS,,,96,21,2013,C-TS-REV,A5,A,kg/haul,0.0100,items/haul,1,SBF,-9,-9
LT,1,GB-SCT,748S,GOV,SCOWCGFS,,,99,24,2013,C-TS-REV,A5,A,kg/haul,0.0030,items/haul,1,SBF,-9,-9
LT,4,GB-SCT,748S,GOV,SCOWCGFS,,,459,459,2018,C-TS-REV,A5,A,kg/haul,0.0030,items/haul,1,SBF,-9,-9
LT,4,GB-SCT,748S,GOV,SCOWCGFS,,,504,504,2015,C-TS-REV,A5,A,kg/haul,0.0020,items/haul,1,SBF,-9,CL1
LT,1,GB-SCT,748S,GOV,SCOWCGFS,,,78,78,2014,C-TS-REV,A5,A,kg/haul,0.0190,items/haul,1,SBF,-9,-9
LT,4,GB-SCT,748S,GOV,SCOWCGFS,,,534,55,2012,C-TS-REV,A5,A,-9,-9.0000,items/haul,1,SBF,-9,-9
LT,1,GB-SCT,748S,GOV,SCOWCGFS,,,98,29,2012,C-TS-REV,A5,B,kg/haul,0.0910,items/haul,1,SBF,-9,-9
LT,4,GB-SCT,748S,GOV,SCOWCGFS,,,439,439,2013,C-TS-REV,A5,A,kg/haul,0.0100,items/haul,1,SBF,-9,-9
LT,4,GB-SCT,748S,GOV,SCOWCGFS,,,451,451,2015,C-TS-REV,A5,A,kg/haul,0.0400,items/haul,1,SBF,-9,-9
LT,1,GB-SCT,748S,GOV,SCOWCGFS,,,83,83,2014,C-TS-REV,A5,A,kg/haul,0.0001,items/haul,1,SBF,-9,-9
LT,1,GB-SCT,748S,GOV,SCOWCGFS,,,85,85,2014,C-TS-REV,A5,A,kg/haul,0.0010,items/haul,1,SBF,-9,-9
LT,1,GB-SCT,748S,GOV,SCOWCGFS,,,87,87,2014,C-TS-REV,A5,A,kg/haul,0.0001,items/haul,1,SBF,-9,-9
LT,1,GB-SCT,748S,GOV,SCOWCGFS,,,92,92,2016,C-TS-REV,A5,E,kg/haul,0.0005,items/haul,1,SBF,-9,-9
LT,4,GB-SCT,748S,GOV,SCOWCGFS,,,440,440,2018,C-TS-REV,A5,B,kg/haul,0.1780,items/haul,1,SBF,-9,-9
LT,1,GB-SCT,748S,GOV,SCOWCGFS,,,82,82,2014,C-TS-REV,A5,A,kg/haul,0.0040,items/haul,1,SBF,-9,-9
LT,4,GB-SCT,748S,GOV,SCOWCGFS,,,518,39,2012,C-TS-REV,A5,A,kg/haul,-9.0000,items/haul,1,SBF,-9,-9
LT,4,GB-SCT,748S,GOV,SCOWCGFS,,,524,45,2012,C-TS-REV,A5,A,kg/haul,0.0070,items/haul,1,SBF,-9,-9
LT,1,GB-SCT,748S,GOV,SCOWCGFS,,,113,113,2019,C-TS-REV,A5,A,-9,0.0100,items/haul,1,SBF,-9,-9
LT,4,GB-SCT,748S,GOV,SCOWCGFS,,,540,61,2012,C-TS-REV,A5,A,-9,-9.0000,items/haul,1,SBF,-9,-9
LT,4,GB-SCT,748S,GOV,SCOWCGFS,,,541,62,2012,C-TS-REV,A5,A,-9,-9.0000,items/haul,1,SBF,-9,CL8
LT,1,GB-SCT,748S,GOV,SCOWCGFS,,,99,30,2012,C-TS-REV,A5,A,kg/haul,0.0100,items/haul,1,SBF,-9,AO
LT,4,GB-SCT,748S,GOV,SCOWCGFS,,,507,28,2012,C-TS-REV,A5,B,-9,-9.0000,items/haul,1,SBF,-9,-9
LT,1,GB-SCT,748S,GOV,SCOWCGFS,,,114,114,2019,C-TS-REV,A5,B,-9,0.0090,items/haul,1,SBF,-9,-9
LT,1,GB-SCT,748S,GOV,SCOWCGFS,,,108,108,2015,C-TS-REV,A5,B,kg/haul,0.0300,items/haul,1,UNK,-9,-9
LT,1,GB-SCT,748S,GOV,SCOWCGFS,,,117,117,2015,C-TS-REV,A3,C,kg/haul,0.0020,items/haul,1,UNK,-9,-9
LT,1,GB-SCT,748S,GOV,SCOWCGFS,,,89,89,2015,C-TS-REV,A3,C,kg/haul,0.0140,items/haul,1,UNK,-9,-9
LT,4,GB-SCT,748S,GOV,SCOWCGFS,,,462,462,2015,C-TS-REV,A5,B,kg/haul,0.0020,items/haul,1,SBF,-9,-9
LT,4,GB-SCT,748S,GOV,SCOWCGFS,,,363,363,2017,C-TS-REV,A5,B,kg/haul,0.0100,items/haul,1,SBF,-9,-9
LT,1,GB-SCT,748S,GOV,SCOWCGFS,,,86,86,2014,C-TS-REV,A5,B,kg/haul,0.0240,items/haul,1,SBF,-9,-9
LT,4,GB-SCT,748S,GOV,SCOWCGFS,,,505,26,2012,C-TS-REV,A5,B,kg/haul,0.0300,items/haul,1,SBF,-9,AO
LT,4,GB-SCT,748S,GOV,SCOWCGFS,,,386,386,2019,C-TS-REV,A3,A,kg/haul,0.0010,items/haul,1,LB,-9,-9
LT,4,GB-SCT,748S,GOV,SCOWCGFS,,,400,400,2019,C-TS-REV,A3,A,kg/haul,0.0010,items/haul,1,LB,-9,-9
LT,4,GB-SCT,748S,GOV,SCOWCGFS,,,531,52,2012,C-TS-REV,A5,A,-9,-9.0000,items/haul,1,SBF,-9,-9
LT,1,GB-SCT,748S,GOV,SCOWCGFS,,,121,52,2012,C-TS-REV,A5,-9,kg/haul,0.0001,items/haul,1,SBF,-9,-9
LT,4,GB-SCT,748S,GOV,SCOWCGFS,,,374,374,2019,C-TS-REV,A5,D,kg/haul,2.0000,items/haul,1,SBF,-9,AO
LT,1,GB-SCT,748S,GOV,SCOWCGFS,,,95,20,2013,C-TS-REV,A5,E,kg/haul,40.0000,items/haul,1,SBF,-9,AO
LT,1,GB-SCT,748S,GOV,SCOWCGFS,,,93,93,2018,C-TS-REV,A3,A,kg/haul,0.0010,items/haul,1,UNK,-9,CL2
LT,1,GB-SCT,748S,GOV,SCOWCGFS,,,129,129,2018,C-TS-REV,A3,A,kg/haul,0.0030,items/haul,1,UNK,-9,CL1
LT,1,GB-SCT,748S,GOV,SCOWCGFS,,,136,61,2013,C-TS-REV,A3,C,kg/haul,0.0560,items/haul,1,UNK,-9,-9
LT,1,GB-SCT,748S,GOV,SCOWCGFS,,,122,122,2015,C-TS-REV,A5,C,kg/haul,1.0000,items/haul,1,SBF,-9,-9
LT,4,GB-SCT,748S,GOV,SCOWCGFS,,,362,362,2017,C-TS-REV,A5,C,kg/haul,0.4460,items/haul,1,SBF,-9,-9
LT,4,GB-SCT,748S,GOV,SCOWCGFS,,,430,430,2013,C-TS-REV,A5,A,kg/haul,0.0010,items/haul,1,SBF,-9,-9
LT,4,GB-SCT,748S,GOV,SCOWCGFS,,,448,448,2015,C-TS-REV,A3,A,kg/haul,0.0020,items/haul,1,UNK,-9,-9
LT,1,GB-SCT,748S,GOV,SCOWCGFS,,,83,83,2014,C-TS-REV,A3,A,kg/haul,0.0400,items/haul,1,UNK,-9,-9
LT,4,GB-SCT,748S,GOV,SCOWCGFS,,,390,390,2017,C-TS-REV,A3,A,kg/haul,0.0010,items/haul,1,LB,-9,-9
LT,1,GB-SCT,748S,GOV,SCOWCGFS,,,88,88,2016,C-TS-REV,A3,C,kg/haul,0.0380,items/haul,1,UNK,-9,-9
LT,4,GB-SCT,748S,GOV,SCOWCGFS,,,387,387,2016,C-TS-REV,A3,C,kg/haul,0.0190,items/haul,1,UNK,-9,-9
LT,1,GB-SCT,748S,GOV,SCOWCGFS,,,85,85,2016,C-TS-REV,A3,C,kg/haul,0.0100,items/haul,1,UNK,-9,-9
LT,4,GB-SCT,748S,GOV,SCOWCGFS,,,519,40,2012,C-TS-REV,A3,A,kg/haul,-9.0000,items/haul,1,UNK,-9,-9
LT,1,GB-SCT,748S,GOV,SCOWCGFS,,,98,29,2012,C-TS-REV,A3,A,kg/haul,0.0124,items/haul,1,UNK,-9,-9
LT,4,GB-SCT,748S,GOV,SCOWCGFS,,,485,485,2015,C-TS-REV,A3,A,kg/haul,0.0010,items/haul,1,UNK,-9,-9
LT,1,GB-SCT,748S,GOV,SCOWCGFS,,,77,2,2013,C-TS-REV,A3,C,kg/haul,0.0880,items/haul,1,UNK,-9,-9
LT,1,GB-SCT,748S,GOV,SCOWCGFS,,,114,39,2013,C-TS-REV,A3,C,kg/haul,0.1050,items/haul,1,UNK,-9,AO
LT,4,GB-SCT,748S,GOV,SCOWCGFS,,,432,432,2013,C-TS-REV,A3,C,kg/haul,0.0500,items/haul,1,UNK,-9,-9
LT,4,GB-SCT,748S,GOV,SCOWCGFS,,,528,49,2012,C-TS-REV,A3,A,-9,-9.0000,items/haul,1,UNK,-9,-9
LT,4,GB-SCT,748S,GOV,SCOWCGFS,,,429,429,2013,C-TS-REV,A3,A,kg/haul,0.0100,items/haul,1,UNK,-9,-9
LT,1,GB-SCT,748S,GOV,SCOWCGFS,,,73,73,2014,C-TS-REV,A3,A,kg/haul,0.0100,items/haul,1,UNK,-9,-9
LT,4,GB-SCT,748S,GOV,SCOWCGFS,,,433,433,2018,C-TS-REV,A3,A,kg/haul,0.0100,items/haul,1,LB,-9,-9
LT,1,GB-SCT,748S,GOV,SCOWCGFS,,,125,125,2020,C-TS-REV,A3,A,kg/haul,0.0020,items/haul,1,LB,-9,CL2
LT,4,GB-SCT,748S,GOV,SCOWCGFS,,,387,387,2017,C-TS-REV,A3,A,kg/haul,0.0010,items/haul,1,LB,-9,-9
LT,1,GB-SCT,748S,GOV,SCOWCGFS,,,117,117,2017,C-TS-REV,A3,B,kg/haul,0.0030,items/haul,1,UNK,-9,-9
LT,1,GB-SCT,748S,GOV,SCOWCGFS,,,136,136,2017,C-TS-REV,A3,B,kg/haul,0.0050,items/haul,1,UNK,-9,-9
LT,4,GB-SCT,748S,GOV,SCOWCGFS,,,540,61,2012,C-TS-REV,A3,A,-9,-9.0000,items/haul,1,UNK,-9,-9
LT,4,GB-SCT,748S,GOV,SCOWCGFS,,,490,490,2015,C-TS-REV,A3,A,kg/haul,0.0040,items/haul,1,UNK,-9,-9
LT,4,GB-SCT,748S,GOV,SCOWCGFS,,,482,482,2015,C-TS-REV,A3,A,kg/haul,0.0020,items/haul,1,UNK,-9,CL2
LT,4,GB-SCT,748S,GOV,SCOWCGFS,,,473,473,2015,C-TS-REV,A3,A,kg/haul,0.0280,items/haul,1,UNK,-9,-9
LT,1,GB-SCT,748S,GOV,SCOWCGFS,,,141,66,2013,C-TS-REV,A3,B,kg/haul,0.0200,items/haul,1,UNK,-9,-9
LT,1,GB-SCT,748S,GOV,SCOWCGFS,,,128,53,2013,C-TS-REV,A3,B,kg/haul,0.1660,items/haul,1,UNK,-9,-9
LT,1,GB-SCT,748S,GOV,SCOWCGFS,,,96,96,2014,C-TS-REV,A3,A,kg/haul,0.0001,items/haul,1,SBF,-9,-9
LT,1,GB-SCT,748S,GOV,SCOWCGFS,,,116,116,2014,C-TS-REV,A3,A,kg/haul,0.0100,items/haul,1,UNK,-9,CL2
LT,1,GB-SCT,748S,GOV,SCOWCGFS,,,120,120,2014,C-TS-REV,A3,A,kg/haul,0.0080,items/haul,1,UNK,-9,-9
LT,4,GB-SCT,748S,GOV,SCOWCGFS,,,517,38,2012,C-TS-REV,A3,A,kg/haul,-9.0000,items/haul,1,UNK,-9,-9
LT,1,GB-SCT,748S,GOV,SCOWCGFS,,,120,45,2013,C-TS-REV,A3,B,kg/haul,0.0100,items/haul,1,UNK,-9,-9
LT,1,GB-SCT,748S,GOV,SCOWCGFS,,,96,21,2013,C-TS-REV,A3,B,kg/haul,0.0040,items/haul,1,UNK,-9,-9
LT,1,GB-SCT,748S,GOV,SCOWCGFS,,,97,97,2016,C-TS-REV,A3,B,kg/haul,0.0030,items/haul,1,UNK,-9,CL1
LT,4,GB-SCT,748S,GOV,SCOWCGFS,,,535,56,2012,C-TS-REV,A3,A,-9,-9.0000,items/haul,1,UNK,-9,-9
LT,4,GB-SCT,748S,GOV,SCOWCGFS,,,532,53,2012,C-TS-REV,A3,A,-9,-9.0000,items/haul,1,UNK,-9,-9
LT,4,GB-SCT,748S,GOV,SCOWCGFS,,,526,47,2012,C-TS-REV,A3,A,-9,-9.0000,items/haul,1,UNK,-9,-9
LT,4,GB-SCT,748S,GOV,SCOWCGFS,,,478,478,2018,C-TS-REV,A3,D,kg/haul,0.3910,items/haul,1,LB,-9,-9
LT,1,GB-SCT,748S,GOV,SCOWCGFS,,,116,116,2017,C-TS-REV,A3,D,kg/haul,0.0760,items/haul,1,UNK,-9,-9
LT,1,GB-SCT,748S,GOV,SCOWCGFS,,,139,64,2013,C-TS-REV,A3,B,kg/haul,0.0500,items/haul,1,UNK,-9,-9
LT,1,GB-SCT,748S,GOV,SCOWCGFS,,,112,112,2019,C-TS-REV,A3,B,-9,0.0010,items/haul,1,LB,-9,CL1
LT,1,GB-SCT,748S,GOV,SCOWCGFS,,,101,101,2019,C-TS-REV,A3,B,-9,0.0050,items/haul,1,LB,-9,-9
LT,4,GB-SCT,748S,GOV,SCOWCGFS,,,396,396,2019,C-TS-REV,A3,B,kg/haul,0.0200,items/haul,1,LB,-9,CL4
LT,1,GB-SCT,748S,GOV,SCOWCGFS,,,111,111,2017,C-TS-REV,A3,D,kg/haul,0.3600,items/haul,1,UNK,-9,-9
LT,1,GB-SCT,748S,GOV,SCOWCGFS,,,131,62,2012,C-TS-REV,A3,D,kg/haul,0.0920,items/haul,1,UNK,-9,-9
LT,1,GB-SCT,748S,GOV,SCOWCGFS,,,103,34,2012,C-TS-REV,A3,B,kg/haul,0.0100,items/haul,2,UNK,-9,-9
LT,4,GB-SCT,748S,GOV,SCOWCGFS,,,470,470,2015,C-TS-REV,A3,B,kg/haul,0.0440,items/haul,1,UNK,-9,-9
LT,4,GB-SCT,748S,GOV,SCOWCGFS,,,483,483,2015,C-TS-REV,A3,B,kg/haul,0.0220,items/haul,1,UNK,-9,-9
LT,1,GB-SCT,748S,GOV,SCOWCGFS,,,74,74,2014,C-TS-REV,A3,B,kg/haul,0.0200,items/haul,1,UNK,-9,-9
LT,1,GB-SCT,748S,GOV,SCOWCGFS,,,131,131,2018,C-TS-REV,A3,C,kg/haul,0.0200,items/haul,1,UNK,-9,AO~CL5
LT,4,GB-SCT,748S,GOV,SCOWCGFS,,,366,366,2017,C-TS-REV,A3,C,kg/haul,2.0000,items/haul,1,UNK,-9,-9
LT,1,GB-SCT,748S,GOV,SCOWCGFS,,,132,132,2018,C-TS-REV,A3,D,kg/haul,0.0880,items/haul,1,UNK,-9,AO~CL5
LT,1,GB-SCT,748S,GOV,SCOWCGFS,,,121,46,2013,C-TS-REV,A3,B,kg/haul,0.0100,items/haul,1,UNK,-9,-9
LT,1,GB-SCT,748S,GOV,SCOWCGFS,,,135,60,2013,C-TS-REV,A3,B,kg/haul,0.3000,items/haul,1,UNK,-9,-9
LT,1,GB-SCT,748S,GOV,SCOWCGFS,,,88,13,2013,C-TS-REV,A3,B,kg/haul,0.1000,items/haul,1,UNK,-9,-9
LT,1,GB-SCT,748S,GOV,SCOWCGFS,,,111,111,2018,C-TS-REV,A6,A,kg/haul,0.0090,items/haul,1,SBF,-9,-9
LT,4,GB-SCT,748S,GOV,SCOWCGFS,,,450,450,2015,C-TS-REV,A6,A,kg/haul,0.0020,items/haul,1,SBF,-9,CL8
LT,1,GB-SCT,748S,GOV,SCOWCGFS,,,131,131,2018,C-TS-REV,A3,E,kg/haul,0.2000,items/haul,1,UNK,-9,CL2
LT,4,GB-SCT,748S,GOV,SCOWCGFS,,,541,62,2012,C-TS-REV,A3,B,-9,-9.0000,items/haul,1,UNK,-9,-9
LT,1,GB-SCT,748S,GOV,SCOWCGFS,,,105,36,2012,C-TS-REV,A3,-9,kg/haul,0.0100,items/haul,1,UNK,-9,-9
LT,1,GB-SCT,748S,GOV,SCOWCGFS,,,130,61,2012,C-TS-REV,A3,-9,kg/haul,0.0215,items/haul,1,UNK,-9,-9
LT,1,GB-SCT,748S,GOV,SCOWCGFS,,,130,130,2016,C-TS-REV,A6,B,kg/haul,0.0050,items/haul,1,UNK,-9,-9
LT,4,GB-SCT,748S,GOV,SCOWCGFS,,,460,460,2015,C-TS-REV,A6,B,kg/haul,0.0440,items/haul,1,SBF,-9,-9
LT,4,GB-SCT,748S,GOV,SCOWCGFS,,,409,409,2016,C-TS-REV,A3,C,kg/haul,0.0600,items/haul,1,UNK,-9,-9
LT,4,GB-SCT,748S,GOV,SCOWCGFS,,,418,418,2016,C-TS-REV,A3,C,kg/haul,0.0090,items/haul,1,UNK,-9,-9
LT,1,GB-SCT,748S,GOV,SCOWCGFS,,,132,132,2018,C-TS-REV,A3,D,kg/haul,0.1120,items/haul,1,UNK,-9,CL1
LT,1,GB-SCT,748S,GOV,SCOWCGFS,,,128,128,2016,C-TS-REV,A3,D,kg/haul,0.1980,items/haul,1,UNK,-9,-9
LT,1,GB-SCT,748S,GOV,SCOWCGFS,,,123,123,2020,C-TS-REV,A6,D,kg/haul,0.2000,items/haul,1,SBF,-9,AO
LT,1,GB-SCT,748S,GOV,SCOWCGFS,,,84,84,2018,C-TS-REV,A6,D,kg/haul,0.7500,items/haul,1,SBF,-9,-9
LT,4,GB-SCT,748S,GOV,SCOWCGFS,,,461,461,2015,C-TS-REV,A6,A,kg/haul,0.0020,items/haul,1,SBF,-9,-9
LT,4,GB-SCT,748S,GOV,SCOWCGFS,,,531,52,2012,C-TS-REV,A6,A,kg/haul,0.1200,items/haul,1,SBF,-9,-9
LT,1,GB-SCT,748S,GOV,SCOWCGFS,,,80,80,2020,C-TS-REV,A3,C,kg/haul,0.1380,items/haul,1,LB,-9,CL2
LT,1,GB-SCT,748S,GOV,SCOWCGFS,,,85,85,2020,C-TS-REV,A3,C,kg/haul,0.0200,items/haul,1,LB,-9,-9
LT,1,GB-SCT,748S,GOV,SCOWCGFS,,,91,91,2015,C-TS-REV,A6,C,kg/haul,0.0180,items/haul,1,SBF,-9,-9
LT,1,GB-SCT,748S,GOV,SCOWCGFS,,,99,99,2017,C-TS-REV,A6,C,kg/haul,0.0200,items/haul,1,SBF,-9,-9
LT,1,GB-SCT,748S,GOV,SCOWCGFS,,,93,24,2012,C-TS-REV,A6,B,kg/haul,0.0800,items/haul,1,SBF,-9,-9
LT,1,GB-SCT,748S,GOV,SCOWCGFS,,,98,29,2012,C-TS-REV,A6,-9,kg/haul,0.0234,items/haul,1,SBF,-9,-9
LT,1,GB-SCT,748S,GOV,SCOWCGFS,,,87,87,2016,C-TS-REV,A6,A,kg/haul,0.0010,items/haul,1,UNK,-9,-9
LT,4,GB-SCT,748S,GOV,SCOWCGFS,,,386,386,2019,C-TS-REV,A6,A,kg/haul,0.0010,items/haul,1,SBF,-9,-9
LT,1,GB-SCT,748S,GOV,SCOWCGFS,,,99,99,2014,C-TS-REV,F3,A,kg/haul,0.0320,items/haul,1,UNK,-9,-9
LT,1,GB-SCT,748S,GOV,SCOWCGFS,,,92,92,2014,C-TS-REV,F3,A,kg/haul,0.0320,items/haul,1,UNK,-9,-9
LT,1,GB-SCT,748S,GOV,SCOWCGFS,,,96,96,2017,C-TS-REV,A6,E,kg/haul,40.0000,items/haul,1,SBF,-9,AO
LT,1,GB-SCT,748S,GOV,SCOWCGFS,,,128,128,2019,C-TS-REV,A6,E,kg/haul,0.3100,items/haul,1,SBF,-9,AO
LT,4,GB-SCT,748S,GOV,SCOWCGFS,,,375,375,2017,C-TS-REV,A6,F,kg/haul,30.0000,items/haul,1,SBF,-9,-9
LT,1,GB-SCT,748S,GOV,SCOWCGFS,,,111,111,2019,C-TS-REV,A6,B,-9,0.2000,items/haul,1,SBF,-9,-9
LT,1,GB-SCT,748S,GOV,SCOWCGFS,,,107,38,2012,C-TS-REV,A14,C,kg/haul,0.0130,items/haul,1,UNK,-9,-9
LT,1,GB-SCT,748S,GOV,SCOWCGFS,,,111,111,2019,C-TS-REV,A14,C,-9,0.0500,items/haul,1,UNK,-9,-9
LT,1,GB-SCT,748S,GOV,SCOWCGFS,,,100,100,2017,C-TS-REV,A6,A,kg/haul,0.0050,items/haul,1,UNK,-9,AO
LT,1,GB-SCT,748S,GOV,SCOWCGFS,,,100,100,2017,C-TS-REV,A6,A,kg/haul,0.0050,items/haul,1,UNK,-9,AO
LT,1,GB-SCT,748S,GOV,SCOWCGFS,,,136,136,2016,C-TS-REV,A6,A,kg/haul,0.0150,items/haul,1,UNK,-9,-9
LT,1,GB-SCT,748S,GOV,SCOWCGFS,,,130,61,2012,C-TS-REV,A6,-9,kg/haul,0.1020,items/haul,1,SBF,-9,-9
LT,1,GB-SCT,748S,GOV,SCOWCGFS,,,127,127,2016,C-TS-REV,A14,A,kg/haul,0.0100,items/haul,1,UNK,-9,-9
LT,4,GB-SCT,748S,GOV,SCOWCGFS,,,495,495,2015,C-TS-REV,A14,A,kg/haul,0.0080,items/haul,1,UNK,-9,CL2
LT,4,GB-SCT,748S,GOV,SCOWCGFS,,,353,353,2017,C-TS-REV,F3,A,kg/haul,0.0080,items/haul,1,SBF,-9,-9
LT,1,GB-SCT,748S,GOV,SCOWCGFS,,,99,30,2012,C-TS-REV,F3,F,kg/haul,200.0000,items/haul,1,UNK,-9,-9
LT,4,GB-SCT,748S,GOV,SCOWCGFS,,,533,54,2012,C-TS-REV,F3,D,kg/haul,0.5500,items/haul,1,UNK,-9,-9
LT,1,GB-SCT,748S,GOV,SCOWCGFS,,,112,112,2019,C-TS-REV,A6,C,-9,0.0200,items/haul,1,SBF,-9,-9
LT,1,GB-SCT,748S,GOV,SCOWCGFS,,,80,11,2012,C-TS-REV,A14,A,kg/haul,0.0200,items/haul,1,UNK,-9,-9
LT,1,GB-SCT,748S,GOV,SCOWCGFS,,,83,14,2012,C-TS-REV,A14,A,kg/haul,0.0500,items/haul,1,UNK,-9,-9
LT,1,GB-SCT,748S,GOV,SCOWCGFS,,,125,125,2019,C-TS-REV,A14,A,kg/haul,0.0010,items/haul,1,LB,-9,-9
LT,1,GB-SCT,748S,GOV,SCOWCGFS,,,78,78,2018,C-TS-REV,A14,A,kg/haul,0.0010,items/haul,1,UNK,-9,CL5
LT,1,GB-SCT,748S,GOV,SCOWCGFS,,,111,111,2019,C-TS-REV,F3,C,-9,3.5200,items/haul,1,SBF,-9,-9
LT,4,GB-SCT,748S,GOV,SCOWCGFS,,,479,479,2015,C-TS-REV,F3,A,kg/haul,0.0020,items/haul,1,UNK,-9,-9
LT,1,GB-SCT,748S,GOV,SCOWCGFS,,,105,105,2020,C-TS-REV,A14,B,kg/haul,0.0160,items/haul,1,LB,-9,-9
LT,4,GB-SCT,748S,GOV,SCOWCGFS,,,365,365,2019,C-TS-REV,A14,B,kg/haul,0.0050,items/haul,1,UNK,-9,CL5
LT,4,GB-SCT,748S,GOV,SCOWCGFS,,,483,483,2015,C-TS-REV,A14,A,kg/haul,0.0020,items/haul,1,UNK,-9,-9
LT,4,GB-SCT,748S,GOV,SCOWCGFS,,,455,455,2015,C-TS-REV,A14,A,kg/haul,0.0020,items/haul,1,UNK,-9,-9
LT,1,GB-SCT,748S,GOV,SCOWCGFS,,,112,112,2017,C-TS-REV,A14,C,kg/haul,0.0050,items/haul,1,UNK,-9,-9
LT,1,GB-SCT,748S,GOV,SCOWCGFS,,,122,122,2015,C-TS-REV,A14,C,kg/haul,0.5960,items/haul,1,UNK,-9,AO
LT,1,GB-SCT,748S,GOV,SCOWCGFS,,,109,40,2012,C-TS-REV,A14,B,kg/haul,0.0100,items/haul,1,UNK,-9,AO~CL8
LT,1,GB-SCT,748S,GOV,SCOWCGFS,,,127,127,2016,C-TS-REV,A14,D,kg/haul,0.5800,items/haul,1,SBR,-9,-9
LT,4,GB-SCT,748S,GOV,SCOWCGFS,,,535,56,2012,C-TS-REV,A14,A,-9,-9.0000,items/haul,1,UNK,-9,-9
LT,1,GB-SCT,748S,GOV,SCOWCGFS,,,108,39,2012,C-TS-REV,A14,A,kg/haul,0.0690,items/haul,1,SBF,-9,CL2
LT,1,GB-SCT,748S,GOV,SCOWCGFS,,,98,98,2018,C-TS-REV,A14,A,kg/haul,0.0020,items/haul,1,UNK,-9,CL1
LT,4,GB-SCT,748S,GOV,SCOWCGFS,,,426,426,2016,C-TS-REV,A14,A,kg/haul,0.0030,items/haul,1,UNK,-9,CL2
LT,1,GB-SCT,748S,GOV,SCOWCGFS,,,127,127,2016,C-TS-REV,A14,D,kg/haul,0.1000,items/haul,1,SBF,-9,-9
LT,4,GB-SCT,748S,GOV,SCOWCGFS,,,429,429,2016,C-TS-REV,A14,D,kg/haul,12.8000,items/haul,1,SBF,-9,-9
LT,1,GB-SCT,748S,GOV,SCOWCGFS,,,124,124,2020,C-TS-REV,A14,B,kg/haul,0.0210,items/haul,1,LB,-9,CL5
LT,1,GB-SCT,748S,GOV,SCOWCGFS,,,135,135,2017,C-TS-REV,A14,B,kg/haul,0.0080,items/haul,1,UNK,-9,-9
LT,1,GB-SCT,748S,GOV,SCOWCGFS,,,120,120,2014,C-TS-REV,A14,A,kg/haul,0.0320,items/haul,1,UNK,-9,-9
LT,1,GB-SCT,748S,GOV,SCOWCGFS,,,81,12,2012,C-TS-REV,A14,A,kg/haul,0.1000,items/haul,1,UNK,-9,-9
LT,1,GB-SCT,748S,GOV,SCOWCGFS,,,88,88,2015,C-TS-REV,A14,C,kg/haul,0.0440,items/haul,1,LB,-9,-9
LT,1,GB-SCT,748S,GOV,SCOWCGFS,,,126,126,2018,C-TS-REV,A14,C,kg/haul,0.0190,items/haul,1,LB,-9,-9
LT,1,GB-SCT,748S,GOV,SCOWCGFS,,,127,127,2019,C-TS-REV,A14,D,kg/haul,0.0600,items/haul,1,LB,-9,-9
LT,4,GB-SCT,748S,GOV,SCOWCGFS,,,499,499,2015,C-TS-REV,A14,D,kg/haul,4.5000,items/haul,1,SBMR,-9,-9
LT,1,GB-SCT,748S,GOV,SCOWCGFS,,,95,26,2012,C-TS-REV,A14,F,kg/haul,0.2000,items/haul,1,SBF,-9,-9
LT,1,GB-SCT,748S,GOV,SCOWCGFS,,,86,86,2020,C-TS-REV,A14,B,kg/haul,0.0200,items/haul,1,LBS,-9,-9
LT,1,GB-SCT,748S,GOV,SCOWCGFS,,,109,40,2012,C-TS-REV,A7,C,kg/haul,0.0200,items/haul,1,UNK,-9,CL3
LT,1,GB-SCT,748S,GOV,SCOWCGFS,,,125,56,2012,C-TS-REV,A7,C,kg/haul,0.0050,items/haul,1,UNK,-9,AO~CL8
LT,4,GB-SCT,748S,GOV,SCOWCGFS,,,382,382,2017,C-TS-REV,A14,D,kg/haul,17.6000,items/haul,1,SBF,-9,-9
LT,1,GB-SCT,748S,GOV,SCOWCGFS,,,72,72,2020,C-TS-REV,A14,E,kg/haul,5.7000,items/haul,1,SBF,-9,AO
LT,4,GB-SCT,748S,GOV,SCOWCGFS,,,420,420,2016,C-TS-REV,A14,B,kg/haul,0.0200,items/haul,1,UNK,-9,-9
LT,4,GB-SCT,748S,GOV,SCOWCGFS,,,500,500,2015,C-TS-REV,A14,B,kg/haul,0.0160,items/haul,1,UNK,-9,-9
LT,4,GB-SCT,748S,GOV,SCOWCGFS,,,465,465,2015,C-TS-REV,A7,A,kg/haul,0.0020,items/haul,1,UNK,-9,CL7
LT,1,GB-SCT,748S,GOV,SCOWCGFS,,,117,117,2017,C-TS-REV,A7,C,kg/haul,4.0000,items/haul,1,SBF,-9,-9
LT,1,GB-SCT,748S,GOV,SCOWCGFS,,,131,131,2018,C-TS-REV,A14,C,kg/haul,0.0200,items/haul,1,LB,-9,AO~CL8
LT,1,GB-SCT,748S,GOV,SCOWCGFS,,,114,114,2017,C-TS-REV,A14,C,kg/haul,0.0170,items/haul,1,UNK,-9,-9
LT,1,GB-SCT,748S,GOV,SCOWCGFS,,,126,126,2019,C-TS-REV,A14,D,kg/haul,2.0000,items/haul,1,UNK,-9,AO
LT,4,GB-SCT,748S,GOV,SCOWCGFS,,,448,448,2018,C-TS-REV,A14,D,kg/haul,13.0000,items/haul,1,SBF,-9,-9
LT,1,GB-SCT,748S,GOV,SCOWCGFS,,,99,99,2015,C-TS-REV,A7,A,kg/haul,0.0060,items/haul,1,UNK,-9,-9
LT,1,GB-SCT,748S,GOV,SCOWCGFS,,,138,138,2017,C-TS-REV,A7,A,kg/haul,0.0100,items/haul,1,UNK,-9,-9
LT,4,GB-SCT,748S,GOV,SCOWCGFS,,,482,3,2012,C-TS-REV,A7,C,kg/haul,0.3100,items/haul,1,UNK,-9,-9
LT,1,GB-SCT,748S,GOV,SCOWCGFS,,,83,14,2012,C-TS-REV,A7,C,kg/haul,0.7000,items/haul,1,UNK,-9,-9
LT,1,GB-SCT,748S,GOV,SCOWCGFS,,,103,34,2012,C-TS-REV,A7,C,kg/haul,0.0120,items/haul,1,UNK,-9,CL8
LT,4,GB-SCT,748S,GOV,SCOWCGFS,,,402,402,2019,C-TS-REV,A14,C,kg/haul,0.0380,items/haul,1,LB,-9,AO
LT,1,GB-SCT,748S,GOV,SCOWCGFS,,,123,123,2014,C-TS-REV,A7,A,kg/haul,0.0120,items/haul,1,UNK,-9,-9
LT,1,GB-SCT,748S,GOV,SCOWCGFS,,,103,103,2014,C-TS-REV,A7,A,kg/haul,0.0340,items/haul,1,UNK,-9,-9
LT,4,GB-SCT,748S,GOV,SCOWCGFS,,,445,445,2015,C-TS-REV,A7,A,kg/haul,0.0130,items/haul,1,-9,-9,CL8
LT,1,GB-SCT,748S,GOV,SCOWCGFS,,,98,29,2012,C-TS-REV,A7,A,kg/haul,0.2200,items/haul,1,-9,-9,AO
LT,1,GB-SCT,748S,GOV,SCOWCGFS,,,84,84,2018,C-TS-REV,A7,A,kg/haul,0.0080,items/haul,1,UNK,-9,SHP1
LT,4,GB-SCT,748S,GOV,SCOWCGFS,,,503,24,2012,C-TS-REV,A7,C,kg/haul,0.2400,items/haul,1,UNK,-9,-9
LT,1,GB-SCT,748S,GOV,SCOWCGFS,,,141,66,2013,C-TS-REV,A7,A,kg/haul,0.0200,items/haul,1,UNK,-9,-9
LT,1,GB-SCT,748S,GOV,SCOWCGFS,,,133,64,2012,C-TS-REV,A7,A,kg/haul,0.0800,items/haul,1,UNK,-9,-9
LT,4,GB-SCT,748S,GOV,SCOWCGFS,,,371,371,2017,C-TS-REV,A7,A,kg/haul,0.0010,items/haul,1,UNK,-9,-9
LT,4,GB-SCT,748S,GOV,SCOWCGFS,,,500,500,2015,C-TS-REV,A7,A,kg/haul,0.0020,items/haul,1,UNK,-9,CL7
LT,4,GB-SCT,748S,GOV,SCOWCGFS,,,490,490,2015,C-TS-REV,A7,A,kg/haul,0.0020,items/haul,1,UNK,-9,CL8
LT,4,GB-SCT,748S,GOV,SCOWCGFS,,,462,462,2015,C-TS-REV,A7,A,kg/haul,0.0140,items/haul,1,UNK,-9,CL8
LT,1,GB-SCT,748S,GOV,SCOWCGFS,,,126,57,2012,C-TS-REV,A7,A,kg/haul,0.0193,items/haul,1,UNK,-9,-9
LT,1,GB-SCT,748S,GOV,SCOWCGFS,,,131,62,2012,C-TS-REV,A7,A,kg/haul,0.0100,items/haul,1,UNK,-9,-9
LT,4,GB-SCT,748S,GOV,SCOWCGFS,,,454,454,2015,C-TS-REV,A7,A,kg/haul,0.0020,items/haul,1,UNK,-9,CL8
LT,4,GB-SCT,748S,GOV,SCOWCGFS,,,471,471,2015,C-TS-REV,A7,A,kg/haul,0.0020,items/haul,1,UNK,-9,-9
LT,1,GB-SCT,748S,GOV,SCOWCGFS,,,98,98,2014,C-TS-REV,A7,A,kg/haul,0.0006,items/haul,1,UNK,-9,AO
LT,1,GB-SCT,748S,GOV,SCOWCGFS,,,123,123,2015,C-TS-REV,A7,A,kg/haul,0.0140,items/haul,1,UNK,-9,-9
LT,1,GB-SCT,748S,GOV,SCOWCGFS,,,99,30,2012,C-TS-REV,A7,A,kg/haul,0.0100,items/haul,1,UNK,-9,-9
LT,1,GB-SCT,748S,GOV,SCOWCGFS,,,91,22,2012,C-TS-REV,A7,A,kg/haul,0.0300,items/haul,1,UNK,-9,-9
LT,4,GB-SCT,748S,GOV,SCOWCGFS,,,447,447,2015,C-TS-REV,A7,A,kg/haul,0.0210,items/haul,1,UNK,-9,CL8
LT,1,GB-SCT,748S,GOV,SCOWCGFS,,,121,121,2015,C-TS-REV,A7,A,kg/haul,0.0050,items/haul,1,UNK,-9,-9
LT,1,GB-SCT,748S,GOV,SCOWCGFS,,,74,74,2014,C-TS-REV,A7,A,kg/haul,0.0200,items/haul,1,UNK,-9,-9
LT,1,GB-SCT,748S,GOV,SCOWCGFS,,,108,108,2014,C-TS-REV,A7,A,kg/haul,0.0120,items/haul,1,UNK,-9,-9
LT,1,GB-SCT,748S,GOV,SCOWCGFS,,,76,7,2012,C-TS-REV,A7,A,kg/haul,0.0100,items/haul,1,UNK,-9,-9
LT,1,GB-SCT,748S,GOV,SCOWCGFS,,,77,8,2012,C-TS-REV,A7,A,kg/haul,0.0500,items/haul,1,UNK,-9,-9
LT,1,GB-SCT,748S,GOV,SCOWCGFS,,,108,33,2013,C-TS-REV,A7,A,kg/haul,0.0040,items/haul,1,UNK,-9,-9
LT,1,GB-SCT,748S,GOV,SCOWCGFS,,,121,46,2013,C-TS-REV,A7,A,kg/haul,0.1200,items/haul,1,UNK,-9,-9
LT,1,GB-SCT,748S,GOV,SCOWCGFS,,,122,47,2013,C-TS-REV,A7,A,kg/haul,0.0500,items/haul,1,UNK,-9,-9
LT,1,GB-SCT,748S,GOV,SCOWCGFS,,,113,38,2013,C-TS-REV,A7,A,kg/haul,0.0200,items/haul,1,UNK,-9,-9
LT,1,GB-SCT,748S,GOV,SCOWCGFS,,,72,3,2012,C-TS-REV,A7,A,kg/haul,0.0300,items/haul,1,UNK,-9,-9
LT,1,GB-SCT,748S,GOV,SCOWCGFS,,,73,4,2012,C-TS-REV,A7,A,kg/haul,0.0500,items/haul,1,UNK,-9,-9
LT,4,GB-SCT,748S,GOV,SCOWCGFS,,,518,39,2012,C-TS-REV,A7,A,kg/haul,-9.0000,items/haul,1,UNK,-9,-9
LT,4,GB-SCT,748S,GOV,SCOWCGFS,,,518,39,2012,C-TS-REV,A7,A,kg/haul,-9.0000,items/haul,1,UNK,-9,-9
LT,1,GB-SCT,748S,GOV,SCOWCGFS,,,88,13,2013,C-TS-REV,A7,A,kg/haul,0.0400,items/haul,1,UNK,-9,-9
LT,1,GB-SCT,748S,GOV,SCOWCGFS,,,107,38,2012,C-TS-REV,A7,A,kg/haul,0.0030,items/haul,1,UNK,-9,-9
LT,4,GB-SCT,748S,GOV,SCOWCGFS,,,534,55,2012,C-TS-REV,A7,A,-9,-9.0000,items/haul,1,UNK,-9,-9
LT,4,GB-SCT,748S,GOV,SCOWCGFS,,,525,46,2012,C-TS-REV,A7,A,-9,-9.0000,items/haul,1,UNK,-9,-9
LT,1,GB-SCT,748S,GOV,SCOWCGFS,,,132,63,2012,C-TS-REV,A7,A,kg/haul,0.0200,items/haul,1,UNK,-9,CL8
LT,1,GB-SCT,748S,GOV,SCOWCGFS,,,88,19,2012,C-TS-REV,A7,A,kg/haul,0.0300,items/haul,1,UNK,-9,-9
LT,1,GB-SCT,748S,GOV,SCOWCGFS,,,100,31,2012,C-TS-REV,A7,A,kg/haul,0.0100,items/haul,1,UNK,-9,-9
LT,1,GB-SCT,748S,GOV,SCOWCGFS,,,101,32,2012,C-TS-REV,A7,A,kg/haul,0.0200,items/haul,1,UNK,-9,-9
LT,4,GB-SCT,748S,GOV,SCOWCGFS,,,367,367,2017,C-TS-REV,A7,A,kg/haul,0.0010,items/haul,1,SBF,-9,-9
LT,1,GB-SCT,748S,GOV,SCOWCGFS,,,112,43,2012,C-TS-REV,A7,A,kg/haul,-9.0000,items/haul,1,SBF,-9,-9
LT,1,GB-SCT,748S,GOV,SCOWCGFS,,,92,23,2012,C-TS-REV,A7,A,kg/haul,0.0100,items/haul,1,UNK,-9,-9
LT,1,GB-SCT,748S,GOV,SCOWCGFS,,,93,24,2012,C-TS-REV,A7,A,kg/haul,0.0700,items/haul,1,UNK,-9,-9
LT,1,GB-SCT,748S,GOV,SCOWCGFS,,,95,26,2012,C-TS-REV,A7,A,kg/haul,0.0200,items/haul,1,UNK,-9,AO
LT,1,GB-SCT,748S,GOV,SCOWCGFS,,,87,18,2012,C-TS-REV,A7,A,kg/haul,0.0900,items/haul,1,UNK,-9,-9
LT,4,GB-SCT,748S,GOV,SCOWCGFS,,,491,491,2015,C-TS-REV,A7,B,kg/haul,0.0120,items/haul,1,UNK,-9,CL5
LT,4,GB-SCT,748S,GOV,SCOWCGFS,,,487,487,2015,C-TS-REV,A7,B,kg/haul,0.0440,items/haul,1,UNK,-9,CL4~CL8
LT,1,GB-SCT,748S,GOV,SCOWCGFS,,,78,9,2012,C-TS-REV,A7,A,kg/haul,0.0500,items/haul,1,UNK,-9,-9
LT,1,GB-SCT,748S,GOV,SCOWCGFS,,,79,10,2012,C-TS-REV,A7,A,kg/haul,0.0500,items/haul,1,UNK,-9,-9
LT,1,GB-SCT,748S,GOV,SCOWCGFS,,,90,21,2012,C-TS-REV,A7,A,kg/haul,0.0400,items/haul,1,UNK,-9,-9
LT,1,GB-SCT,748S,GOV,SCOWCGFS,,,80,11,2012,C-TS-REV,A7,A,kg/haul,0.0400,items/haul,1,UNK,-9,-9
LT,1,GB-SCT,748S,GOV,SCOWCGFS,,,102,102,2015,C-TS-REV,A7,B,kg/haul,0.0150,items/haul,1,UNK,-9,-9
LT,1,GB-SCT,748S,GOV,SCOWCGFS,,,66,66,2015,C-TS-REV,A7,B,kg/haul,0.0880,items/haul,1,UNK,-9,-9
LT,1,GB-SCT,748S,GOV,SCOWCGFS,,,74,5,2012,C-TS-REV,A7,A,kg/haul,0.0300,items/haul,1,UNK,-9,-9
LT,1,GB-SCT,748S,GOV,SCOWCGFS,,,75,6,2012,C-TS-REV,A7,A,kg/haul,0.0500,items/haul,1,UNK,-9,-9
LT,4,GB-SCT,748S,GOV,SCOWCGFS,,,535,56,2012,C-TS-REV,A7,A,-9,-9.0000,items/haul,1,UNK,-9,-9
LT,4,GB-SCT,748S,GOV,SCOWCGFS,,,541,62,2012,C-TS-REV,A7,A,-9,-9.0000,items/haul,1,UNK,-9,-9
LT,1,GB-SCT,748S,GOV,SCOWCGFS,,,134,59,2013,C-TS-REV,A7,B,kg/haul,0.1420,items/haul,1,UNK,-9,-9
LT,1,GB-SCT,748S,GOV,SCOWCGFS,,,123,48,2013,C-TS-REV,A7,B,kg/haul,0.3400,items/haul,1,UNK,-9,-9
LT,4,GB-SCT,748S,GOV,SCOWCGFS,,,525,46,2012,C-TS-REV,A7,A,-9,-9.0000,items/haul,1,UNK,-9,-9
LT,4,GB-SCT,748S,GOV,SCOWCGFS,,,529,50,2012,C-TS-REV,A7,A,-9,-9.0000,items/haul,1,UNK,-9,-9
LT,4,GB-SCT,748S,GOV,SCOWCGFS,,,533,54,2012,C-TS-REV,A7,A,-9,-9.0000,items/haul,1,UNK,-9,-9
LT,4,GB-SCT,748S,GOV,SCOWCGFS,,,401,401,2016,C-TS-REV,A7,A,kg/haul,0.0550,items/haul,1,SBF,-9,-9
LT,1,GB-SCT,748S,GOV,SCOWCGFS,,,106,31,2013,C-TS-REV,A7,B,kg/haul,0.1200,items/haul,1,UNK,-9,-9
LT,1,GB-SCT,748S,GOV,SCOWCGFS,,,132,63,2012,C-TS-REV,A7,B,kg/haul,0.0500,items/haul,1,UNK,-9,AO
LT,1,GB-SCT,748S,GOV,SCOWCGFS,,,112,112,2014,C-TS-REV,A7,B,kg/haul,0.0600,items/haul,1,UNK,-9,-9
LT,1,GB-SCT,748S,GOV,SCOWCGFS,,,102,33,2012,C-TS-REV,A7,F,kg/haul,0.4220,items/haul,1,UNK,-9,CL4
LT,1,GB-SCT,748S,GOV,SCOWCGFS,,,115,115,2018,C-TS-REV,A7,B,kg/haul,0.0400,items/haul,1,UNK,-9,-9
LT,4,GB-SCT,748S,GOV,SCOWCGFS,,,430,430,2016,C-TS-REV,A7,B,kg/haul,0.0160,items/haul,1,UNK,-9,-9
LT,1,GB-SCT,748S,GOV,SCOWCGFS,,,102,33,2012,C-TS-REV,A7,B,kg/haul,0.0020,items/haul,1,UNK,-9,CL7
LT,1,GB-SCT,748S,GOV,SCOWCGFS,,,103,34,2012,C-TS-REV,A7,B,kg/haul,0.0070,items/haul,1,UNK,-9,CL4
LT,1,GB-SCT,748S,GOV,SCOWCGFS,,,124,49,2013,C-TS-REV,A7,B,kg/haul,-9.0000,items/haul,1,UNK,-9,-9
LT,4,GB-SCT,748S,GOV,SCOWCGFS,,,488,488,2015,C-TS-REV,A7,B,kg/haul,0.0340,items/haul,1,UNK,-9,CL8
LT,1,GB-SCT,748S,GOV,SCOWCGFS,,,97,97,2015,C-TS-REV,A7,B,kg/haul,0.0340,items/haul,1,UNK,-9,-9
LT,1,GB-SCT,748S,GOV,SCOWCGFS,,,65,65,2014,C-TS-REV,A7,B,kg/haul,0.0200,items/haul,1,UNK,-9,-9
LT,1,GB-SCT,748S,GOV,SCOWCGFS,,,93,24,2012,C-TS-REV,A7,B,kg/haul,0.0500,items/haul,1,UNK,-9,-9
LT,1,GB-SCT,748S,GOV,SCOWCGFS,,,85,85,2020,C-TS-REV,A7,B,kg/haul,0.0200,items/haul,1,UNK,-9,CL7
LT,4,GB-SCT,748S,GOV,SCOWCGFS,,,506,27,2012,C-TS-REV,A7,B,kg/haul,0.0500,items/haul,1,UNK,-9,-9
LT,1,GB-SCT,748S,GOV,SCOWCGFS,,,102,102,2014,C-TS-REV,A7,B,kg/haul,0.1480,items/haul,1,UNK,-9,-9
LT,1,GB-SCT,748S,GOV,SCOWCGFS,,,119,119,2014,C-TS-REV,A7,B,kg/haul,0.0420,items/haul,1,UNK,-9,CL4
LT,1,GB-SCT,748S,GOV,SCOWCGFS,,,126,51,2013,C-TS-REV,A7,B,kg/haul,0.0700,items/haul,1,UNK,-9,-9
LT,1,GB-SCT,748S,GOV,SCOWCGFS,,,96,27,2012,C-TS-REV,A7,-9,kg/haul,0.0250,items/haul,1,UNK,-9,-9
LT,1,GB-SCT,748S,GOV,SCOWCGFS,,,106,37,2012,C-TS-REV,A7,-9,kg/haul,0.1760,items/haul,1,UNK,-9,-9
LT,1,GB-SCT,748S,GOV,SCOWCGFS,,,70,1,2012,C-TS-REV,A7,B,kg/haul,0.1150,items/haul,1,UNK,-9,-9
LT,1,GB-SCT,748S,GOV,SCOWCGFS,,,124,49,2013,C-TS-REV,A7,B,kg/haul,-9.0000,items/haul,1,UNK,-9,-9
LT,1,GB-SCT,748S,GOV,SCOWCGFS,,,125,50,2013,C-TS-REV,A7,B,kg/haul,0.2000,items/haul,1,UNK,-9,-9
LT,1,GB-SCT,748S,GOV,SCOWCGFS,,,116,41,2013,C-TS-REV,A7,B,kg/haul,0.2100,items/haul,1,UNK,-9,-9
LT,1,GB-SCT,748S,GOV,SCOWCGFS,,,128,59,2012,C-TS-REV,A7,D,kg/haul,0.0576,items/haul,1,UNK,-9,-9
LT,1,GB-SCT,748S,GOV,SCOWCGFS,,,122,53,2012,C-TS-REV,A7,D,kg/haul,0.0200,items/haul,1,UNK,-9,CL8
LT,1,GB-SCT,748S,GOV,SCOWCGFS,,,77,2,2013,C-TS-REV,A7,B,kg/haul,0.0140,items/haul,1,SBF,-9,-9
LT,1,GB-SCT,748S,GOV,SCOWCGFS,,,79,4,2013,C-TS-REV,A7,B,kg/haul,0.0080,items/haul,1,SBF,-9,-9
LT,4,GB-SCT,748S,GOV,SCOWCGFS,,,481,2,2012,C-TS-REV,A7,B,kg/haul,0.0400,items/haul,1,UNK,-9,-9
LT,1,GB-SCT,748S,GOV,SCOWCGFS,,,93,18,2013,C-TS-REV,A7,B,kg/haul,0.0100,items/haul,1,UNK,-9,-9
LT,1,GB-SCT,748S,GOV,SCOWCGFS,,,75,75,2017,C-TS-REV,A7,C,kg/haul,1.0000,items/haul,1,UNK,-9,-9
LT,1,GB-SCT,748S,GOV,SCOWCGFS,,,103,103,2016,C-TS-REV,A7,C,kg/haul,0.5450,items/haul,1,UNK,-9,-9
LT,1,GB-SCT,748S,GOV,SCOWCGFS,,,119,50,2012,C-TS-REV,A7,-9,kg/haul,0.0050,items/haul,1,UNK,-9,CL4
LT,1,GB-SCT,748S,GOV,SCOWCGFS,,,83,83,2015,C-TS-REV,A7,D,kg/haul,0.7800,items/haul,1,UNK,-9,-9
LT,1,GB-SCT,748S,GOV,SCOWCGFS,,,71,2,2012,C-TS-REV,A7,B,kg/haul,0.3000,items/haul,1,UNK,-9,-9
LT,1,GB-SCT,748S,GOV,SCOWCGFS,,,94,25,2012,C-TS-REV,A7,B,kg/haul,0.1000,items/haul,1,UNK,-9,-9
LT,1,GB-SCT,748S,GOV,SCOWCGFS,,,113,113,2014,C-TS-REV,A2,C,kg/haul,0.1320,items/haul,1,UNK,-9,CL1
LT,1,GB-SCT,748S,GOV,SCOWCGFS,,,104,104,2020,C-TS-REV,A2,A,kg/haul,0.0020,items/haul,1,LB,-9,CL4
LT,4,GB-SCT,748S,GOV,SCOWCGFS,,,370,370,2017,C-TS-REV,A7,D,kg/haul,17.6000,items/haul,1,SBF,-9,-9
LT,1,GB-SCT,748S,GOV,SCOWCGFS,,,83,83,2016,C-TS-REV,A7,E,kg/haul,1.2000,items/haul,1,SBF,-9,-9
LT,1,GB-SCT,748S,GOV,SCOWCGFS,,,76,1,2013,C-TS-REV,A7,B,kg/haul,0.0420,items/haul,1,SBF,-9,-9
LT,1,GB-SCT,748S,GOV,SCOWCGFS,,,130,61,2012,C-TS-REV,A7,-9,kg/haul,0.0350,items/haul,1,UNK,-9,CL4
LT,4,GB-SCT,748S,GOV,SCOWCGFS,,,455,455,2018,C-TS-REV,A2,A,kg/haul,0.0060,items/haul,1,LB,-9,-9
LT,1,GB-SCT,748S,GOV,SCOWCGFS,,,105,105,2020,C-TS-REV,A2,A,kg/haul,0.0030,items/haul,1,LB,-9,-9
LT,1,GB-SCT,748S,GOV,SCOWCGFS,,,120,120,2014,C-TS-REV,A7,C,kg/haul,0.3500,items/haul,1,UNK,-9,-9
LT,4,GB-SCT,748S,GOV,SCOWCGFS,,,502,23,2012,C-TS-REV,A7,C,kg/haul,0.2700,items/haul,1,UNK,-9,-9
LT,4,GB-SCT,748S,GOV,SCOWCGFS,,,501,22,2012,C-TS-REV,A7,D,kg/haul,0.1000,items/haul,1,UNK,-9,-9
LT,1,GB-SCT,748S,GOV,SCOWCGFS,,,102,33,2012,C-TS-REV,A7,D,kg/haul,0.0560,items/haul,1,UNK,-9,CL8
LT,4,GB-SCT,748S,GOV,SCOWCGFS,,,398,398,2017,C-TS-REV,A2,A,kg/haul,0.0190,items/haul,1,UNK,-9,-9
LT,4,GB-SCT,748S,GOV,SCOWCGFS,,,444,444,2016,C-TS-REV,A2,A,kg/haul,0.0020,items/haul,1,UNK,-9,-9
LT,4,GB-SCT,748S,GOV,SCOWCGFS,,,476,476,2018,C-TS-REV,A2,A,kg/haul,0.0020,items/haul,1,LB,-9,-9
LT,4,GB-SCT,748S,GOV,SCOWCGFS,,,448,448,2018,C-TS-REV,A2,A,kg/haul,0.0020,items/haul,1,LB,-9,-9
LT,1,GB-SCT,748S,GOV,SCOWCGFS,,,125,125,2019,C-TS-REV,A7,C,kg/haul,0.0490,items/haul,1,UNK,-9,-9
LT,4,GB-SCT,748S,GOV,SCOWCGFS,,,378,378,2019,C-TS-REV,A7,C,kg/haul,8.5000,items/haul,1,UNK,-9,-9
LT,1,GB-SCT,748S,GOV,SCOWCGFS,,,115,115,2014,C-TS-REV,A2,A,kg/haul,0.0010,items/haul,1,UNK,-9,-9
LT,1,GB-SCT,748S,GOV,SCOWCGFS,,,118,118,2014,C-TS-REV,A2,A,kg/haul,0.0080,items/haul,1,UNK,-9,CL1
LT,1,GB-SCT,748S,GOV,SCOWCGFS,,,102,102,2019,C-TS-REV,A2,A,-9,0.0020,items/haul,1,LB,-9,CL5
LT,1,GB-SCT,748S,GOV,SCOWCGFS,,,134,134,2019,C-TS-REV,A2,A,kg/haul,0.0020,items/haul,1,UNK,-9,CL1
LT,4,GB-SCT,748S,GOV,SCOWCGFS,,,441,441,2016,C-TS-REV,A2,C,kg/haul,0.0490,items/haul,1,UNK,-9,-9
LT,1,GB-SCT,748S,GOV,SCOWCGFS,,,86,86,2016,C-TS-REV,A2,C,kg/haul,0.0360,items/haul,1,UNK,-9,CL4
LT,1,GB-SCT,748S,GOV,SCOWCGFS,,,100,100,2020,C-TS-REV,A2,B,kg/haul,0.0100,items/haul,1,LB,-9,-9
LT,1,GB-SCT,748S,GOV,SCOWCGFS,,,87,87,2020,C-TS-REV,A2,B,kg/haul,0.0450,items/haul,1,LB,-9,CL1
LT,4,GB-SCT,748S,GOV,SCOWCGFS,,,471,471,2015,C-TS-REV,A2,A,kg/haul,0.0010,items/haul,1,UNK,-9,-9
LT,1,GB-SCT,748S,GOV,SCOWCGFS,,,99,99,2015,C-TS-REV,A2,A,kg/haul,0.0080,items/haul,1,UNK,-9,-9
LT,1,GB-SCT,748S,GOV,SCOWCGFS,,,127,127,2019,C-TS-REV,A2,A,kg/haul,0.0010,items/haul,1,LB,-9,-9
LT,4,GB-SCT,748S,GOV,SCOWCGFS,,,388,388,2017,C-TS-REV,A2,A,kg/haul,0.0060,items/haul,1,LB,-9,-9
LT,4,GB-SCT,748S,GOV,SCOWCGFS,,,428,428,2016,C-TS-REV,A2,B,kg/haul,0.0300,items/haul,1,UNK,-9,-9
LT,1,GB-SCT,748S,GOV,SCOWCGFS,,,82,82,2017,C-TS-REV,A2,B,kg/haul,0.0300,items/haul,1,UNK,-9,-9
LT,1,GB-SCT,748S,GOV,SCOWCGFS,,,115,46,2012,C-TS-REV,A2,A,kg/haul,0.0150,items/haul,1,UNK,-9,CL4
LT,1,GB-SCT,748S,GOV,SCOWCGFS,,,100,31,2012,C-TS-REV,A2,A,kg/haul,0.0100,items/haul,1,UNK,-9,AO
LT,1,GB-SCT,748S,GOV,SCOWCGFS,,,130,130,2019,C-TS-REV,A2,A,kg/haul,0.0020,items/haul,1,UNK,-9,CL5
LT,1,GB-SCT,748S,GOV,SCOWCGFS,,,105,105,2018,C-TS-REV,A2,A,kg/haul,0.0070,items/haul,1,UNK,-9,-9
LT,1,GB-SCT,748S,GOV,SCOWCGFS,,,121,52,2012,C-TS-REV,A2,-9,kg/haul,0.0030,items/haul,1,UNK,-9,-9
LT,1,GB-SCT,748S,GOV,SCOWCGFS,,,74,74,2020,C-TS-REV,A2,D,kg/haul,0.0500,items/haul,1,LB,-9,CL1
LT,4,GB-SCT,748S,GOV,SCOWCGFS,,,460,460,2018,C-TS-REV,A2,B,kg/haul,0.0200,items/haul,1,LB,-9,-9
LT,1,GB-SCT,748S,GOV,SCOWCGFS,,,131,131,2019,C-TS-REV,A2,B,kg/haul,0.0060,items/haul,1,UNK,-9,CL1
LT,1,GB-SCT,748S,GOV,SCOWCGFS,,,98,98,2014,C-TS-REV,A2,A,kg/haul,0.0001,items/haul,1,UNK,-9,CL1
LT,1,GB-SCT,748S,GOV,SCOWCGFS,,,85,85,2014,C-TS-REV,A2,A,kg/haul,0.0001,items/haul,1,UNK,-9,-9
LT,1,GB-SCT,748S,GOV,SCOWCGFS,,,76,76,2020,C-TS-REV,A2,C,kg/haul,0.0050,items/haul,1,LB,-9,CL1
LT,1,GB-SCT,748S,GOV,SCOWCGFS,,,121,121,2020,C-TS-REV,A2,C,kg/haul,0.0500,items/haul,1,LB,-9,-9
LT,1,GB-SCT,748S,GOV,SCOWCGFS,,,142,67,2013,C-TS-REV,A2,B,kg/haul,0.0300,items/haul,1,UNK,-9,CL2
LT,1,GB-SCT,748S,GOV,SCOWCGFS,,,129,54,2013,C-TS-REV,A2,B,kg/haul,0.1150,items/haul,1,UNK,-9,-9
LT,1,GB-SCT,748S,GOV,SCOWCGFS,,,84,15,2012,C-TS-REV,A2,A,kg/haul,0.0100,items/haul,1,UNK,-9,-9
LT,1,GB-SCT,748S,GOV,SCOWCGFS,,,73,73,2020,C-TS-REV,A2,B,kg/haul,0.0200,items/haul,1,LB,-9,-9
LT,1,GB-SCT,748S,GOV,SCOWCGFS,,,81,81,2020,C-TS-REV,A2,C,kg/haul,0.2000,items/haul,1,LB,-9,CL1
LT,1,GB-SCT,748S,GOV,SCOWCGFS,,,93,93,2020,C-TS-REV,A2,C,kg/haul,0.0500,items/haul,1,LB,-9,-9
LT,1,GB-SCT,748S,GOV,SCOWCGFS,,,92,92,2020,C-TS-REV,A2,D,kg/haul,0.2000,items/haul,1,LB,-9,CL1
LT,1,GB-SCT,748S,GOV,SCOWCGFS,,,83,83,2016,C-TS-REV,A2,D,kg/haul,0.1770,items/haul,1,UNK,-9,CL4
LT,1,GB-SCT,748S,GOV,SCOWCGFS,,,111,111,2017,C-TS-REV,A2,B,kg/haul,0.0080,items/haul,1,UNK,-9,-9
LT,4,GB-SCT,748S,GOV,SCOWCGFS,,,400,400,2016,C-TS-REV,A2,B,kg/haul,0.0200,items/haul,1,UNK,-9,-9
LT,1,GB-SCT,748S,GOV,SCOWCGFS,,,100,100,2020,C-TS-REV,A2,C,kg/haul,0.0500,items/haul,1,LB,-9,-9
LT,4,GB-SCT,748S,GOV,SCOWCGFS,,,421,421,2018,C-TS-REV,A2,C,kg/haul,0.0100,items/haul,1,LB,-9,-9
LT,1,GB-SCT,748S,GOV,SCOWCGFS,,,115,115,2015,C-TS-REV,A2,D,kg/haul,0.1250,items/haul,1,UNK,-9,AO
LT,1,GB-SCT,748S,GOV,SCOWCGFS,,,125,56,2012,C-TS-REV,A2,E,kg/haul,0.2750,items/haul,1,UNK,-9,-9
LT,1,GB-SCT,748S,GOV,SCOWCGFS,,,131,56,2013,C-TS-REV,A2,B,kg/haul,0.0300,items/haul,1,UNK,-9,-9
LT,1,GB-SCT,748S,GOV,SCOWCGFS,,,102,27,2013,C-TS-REV,A2,B,kg/haul,0.0960,items/haul,1,UNK,-9,-9
