RecordType,Survey,Quarter,Country,Ship,Gear,SweepLngt,GearExp,DoorType,StNo,HaulNo,Year,month,Day,TimeShot,Stratum,HaulDur,DayNight,ShootLat,ShootLong,HaulLat,HaulLong,StatRec,Depth,HaulVal,HydroStNo,StdSpecRecCode,BycSpecRecCode,DataType,Netopening,Rigging,Tickler,Distance,Warplngt,Warpdia,WarpDen,DoorSurface,DoorWgt,DoorSpread,WingSpread,Buoyancy,KiteDim,WgtGroundRope,TowDir,GroundSpeed,SpeedWater,SurCurDir,SurCurSpeed,BotCurDir,BotCurSpeed,WindDir,WindSpeed,SwellDir,SwellHeight,SurTemp,BotTemp,SurSal,BotSal,ThermoCline,ThClineDepth,CodendMesh,SecchiDepth,Turbidity,TidePhase,TideSpeed,PelSampType,MinTrawlDepth,MaxTrawlDepth
HH,DYFS,3,BE,11SS,BT6,-9,-9,-9,16,33,2019,9,30,1204,-9,30,D,51.2077,2.8310,51.1952,2.7990,31F2,13,V,-9,1,6,R,-9.0000,BM,0,2633,40,-9,-9,-9.0000,-9,-9.0,-9.0,-9,-9.0000,-9,-9,-9.0000,-9.0000,-9,-9.0000,-9,-9.0000,270,5,-9,-9.0000,-9.0,16.7,33.51,35.38,-9,-9,22,-9,-9,-9,-9,-9,-9,-9
HH,DYFS,3,BE,11SS,BT6,-9,-9,-9,93,1,2021,9,8,0903,-9,30,D,51.3836,3.2132,51.3952,3.2509,31F3,9,I,-9,1,1,R,-9.0000,BM,0,2921,30,-9,-9,-9.0000,-9,-9.0,-9.0,-9,-9.0000,-9,64,3.2000,-9.0000,-9,-9.0000,-9,-9.0000,94,4,-9,-9.0000,-9.0,19.0,30.13,30.38,-9,-9,22,-9,-9,-9,-9,-9,-9,-9
HH,DYFS,3,BE,11SS,BT6,-9,-9,-9,35,2,2021,9,8,1056,-9,30,D,51.4666,3.1888,51.4480,3.1547,31F3,10,I,-9,1,1,R,-9.0000,BM,0,3149,30,-9,-9,-9.0000,-9,-9.0,-9.0,-9,-9.0000,-9,229,3.2000,-9.0000,-9,-9.0000,-9,-9.0000,75,4,-9,-9.0000,-9.0,19.0,31.79,31.89,-9,-9,22,-9,-9,-9,-9,-9,-9,-9
HH,DYFS,3,BE,11SS,BT6,-9,-9,-9,37,3,2021,9,8,1204,-9,30,D,51.5123,3.2106,51.4976,3.1719,32F3,16,I,-9,1,1,R,-9.0000,BM,0,3145,50,-9,-9,-9.0000,-9,-9.0,-9.0,-9,-9.0000,-9,239,3.2000,-9.0000,-9,-9.0000,-9,-9.0000,55,3,-9,-9.0000,-9.0,18.8,32.18,32.33,-9,-9,22,-9,-9,-9,-9,-9,-9,-9
HH,DYFS,3,BE,11SS,BT6,-9,-9,-9,1,4,2021,9,8,1302,-9,30,D,51.4465,3.2525,51.4293,3.2189,31F3,9,I,-9,1,1,R,-9.0000,BM,0,3014,30,-9,-9,-9.0000,-9,-9.0,-9.0,-9,-9.0000,-9,231,3.1000,-9.0000,-9,-9.0000,-9,-9.0000,69,5,-9,-9.0000,-9.0,19.1,31.76,31.86,-9,-9,22,-9,-9,-9,-9,-9,-9,-9
HH,DYFS,3,BE,11SS,BT6,-9,-9,-9,16,5,2021,9,9,0733,-9,30,D,51.1922,2.7911,51.2058,2.8264,31F2,6,V,-9,1,1,R,-9.0000,BM,0,2888,20,-9,-9,-9.0000,-9,-9.0,-9.0,-9,-9.0000,-9,58,3.1000,-9.0000,-9,-9.0000,-9,-9.0000,232,2,-9,-9.0000,-9.0,19.1,31.04,31.19,-9,-9,22,-9,-9,-9,-9,-9,-9,-9
HH,DYFS,3,BE,11SS,BT6,-9,-9,-9,17,6,2021,9,9,0855,-9,30,D,51.1823,2.7360,51.1964,2.7716,31F2,6,V,-9,1,1,R,-9.0000,BM,0,2943,25,-9,-9,-9.0000,-9,-9.0,-9.0,-9,-9.0000,-9,57,3.1000,-9.0000,-9,-9.0000,-9,-9.0000,258,3,-9,-9.0000,-9.0,19.1,31.16,31.39,-9,-9,22,-9,-9,-9,-9,-9,-9,-9
HH,DYFS,3,BE,11SS,BT6,-9,-9,-9,23,7,2021,9,9,1043,-9,30,D,51.1472,2.5882,51.1599,2.6274,31F2,14,V,-9,1,1,R,-9.0000,BM,0,3083,45,-9,-9,-9.0000,-9,-9.0,-9.0,-9,-9.0000,-9,62,3.2000,-9.0000,-9,-9.0000,-9,-9.0000,297,3,-9,-9.0000,-9.0,19.2,31.36,31.73,-9,-9,22,-9,-9,-9,-9,-9,-9,-9
HH,DYFS,3,BE,11SS,BT6,-9,-9,-9,24,8,2021,9,9,1215,-9,30,D,51.1747,2.5973,51.1588,2.5637,31F2,13,V,-9,1,1,R,-9.0000,BM,0,2936,40,-9,-9,-9.0000,-9,-9.0,-9.0,-9,-9.0000,-9,233,3.0000,-9.0000,-9,-9.0000,-9,-9.0000,304,4,-9,-9.0000,-9.0,19.3,32.04,32.42,-9,-9,22,-9,-9,-9,-9,-9,-9,-9
HH,DYFS,3,BE,11SS,BT6,-9,-9,-9,19,9,2021,9,9,1325,-9,30,D,51.1852,2.6925,51.1721,2.6577,31F2,15,V,-9,1,1,R,-9.0000,BM,0,2831,45,-9,-9,-9.0000,-9,-9.0,-9.0,-9,-9.0000,-9,239,3.1000,-9.0000,-9,-9.0000,-9,-9.0000,304,4,-9,-9.0000,-9.0,19.3,32.04,31.99,-9,-9,22,-9,-9,-9,-9,-9,-9,-9
HH,DYFS,3,BE,11SS,BT6,-9,-9,-9,5,10,2021,9,10,0803,-9,30,D,51.4520,3.0122,51.4690,3.0454,31F3,17,V,-9,1,1,R,-9.0000,BM,0,2981,55,-9,-9,-9.0000,-9,-9.0,-9.0,-9,-9.0000,-9,50,3.1000,-9.0000,-9,-9.0000,-9,-9.0000,209,4,-9,-9.0000,-9.0,19.1,31.33,31.90,-9,-9,22,-9,-9,-9,-9,-9,-9,-9
HH,DYFS,3,BE,11SS,BT6,-9,-9,-9,4,11,2021,9,10,0914,-9,30,D,51.4246,3.1361,51.4442,3.1638,31F3,7,V,-9,1,1,R,-9.0000,BM,0,2903,25,-9,-9,-9.0000,-9,-9.0,-9.0,-9,-9.0000,-9,42,3.2000,-9.0000,-9,-9.0000,-9,-9.0000,204,3,-9,-9.0000,-9.0,19.3,31.21,31.32,-9,-9,22,-9,-9,-9,-9,-9,-9,-9
HH,DYFS,3,BE,11SS,BT6,-9,-9,-9,38,12,2021,9,10,1117,-9,15,D,51.4627,3.1284,51.4719,3.1473,31F3,12,V,-9,1,1,R,-9.0000,BM,0,1667,36,-9,-9,-9.0000,-9,-9.0,-9.0,-9,-9.0000,-9,53,3.1000,-9.0000,-9,-9.0000,-9,-9.0000,229,2,-9,-9.0000,-9.0,19.3,31.73,31.86,-9,-9,22,-9,-9,-9,-9,-9,-9,-9
HH,DYFS,3,BE,11SS,BT6,-9,-9,-9,12,4,2019,9,16,1242,-9,30,D,51.3240,2.8915,51.3115,2.8553,31F2,15,V,-9,1,6,R,-9.0000,BM,0,2879,50,-9,-9,-9.0000,-9,-9.0,-9.0,-9,-9.0000,-9,-9,-9.0000,-9.0000,-9,-9.0000,-9,-9.0000,293,2,-9,-9.0000,-9.0,18.1,33.39,33.62,-9,-9,22,-9,-9,-9,-9,-9,-9,-9
HH,DYFS,3,BE,11SS,BT6,-9,-9,-9,6,5,2019,9,17,0744,-9,30,D,51.3827,2.9652,51.3973,2.9935,31F2,16,V,-9,1,6,R,-9.0000,BM,0,2559,50,-9,-9,-9.0000,-9,-9.0,-9.0,-9,-9.0000,-9,-9,-9.0000,-9.0000,-9,-9.0000,-9,-9.0000,45,5,-9,-9.0000,-9.0,18.0,31.20,33.77,-9,-9,22,-9,-9,-9,-9,-9,-9,-9
HH,DYFS,3,BE,11SS,BT6,-9,-9,-9,8,6,2019,9,17,0841,-9,30,D,51.3647,2.9870,51.3792,3.0188,31F2,11,V,-9,1,6,R,-9.0000,BM,0,2741,35,-9,-9,-9.0000,-9,-9.0,-9.0,-9,-9.0000,-9,-9,-9.0000,-9.0000,-9,-9.0000,-9,-9.0000,45,3,-9,-9.0000,-9.0,18.0,31.27,33.65,-9,-9,22,-9,-9,-9,-9,-9,-9,-9
HH,DYFS,3,BE,11SS,BT6,-9,-9,-9,9,7,2019,9,17,1003,-9,30,D,51.3333,2.9567,51.3445,2.9952,31F2,10,V,-9,1,6,R,-9.0000,BM,0,2956,30,-9,-9,-9.0000,-9,-9.0,-9.0,-9,-9.0000,-9,-9,-9.0000,-9.0000,-9,-9.0000,-9,-9.0000,293,3,-9,-9.0000,-9.0,18.0,31.23,33.55,-9,-9,22,-9,-9,-9,-9,-9,-9,-9
HH,DYFS,3,BE,11SS,BT6,-9,-9,-9,92,8,2019,9,17,1105,-9,30,D,51.3440,3.0827,51.3313,3.0452,31F3,8,V,-9,1,6,R,-9.0000,BM,0,2969,25,-9,-9,-9.0000,-9,-9.0,-9.0,-9,-9.0000,-9,-9,-9.0000,-9.0000,-9,-9.0000,-9,-9.0000,315,5,-9,-9.0000,-9.0,18.0,31.00,33.69,-9,-9,22,-9,-9,-9,-9,-9,-9,-9
HH,DYFS,3,BE,11SS,BT6,-9,-9,-9,2,13,2021,9,10,1201,-9,15,D,51.4607,3.2174,51.4622,3.1957,31F3,8,V,-9,1,1,R,-9.0000,BM,0,1508,25,-9,-9,-9.0000,-9,-9.0,-9.0,-9,-9.0000,-9,276,3.1000,-9.0000,-9,-9.0000,-9,-9.0000,228,4,-9,-9.0000,-9.0,19.4,31.41,31.55,-9,-9,22,-9,-9,-9,-9,-9,-9,-9
HH,DYFS,3,BE,11SS,BT6,-9,-9,-9,3,14,2021,9,10,1253,-9,15,D,51.4391,3.1752,51.4255,3.1648,31F3,8,V,-9,1,1,R,-9.0000,BM,0,1671,30,-9,-9,-9.0000,-9,-9.0,-9.0,-9,-9.0000,-9,208,3.4000,-9.0000,-9,-9.0000,-9,-9.0000,260,1,-9,-9.0000,-9.0,19.4,31.58,31.71,-9,-9,22,-9,-9,-9,-9,-9,-9,-9
HH,DYFS,3,BE,11SS,BT6,-9,-9,-9,35,15,2021,9,20,0849,-9,16,D,51.4477,3.1550,51.4620,3.1803,31F3,9,V,-9,1,1,R,-9.0000,BM,0,2371,40,-9,-9,-9.0000,-9,-9.0,-9.0,-9,-9.0000,-9,47,3.8000,-9.0000,-9,-9.0000,-9,-9.0000,82,7,-9,-9.0000,-9.0,19.0,31.49,31.64,-9,-9,22,-9,-9,-9,-9,-9,-9,-9
HH,DYFS,3,BE,11SS,BT6,-9,-9,-9,37,16,2021,9,20,0948,-9,20,D,51.4960,3.1686,51.5070,3.1965,31F3,15,V,-9,1,1,R,-9.0000,BM,0,2289,65,-9,-9,-9.0000,-9,-9.0,-9.0,-9,-9.0000,-9,58,3.5000,-9.0000,-9,-9.0000,-9,-9.0000,85,6,-9,-9.0000,-9.0,18.9,32.10,32.27,-9,-9,22,-9,-9,-9,-9,-9,-9,-9
HH,DYFS,3,BE,11SS,BT6,-9,-9,-9,1,17,2021,9,20,1111,-9,30,D,51.4447,3.2495,51.4301,3.2214,31F3,8,V,-9,1,1,R,-9.0000,BM,0,2535,40,-9,-9,-9.0000,-9,-9.0,-9.0,-9,-9.0000,-9,231,2.7000,-9.0000,-9,-9.0000,-9,-9.0000,49,2,-9,-9.0000,-9.0,19.0,31.43,31.58,-9,-9,22,-9,-9,-9,-9,-9,-9,-9
HH,DYFS,3,BE,11SS,BT6,-9,-9,-9,93,18,2021,9,20,1222,-9,20,D,51.3906,3.2360,51.3830,3.2124,31F3,12,V,-9,1,1,R,-9.0000,BM,0,1845,50,-9,-9,-9.0000,-9,-9.0,-9.0,-9,-9.0000,-9,242,3.2000,-9.0000,-9,-9.0000,-9,-9.0000,39,4,-9,-9.0000,-9.0,19.0,30.73,30.90,-9,-9,22,-9,-9,-9,-9,-9,-9,-9
HH,DYFS,3,BE,11SS,BT6,-9,-9,-9,27,19,2021,9,20,1359,-9,20,D,51.3212,3.0796,51.3036,3.0678,31F3,10,V,-9,1,1,R,-9.0000,BM,0,2121,40,-9,-9,-9.0000,-9,-9.0,-9.0,-9,-9.0000,-9,202,3.4000,-9.0000,-9,-9.0000,-9,-9.0000,20,2,-9,-9.0000,-9.0,19.0,30.33,30.51,-9,-9,22,-9,-9,-9,-9,-9,-9,-9
HH,DYFS,3,BE,11SS,BT6,-9,-9,-9,91,20,2021,9,21,0755,-9,20,D,51.1613,2.6175,51.1711,2.6407,31F2,14,V,-9,1,1,R,-9.0000,BM,0,1954,45,-9,-9,-9.0000,-9,-9.0,-9.0,-9,-9.0000,-9,53,3.3000,-9.0000,-9,-9.0000,-9,-9.0000,118,2,-9,-9.0000,-9.0,18.6,33.18,33.40,-9,-9,22,-9,-9,-9,-9,-9,-9,-9
HH,DYFS,3,BE,11SS,BT6,-9,-9,-9,22,21,2021,9,21,0855,-9,20,D,51.1985,2.6136,51.2072,2.6383,31F2,11,V,-9,1,1,R,-9.0000,BM,0,1973,30,-9,-9,-9.0000,-9,-9.0,-9.0,-9,-9.0000,-9,62,3.2000,-9.0000,-9,-9.0000,-9,-9.0000,120,3,-9,-9.0000,-9.0,18.7,32.46,32.66,-9,-9,22,-9,-9,-9,-9,-9,-9,-9
HH,DYFS,3,BE,11SS,BT6,-9,-9,-9,21,22,2021,9,21,0958,-9,20,D,51.2510,2.6586,51.2653,2.6759,31F2,17,V,-9,1,1,R,-9.0000,BM,0,1999,55,-9,-9,-9.0000,-9,-9.0,-9.0,-9,-9.0000,-9,35,3.1000,-9.0000,-9,-9.0000,-9,-9.0000,126,2,-9,-9.0000,-9.0,18.9,31.73,32.24,-9,-9,22,-9,-9,-9,-9,-9,-9,-9
HH,DYFS,3,BE,11SS,BT6,-9,-9,-9,28,23,2021,9,21,1115,-9,15,D,51.3115,2.6628,51.3263,2.6687,31F2,26,V,-9,1,1,R,-9.0000,BM,0,1699,65,-9,-9,-9.0000,-9,-9.0,-9.0,-9,-9.0000,-9,15,3.4000,-9.0000,-9,-9.0000,-9,-9.0000,165,1,-9,-9.0000,-9.0,18.8,31.96,32.76,-9,-9,22,-9,-9,-9,-9,-9,-9,-9
HH,DYFS,3,BE,11SS,BT6,-9,SB,-9,14,3,2022,9,12,1047,D3,16,D,51.3169,2.8321,51.3237,2.8520,31F2,11,V,-9,1,1,R,-9.0000,BM,0,1572,34,-9,-9,-9.0000,-9,-9.0,-9.0,-9,-9.0000,-9,62,3.3000,-9.0000,-9,-9.0000,-9,-9.0000,180,3,-9,-9.0000,20.2,20.2,32.42,32.58,-9,-9,22,-9,-9,-9,-9,-9,-9,-9
HH,DYFS,3,BE,11SS,BT6,-9,SB,-9,14,4,2022,9,12,1203,D3,15,D,51.3252,2.8600,51.3170,2.8365,31F2,14,I,-9,1,1,R,-9.0000,BM,0,1873,51,-9,-9,-9.0000,-9,-9.0,-9.0,-9,-9.0000,-9,240,3.3000,-9.0000,-9,-9.0000,-9,-9.0000,-9,-9,-9,-9.0000,-9.0,20.2,-9.00,32.72,-9,-9,22,-9,-9,-9,-9,-9,-9,-9
HH,DYFS,3,BE,11SS,BT6,-9,SB,-9,18,5,2022,9,12,1314,D3,15,D,51.3222,2.8225,51.3133,2.8062,31F2,14,V,-9,1,1,R,-9.0000,BM,0,1502,51,-9,-9,-9.0000,-9,-9.0,-9.0,-9,-9.0000,-9,229,2.9000,-9.0000,-9,-9.0000,-9,-9.0000,81,1,-9,-9.0000,20.3,20.1,33.01,33.51,-9,-9,22,-9,-9,-9,-9,-9,-9,-9
HH,DYFS,3,BE,11SS,BT6,-9,SB,-9,4,6,2022,9,13,0859,D2,11,D,51.4278,3.1405,51.4371,3.1537,31F3,6,V,-9,1,1,R,-9.0000,BM,0,1381,24,-9,-9,-9.0000,-9,-9.0,-9.0,-9,-9.0000,-9,41,2.9000,-9.0000,-9,-9.0000,-9,-9.0000,33,6,-9,-9.0000,20.5,20.5,31.97,32.14,-9,-9,22,-9,-9,-9,-9,-9,-9,-9
HH,DYFS,3,BE,11SS,BT6,-9,SB,-9,37,7,2022,9,13,1117,D3,16,D,51.4958,3.1693,51.5043,3.1903,31F3,14,V,-9,1,1,R,-9.0000,BM,0,1738,48,-9,-9,-9.0000,-9,-9.0,-9.0,-9,-9.0000,-9,57,3.1000,-9.0000,-9,-9.0000,-9,-9.0000,21,7,-9,-9.0000,20.8,20.8,32.64,32.88,-9,-9,22,-9,-9,-9,-9,-9,-9,-9
HH,DYFS,3,BE,11SS,BT6,-9,SB,-9,38,8,2022,9,13,1225,D3,15,D,51.4802,3.1639,51.4714,3.1467,31F3,14,V,-9,1,1,R,-9.0000,BM,0,1547,45,-9,-9,-9.0000,-9,-9.0,-9.0,-9,-9.0000,-9,230,3.4000,-9.0000,-9,-9.0000,-9,-9.0000,33,6,-9,-9.0000,20.8,20.8,32.62,32.88,-9,-9,22,-9,-9,-9,-9,-9,-9,-9
HH,DYFS,3,BE,11SS,BT6,-9,-9,-9,11,1,2019,9,16,0838,-9,30,D,51.3322,2.8257,51.3467,2.8565,31F2,16,V,-9,1,6,R,-9.0000,BM,0,2686,50,-9,-9,-9.0000,-9,-9.0,-9.0,-9,-9.0000,-9,-9,-9.0000,-9.0000,-9,-9.0000,-9,-9.0000,293,2,-9,-9.0000,-9.0,18.0,32.53,34.15,-9,-9,22,-9,-9,-9,-9,-9,-9,-9
HH,DYFS,3,BE,11SS,BT6,-9,-9,-9,14,2,2019,9,16,0931,-9,30,D,51.3165,2.8300,51.3283,2.8660,31F2,11,V,-9,1,6,R,-9.0000,BM,0,2833,30,-9,-9,-9.0000,-9,-9.0,-9.0,-9,-9.0000,-9,-9,-9.0000,-9.0000,-9,-9.0000,-9,-9.0000,293,2,-9,-9.0000,-9.0,18.1,32.04,33.75,-9,-9,22,-9,-9,-9,-9,-9,-9,-9
HH,DYFS,3,BE,11SS,BT6,-9,-9,-9,18,3,2019,9,16,1033,-9,30,D,51.3023,2.7848,51.3205,2.8200,31F2,15,V,-9,1,6,R,-9.0000,BM,0,3177,65,-9,-9,-9.0000,-9,-9.0,-9.0,-9,-9.0000,-9,-9,-9.0000,-9.0000,-9,-9.0000,-9,-9.0000,293,2,-9,-9.0000,-9.0,18.0,32.08,34.04,-9,-9,22,-9,-9,-9,-9,-9,-9,-9
HH,DYFS,3,BE,11SS,BT6,-9,-9,-9,7,9,2019,9,17,1157,-9,30,D,51.3302,3.0258,51.3197,2.9903,31F3,8,V,-9,1,6,R,-9.0000,BM,0,2736,25,-9,-9,-9.0000,-9,-9.0,-9.0,-9,-9.0000,-9,-9,-9.0000,-9.0000,-9,-9.0000,-9,-9.0000,315,5,-9,-9.0000,-9.0,18.1,31.27,33.63,-9,-9,22,-9,-9,-9,-9,-9,-9,-9
HH,DYFS,3,BE,11SS,BT6,-9,-9,-9,13,10,2019,9,18,0714,-9,30,D,51.2362,2.8147,51.2522,2.8427,31F2,10,V,-9,1,6,R,-9.0000,BM,0,2641,30,-9,-9,-9.0000,-9,-9.0,-9.0,-9,-9.0000,-9,-9,-9.0000,-9.0000,-9,-9.0000,-9,-9.0000,180,3,-9,-9.0000,-9.0,17.5,32.32,35.02,-9,-9,22,-9,-9,-9,-9,-9,-9,-9
HH,DYFS,3,BE,11SS,BT6,-9,-9,-9,26,11,2019,9,18,0903,-9,30,D,51.2488,2.7693,51.2620,2.8018,31F2,10,V,-9,1,6,R,-9.0000,BM,0,2700,30,-9,-9,-9.0000,-9,-9.0,-9.0,-9,-9.0000,-9,-9,-9.0000,-9.0000,-9,-9.0000,-9,-9.0000,180,3,-9,-9.0000,-9.0,17.6,31.41,34.84,-9,-9,22,-9,-9,-9,-9,-9,-9,-9
HH,DYFS,3,BE,11SS,BT6,-9,-9,-9,10,12,2019,9,18,1007,-9,30,D,51.2658,2.8352,51.2790,2.8640,31F2,10,V,-9,1,6,R,-9.0000,BM,0,2488,30,-9,-9,-9.0000,-9,-9.0,-9.0,-9,-9.0000,-9,-9,-9.0000,-9.0000,-9,-9.0000,-9,-9.0000,180,3,-9,-9.0000,-9.0,17.7,31.40,33.48,-9,-9,22,-9,-9,-9,-9,-9,-9,-9
HH,DYFS,3,BE,11SS,BT6,-9,-9,-9,49,13,2019,9,18,1223,-9,30,D,51.2755,2.9815,51.2865,3.0165,31F2,9,V,-9,1,6,R,-9.0000,BM,0,2731,25,-9,-9,-9.0000,-9,-9.0,-9.0,-9,-9.0000,-9,-9,-9.0000,-9.0000,-9,-9.0000,-9,-9.0000,180,3,-9,-9.0000,-9.0,17.7,31.55,33.42,-9,-9,22,-9,-9,-9,-9,-9,-9,-9
HH,DYFS,3,BE,11SS,BT6,-9,-9,-9,27,14,2019,9,18,1319,-9,27,D,51.3177,3.0753,51.3025,3.0672,31F3,12,V,-9,1,6,R,-9.0000,BM,0,1780,36,-9,-9,-9.0000,-9,-9.0,-9.0,-9,-9.0000,-9,-9,-9.0000,-9.0000,-9,-9.0000,-9,-9.0000,180,3,-9,-9.0000,-9.0,17.8,-9.00,33.41,-9,-9,22,-9,-9,-9,-9,-9,-9,-9
HH,DYFS,3,BE,11SS,BT6,-9,-9,-9,20,15,2019,9,19,0730,-9,30,D,51.3120,2.7180,51.3340,2.7390,31F2,23,V,-9,1,6,R,-9.0000,BM,0,2851,70,-9,-9,-9.0000,-9,-9.0,-9.0,-9,-9.0000,-9,-9,-9.0000,-9.0000,-9,-9.0000,-9,-9.0000,68,2,-9,-9.0000,-9.0,17.7,33.81,34.66,-9,-9,22,-9,-9,-9,-9,-9,-9,-9
HH,DYFS,3,BE,11SS,BT6,-9,-9,-9,28,16,2019,9,19,0832,-9,30,D,51.3097,2.6620,51.3352,2.6720,31F2,23,V,-9,1,6,R,-9.0000,BM,0,2921,70,-9,-9,-9.0000,-9,-9.0,-9.0,-9,-9.0000,-9,-9,-9.0000,-9.0000,-9,-9.0000,-9,-9.0000,68,2,-9,-9.0000,-9.0,17.8,34.40,34.69,-9,-9,22,-9,-9,-9,-9,-9,-9,-9
HH,DYFS,3,BE,11SS,BT6,-9,-9,-9,19,17,2019,9,19,1022,-9,30,D,51.1712,2.6552,51.1853,2.6940,31F2,13,V,-9,1,6,R,-9.0000,BM,0,3139,50,-9,-9,-9.0000,-9,-9.0,-9.0,-9,-9.0000,-9,-9,-9.0000,-9.0000,-9,-9.0000,-9,-9.0000,68,2,-9,-9.0000,-9.0,17.5,32.95,35.50,-9,-9,22,-9,-9,-9,-9,-9,-9,-9
HH,DYFS,3,BE,11SS,BT6,-9,-9,-9,22,18,2019,9,19,1120,-9,30,D,51.1965,2.6097,51.2095,2.6447,31F2,10,V,-9,1,6,R,-9.0000,BM,0,2841,50,-9,-9,-9.0000,-9,-9.0,-9.0,-9,-9.0000,-9,-9,-9.0000,-9.0000,-9,-9.0000,-9,-9.0000,68,2,-9,-9.0000,-9.0,17.5,34.28,35.17,-9,-9,22,-9,-9,-9,-9,-9,-9,-9
HH,DYFS,3,BE,11SS,BT6,-9,-9,-9,21,19,2019,9,19,1216,-9,30,D,51.2485,2.6538,51.2692,2.6798,31F2,15,V,-9,1,6,R,-9.0000,BM,0,2929,45,-9,-9,-9.0000,-9,-9.0,-9.0,-9,-9.0000,-9,-9,-9.0000,-9.0000,-9,-9.0000,-9,-9.0000,68,0,-9,-9.0000,-9.0,17.7,34.37,34.32,-9,-9,22,-9,-9,-9,-9,-9,-9,-9
HH,DYFS,3,BE,11SS,BT6,-9,-9,-9,16,1,2020,9,15,0754,-9,30,D,51.1922,2.7913,51.2078,2.8317,31F2,8,V,-9,1,1,R,-9.0000,BM,0,3314,30,-9,-9,-9.0000,-9,-9.0,-9.0,-9,-9.0000,-9,-9,-9.0000,-9.0000,-9,-9.0000,-9,-9.0000,135,3,-9,-9.0000,-9.0,18.7,33.94,34.27,-9,-9,22,-9,-9,-9,-9,-9,-9,-9
HH,DYFS,3,BE,11SS,BT6,-9,-9,-9,13,2,2020,9,15,0843,-9,30,D,51.2362,2.8147,51.2540,2.8462,31F2,12,V,-9,1,1,R,-9.0000,BM,0,2962,40,-9,-9,-9.0000,-9,-9.0,-9.0,-9,-9.0000,-9,-9,-9.0000,-9.0000,-9,-9.0000,-9,-9.0000,135,3,-9,-9.0000,-9.0,18.7,33.79,34.42,-9,-9,22,-9,-9,-9,-9,-9,-9,-9
HH,DYFS,3,BE,11SS,BT6,-9,-9,-9,17,3,2020,9,15,0951,-9,30,D,51.1977,2.7745,51.1820,2.7357,31F2,11,V,-9,1,1,R,-9.0000,BM,0,3226,36,-9,-9,-9.0000,-9,-9.0,-9.0,-9,-9.0000,-9,-9,-9.0000,-9.0000,-9,-9.0000,-9,-9.0000,135,2,-9,-9.0000,-9.0,18.7,33.72,34.53,-9,-9,22,-9,-9,-9,-9,-9,-9,-9
HH,DYFS,3,BE,11SS,BT6,-9,-9,-9,23,4,2020,9,15,1113,-9,30,D,51.1602,2.6280,51.1477,2.5892,31F2,12,V,-9,1,1,R,-9.0000,BM,0,3052,40,-9,-9,-9.0000,-9,-9.0,-9.0,-9,-9.0000,-9,-9,-9.0000,-9.0000,-9,-9.0000,-9,-9.0000,135,2,-9,-9.0000,-9.0,18.8,33.91,34.57,-9,-9,22,-9,-9,-9,-9,-9,-9,-9
HH,DYFS,3,BE,11SS,BT6,-9,-9,-9,91,5,2020,9,15,1210,-9,30,D,51.1747,2.6498,51.1595,2.6132,31F2,17,V,-9,1,1,R,-9.0000,BM,0,3069,55,-9,-9,-9.0000,-9,-9.0,-9.0,-9,-9.0000,-9,-9,-9.0000,-9.0000,-9,-9.0000,-9,-9.0000,135,2,-9,-9.0000,-9.0,18.8,33.95,34.58,-9,-9,22,-9,-9,-9,-9,-9,-9,-9
HH,DYFS,3,BE,11SS,BT6,-9,-9,-9,24,6,2020,9,15,1326,-9,30,D,51.1735,2.5948,51.1588,2.5587,31F2,8,V,-9,1,1,R,-9.0000,BM,0,3010,35,-9,-9,-9.0000,-9,-9.0,-9.0,-9,-9.0000,-9,-9,-9.0000,-9.0000,-9,-9.0000,-9,-9.0000,135,2,-9,-9.0000,-9.0,18.8,34.00,34.62,-9,-9,22,-9,-9,-9,-9,-9,-9,-9
HH,DYFS,3,BE,11SS,BT6,-9,-9,-9,4,7,2020,9,16,0825,-9,30,D,51.4250,3.1363,51.4447,3.1643,31F3,10,V,-9,1,1,R,-9.0000,BM,0,2928,35,-9,-9,-9.0000,-9,-9.0,-9.0,-9,-9.0000,-9,-9,-9.0000,-9.0000,-9,-9.0000,-9,-9.0000,45,0,-9,-9.0000,-9.0,19.1,33.61,33.55,-9,-9,22,-9,-9,-9,-9,-9,-9,-9
HH,DYFS,3,BE,11SS,BT6,-9,-9,-9,1,8,2020,9,16,1100,-9,30,D,51.4465,3.2523,51.4302,3.2212,31F3,9,V,-9,1,1,R,-9.0000,BM,0,2824,30,-9,-9,-9.0000,-9,-9.0,-9.0,-9,-9.0000,-9,-9,-9.0000,-9.0000,-9,-9.0000,-9,-9.0000,45,6,-9,-9.0000,-9.0,19.3,33.63,33.58,-9,-9,22,-9,-9,-9,-9,-9,-9,-9
HH,DYFS,3,BE,11SS,BT6,-9,-9,-9,3,9,2020,9,16,1150,-9,30,D,51.4447,3.1800,51.4208,3.1617,31F3,11,V,-9,1,1,R,-9.0000,BM,0,2942,35,-9,-9,-9.0000,-9,-9.0,-9.0,-9,-9.0000,-9,-9,-9.0000,-9.0000,-9,-9.0000,-9,-9.0000,45,8,-9,-9.0000,-9.0,19.2,33.72,33.67,-9,-9,22,-9,-9,-9,-9,-9,-9,-9
HH,DYFS,3,BE,11SS,BT6,-9,-9,-9,37,10,2020,9,16,1312,-9,30,D,51.5123,3.2105,51.4982,3.1742,32F3,17,V,-9,1,1,R,-9.0000,BM,0,2974,55,-9,-9,-9.0000,-9,-9.0,-9.0,-9,-9.0000,-9,-9,-9.0000,-9.0000,-9,-9.0000,-9,-9.0000,23,11,-9,-9.0000,-9.0,19.2,33.82,33.79,-9,-9,22,-9,-9,-9,-9,-9,-9,-9
HH,DYFS,3,BE,11SS,BT6,-9,-9,-9,38,11,2020,9,16,1355,-9,30,D,51.4817,3.1682,51.4647,3.1327,31F3,15,V,-9,1,1,R,-9.0000,BM,0,3108,45,-9,-9,-9.0000,-9,-9.0,-9.0,-9,-9.0000,-9,-9,-9.0000,-9.0000,-9,-9.0000,-9,-9.0000,23,11,-9,-9.0000,-9.0,19.2,33.72,33.71,-9,-9,22,-9,-9,-9,-9,-9,-9,-9
HH,DYFS,3,BE,11SS,BT6,-9,-9,-9,10,12,2020,9,17,0701,-9,30,D,51.2658,2.8345,51.2813,2.8688,31F2,9,V,-9,1,1,R,-9.0000,BM,0,2951,30,-9,-9,-9.0000,-9,-9.0,-9.0,-9,-9.0000,-9,-9,-9.0000,-9.0000,-9,-9.0000,-9,-9.0000,45,11,-9,-9.0000,-9.0,18.8,33.47,-9.00,-9,-9,22,-9,-9,-9,-9,-9,-9,-9
HH,DYFS,3,BE,11SS,BT6,-9,-9,-9,49,13,2020,9,17,0805,-9,30,D,51.2755,2.9815,51.2870,3.0175,31F2,7,V,-9,1,1,R,-9.0000,BM,0,2818,25,-9,-9,-9.0000,-9,-9.0,-9.0,-9,-9.0000,-9,-9,-9.0000,-9.0000,-9,-9.0000,-9,-9.0000,45,11,-9,-9.0000,-9.0,18.9,32.79,-9.00,-9,-9,22,-9,-9,-9,-9,-9,-9,-9
HH,DYFS,3,BE,11SS,BT6,-9,-9,-9,27,14,2020,9,17,0913,-9,30,D,51.3028,3.0675,51.3237,3.0783,31F3,8,V,-9,1,1,R,-9.0000,BM,0,2437,25,-9,-9,-9.0000,-9,-9.0,-9.0,-9,-9.0000,-9,-9,-9.0000,-9.0000,-9,-9.0000,-9,-9.0000,45,8,-9,-9.0000,-9.0,18.8,32.76,32.74,-9,-9,22,-9,-9,-9,-9,-9,-9,-9
HH,DYFS,3,BE,11SS,BT6,-9,-9,-9,93,15,2020,9,17,1034,-9,30,D,51.3902,3.2348,51.3963,3.2042,31F3,10,V,-9,1,1,R,-9.0000,BM,0,2242,35,-9,-9,-9.0000,-9,-9.0,-9.0,-9,-9.0000,-9,-9,-9.0000,-9.0000,-9,-9.0000,-9,-9.0000,68,8,-9,-9.0000,-9.0,19.0,32.93,33.34,-9,-9,22,-9,-9,-9,-9,-9,-9,-9
HH,DYFS,3,BE,11SS,BT6,-9,-9,-9,92,16,2020,9,17,1221,-9,30,D,51.3442,3.0827,51.3322,3.0457,31F3,10,V,-9,1,1,R,-9.0000,BM,0,2903,30,-9,-9,-9.0000,-9,-9.0,-9.0,-9,-9.0000,-9,-9,-9.0000,-9.0000,-9,-9.0000,-9,-9.0000,68,8,-9,-9.0000,-9.0,18.9,32.97,32.98,-9,-9,22,-9,-9,-9,-9,-9,-9,-9
HH,DYFS,3,BE,11SS,BT6,-9,-9,-9,7,17,2020,9,17,1300,-9,30,D,51.3303,3.0255,51.3167,2.9833,31F3,10,V,-9,1,1,R,-9.0000,BM,0,3309,30,-9,-9,-9.0000,-9,-9.0,-9.0,-9,-9.0000,-9,-9,-9.0000,-9.0000,-9,-9.0000,-9,-9.0000,68,8,-9,-9.0000,-9.0,18.9,32.92,32.91,-9,-9,22,-9,-9,-9,-9,-9,-9,-9
HH,DYFS,3,BE,11SS,BT6,-9,-9,-9,9,18,2020,9,17,1351,-9,30,D,51.3488,3.0105,51.3375,2.9707,31F3,12,V,-9,1,1,R,-9.0000,BM,0,3048,40,-9,-9,-9.0000,-9,-9.0,-9.0,-9,-9.0000,-9,-9,-9.0000,-9.0000,-9,-9.0000,-9,-9.0000,68,11,-9,-9.0000,-9.0,18.9,33.02,33.03,-9,-9,22,-9,-9,-9,-9,-9,-9,-9
HH,DYFS,3,BE,11SS,BT6,-9,-9,-9,26,19,2020,9,18,0701,-9,30,D,51.2490,2.7698,51.2625,2.8030,31F2,8,V,-9,1,1,R,-9.0000,BM,0,2759,25,-9,-9,-9.0000,-9,-9.0,-9.0,-9,-9.0000,-9,-9,-9.0000,-9.0000,-9,-9.0000,-9,-9.0000,90,6,-9,-9.0000,-9.0,18.3,33.89,33.88,-9,-9,22,-9,-9,-9,-9,-9,-9,-9
HH,DYFS,3,BE,11SS,BT6,-9,-9,-9,12,20,2020,9,18,0835,-9,30,D,51.3062,2.8410,51.3187,2.8762,31F2,13,V,-9,1,1,R,-9.0000,BM,0,2818,40,-9,-9,-9.0000,-9,-9.0,-9.0,-9,-9.0000,-9,-9,-9.0000,-9.0000,-9,-9.0000,-9,-9.0000,90,8,-9,-9.0000,-9.0,18.4,33.07,33.05,-9,-9,22,-9,-9,-9,-9,-9,-9,-9
HH,DYFS,3,BE,11SS,BT6,-9,-9,-9,14,21,2020,9,18,0920,-9,30,D,51.3168,2.8315,51.3292,2.8682,31F2,12,V,-9,1,1,R,-9.0000,BM,0,2900,40,-9,-9,-9.0000,-9,-9.0,-9.0,-9,-9.0000,-9,-9,-9.0000,-9.0000,-9,-9.0000,-9,-9.0000,90,8,-9,-9.0000,-9.0,18.5,33.24,33.23,-9,-9,22,-9,-9,-9,-9,-9,-9,-9
HH,DYFS,3,BE,11SS,BT6,-9,-9,-9,18,22,2020,9,18,1033,-9,30,D,51.3028,2.7855,51.3213,2.8228,31F2,15,V,-9,1,1,R,-9.0000,BM,0,3318,45,-9,-9,-9.0000,-9,-9.0,-9.0,-9,-9.0000,-9,-9,-9.0000,-9.0000,-9,-9.0000,-9,-9.0000,90,8,-9,-9.0000,-9.0,18.5,33.28,33.27,-9,-9,22,-9,-9,-9,-9,-9,-9,-9
HH,DYFS,3,BE,11SS,BT6,-9,-9,-9,11,23,2020,9,18,1217,-9,30,D,51.3517,2.8667,51.3362,2.8332,31F2,18,V,-9,1,1,R,-9.0000,BM,0,2902,55,-9,-9,-9.0000,-9,-9.0,-9.0,-9,-9.0000,-9,-9,-9.0000,-9.0000,-9,-9.0000,-9,-9.0000,68,11,-9,-9.0000,-9.0,18.5,33.38,33.38,-9,-9,22,-9,-9,-9,-9,-9,-9,-9
HH,DYFS,3,BE,11SS,BT6,-9,-9,-9,8,24,2020,9,18,1332,-9,30,D,51.3757,3.0118,51.3602,2.9927,31F3,13,V,-9,1,1,R,-9.0000,BM,0,2180,40,-9,-9,-9.0000,-9,-9.0,-9.0,-9,-9.0000,-9,-9,-9.0000,-9.0000,-9,-9.0000,-9,-9.0000,68,8,-9,-9.0000,-9.0,18.5,33.63,33.64,-9,-9,22,-9,-9,-9,-9,-9,-9,-9
HH,DYFS,3,BE,11SS,BT6,-9,-9,-9,19,25,2020,9,21,0731,-9,30,D,51.1713,2.6555,51.1848,2.6923,31F2,13,V,-9,1,1,R,-9.0000,BM,0,2981,40,-9,-9,-9.0000,-9,-9.0,-9.0,-9,-9.0000,-9,-9,-9.0000,-9.0000,-9,-9.0000,-9,-9.0000,45,3,-9,-9.0000,-9.0,18.1,34.59,34.54,-9,-9,22,-9,-9,-9,-9,-9,-9,-9
HH,DYFS,3,BE,11SS,BT6,-9,-9,-9,22,26,2020,9,21,0859,-9,30,D,51.1967,2.5932,51.2098,2.6452,31F2,8,V,-9,1,1,R,-9.0000,BM,0,3918,25,-9,-9,-9.0000,-9,-9.0,-9.0,-9,-9.0000,-9,-9,-9.0000,-9.0000,-9,-9.0000,-9,-9.0000,45,2,-9,-9.0000,-9.0,18.2,34.72,34.66,-9,-9,22,-9,-9,-9,-9,-9,-9,-9
HH,DYFS,3,BE,11SS,BT6,-9,-9,-9,21,27,2020,9,21,1031,-9,30,D,51.2487,2.6573,51.2705,2.6815,31F2,14,V,-9,1,1,R,-9.0000,BM,0,2957,45,-9,-9,-9.0000,-9,-9.0,-9.0,-9,-9.0000,-9,-9,-9.0000,-9.0000,-9,-9.0000,-9,-9.0000,45,0,-9,-9.0000,-9.0,18.2,33.95,34.07,-9,-9,22,-9,-9,-9,-9,-9,-9,-9
HH,DYFS,3,BE,11SS,BT6,-9,-9,-9,28,28,2020,9,21,1156,-9,30,D,51.3098,2.6622,51.3345,2.6720,31F2,24,V,-9,1,1,R,-9.0000,BM,0,2828,75,-9,-9,-9.0000,-9,-9.0,-9.0,-9,-9.0000,-9,-9,-9.0000,-9.0000,-9,-9.0000,-9,-9.0000,45,0,-9,-9.0000,-9.0,18.4,33.79,33.76,-9,-9,22,-9,-9,-9,-9,-9,-9,-9
HH,DYFS,3,BE,11SS,BT6,-9,-9,-9,20,29,2020,9,21,1332,-9,30,D,51.3268,2.7315,51.3063,2.7113,31F2,25,V,-9,1,1,R,-9.0000,BM,0,2679,75,-9,-9,-9.0000,-9,-9.0,-9.0,-9,-9.0000,-9,-9,-9.0000,-9.0000,-9,-9.0000,-9,-9.0000,45,2,-9,-9.0000,-9.0,18.5,33.45,33.53,-9,-9,22,-9,-9,-9,-9,-9,-9,-9
HH,DYFS,3,BE,11SS,BT6,-9,-9,-9,6,30,2020,9,22,0730,-9,30,D,51.3828,2.9653,51.3992,2.9967,31F2,18,V,-9,1,1,R,-9.0000,BM,0,2838,55,-9,-9,-9.0000,-9,-9.0,-9.0,-9,-9.0000,-9,-9,-9.0000,-9.0000,-9,-9.0000,-9,-9.0000,248,2,-9,-9.0000,-9.0,18.3,33.07,-9.00,-9,-9,22,-9,-9,-9,-9,-9,-9,-9
HH,DYFS,3,BE,11SS,BT6,-9,-9,-9,5,31,2020,9,22,0915,-9,30,D,51.4520,3.0122,51.4683,3.0438,31F3,22,V,-9,1,1,R,-9.0000,BM,0,2854,60,-9,-9,-9.0000,-9,-9.0,-9.0,-9,-9.0000,-9,-9,-9.0000,-9.0000,-9,-9.0000,-9,-9.0000,248,2,-9,-9.0000,-9.0,18.4,33.58,33.72,-9,-9,22,-9,-9,-9,-9,-9,-9,-9
HH,DYFS,3,BE,11SS,BT6,-9,-9,-9,35,32,2020,9,22,1038,-9,30,D,51.4477,3.1540,51.4640,3.1842,31F3,9,V,-9,1,1,R,-9.0000,BM,0,2774,30,-9,-9,-9.0000,-9,-9.0,-9.0,-9,-9.0000,-9,-9,-9.0000,-9.0000,-9,-9.0000,-9,-9.0000,248,2,-9,-9.0000,-9.0,18.4,33.89,33.84,-9,-9,22,-9,-9,-9,-9,-9,-9,-9
HH,DYFS,3,BE,11SS,BT6,-9,-9,-9,2,33,2020,9,22,1153,-9,30,D,51.4625,3.1818,51.4613,3.2262,31F3,10,V,-9,1,1,R,-9.0000,BM,0,3083,35,-9,-9,-9.0000,-9,-9.0,-9.0,-9,-9.0000,-9,-9,-9.0000,-9.0000,-9,-9.0000,-9,-9.0000,248,2,-9,-9.0000,-9.0,-9.0,33.83,18.46,-9,-9,22,-9,-9,-9,-9,-9,-9,-9
HH,DYFS,3,BE,11SS,BT6,-9,-9,-9,20,24,2021,9,21,1215,-9,15,D,51.3256,2.7303,51.3137,2.7185,31F2,25,V,-9,1,1,R,-9.0000,BM,0,1562,70,-9,-9,-9.0000,-9,-9.0,-9.0,-9,-9.0000,-9,212,3.2000,-9.0000,-9,-9.0000,-9,-9.0000,176,0,-9,-9.0000,-9.0,18.8,31.49,32.38,-9,-9,22,-9,-9,-9,-9,-9,-9,-9
HH,DYFS,3,BE,11SS,BT6,-9,-9,-9,11,25,2021,9,21,1313,-9,15,D,51.3515,2.8665,51.3433,2.8492,31F2,19,V,-9,1,1,R,-9.0000,BM,0,1506,52,-9,-9,-9.0000,-9,-9.0,-9.0,-9,-9.0000,-9,232,3.1000,-9.0000,-9,-9.0000,-9,-9.0000,312,1,-9,-9.0000,-9.0,18.9,31.27,31.66,-9,-9,22,-9,-9,-9,-9,-9,-9,-9
HH,DYFS,3,BE,11SS,BT6,-9,-9,-9,18,26,2021,9,21,1402,-9,20,D,51.3183,2.8162,51.3078,2.7954,31F2,15,V,-9,1,1,R,-9.0000,BM,0,1860,45,-9,-9,-9.0000,-9,-9.0,-9.0,-9,-9.0000,-9,230,3.0000,-9.0000,-9,-9.0000,-9,-9.0000,304,2,-9,-9.0000,-9.0,19.0,31.47,31.73,-9,-9,22,-9,-9,-9,-9,-9,-9,-9
HH,DYFS,3,BE,11SS,BT6,-9,-9,-9,14,27,2021,9,21,1542,-9,20,D,51.3272,2.8613,51.3178,2.8349,31F2,14,V,-9,1,1,R,-9.0000,BM,0,2113,36,-9,-9,-9.0000,-9,-9.0,-9.0,-9,-9.0000,-9,239,3.6000,-9.0000,-9,-9.0000,-9,-9.0000,327,2,-9,-9.0000,-9.0,18.9,31.33,31.54,-9,-9,22,-9,-9,-9,-9,-9,-9,-9
HH,DYFS,3,BE,11SS,BT6,-9,-9,-9,26,28,2021,9,22,0733,-9,20,D,51.2516,2.7759,51.2613,2.7997,31F2,9,V,-9,1,1,R,-9.0000,BM,0,1978,27,-9,-9,-9.0000,-9,-9.0,-9.0,-9,-9.0000,-9,56,2.9000,-9.0000,-9,-9.0000,-9,-9.0000,198,4,-9,-9.0000,-9.0,18.6,31.91,32.15,-9,-9,22,-9,-9,-9,-9,-9,-9,-9
HH,DYFS,3,BE,11SS,BT6,-9,-9,-9,13,29,2021,9,22,0845,-9,20,D,51.2327,2.8079,51.2444,2.8296,31F2,10,V,-9,1,1,R,-9.0000,BM,0,1996,30,-9,-9,-9.0000,-9,-9.0,-9.0,-9,-9.0000,-9,49,3.0000,-9.0000,-9,-9.0000,-9,-9.0000,191,4,-9,-9.0000,-9.0,18.5,31.26,31.47,-9,-9,22,-9,-9,-9,-9,-9,-9,-9
HH,DYFS,3,BE,11SS,BT6,-9,-9,-9,10,30,2021,9,22,1009,-9,20,D,51.2674,2.8382,51.2781,2.8626,31F2,10,V,-9,1,1,R,-9.0000,BM,0,2082,30,-9,-9,-9.0000,-9,-9.0,-9.0,-9,-9.0000,-9,55,2.6000,-9.0000,-9,-9.0000,-9,-9.0000,213,3,-9,-9.0000,-9.0,18.5,30.88,31.19,-9,-9,22,-9,-9,-9,-9,-9,-9,-9
HH,DYFS,3,BE,11SS,BT6,-9,-9,-9,12,31,2021,9,22,1135,-9,30,D,51.3069,2.8426,51.3205,2.8816,31F2,15,V,-9,1,1,R,-9.0000,BM,0,3112,45,-9,-9,-9.0000,-9,-9.0,-9.0,-9,-9.0000,-9,60,3.4000,-9.0000,-9,-9.0000,-9,-9.0000,228,2,-9,-9.0000,-9.0,18.7,30.51,30.76,-9,-9,22,-9,-9,-9,-9,-9,-9,-9
HH,DYFS,3,BE,11SS,BT6,-9,-9,-9,6,32,2021,9,22,1320,-9,30,D,51.4015,3.0018,51.3856,2.9700,31F3,19,V,-9,1,1,R,-9.0000,BM,0,2834,60,-9,-9,-9.0000,-9,-9.0,-9.0,-9,-9.0000,-9,231,3.0000,-9.0000,-9,-9.0000,-9,-9.0000,252,3,-9,-9.0000,-9.0,18.9,31.15,31.51,-9,-9,22,-9,-9,-9,-9,-9,-9,-9
HH,DYFS,3,BE,11SS,BT6,-9,-9,-9,8,33,2021,9,23,0759,-9,20,D,51.3648,2.9870,51.3756,3.0124,31F2,10,V,-9,1,1,R,-9.0000,BM,0,2131,33,-9,-9,-9.0000,-9,-9.0,-9.0,-9,-9.0000,-9,56,3.2000,-9.0000,-9,-9.0000,-9,-9.0000,249,7,-9,-9.0000,-9.0,18.5,30.32,30.61,-9,-9,22,-9,-9,-9,-9,-9,-9,-9
HH,DYFS,3,BE,11SS,BT6,-9,-9,-9,9,34,2021,9,23,0904,-9,20,D,51.3348,2.9610,51.3437,2.9888,31F2,5,V,-9,1,1,R,-9.0000,BM,0,2173,30,-9,-9,-9.0000,-9,-9.0,-9.0,-9,-9.0000,-9,64,3.5000,-9.0000,-9,-9.0000,-9,-9.0000,261,10,-9,-9.0000,-9.0,18.4,30.41,30.64,-9,-9,22,-9,-9,-9,-9,-9,-9,-9
HH,DYFS,3,BE,11SS,BT6,-9,-9,-9,92,35,2021,9,23,1017,-9,20,D,51.3358,3.0575,51.3427,3.0788,31F3,6,V,-9,1,1,R,-9.0000,BM,0,1669,24,-9,-9,-9.0000,-9,-9.0,-9.0,-9,-9.0000,-9,64,2.9000,-9.0000,-9,-9.0000,-9,-9.0000,248,5,-9,-9.0000,-9.0,18.4,30.55,30.78,-9,-9,22,-9,-9,-9,-9,-9,-9,-9
HH,DYFS,3,BE,11SS,BT6,-9,-9,-9,7,36,2021,9,23,1120,-9,20,D,51.3201,2.9916,51.3302,3.0250,31F2,7,V,-9,1,1,R,-9.0000,BM,0,2581,30,-9,-9,-9.0000,-9,-9.0,-9.0,-9,-9.0000,-9,64,3.4000,-9.0000,-9,-9.0000,-9,-9.0000,249,6,-9,-9.0000,-9.0,18.4,30.43,30.68,-9,-9,22,-9,-9,-9,-9,-9,-9,-9
HH,DYFS,3,BE,11SS,BT6,-9,-9,-9,49,37,2021,9,23,1240,-9,20,D,51.2850,3.0112,51.2776,2.9882,31F3,10,V,-9,1,1,R,-9.0000,BM,0,1801,40,-9,-9,-9.0000,-9,-9.0,-9.0,-9,-9.0000,-9,243,2.9000,-9.0000,-9,-9.0000,-9,-9.0000,249,9,-9,-9.0000,-9.0,-9.0,30.27,-9.00,-9,-9,22,-9,-9,-9,-9,-9,-9,-9
HH,DYFS,3,BE,11SS,BT6,-9,SB,-9,10,1,2022,9,12,0821,D2,15,D,51.2705,2.8448,51.2777,2.8607,31F2,7,V,-9,1,1,R,-9.0000,BM,0,1369,24,-9,-9,-9.0000,-9,-9.0,-9.0,-9,-9.0000,-9,54,3.3000,-9.0000,-9,-9.0000,-9,-9.0000,170,5,-9,-9.0000,20.1,20.1,34.19,34.33,-9,-9,22,-9,-9,-9,-9,-9,-9,-9
HH,DYFS,3,BE,11SS,BT6,-9,SB,-9,12,2,2022,9,12,0921,D3,15,D,51.3062,2.8407,51.3132,2.8604,31F2,12,V,-9,1,1,R,-9.0000,BM,0,1568,39,-9,-9,-9.0000,-9,-9.0,-9.0,-9,-9.0000,-9,60,2.9000,-9.0000,-9,-9.0000,-9,-9.0000,167,5,-9,-9.0000,20.1,20.1,32.92,33.83,-9,-9,22,-9,-9,-9,-9,-9,-9,-9
HH,DYFS,3,BE,11SS,BT6,-9,SB,-9,3,9,2022,9,13,1358,D2,15,D,51.4445,3.1806,51.4328,3.1709,31F3,10,V,-9,1,1,R,-9.0000,BM,0,1460,36,-9,-9,-9.0000,-9,-9.0,-9.0,-9,-9.0000,-9,208,3.1000,-9.0000,-9,-9.0000,-9,-9.0000,14,5,-9,-9.0000,20.7,20.7,32.61,32.81,-9,-9,22,-9,-9,-9,-9,-9,-9,-9
HH,DYFS,3,BE,11SS,BT6,-9,SB,-9,3,10,2022,9,13,1500,D2,30,D,51.4436,3.1778,51.4202,3.1612,31F3,9,I,-9,1,1,R,-9.0000,BM,0,2852,36,-9,-9,-9.0000,-9,-9.0,-9.0,-9,-9.0000,-9,203,3.0000,-9.0000,-9,-9.0000,-9,-9.0000,37,2,-9,-9.0000,20.6,20.6,32.51,32.71,-9,-9,22,-9,-9,-9,-9,-9,-9,-9
HH,DYFS,3,BE,11SS,BT6,-9,SB,-9,6,11,2022,9,14,0733,D4,15,D,51.3839,2.9662,51.3932,2.9846,31F2,16,V,-9,1,1,R,-9.0000,BM,0,1638,54,-9,-9,-9.0000,-9,-9.0,-9.0,-9,-9.0000,-9,53,3.2000,-9.0000,-9,-9.0000,-9,-9.0000,75,6,-9,-9.0000,20.3,20.3,31.80,32.19,-9,-9,22,-9,-9,-9,-9,-9,-9,-9
HH,DYFS,3,BE,11SS,BT6,-9,SB,-9,5,12,2022,9,14,0924,D3,15,D,51.4536,3.0151,51.4616,3.0300,31F3,15,V,-9,1,1,R,-9.0000,BM,0,1368,63,-9,-9,-9.0000,-9,-9.0,-9.0,-9,-9.0000,-9,49,3.0000,-9.0000,-9,-9.0000,-9,-9.0000,74,6,-9,-9.0000,20.3,20.4,32.25,32.52,-9,-9,22,-9,-9,-9,-9,-9,-9,-9
HH,DYFS,3,BE,11SS,BT6,-9,SB,-9,35,13,2022,9,14,1055,D2,14,D,51.4478,3.1544,51.4566,3.1702,31F3,7,V,-9,1,1,R,-9.0000,BM,0,1466,28,-9,-9,-9.0000,-9,-9.0,-9.0,-9,-9.0000,-9,46,3.1000,-9.0000,-9,-9.0000,-9,-9.0000,95,6,-9,-9.0000,20.3,20.3,32.32,32.60,-9,-9,22,-9,-9,-9,-9,-9,-9,-9
HH,DYFS,3,BE,11SS,BT6,-9,SB,-9,2,14,2022,9,14,1151,D2,15,D,51.4626,3.1862,51.4608,3.2084,31F3,8,V,-9,1,1,R,-9.0000,BM,0,1556,30,-9,-9,-9.0000,-9,-9.0,-9.0,-9,-9.0000,-9,95,3.1000,-9.0000,-9,-9.0000,-9,-9.0000,78,4,-9,-9.0000,20.3,20.3,32.39,32.67,-9,-9,22,-9,-9,-9,-9,-9,-9,-9
HH,DYFS,3,BE,11SS,BT6,-9,SB,-9,1,15,2022,9,14,1302,D2,14,D,51.4466,3.2524,51.4375,3.2359,31F3,7,V,-9,1,1,R,-9.0000,BM,0,1523,27,-9,-9,-9.0000,-9,-9.0,-9.0,-9,-9.0000,-9,224,3.3000,-9.0000,-9,-9.0000,-9,-9.0000,79,4,-9,-9.0000,20.2,20.2,32.24,32.48,-9,-9,22,-9,-9,-9,-9,-9,-9,-9
HH,DYFS,3,BE,11SS,BT6,-9,SB,-9,93,16,2022,9,14,1430,D3,14,D,51.3903,3.2349,51.3850,3.2180,31F3,11,V,-9,1,1,R,-9.0000,BM,0,1310,33,-9,-9,-9.0000,-9,-9.0,-9.0,-9,-9.0000,-9,244,2.2000,-9.0000,-9,-9.0000,-9,-9.0000,45,3,-9,-9.0000,20.2,20.2,32.03,32.33,-9,-9,22,-9,-9,-9,-9,-9,-9,-9
HH,DYFS,3,BE,11SS,BT6,-9,SB,-9,8,17,2022,9,14,1552,D3,15,D,51.3735,3.0072,51.3658,2.9898,31F3,12,V,-9,1,1,R,-9.0000,BM,0,1478,40,-9,-9,-9.0000,-9,-9.0,-9.0,-9,-9.0000,-9,231,3.1000,-9.0000,-9,-9.0000,-9,-9.0000,34,3,-9,-9.0000,20.3,20.3,31.89,32.12,-9,-9,22,-9,-9,-9,-9,-9,-9,-9
HH,DYFS,3,BE,11SS,BT6,-9,SB,-9,16,18,2022,9,15,0705,D2,14,D,51.2075,2.8306,51.1993,2.8093,31F2,7,V,-9,1,1,R,-9.0000,BM,0,1746,30,-9,-9,-9.0000,-9,-9.0,-9.0,-9,-9.0000,-9,234,3.3000,-9.0000,-9,-9.0000,-9,-9.0000,338,8,-9,-9.0000,19.6,19.6,33.83,34.18,-9,-9,22,-9,-9,-9,-9,-9,-9,-9
HH,DYFS,3,BE,11SS,BT6,-9,SB,-9,17,19,2022,9,15,0904,D2,16,D,51.1832,2.7371,51.1891,2.7530,31F2,8,V,-9,1,1,R,-9.0000,BM,0,1291,30,-9,-9,-9.0000,-9,-9.0,-9.0,-9,-9.0000,-9,64,2.7000,-9.0000,-9,-9.0000,-9,-9.0000,340,8,-9,-9.0000,19.7,19.7,34.02,34.33,-9,-9,22,-9,-9,-9,-9,-9,-9,-9
HH,DYFS,3,BE,11SS,BT6,-9,SB,-9,19,20,2022,9,15,1038,D3,15,D,51.1713,2.6554,51.1778,2.6732,31F2,12,V,-9,1,1,R,-9.0000,BM,0,1436,42,-9,-9,-9.0000,-9,-9.0,-9.0,-9,-9.0000,-9,61,2.8000,-9.0000,-9,-9.0000,-9,-9.0000,327,8,-9,-9.0000,19.8,19.8,34.37,34.61,-9,-9,22,-9,-9,-9,-9,-9,-9,-9
HH,DYFS,3,BE,11SS,BT6,-9,SB,-9,23,21,2022,9,15,1134,D3,15,D,51.1481,2.5902,51.1536,2.6092,31F2,13,V,-9,1,1,R,-9.0000,BM,0,1467,46,-9,-9,-9.0000,-9,-9.0,-9.0,-9,-9.0000,-9,65,3.0000,-9.0000,-9,-9.0000,-9,-9.0000,325,8,-9,-9.0000,19.9,19.9,34.39,34.59,-9,-9,22,-9,-9,-9,-9,-9,-9,-9
HH,DYFS,3,BE,11SS,BT6,-9,SB,-9,24,22,2022,9,15,1250,D3,15,D,51.1619,2.5711,51.1700,2.5882,31F2,11,V,-9,1,1,R,-9.0000,BM,0,1497,42,-9,-9,-9.0000,-9,-9.0,-9.0,-9,-9.0000,-9,53,3.1000,-9.0000,-9,-9.0000,-9,-9.0000,315,6,-9,-9.0000,19.9,19.9,34.40,34.61,-9,-9,22,-9,-9,-9,-9,-9,-9,-9
HH,DYFS,3,BE,11SS,BT6,-9,SB,-9,22,23,2022,9,15,1334,D3,15,D,51.2075,2.6385,51.2010,2.6222,31F2,14,V,-9,1,1,R,-9.0000,BM,0,1348,45,-9,-9,-9.0000,-9,-9.0,-9.0,-9,-9.0000,-9,239,2.8000,-9.0000,-9,-9.0000,-9,-9.0000,326,6,-9,-9.0000,19.9,19.9,34.23,34.42,-9,-9,22,-9,-9,-9,-9,-9,-9,-9
HH,DYFS,3,BE,11SS,BT6,-9,SB,-9,92,24,2022,9,20,0813,D2,16,D,51.3438,3.0792,51.3355,3.0575,31F3,7,V,-9,1,1,R,-9.0000,BM,0,1768,30,-9,-9,-9.0000,-9,-9.0,-9.0,-9,-9.0000,-9,237,3.6000,-9.0000,-9,-9.0000,-9,-9.0000,-9,-9,-9,-9.0000,-9.0,17.7,-9.00,32.52,-9,-9,22,-9,-9,-9,-9,-9,-9,-9
HH,DYFS,3,BE,11SS,BT6,-9,SB,-9,7,25,2022,9,20,0925,D2,15,D,51.3300,3.0247,51.3245,3.0053,31F3,6,V,-9,1,1,R,-9.0000,BM,0,1477,27,-9,-9,-9.0000,-9,-9.0,-9.0,-9,-9.0000,-9,241,3.4000,-9.0000,-9,-9.0000,-9,-9.0000,36,8,-9,-9.0000,17.5,17.5,32.21,32.38,-9,-9,22,-9,-9,-9,-9,-9,-9,-9
HH,DYFS,3,BE,11SS,BT6,-9,SB,-9,9,26,2022,9,20,1030,D2,14,D,51.3475,3.0074,51.3418,2.9860,31F3,9,V,-9,1,1,R,-9.0000,BM,0,1617,36,-9,-9,-9.0000,-9,-9.0,-9.0,-9,-9.0000,-9,247,3.5000,-9.0000,-9,-9.0000,-9,-9.0000,135,1,-9,-9.0000,17.6,17.6,32.26,32.52,-9,-9,22,-9,-9,-9,-9,-9,-9,-9
HH,DYFS,3,BE,11SS,BT6,-9,SB,-9,27,27,2022,9,20,1207,D2,15,D,51.3042,3.0667,51.3190,3.0748,31F3,7,V,-9,1,1,R,-9.0000,BM,0,1745,30,-9,-9,-9.0000,-9,-9.0,-9.0,-9,-9.0000,-9,37,3.0000,-9.0000,-9,-9.0000,-9,-9.0000,92,3,-9,-9.0000,17.4,17.2,31.83,32.02,-9,-9,22,-9,-9,-9,-9,-9,-9,-9
HH,DYFS,3,BE,11SS,BT6,-9,SB,-9,49,28,2022,9,20,1400,D2,15,D,51.2761,2.9833,51.2817,3.0018,31F2,6,V,-9,1,1,R,-9.0000,BM,0,1429,24,-9,-9,-9.0000,-9,-9.0,-9.0,-9,-9.0000,-9,64,3.2000,-9.0000,-9,-9.0000,-9,-9.0000,107,1,-9,-9.0000,17.2,17.2,31.76,31.94,-9,-9,22,-9,-9,-9,-9,-9,-9,-9
HH,DYFS,3,BE,11SS,BT6,-9,SB,-9,11,29,2022,9,21,0557,D4,15,D,51.3342,2.8275,51.3410,2.8440,31F2,16,V,-9,1,1,R,-9.0000,BM,0,1377,54,-9,-9,-9.0000,-9,-9.0,-9.0,-9,-9.0000,-9,55,3.2000,-9.0000,-9,-9.0000,-9,-9.0000,164,3,-9,-9.0000,18.0,18.1,32.61,32.94,-9,-9,22,-9,-9,-9,-9,-9,-9,-9
HH,DYFS,3,BE,11SS,BT6,-9,SB,-9,20,30,2022,9,21,0751,D5,16,D,51.3134,2.7180,51.3259,2.7309,31F2,23,V,-9,1,1,R,-9.0000,BM,0,1657,75,-9,-9,-9.0000,-9,-9.0,-9.0,-9,-9.0000,-9,34,3.2000,-9.0000,-9,-9.0000,-9,-9.0000,157,3,-9,-9.0000,18.2,18.1,32.59,32.90,-9,-9,22,-9,-9,-9,-9,-9,-9,-9
HH,DYFS,3,BE,11SS,BT6,-9,SB,-9,28,31,2022,9,21,0916,D5,18,D,51.3141,2.6636,51.3260,2.6694,31F2,24,V,-9,1,1,R,-9.0000,BM,0,1387,84,-9,-9,-9.0000,-9,-9.0,-9.0,-9,-9.0000,-9,39,2.9000,-9.0000,-9,-9.0000,-9,-9.0000,153,2,-9,-9.0000,18.7,18.6,32.72,32.92,-9,-9,22,-9,-9,-9,-9,-9,-9,-9
HH,DYFS,3,BE,11SS,BT6,-9,SB,-9,21,32,2022,9,21,1102,D4,16,D,51.2645,2.6753,51.2539,2.6633,31F2,16,V,-9,1,1,R,-9.0000,BM,0,1448,60,-9,-9,-9.0000,-9,-9.0,-9.0,-9,-9.0000,-9,212,3.1000,-9.0000,-9,-9.0000,-9,-9.0000,108,1,-9,-9.0000,18.2,17.9,32.35,32.62,-9,-9,22,-9,-9,-9,-9,-9,-9,-9
HH,DYFS,3,BE,11SS,BT6,-9,SB,-9,26,33,2022,9,21,1251,D2,17,D,51.2500,2.7697,51.2572,2.7890,31F2,9,V,-9,1,1,R,-9.0000,BM,0,1565,33,-9,-9,-9.0000,-9,-9.0,-9.0,-9,-9.0000,-9,56,3.3000,-9.0000,-9,-9.0000,-9,-9.0000,137,2,-9,-9.0000,17.9,17.8,32.19,32.40,-9,-9,22,-9,-9,-9,-9,-9,-9,-9
HH,DYFS,3,BE,11SS,BT6,-9,SB,-9,13,34,2022,9,21,1353,D2,16,D,51.2508,2.8395,51.2420,2.8247,31F2,10,V,-9,1,1,R,-9.0000,BM,0,1422,39,-9,-9,-9.0000,-9,-9.0,-9.0,-9,-9.0000,-9,222,3.1000,-9.0000,-9,-9.0000,-9,-9.0000,17,2,-9,-9.0000,17.5,17.5,31.88,32.12,-9,-9,22,-9,-9,-9,-9,-9,-9,-9
HH,DYFS,3,BE,11SS,BT6,-9,-9,-9,16,1,2018,9,10,0829,-9,30,D,51.1918,2.7878,51.2037,2.8212,31F2,10,V,-9,1,6,R,-9.0000,BM,0,2676,30,-9,-9,-9.0000,-9,-9.0,-9.0,-9,-9.0000,-9,-9,-9.0000,-9.0000,-9,-9.0000,-9,-9.0000,248,4,-9,-9.0000,-9.0,18.3,34.18,33.36,-9,-9,22,-9,-9,-9,-9,-9,-9,-9
HH,DYFS,3,BE,11SS,BT6,-9,-9,-9,17,2,2018,9,10,0928,-9,30,D,51.1823,2.7360,51.1977,2.7748,31F2,10,V,-9,1,6,R,-9.0000,BM,0,3206,30,-9,-9,-9.0000,-9,-9.0,-9.0,-9,-9.0000,-9,-9,-9.0000,-9.0000,-9,-9.0000,-9,-9.0000,225,6,-9,-9.0000,-9.0,18.3,32.34,34.02,-9,-9,22,-9,-9,-9,-9,-9,-9,-9
HH,DYFS,3,BE,11SS,BT6,-9,-9,-9,19,3,2018,9,10,1023,-9,30,D,51.1950,2.6968,51.1720,2.6575,31F2,12,V,-9,1,6,R,-9.0000,BM,0,3756,36,-9,-9,-9.0000,-9,-9.0,-9.0,-9,-9.0000,-9,-9,-9.0000,-9.0000,-9,-9.0000,-9,-9.0000,225,6,-9,-9.0000,-9.0,18.3,32.31,34.61,-9,-9,22,-9,-9,-9,-9,-9,-9,-9
HH,DYFS,3,BE,11SS,BT6,-9,-9,-9,13,4,2018,9,10,1218,-9,30,D,51.2527,2.8435,51.2363,2.8150,31F2,15,V,-9,1,6,R,-9.0000,BM,0,2694,60,-9,-9,-9.0000,-9,-9.0,-9.0,-9,-9.0000,-9,-9,-9.0000,-9.0000,-9,-9.0000,-9,-9.0000,225,6,-9,-9.0000,-9.0,18.4,32.66,32.77,-9,-9,22,-9,-9,-9,-9,-9,-9,-9
HH,DYFS,3,BE,11SS,BT6,-9,-9,-9,26,5,2018,9,10,1319,-9,30,D,51.2638,2.8060,51.2497,2.7713,31F2,15,V,-9,1,6,R,-9.0000,BM,0,2888,45,-9,-9,-9.0000,-9,-9.0,-9.0,-9,-9.0000,-9,-9,-9.0000,-9.0000,-9,-9.0000,-9,-9.0000,225,8,-9,-9.0000,-9.0,18.5,-9.00,33.74,-9,-9,22,-9,-9,-9,-9,-9,-9,-9
HH,DYFS,3,BE,11SS,BT6,-9,-9,-9,49,6,2018,9,11,0748,-9,30,D,51.2755,2.9815,51.2855,3.0140,31F2,7,V,-9,1,6,R,-9.0000,BM,0,2525,25,-9,-9,-9.0000,-9,-9.0,-9.0,-9,-9.0000,-9,-9,-9.0000,-9.0000,-9,-9.0000,-9,-9.0000,225,8,-9,-9.0000,-9.0,18.3,30.44,31.68,-9,-9,22,-9,-9,-9,-9,-9,-9,-9
HH,DYFS,3,BE,11SS,BT6,-9,-9,-9,27,7,2018,9,11,0852,-9,30,D,51.3060,3.0685,51.3253,3.0905,31F3,8,V,-9,1,6,R,-9.0000,BM,0,2641,25,-9,-9,-9.0000,-9,-9.0,-9.0,-9,-9.0000,-9,-9,-9.0000,-9.0000,-9,-9.0000,-9,-9.0000,225,11,-9,-9.0000,-9.0,18.5,30.57,31.62,-9,-9,22,-9,-9,-9,-9,-9,-9,-9
HH,DYFS,3,BE,11SS,BT6,-9,-9,-9,91,8,2018,9,11,1247,-9,30,D,51.1745,2.6487,51.1600,2.6143,31F2,18,V,-9,1,6,R,-9.0000,BM,0,2892,55,-9,-9,-9.0000,-9,-9.0,-9.0,-9,-9.0000,-9,-9,-9.0000,-9.0000,-9,-9.0000,-9,-9.0000,225,11,-9,-9.0000,-9.0,18.4,33.90,35.00,-9,-9,22,-9,-9,-9,-9,-9,-9,-9
HH,DYFS,3,BE,11SS,BT6,-9,-9,-9,23,9,2018,9,11,1333,-9,30,D,51.1602,2.6280,51.1490,2.5937,31F2,19,V,-9,1,6,R,-9.0000,BM,0,2704,56,-9,-9,-9.0000,-9,-9.0,-9.0,-9,-9.0000,-9,-9,-9.0000,-9.0000,-9,-9.0000,-9,-9.0000,225,11,-9,-9.0000,-9.0,18.5,33.66,34.99,-9,-9,22,-9,-9,-9,-9,-9,-9,-9
HH,DYFS,3,BE,11SS,BT6,-9,-9,-9,24,10,2018,9,11,1423,-9,30,D,51.1747,2.5972,51.1590,2.5643,31F2,13,V,-9,1,6,R,-9.0000,BM,0,2882,40,-9,-9,-9.0000,-9,-9.0,-9.0,-9,-9.0000,-9,-9,-9.0000,-9.0000,-9,-9.0000,-9,-9.0000,225,11,-9,-9.0000,-9.0,18.5,-9.00,34.99,-9,-9,22,-9,-9,-9,-9,-9,-9,-9
HH,DYFS,3,BE,11SS,BT6,-9,-9,-9,4,11,2018,9,12,0701,-9,30,D,51.4245,3.1357,51.4450,3.1667,31F3,8,V,-9,1,6,R,-9.0000,BM,0,3138,30,-9,-9,-9.0000,-9,-9.0,-9.0,-9,-9.0000,-9,-9,-9.0000,-9.0000,-9,-9.0000,-9,-9.0000,338,8,-9,-9.0000,-9.0,18.7,31.46,31.85,-9,-9,22,-9,-9,-9,-9,-9,-9,-9
HH,DYFS,3,BE,11SS,BT6,-9,-9,-9,35,12,2018,9,12,0742,-9,30,D,51.4480,3.1550,51.4662,3.1880,31F3,8,V,-9,1,6,R,-9.0000,BM,0,3057,30,-9,-9,-9.0000,-9,-9.0,-9.0,-9,-9.0000,-9,-9,-9.0000,-9.0000,-9,-9.0000,-9,-9.0000,338,8,-9,-9.0000,-9.0,18.7,31.66,31.85,-9,-9,22,-9,-9,-9,-9,-9,-9,-9
HH,DYFS,3,BE,11SS,BT6,-9,-9,-9,2,13,2018,9,12,0903,-9,30,D,51.4628,3.1832,51.4595,3.2278,31F3,10,V,-9,1,6,R,-9.0000,BM,0,3126,30,-9,-9,-9.0000,-9,-9.0,-9.0,-9,-9.0000,-9,-9,-9.0000,-9.0000,-9,-9.0000,-9,-9.0000,338,6,-9,-9.0000,-9.0,18.6,32.27,31.86,-9,-9,22,-9,-9,-9,-9,-9,-9,-9
HH,DYFS,3,BE,11SS,BT6,-9,-9,-9,37,14,2018,9,12,1053,-9,30,D,51.4960,3.1687,51.5085,3.2010,31F3,15,V,-9,1,6,R,-9.0000,BM,0,2641,45,-9,-9,-9.0000,-9,-9.0,-9.0,-9,-9.0000,-9,-9,-9.0000,-9.0000,-9,-9.0000,-9,-9.0000,338,6,-9,-9.0000,-9.0,18.8,31.13,31.71,-9,-9,22,-9,-9,-9,-9,-9,-9,-9
HH,DYFS,3,BE,11SS,BT6,-9,-9,-9,38,15,2018,9,12,1202,-9,30,D,51.4793,3.1640,51.4602,3.1247,31F3,15,V,-9,1,6,R,-9.0000,BM,0,3466,45,-9,-9,-9.0000,-9,-9.0,-9.0,-9,-9.0000,-9,-9,-9.0000,-9.0000,-9,-9.0000,-9,-9.0000,338,4,-9,-9.0000,-9.0,18.8,32.17,32.74,-9,-9,22,-9,-9,-9,-9,-9,-9,-9
HH,DYFS,3,BE,11SS,BT6,-9,-9,-9,5,16,2018,9,13,0825,-9,30,D,51.4528,3.0140,51.4628,3.0545,31F3,16,V,-9,1,6,R,-9.0000,BM,0,3026,47,-9,-9,-9.0000,-9,-9.0,-9.0,-9,-9.0000,-9,-9,-9.0000,-9.0000,-9,-9.0000,-9,-9.0000,248,1,-9,-9.0000,-9.0,18.5,31.33,32.28,-9,-9,22,-9,-9,-9,-9,-9,-9,-9
HH,DYFS,3,BE,11SS,BT6,-9,-9,-9,6,17,2018,9,13,0933,-9,30,D,51.3835,2.9665,51.4002,2.9990,31F2,20,V,-9,1,6,R,-9.0000,BM,0,2924,60,-9,-9,-9.0000,-9,-9.0,-9.0,-9,-9.0000,-9,-9,-9.0000,-9.0000,-9,-9.0000,-9,-9.0000,248,1,-9,-9.0000,-9.0,18.5,31.45,31.90,-9,-9,22,-9,-9,-9,-9,-9,-9,-9
HH,DYFS,3,BE,11SS,BT6,-9,-9,-9,8,18,2018,9,13,1104,-9,30,D,51.3647,2.9868,51.3785,3.0190,31F2,12,V,-9,1,6,R,-9.0000,BM,0,2717,35,-9,-9,-9.0000,-9,-9.0,-9.0,-9,-9.0000,-9,-9,-9.0000,-9.0000,-9,-9.0000,-9,-9.0000,45,2,-9,-9.0000,-9.0,18.5,31.38,31.87,-9,-9,22,-9,-9,-9,-9,-9,-9,-9
HH,DYFS,3,BE,11SS,BT6,-9,-9,-9,9,19,2018,9,13,1257,-9,30,D,51.3393,2.9770,51.3290,2.9427,31F2,12,V,-9,1,6,R,-9.0000,BM,0,2654,35,-9,-9,-9.0000,-9,-9.0,-9.0,-9,-9.0000,-9,-9,-9.0000,-9.0000,-9,-9.0000,-9,-9.0000,45,2,-9,-9.0000,-9.0,18.6,-9.00,31.84,-9,-9,22,-9,-9,-9,-9,-9,-9,-9
HH,DYFS,3,BE,11SS,BT6,-9,-9,-9,10,20,2018,9,14,0732,-9,30,D,51.2658,2.8347,51.2813,2.8683,31F2,11,V,-9,1,6,R,-9.0000,BM,0,2914,35,-9,-9,-9.0000,-9,-9.0,-9.0,-9,-9.0000,-9,-9,-9.0000,-9.0000,-9,-9.0000,-9,-9.0000,248,6,-9,-9.0000,-9.0,18.2,31.71,34.36,-9,-9,22,-9,-9,-9,-9,-9,-9,-9
HH,DYFS,3,BE,11SS,BT6,-9,-9,-9,12,21,2018,9,14,0823,-9,30,D,51.3062,2.8407,51.3212,2.8815,31F2,13,V,-9,1,6,R,-9.0000,BM,0,3300,45,-9,-9,-9.0000,-9,-9.0,-9.0,-9,-9.0000,-9,-9,-9.0000,-9.0000,-9,-9.0000,-9,-9.0000,248,6,-9,-9.0000,-9.0,18.3,31.34,34.03,-9,-9,22,-9,-9,-9,-9,-9,-9,-9
HH,DYFS,3,BE,11SS,BT6,-9,-9,-9,11,22,2018,9,14,1115,-9,30,D,51.3285,2.8177,51.3442,2.8512,31F2,18,V,-9,1,6,R,-9.0000,BM,0,2913,55,-9,-9,-9.0000,-9,-9.0,-9.0,-9,-9.0000,-9,-9,-9.0000,-9.0000,-9,-9.0000,-9,-9.0000,248,8,-9,-9.0000,-9.0,18.4,31.33,32.34,-9,-9,22,-9,-9,-9,-9,-9,-9,-9
HH,DYFS,3,BE,11SS,BT6,-9,-9,-9,18,23,2018,9,14,1223,-9,30,D,51.3030,2.7867,51.3202,2.8203,31F2,15,V,-9,1,6,R,-9.0000,BM,0,3026,50,-9,-9,-9.0000,-9,-9.0,-9.0,-9,-9.0000,-9,-9,-9.0000,-9.0000,-9,-9.0000,-9,-9.0000,248,8,-9,-9.0000,-9.0,18.4,31.81,32.45,-9,-9,22,-9,-9,-9,-9,-9,-9,-9
HH,DYFS,3,BE,11SS,BT6,-9,-9,-9,20,24,2018,9,17,0838,-9,30,D,51.3297,2.7343,51.3073,2.7130,31F2,24,V,-9,1,6,R,-9.0000,BM,0,2895,75,-9,-9,-9.0000,-9,-9.0,-9.0,-9,-9.0000,-9,-9,-9.0000,-9.0000,-9,-9.0000,-9,-9.0000,225,6,-9,-9.0000,-9.0,18.1,34.28,34.37,-9,-9,22,-9,-9,-9,-9,-9,-9,-9
HH,DYFS,3,BE,11SS,BT6,-9,-9,-9,28,25,2018,9,17,1000,-9,30,D,51.3345,2.6717,51.3103,2.6623,31F2,26,V,-9,1,6,R,-9.0000,BM,0,2766,80,-9,-9,-9.0000,-9,-9.0,-9.0,-9,-9.0000,-9,-9,-9.0000,-9.0000,-9,-9.0000,-9,-9.0000,225,4,-9,-9.0000,-9.0,18.2,34.29,34.73,-9,-9,22,-9,-9,-9,-9,-9,-9,-9
HH,DYFS,3,BE,11SS,BT6,-9,-9,-9,21,26,2018,9,17,1143,-9,30,D,51.2485,2.6572,51.2688,2.6792,31F2,15,V,-9,1,6,R,-9.0000,BM,0,2734,45,-9,-9,-9.0000,-9,-9.0,-9.0,-9,-9.0000,-9,-9,-9.0000,-9.0000,-9,-9.0000,-9,-9.0000,225,4,-9,-9.0000,-9.0,18.1,33.97,34.99,-9,-9,22,-9,-9,-9,-9,-9,-9,-9
HH,DYFS,3,BE,11SS,BT6,-9,-9,-9,22,27,2018,9,17,1302,-9,30,D,51.1967,2.6100,51.2098,2.6448,31F2,8,V,-9,1,6,R,-9.0000,BM,0,2841,25,-9,-9,-9.0000,-9,-9.0,-9.0,-9,-9.0000,-9,-9,-9.0000,-9.0000,-9,-9.0000,-9,-9.0000,225,4,-9,-9.0000,-9.0,18.2,-9.00,35.04,-9,-9,22,-9,-9,-9,-9,-9,-9,-9
HH,DYFS,3,BE,11SS,BT6,-9,-9,-9,92,28,2018,9,18,0750,-9,30,D,51.3460,3.0910,51.3347,3.0543,31F3,9,V,-9,1,6,R,-9.0000,BM,0,2849,30,-9,-9,-9.0000,-9,-9.0,-9.0,-9,-9.0000,-9,-9,-9.0000,-9.0000,-9,-9.0000,-9,-9.0000,225,8,-9,-9.0000,-9.0,18.1,32.28,31.77,-9,-9,22,-9,-9,-9,-9,-9,-9,-9
HH,DYFS,3,BE,11SS,BT6,-9,-9,-9,7,29,2018,9,18,0857,-9,30,D,51.3302,3.0255,51.3197,2.9900,31F3,8,V,-9,1,6,R,-9.0000,BM,0,2736,25,-9,-9,-9.0000,-9,-9.0,-9.0,-9,-9.0000,-9,-9,-9.0000,-9.0000,-9,-9.0000,-9,-9.0000,248,8,-9,-9.0000,-9.0,18.0,33.36,32.27,-9,-9,22,-9,-9,-9,-9,-9,-9,-9
HH,DYFS,3,BE,11SS,BT6,-9,-9,-9,14,30,2018,9,18,1000,-9,30,D,51.3275,2.8628,51.3153,2.8255,31F2,16,V,-9,1,6,R,-9.0000,BM,0,2933,50,-9,-9,-9.0000,-9,-9.0,-9.0,-9,-9.0000,-9,-9,-9.0000,-9.0000,-9,-9.0000,-9,-9.0000,225,11,-9,-9.0000,-9.0,18.0,-9.00,33.71,-9,-9,22,-9,-9,-9,-9,-9,-9,-9
HH,DYFS,3,BE,11SS,BT6,-9,-9,-9,1,31,2018,9,19,0841,-9,30,D,51.4468,3.2527,51.4303,3.2217,31F3,9,V,-9,1,6,R,-9.0000,BM,0,2831,30,-9,-9,-9.0000,-9,-9.0,-9.0,-9,-9.0000,-9,-9,-9.0000,-9.0000,-9,-9.0000,-9,-9.0000,203,8,-9,-9.0000,-9.0,18.2,31.53,32.05,-9,-9,22,-9,-9,-9,-9,-9,-9,-9
HH,DYFS,3,BE,11SS,BT6,-9,-9,-9,3,32,2018,9,19,1032,-9,30,D,51.4435,3.1790,51.4202,3.1608,31F3,20,V,-9,1,6,R,-9.0000,BM,0,2887,30,-9,-9,-9.0000,-9,-9.0,-9.0,-9,-9.0000,-9,-9,-9.0000,-9.0000,-9,-9.0000,-9,-9.0000,203,8,-9,-9.0000,-9.0,18.3,31.46,31.99,-9,-9,22,-9,-9,-9,-9,-9,-9,-9
HH,DYFS,3,BE,11SS,BT6,-9,-9,-9,93,33,2018,9,19,1246,-9,15,D,51.3847,3.2160,51.3903,3.2348,31F3,13,V,-9,1,6,R,-9.0000,BM,0,1454,40,-9,-9,-9.0000,-9,-9.0,-9.0,-9,-9.0000,-9,-9,-9.0000,-9.0000,-9,-9.0000,-9,-9.0000,203,11,-9,-9.0000,-9.0,18.3,33.97,31.81,-9,-9,22,-9,-9,-9,-9,-9,-9,-9
HH,DYFS,3,BE,11SS,BT6,-9,-9,-9,24,20,2019,9,19,1335,-9,30,D,51.1667,2.5972,51.1610,2.5682,31F2,12,V,-9,1,6,R,-9.0000,BM,0,2124,36,-9,-9,-9.0000,-9,-9.0,-9.0,-9,-9.0000,-9,-9,-9.0000,-9.0000,-9,-9.0000,-9,-9.0000,68,0,-9,-9.0000,-9.0,17.7,-9.00,35.62,-9,-9,22,-9,-9,-9,-9,-9,-9,-9
HH,DYFS,3,BE,11SS,BT6,-9,-9,-9,5,21,2019,9,20,0809,-9,30,D,51.4515,3.0115,51.4688,3.0448,31F3,22,V,-9,1,6,R,-9.0000,BM,0,3014,66,-9,-9,-9.0000,-9,-9.0,-9.0,-9,-9.0000,-9,-9,-9.0000,-9.0000,-9,-9.0000,-9,-9.0000,90,5,-9,-9.0000,-9.0,17.8,32.78,34.40,-9,-9,22,-9,-9,-9,-9,-9,-9,-9
HH,DYFS,3,BE,11SS,BT6,-9,-9,-9,38,22,2019,9,20,0918,-9,30,D,51.4615,3.1238,51.4758,3.1560,31F3,11,V,-9,1,6,R,-9.0000,BM,0,2745,32,-9,-9,-9.0000,-9,-9.0,-9.0,-9,-9.0000,-9,-9,-9.0000,-9.0000,-9,-9.0000,-9,-9.0000,90,5,-9,-9.0000,-9.0,17.7,32.80,34.55,-9,-9,22,-9,-9,-9,-9,-9,-9,-9
HH,DYFS,3,BE,11SS,BT6,-9,-9,-9,37,23,2019,9,20,1002,-9,20,D,51.4960,3.1685,51.5097,3.2038,31F3,15,V,-9,1,6,R,-9.0000,BM,0,2886,45,-9,-9,-9.0000,-9,-9.0,-9.0,-9,-9.0000,-9,-9,-9.0000,-9.0000,-9,-9.0000,-9,-9.0000,90,5,-9,-9.0000,-9.0,17.7,32.56,34.70,-9,-9,22,-9,-9,-9,-9,-9,-9,-9
HH,DYFS,3,BE,11SS,BT6,-9,-9,-9,35,24,2019,9,20,1106,-9,30,D,51.4482,3.1538,51.4647,3.1857,31F3,9,V,-9,1,6,R,-9.0000,BM,0,2874,27,-9,-9,-9.0000,-9,-9.0,-9.0,-9,-9.0000,-9,-9,-9.0000,-9.0000,-9,-9.0000,-9,-9.0000,90,5,-9,-9.0000,-9.0,17.7,32.83,34.60,-9,-9,22,-9,-9,-9,-9,-9,-9,-9
HH,DYFS,3,BE,11SS,BT6,-9,-9,-9,2,25,2019,9,20,1145,-9,30,D,51.4627,3.1832,51.4603,3.2272,31F3,8,V,-9,1,6,R,-9.0000,BM,0,3068,30,-9,-9,-9.0000,-9,-9.0,-9.0,-9,-9.0000,-9,-9,-9.0000,-9.0000,-9,-9.0000,-9,-9.0000,90,3,-9,-9.0000,-9.0,17.6,32.53,34.38,-9,-9,22,-9,-9,-9,-9,-9,-9,-9
HH,DYFS,3,BE,11SS,BT6,-9,-9,-9,1,26,2019,9,23,0828,-9,30,D,51.4465,3.2523,51.4312,3.2235,31F3,9,V,-9,1,6,R,-9.0000,BM,0,2632,25,-9,-9,-9.0000,-9,-9.0,-9.0,-9,-9.0000,-9,-9,-9.0000,-9.0000,-9,-9.0000,-9,-9.0000,225,8,-9,-9.0000,-9.0,17.5,30.57,34.30,-9,-9,22,-9,-9,-9,-9,-9,-9,-9
HH,DYFS,3,BE,11SS,BT6,-9,-9,-9,3,27,2019,9,23,0917,-9,30,D,51.4445,3.1798,51.4215,3.1623,31F3,10,V,-9,1,6,R,-9.0000,BM,0,2833,30,-9,-9,-9.0000,-9,-9.0,-9.0,-9,-9.0000,-9,-9,-9.0000,-9.0000,-9,-9.0000,-9,-9.0000,225,8,-9,-9.0000,-9.0,17.6,30.66,34.18,-9,-9,22,-9,-9,-9,-9,-9,-9,-9
HH,DYFS,3,BE,11SS,BT6,-9,-9,-9,4,28,2019,9,23,1005,-9,30,D,51.4247,3.1362,51.4442,3.1638,31F3,9,V,-9,1,6,R,-9.0000,BM,0,2899,30,-9,-9,-9.0000,-9,-9.0,-9.0,-9,-9.0000,-9,-9,-9.0000,-9.0000,-9,-9.0000,-9,-9.0000,225,8,-9,-9.0000,-9.0,17.5,30.76,34.09,-9,-9,22,-9,-9,-9,-9,-9,-9,-9
HH,DYFS,3,BE,11SS,BT6,-9,-9,-9,93,29,2019,9,23,1259,-9,30,D,51.3835,3.2130,51.3945,3.2463,31F3,11,V,-9,1,6,R,-9.0000,BM,0,2623,35,-9,-9,-9.0000,-9,-9.0,-9.0,-9,-9.0000,-9,-9,-9.0000,-9.0000,-9,-9.0000,-9,-9.0000,225,8,-9,-9.0000,-9.0,17.6,30.32,33.94,-9,-9,22,-9,-9,-9,-9,-9,-9,-9
HH,DYFS,3,BE,11SS,BT6,-9,-9,-9,23,30,2019,9,30,0828,-9,30,D,51.1472,2.5882,51.1585,2.6228,31F2,15,V,-9,1,6,R,-9.0000,BM,0,2733,45,-9,-9,-9.0000,-9,-9.0,-9.0,-9,-9.0000,-9,-9,-9.0000,-9.0000,-9,-9.0000,-9,-9.0000,270,8,-9,-9.0000,-9.0,17.0,33.12,35.28,-9,-9,22,-9,-9,-9,-9,-9,-9,-9
HH,DYFS,3,BE,11SS,BT6,-9,-9,-9,91,31,2019,9,30,0942,-9,30,D,51.1593,2.6132,51.1752,2.6513,31F2,15,V,-9,1,6,R,-9.0000,BM,0,3198,45,-9,-9,-9.0000,-9,-9.0,-9.0,-9,-9.0000,-9,-9,-9.0000,-9.0000,-9,-9.0000,-9,-9.0000,225,3,-9,-9.0000,-9.0,17.0,33.30,35.31,-9,-9,22,-9,-9,-9,-9,-9,-9,-9
HH,DYFS,3,BE,11SS,BT6,-9,-9,-9,17,32,2019,9,30,1057,-9,30,D,51.1978,2.7750,51.1843,2.7413,31F2,13,V,-9,1,6,R,-9.0000,BM,0,2792,40,-9,-9,-9.0000,-9,-9.0,-9.0,-9,-9.0000,-9,-9,-9.0000,-9.0000,-9,-9.0000,-9,-9.0000,270,5,-9,-9.0000,-9.0,16.9,33.37,35.41,-9,-9,22,-9,-9,-9,-9,-9,-9,-9
RecordType,Quarter,Country,Ship,Gear,Survey,Reserved1,Reserved2,StNo,HaulNo,Year,LTREF,PARAM,LTSZC,UnitWgt,LT_Weight,UnitItem,LT_Items,LTSRC,TYPPL,LTPRP
LT,3,BE,11SS,BT6,DYFS,,,21,32,2022,RECO-LT,LT-TOT,-9,g/haul,0.0000,items/haul,0,-9,-9,-9
LT,3,BE,11SS,BT6,DYFS,,,9,26,2022,RECO-LT,LT-TOT,-9,g/haul,0.0000,items/haul,0,-9,-9,-9
LT,3,BE,11SS,BT6,DYFS,,,37,16,2021,RECO-LT,LT-TOT,-9,g/haul,0.0000,items/haul,0,-9,-9,-9
LT,3,BE,11SS,BT6,DYFS,,,38,12,2021,RECO-LT,LT-TOT,-9,g/haul,0.0000,items/haul,0,-9,-9,-9
LT,3,BE,11SS,BT6,DYFS,,,1,17,2021,RECO-LT,LT-TOT,-9,g/haul,0.0000,items/haul,0,-9,-9,-9
LT,3,BE,11SS,BT6,DYFS,,,2,13,2021,RECO-LT,LT-TOT,-9,g/haul,0.0000,items/haul,0,-9,-9,-9
LT,3,BE,11SS,BT6,DYFS,,,22,26,2020,RECO-LT,LT-TOT,-9,kg/haul,0.0000,items/haul,0,-9,-9,-9
LT,3,BE,11SS,BT6,DYFS,,,9,18,2020,RECO-LT,LT-TOT,-9,kg/haul,0.0000,items/haul,0,-9,-9,-9
LT,3,BE,11SS,BT6,DYFS,,,8,6,2019,RECO-LT,LT-TOT,-9,kg/haul,0.0000,items/haul,0,-9,-9,-9
LT,3,BE,11SS,BT6,DYFS,,,5,21,2019,RECO-LT,LT-TOT,-9,kg/haul,0.0000,items/haul,0,-9,-9,-9
LT,3,BE,11SS,BT6,DYFS,,,6,5,2019,RECO-LT,LT-TOT,-9,kg/haul,0.0000,items/haul,0,-9,-9,-9
LT,3,BE,11SS,BT6,DYFS,,,35,24,2019,RECO-LT,LT-TOT,-9,kg/haul,0.0000,items/haul,0,-9,-9,-9
LT,3,BE,11SS,BT6,DYFS,,,37,23,2019,RECO-LT,LT-TOT,-9,kg/haul,0.0000,items/haul,0,-9,-9,-9
LT,3,BE,11SS,BT6,DYFS,,,38,22,2019,RECO-LT,LT-TOT,-9,kg/haul,0.0000,items/haul,0,-9,-9,-9
LT,3,BE,11SS,BT6,DYFS,,,28,16,2019,RECO-LT,LT-TOT,-9,kg/haul,0.0000,items/haul,0,-9,-9,-9
LT,3,BE,11SS,BT6,DYFS,,,26,11,2019,RECO-LT,LT-TOT,-9,kg/haul,0.0000,items/haul,0,-9,-9,-9
LT,3,BE,11SS,BT6,DYFS,,,20,15,2019,RECO-LT,LT-TOT,-9,kg/haul,0.0000,items/haul,0,-9,-9,-9
LT,3,BE,11SS,BT6,DYFS,,,19,17,2019,RECO-LT,LT-TOT,-9,kg/haul,0.0000,items/haul,0,-9,-9,-9
LT,3,BE,11SS,BT6,DYFS,,,13,10,2019,RECO-LT,LT-TOT,-9,kg/haul,0.0000,items/haul,0,-9,-9,-9
LT,3,BE,11SS,BT6,DYFS,,,14,2,2019,RECO-LT,LT-TOT,-9,kg/haul,0.0000,items/haul,0,-9,-9,-9
LT,3,BE,11SS,BT6,DYFS,,,11,1,2019,RECO-LT,LT-TOT,-9,kg/haul,0.0000,items/haul,0,-9,-9,-9
LT,3,BE,11SS,BT6,DYFS,,,91,8,2018,RECO-LT,LT-TOT,-9,kg/haul,0.0000,items/haul,0,-9,-9,-9
LT,3,BE,11SS,BT6,DYFS,,,6,17,2018,RECO-LT,LT-TOT,-9,kg/haul,0.0000,items/haul,0,-9,-9,-9
LT,3,BE,11SS,BT6,DYFS,,,26,5,2018,RECO-LT,LT-TOT,-9,kg/haul,0.0000,items/haul,0,-9,-9,-9
LT,3,BE,11SS,BT6,DYFS,,,28,25,2018,RECO-LT,LT-TOT,-9,kg/haul,0.0000,items/haul,0,-9,-9,-9
LT,3,BE,11SS,BT6,DYFS,,,19,3,2018,RECO-LT,LT-TOT,-9,kg/haul,0.0000,items/haul,0,-9,-9,-9
LT,3,BE,11SS,BT6,DYFS,,,12,21,2018,RECO-LT,LT-TOT,-9,kg/haul,0.0000,items/haul,0,-9,-9,-9
LT,3,BE,11SS,BT6,DYFS,,,13,4,2018,RECO-LT,LT-TOT,-9,kg/haul,0.0000,items/haul,0,-9,-9,-9
LT,3,BE,11SS,BT6,DYFS,,,16,1,2018,RECO-LT,LT-TOT,-9,kg/haul,0.0000,items/haul,0,-9,-9,-9
LT,3,BE,11SS,BT6,DYFS,,,17,2,2018,RECO-LT,LT-TOT,-9,kg/haul,0.0000,items/haul,0,-9,-9,-9
LT,3,BE,11SS,BT6,DYFS,,,10,30,2021,C-TS-REV,A2,C,g/haul,2.3400,items/haul,1,UNK,-9,-9
LT,3,BE,11SS,BT6,DYFS,,,93,18,2021,C-TS-REV,A2,C,g/haul,8.8900,items/haul,5,UNK,-9,-9
LT,3,BE,11SS,BT6,DYFS,,,27,19,2021,C-TS-REV,A2,C,g/haul,3.1600,items/haul,1,UNK,-9,-9
LT,3,BE,11SS,BT6,DYFS,,,1,31,2018,C-TS-REV,A2,C,kg/haul,0.0010,items/haul,1,-9,-9,AO
LT,3,BE,11SS,BT6,DYFS,,,28,31,2022,C-TS-REV,A2,C,g/haul,5.3000,items/haul,1,-9,-9,-9
LT,3,BE,11SS,BT6,DYFS,,,11,22,2018,C-TS-REV,A2,C,kg/haul,0.0150,items/haul,1,-9,-9,AO
LT,3,BE,11SS,BT6,DYFS,,,8,24,2020,C-TS-REV,A2,D,kg/haul,0.0042,items/haul,1,-9,-9,-9
LT,3,BE,11SS,BT6,DYFS,,,7,17,2020,C-TS-REV,A2,D,kg/haul,0.0040,items/haul,1,-9,-9,-9
LT,3,BE,11SS,BT6,DYFS,,,3,9,2020,C-TS-REV,A2,D,kg/haul,0.0026,items/haul,1,-9,-9,-9
LT,3,BE,11SS,BT6,DYFS,,,3,32,2018,C-TS-REV,A2,D,kg/haul,0.0260,items/haul,1,-9,-9,AO
LT,3,BE,11SS,BT6,DYFS,,,3,27,2019,C-TS-REV,A2,D,kg/haul,0.0027,items/haul,-9,-9,-9,AO
LT,3,BE,11SS,BT6,DYFS,,,3,27,2019,C-TS-REV,A2,D,kg/haul,0.0104,items/haul,-9,-9,-9,AO
LT,3,BE,11SS,BT6,DYFS,,,12,4,2019,C-TS-REV,A2,D,kg/haul,0.0087,items/haul,2,-9,-9,AO
LT,3,BE,11SS,BT6,DYFS,,,4,28,2019,C-TS-REV,A2,D,kg/haul,0.0023,items/haul,-9,-9,-9,AO
LT,3,BE,11SS,BT6,DYFS,,,11,23,2020,C-TS-REV,A2,D,kg/haul,0.0054,items/haul,1,-9,-9,-9
LT,3,BE,11SS,BT6,DYFS,,,14,27,2021,C-TS-REV,A2,B,g/haul,0.6900,items/haul,1,UNK,-9,-9
LT,3,BE,11SS,BT6,DYFS,,,1,31,2018,C-TS-REV,A2,B,kg/haul,0.0010,items/haul,2,-9,-9,AO
LT,3,BE,11SS,BT6,DYFS,,,11,29,2022,C-TS-REV,A2,B,g/haul,1.9600,items/haul,2,-9,-9,-9
LT,3,BE,11SS,BT6,DYFS,,,49,28,2022,C-TS-REV,A2,B,g/haul,2.8700,items/haul,1,-9,-9,-9
LT,3,BE,11SS,BT6,DYFS,,,49,37,2021,C-TS-REV,A2,D,g/haul,7.1200,items/haul,1,UNK,-9,-9
LT,3,BE,11SS,BT6,DYFS,,,13,29,2021,C-TS-REV,A2,D,g/haul,13.5800,items/haul,1,UNK,-9,-9
LT,3,BE,11SS,BT6,DYFS,,,4,6,2022,C-TS-REV,A2,B,g/haul,10.0000,items/haul,4,-9,-9,AO
LT,3,BE,11SS,BT6,DYFS,,,5,12,2022,C-TS-REV,A2,B,g/haul,0.9000,items/haul,1,-9,-9,-9
LT,3,BE,11SS,BT6,DYFS,,,27,27,2022,C-TS-REV,A2,B,g/haul,2.6000,items/haul,2,-9,-9,-9
LT,3,BE,11SS,BT6,DYFS,,,16,18,2022,C-TS-REV,A2,B,g/haul,1.9000,items/haul,1,-9,-9,-9
LT,3,BE,11SS,BT6,DYFS,,,19,20,2022,C-TS-REV,A2,B,g/haul,1.6300,items/haul,2,-9,-9,AO
LT,3,BE,11SS,BT6,DYFS,,,27,19,2021,C-TS-REV,A2,B,g/haul,1.6100,items/haul,1,UNK,-9,-9
LT,3,BE,11SS,BT6,DYFS,,,35,32,2020,C-TS-REV,A2,B,kg/haul,0.0030,items/haul,8,-9,-9,-9
LT,3,BE,11SS,BT6,DYFS,,,37,10,2020,C-TS-REV,A2,B,kg/haul,0.0007,items/haul,1,-9,-9,-9
LT,3,BE,11SS,BT6,DYFS,,,28,28,2020,C-TS-REV,A2,B,kg/haul,0.0095,items/haul,2,-9,-9,-9
LT,3,BE,11SS,BT6,DYFS,,,91,5,2020,C-TS-REV,A2,B,kg/haul,0.0008,items/haul,1,-9,-9,-9
LT,3,BE,11SS,BT6,DYFS,,,38,11,2020,C-TS-REV,A2,B,kg/haul,0.0006,items/haul,1,-9,-9,-9
LT,3,BE,11SS,BT6,DYFS,,,93,15,2020,C-TS-REV,A2,B,kg/haul,0.0246,items/haul,15,-9,-9,-9
LT,3,BE,11SS,BT6,DYFS,,,18,22,2020,C-TS-REV,A2,B,kg/haul,0.0082,items/haul,12,-9,-9,-9
LT,3,BE,11SS,BT6,DYFS,,,19,25,2020,C-TS-REV,A2,B,kg/haul,0.0014,items/haul,8,-9,-9,-9
LT,3,BE,11SS,BT6,DYFS,,,26,19,2020,C-TS-REV,A2,B,kg/haul,0.0023,items/haul,6,-9,-9,-9
LT,3,BE,11SS,BT6,DYFS,,,27,14,2020,C-TS-REV,A2,B,kg/haul,0.0018,items/haul,12,-9,-9,-9
LT,3,BE,11SS,BT6,DYFS,,,23,4,2020,C-TS-REV,A2,B,kg/haul,0.0035,items/haul,8,-9,-9,-9
LT,3,BE,11SS,BT6,DYFS,,,21,27,2020,C-TS-REV,A2,B,kg/haul,0.0023,items/haul,2,-9,-9,-9
LT,3,BE,11SS,BT6,DYFS,,,49,13,2019,C-TS-REV,A2,B,kg/haul,0.0018,items/haul,2,-9,-9,AO
LT,3,BE,11SS,BT6,DYFS,,,2,33,2020,C-TS-REV,A2,B,kg/haul,0.0848,items/haul,35,-9,-9,-9
LT,3,BE,11SS,BT6,DYFS,,,92,8,2019,C-TS-REV,A2,B,kg/haul,0.0025,items/haul,-9,-9,-9,AO
LT,3,BE,11SS,BT6,DYFS,,,5,31,2020,C-TS-REV,A2,B,kg/haul,0.0018,items/haul,-9,-9,-9,-9
LT,3,BE,11SS,BT6,DYFS,,,12,20,2020,C-TS-REV,A2,B,kg/haul,0.0022,items/haul,-9,-9,-9,-9
LT,3,BE,11SS,BT6,DYFS,,,13,2,2020,C-TS-REV,A2,B,kg/haul,0.0004,items/haul,4,-9,-9,-9
LT,3,BE,11SS,BT6,DYFS,,,3,27,2019,C-TS-REV,A2,B,kg/haul,0.0029,items/haul,7,-9,-9,AO
LT,3,BE,11SS,BT6,DYFS,,,27,14,2019,C-TS-REV,A2,B,kg/haul,0.0006,items/haul,3,-9,-9,AO
LT,3,BE,11SS,BT6,DYFS,,,23,30,2019,C-TS-REV,A2,B,kg/haul,0.0012,items/haul,4,-9,-9,-9
LT,3,BE,11SS,BT6,DYFS,,,9,7,2019,C-TS-REV,A2,B,kg/haul,0.0075,items/haul,-9,-9,-9,AO
LT,3,BE,11SS,BT6,DYFS,,,9,7,2019,C-TS-REV,A2,B,kg/haul,0.0026,items/haul,-9,-9,-9,AO
LT,3,BE,11SS,BT6,DYFS,,,7,9,2019,C-TS-REV,A2,B,kg/haul,0.0013,items/haul,-9,-9,-9,AO
LT,3,BE,11SS,BT6,DYFS,,,8,18,2018,C-TS-REV,A2,B,kg/haul,0.0002,items/haul,1,-9,-9,-9
LT,3,BE,11SS,BT6,DYFS,,,24,20,2019,C-TS-REV,A2,B,kg/haul,0.0007,items/haul,2,-9,-9,AO
LT,3,BE,11SS,BT6,DYFS,,,21,19,2019,C-TS-REV,A2,B,kg/haul,0.0006,items/haul,-9,-9,-9,AO
LT,3,BE,11SS,BT6,DYFS,,,18,3,2019,C-TS-REV,A2,B,kg/haul,0.0012,items/haul,4,-9,-9,AO
LT,3,BE,11SS,BT6,DYFS,,,2,25,2019,C-TS-REV,A2,B,kg/haul,0.0040,items/haul,-9,-9,-9,-9
LT,3,BE,11SS,BT6,DYFS,,,4,28,2019,C-TS-REV,A2,B,kg/haul,0.0004,items/haul,2,-9,-9,AO
LT,3,BE,11SS,BT6,DYFS,,,8,18,2018,C-TS-REV,A2,B,kg/haul,0.0020,items/haul,1,-9,-9,-9
LT,3,BE,11SS,BT6,DYFS,,,7,29,2018,C-TS-REV,A2,B,kg/haul,0.0200,items/haul,6,-9,-9,AO
LT,3,BE,11SS,BT6,DYFS,,,35,12,2018,C-TS-REV,A2,B,kg/haul,0.0030,items/haul,1,-9,-9,AO
LT,3,BE,11SS,BT6,DYFS,,,93,33,2018,C-TS-REV,A2,B,kg/haul,0.0002,items/haul,1,-9,-9,-9
LT,3,BE,11SS,BT6,DYFS,,,10,12,2019,C-TS-REV,A2,B,kg/haul,0.0113,items/haul,11,-9,-9,AO
LT,3,BE,11SS,BT6,DYFS,,,92,28,2018,C-TS-REV,A2,B,kg/haul,0.0110,items/haul,14,-9,-9,AO
LT,3,BE,11SS,BT6,DYFS,,,2,13,2018,C-TS-REV,A2,B,kg/haul,0.0020,items/haul,1,-9,-9,-9
LT,3,BE,11SS,BT6,DYFS,,,2,13,2018,C-TS-REV,A2,B,kg/haul,0.0010,items/haul,1,-9,-9,AO
LT,3,BE,11SS,BT6,DYFS,,,2,13,2018,C-TS-REV,A2,B,kg/haul,0.0008,items/haul,1,-9,-9,AO
LT,3,BE,11SS,BT6,DYFS,,,35,12,2018,C-TS-REV,A2,B,kg/haul,0.0008,items/haul,1,-9,-9,-9
LT,3,BE,11SS,BT6,DYFS,,,3,32,2018,C-TS-REV,A2,B,kg/haul,0.0100,items/haul,12,-9,-9,AO
LT,3,BE,11SS,BT6,DYFS,,,22,27,2018,C-TS-REV,A2,B,kg/haul,0.0009,items/haul,2,-9,-9,AO
LT,3,BE,11SS,BT6,DYFS,,,10,30,2021,C-TS-REV,A2,A,g/haul,0.8300,items/haul,4,UNK,-9,-9
LT,3,BE,11SS,BT6,DYFS,,,13,29,2021,C-TS-REV,A2,B,g/haul,3.5000,items/haul,1,UNK,-9,-9
LT,3,BE,11SS,BT6,DYFS,,,49,37,2021,C-TS-REV,A2,B,g/haul,7.6100,items/haul,4,UNK,-9,-9
LT,3,BE,11SS,BT6,DYFS,,,2,13,2018,C-TS-REV,A2,B,kg/haul,0.0020,items/haul,1,-9,-9,-9
LT,3,BE,11SS,BT6,DYFS,,,11,22,2018,C-TS-REV,A2,B,kg/haul,0.0120,items/haul,1,-9,-9,AO
LT,3,BE,11SS,BT6,DYFS,,,24,10,2018,C-TS-REV,A2,B,kg/haul,0.0001,items/haul,4,-9,-9,AO
LT,3,BE,11SS,BT6,DYFS,,,93,18,2021,C-TS-REV,A2,A,g/haul,0.5400,items/haul,7,UNK,-9,-9
LT,3,BE,11SS,BT6,DYFS,,,49,37,2021,C-TS-REV,A2,A,g/haul,4.8600,items/haul,14,UNK,-9,-9
LT,3,BE,11SS,BT6,DYFS,,,12,31,2021,C-TS-REV,A2,A,g/haul,0.0300,items/haul,2,UNK,-9,-9
LT,3,BE,11SS,BT6,DYFS,,,13,29,2021,C-TS-REV,A2,A,g/haul,1.7600,items/haul,5,UNK,-9,-9
LT,3,BE,11SS,BT6,DYFS,,,93,18,2021,C-TS-REV,A2,A,g/haul,6.7400,items/haul,35,UNK,-9,-9
LT,3,BE,11SS,BT6,DYFS,,,91,20,2021,C-TS-REV,A2,A,g/haul,0.2400,items/haul,1,UNK,-9,-9
LT,3,BE,11SS,BT6,DYFS,,,5,10,2021,C-TS-REV,A2,A,g/haul,0.2600,items/haul,3,UNK,-9,-9
LT,3,BE,11SS,BT6,DYFS,,,7,36,2021,C-TS-REV,A2,A,g/haul,0.6000,items/haul,4,UNK,-9,-9
LT,3,BE,11SS,BT6,DYFS,,,9,34,2021,C-TS-REV,A2,A,g/haul,0.1900,items/haul,1,UNK,-9,-9
LT,3,BE,11SS,BT6,DYFS,,,35,15,2021,C-TS-REV,A2,A,g/haul,0.0100,items/haul,2,UNK,-9,-9
LT,3,BE,11SS,BT6,DYFS,,,4,11,2021,C-TS-REV,A2,A,g/haul,0.0300,items/haul,1,UNK,-9,-9
LT,3,BE,11SS,BT6,DYFS,,,93,1,2021,C-TS-REV,A2,A,g/haul,0.0200,items/haul,1,UNK,-9,-9
LT,3,BE,11SS,BT6,DYFS,,,26,28,2021,C-TS-REV,A2,A,g/haul,1.1500,items/haul,6,UNK,-9,-9
LT,3,BE,11SS,BT6,DYFS,,,49,37,2021,C-TS-REV,A2,A,g/haul,0.1800,items/haul,1,UNK,-9,-9
LT,3,BE,11SS,BT6,DYFS,,,27,19,2021,C-TS-REV,A2,A,g/haul,0.9900,items/haul,6,UNK,-9,-9
LT,3,BE,11SS,BT6,DYFS,,,27,19,2021,C-TS-REV,A2,A,g/haul,0.0100,items/haul,2,UNK,-9,-9
LT,3,BE,11SS,BT6,DYFS,,,28,23,2021,C-TS-REV,A2,A,g/haul,0.3200,items/haul,2,UNK,-9,-9
LT,3,BE,11SS,BT6,DYFS,,,3,14,2021,C-TS-REV,A2,A,g/haul,0.9300,items/haul,4,UNK,-9,-9
LT,3,BE,11SS,BT6,DYFS,,,16,5,2021,C-TS-REV,A2,A,g/haul,0.4000,items/haul,7,UNK,-9,-9
LT,3,BE,11SS,BT6,DYFS,,,17,6,2021,C-TS-REV,A2,A,g/haul,0.5700,items/haul,6,UNK,-9,-9
LT,3,BE,11SS,BT6,DYFS,,,18,26,2021,C-TS-REV,A2,A,g/haul,0.0700,items/haul,1,UNK,-9,-9
LT,3,BE,11SS,BT6,DYFS,,,19,9,2021,C-TS-REV,A2,A,g/haul,0.2900,items/haul,1,UNK,-9,-9
LT,3,BE,11SS,BT6,DYFS,,,23,7,2021,C-TS-REV,A2,A,g/haul,0.0010,items/haul,1,UNK,-9,-9
LT,3,BE,11SS,BT6,DYFS,,,24,8,2021,C-TS-REV,A2,A,g/haul,0.6400,items/haul,1,UNK,-9,-9
LT,3,BE,11SS,BT6,DYFS,,,20,30,2022,C-TS-REV,A2,A,g/haul,0.6000,items/haul,4,-9,-9,-9
LT,3,BE,11SS,BT6,DYFS,,,28,31,2022,C-TS-REV,A2,A,g/haul,0.1800,items/haul,1,-9,-9,-9
LT,3,BE,11SS,BT6,DYFS,,,26,33,2022,C-TS-REV,A2,A,g/haul,0.2000,items/haul,2,-9,-9,-9
LT,3,BE,11SS,BT6,DYFS,,,49,28,2022,C-TS-REV,A2,A,g/haul,0.7400,items/haul,5,-9,-9,-9
LT,3,BE,11SS,BT6,DYFS,,,10,20,2018,C-TS-REV,A2,A,kg/haul,0.0001,items/haul,1,-9,-9,-9
LT,3,BE,11SS,BT6,DYFS,,,14,27,2021,C-TS-REV,A2,A,g/haul,0.0800,items/haul,2,UNK,-9,-9
LT,3,BE,11SS,BT6,DYFS,,,17,19,2022,C-TS-REV,A2,A,g/haul,0.0100,items/haul,1,-9,-9,-9
LT,3,BE,11SS,BT6,DYFS,,,27,27,2022,C-TS-REV,A2,A,g/haul,0.0100,items/haul,2,-9,-9,-9
LT,3,BE,11SS,BT6,DYFS,,,11,29,2022,C-TS-REV,A2,A,g/haul,1.1400,items/haul,3,-9,-9,-9
LT,3,BE,11SS,BT6,DYFS,,,27,27,2022,C-TS-REV,A2,A,g/haul,1.3300,items/haul,12,-9,-9,-9
LT,3,BE,11SS,BT6,DYFS,,,26,33,2022,C-TS-REV,A2,A,g/haul,0.1000,items/haul,1,-9,-9,-9
LT,3,BE,11SS,BT6,DYFS,,,13,34,2022,C-TS-REV,A2,A,g/haul,0.1700,items/haul,2,-9,-9,-9
LT,3,BE,11SS,BT6,DYFS,,,8,17,2022,C-TS-REV,A2,A,g/haul,0.1500,items/haul,1,-9,-9,-9
LT,3,BE,11SS,BT6,DYFS,,,35,13,2022,C-TS-REV,A2,A,g/haul,0.0800,items/haul,1,-9,-9,-9
LT,3,BE,11SS,BT6,DYFS,,,24,22,2022,C-TS-REV,A2,A,g/haul,0.2200,items/haul,1,-9,-9,-9
LT,3,BE,11SS,BT6,DYFS,,,22,23,2022,C-TS-REV,A2,A,g/haul,0.1000,items/haul,3,-9,-9,-9
LT,3,BE,11SS,BT6,DYFS,,,8,17,2022,C-TS-REV,A2,A,g/haul,0.5700,items/haul,1,-9,-9,-9
LT,3,BE,11SS,BT6,DYFS,,,16,18,2022,C-TS-REV,A2,A,g/haul,0.4000,items/haul,7,-9,-9,-9
LT,3,BE,11SS,BT6,DYFS,,,4,6,2022,C-TS-REV,A2,A,g/haul,0.4300,items/haul,2,-9,-9,AO
LT,3,BE,11SS,BT6,DYFS,,,37,7,2022,C-TS-REV,A2,A,g/haul,0.2000,items/haul,4,-9,-9,-9
LT,3,BE,11SS,BT6,DYFS,,,2,14,2022,C-TS-REV,A2,A,g/haul,1.3800,items/haul,6,-9,-9,-9
LT,3,BE,11SS,BT6,DYFS,,,38,8,2022,C-TS-REV,A2,A,g/haul,0.1600,items/haul,2,-9,-9,-9
LT,3,BE,11SS,BT6,DYFS,,,1,15,2022,C-TS-REV,A2,A,g/haul,0.6400,items/haul,7,-9,-9,-9
LT,3,BE,11SS,BT6,DYFS,,,93,16,2022,C-TS-REV,A2,A,g/haul,1.7800,items/haul,15,-9,-9,-9
LT,3,BE,11SS,BT6,DYFS,,,6,30,2020,C-TS-REV,A2,A,kg/haul,0.0001,items/haul,1,-9,-9,-9
LT,3,BE,11SS,BT6,DYFS,,,16,1,2020,C-TS-REV,A2,A,kg/haul,0.0003,items/haul,3,-9,-9,-9
LT,3,BE,11SS,BT6,DYFS,,,49,13,2020,C-TS-REV,A2,A,kg/haul,0.0068,items/haul,5,-9,-9,-9
LT,3,BE,11SS,BT6,DYFS,,,92,16,2020,C-TS-REV,A2,A,kg/haul,0.0007,items/haul,1,-9,-9,-9
LT,3,BE,11SS,BT6,DYFS,,,4,6,2022,C-TS-REV,A2,A,g/haul,9.2000,items/haul,30,-9,-9,AO
LT,3,BE,11SS,BT6,DYFS,,,3,10,2022,C-TS-REV,A2,A,g/haul,2.0300,items/haul,6,-9,-9,-9
LT,3,BE,11SS,BT6,DYFS,,,4,11,2018,C-TS-REV,A2,A,kg/haul,0.0003,items/haul,1,-9,-9,-9
LT,3,BE,11SS,BT6,DYFS,,,5,16,2018,C-TS-REV,A2,A,kg/haul,0.0004,items/haul,1,-9,-9,-9
LT,3,BE,11SS,BT6,DYFS,,,16,33,2019,C-TS-REV,A2,A,kg/haul,0.0017,items/haul,-9,-9,-9,AO
LT,3,BE,11SS,BT6,DYFS,,,10,12,2019,C-TS-REV,A2,A,kg/haul,0.0049,items/haul,14,-9,-9,AO
LT,3,BE,11SS,BT6,DYFS,,,92,8,2019,C-TS-REV,A2,A,kg/haul,0.0018,items/haul,8,-9,-9,AO
LT,3,BE,11SS,BT6,DYFS,,,3,27,2019,C-TS-REV,A2,A,kg/haul,0.0000,items/haul,4,-9,-9,AO
LT,3,BE,11SS,BT6,DYFS,,,14,30,2018,C-TS-REV,A2,A,kg/haul,0.0006,items/haul,1,-9,-9,AO
LT,3,BE,11SS,BT6,DYFS,,,11,22,2018,C-TS-REV,A2,A,kg/haul,0.0008,items/haul,1,-9,-9,AO
LT,3,BE,11SS,BT6,DYFS,,,11,22,2018,C-TS-REV,A2,A,kg/haul,0.0006,items/haul,1,-9,-9,-9
LT,3,BE,11SS,BT6,DYFS,,,37,14,2018,C-TS-REV,A2,A,kg/haul,0.0004,items/haul,1,-9,-9,-9
LT,3,BE,11SS,BT6,DYFS,,,38,15,2018,C-TS-REV,A2,A,kg/haul,0.0000,items/haul,1,-9,-9,-9
LT,3,BE,11SS,BT6,DYFS,,,1,26,2019,C-TS-REV,A2,A,kg/haul,0.0002,items/haul,-9,-9,-9,AO
LT,3,BE,11SS,BT6,DYFS,,,4,7,2020,C-TS-REV,A2,C,kg/haul,0.0016,items/haul,5,-9,-9,-9
LT,3,BE,11SS,BT6,DYFS,,,10,12,2020,C-TS-REV,A2,C,kg/haul,0.0407,items/haul,5,-9,-9,-9
LT,3,BE,11SS,BT6,DYFS,,,1,15,2022,C-TS-REV,A2,C,g/haul,11.0300,items/haul,1,-9,-9,-9
LT,3,BE,11SS,BT6,DYFS,,,2,14,2022,C-TS-REV,A2,C,g/haul,11.8700,items/haul,1,-9,-9,-9
LT,3,BE,11SS,BT6,DYFS,,,35,12,2018,C-TS-REV,A2,A,kg/haul,0.0002,items/haul,1,-9,-9,-9
LT,3,BE,11SS,BT6,DYFS,,,18,23,2018,C-TS-REV,A2,A,kg/haul,0.0005,items/haul,1,-9,-9,AO
LT,3,BE,11SS,BT6,DYFS,,,27,14,2019,C-TS-REV,A2,C,kg/haul,0.0036,items/haul,-9,-9,-9,-9
LT,3,BE,11SS,BT6,DYFS,,,22,18,2019,C-TS-REV,A2,C,kg/haul,-9.0000,items/haul,3,-9,-9,AO
LT,3,BE,11SS,BT6,DYFS,,,1,8,2020,C-TS-REV,A2,C,kg/haul,0.0009,items/haul,1,-9,-9,-9
LT,3,BE,11SS,BT6,DYFS,,,92,8,2019,C-TS-REV,A2,C,kg/haul,0.0042,items/haul,-9,-9,-9,AO
LT,3,BE,11SS,BT6,DYFS,,,91,31,2019,C-TS-REV,A2,C,kg/haul,0.0023,items/haul,2,-9,-9,AO
LT,3,BE,11SS,BT6,DYFS,,,7,9,2019,C-TS-REV,A2,C,kg/haul,0.0035,items/haul,-9,-9,-9,AO
LT,3,BE,11SS,BT6,DYFS,,,16,33,2019,C-TS-REV,A2,C,kg/haul,0.0008,items/haul,-9,-9,-9,AO
LT,3,BE,11SS,BT6,DYFS,,,1,26,2019,C-TS-REV,A2,C,kg/haul,0.0018,items/haul,-9,-9,-9,AO
LT,3,BE,11SS,BT6,DYFS,,,1,26,2019,C-TS-REV,A2,C,kg/haul,0.0018,items/haul,-9,-9,-9,AO
LT,3,BE,11SS,BT6,DYFS,,,10,12,2019,C-TS-REV,A2,C,kg/haul,0.0075,items/haul,7,-9,-9,AO
LT,3,BE,11SS,BT6,DYFS,,,7,9,2019,C-TS-REV,A2,C,kg/haul,0.0058,items/haul,-9,-9,-9,AO
LT,3,BE,11SS,BT6,DYFS,,,3,27,2019,C-TS-REV,A2,C,kg/haul,0.0051,items/haul,5,-9,-9,AO
LT,3,BE,11SS,BT6,DYFS,,,49,6,2018,C-TS-REV,A2,C,kg/haul,0.0030,items/haul,1,-9,-9,AO
LT,3,BE,11SS,BT6,DYFS,,,5,16,2018,C-TS-REV,A2,C,kg/haul,0.0030,items/haul,1,-9,-9,-9
LT,3,BE,11SS,BT6,DYFS,,,92,28,2018,C-TS-REV,A2,C,kg/haul,0.0120,items/haul,4,-9,-9,AO
LT,3,BE,11SS,BT6,DYFS,,,8,18,2018,C-TS-REV,A2,C,kg/haul,0.0090,items/haul,1,-9,-9,AO
LT,3,BE,11SS,BT6,DYFS,,,9,19,2018,C-TS-REV,A2,C,kg/haul,0.0060,items/haul,1,-9,-9,-9
LT,3,BE,11SS,BT6,DYFS,,,7,29,2018,C-TS-REV,A2,C,kg/haul,0.0150,items/haul,1,-9,-9,AO
LT,3,BE,11SS,BT6,DYFS,,,16,18,2022,C-TS-REV,A7,14,g/haul,0.0100,items/haul,1,SBF,-9,CL5
LT,3,BE,11SS,BT6,DYFS,,,35,12,2018,C-TS-REV,A7,A,kg/haul,0.0020,items/haul,1,-9,-9,AO
LT,3,BE,11SS,BT6,DYFS,,,12,2,2022,C-TS-REV,A7,A,g/haul,0.6700,items/haul,1,-9,-9,-9
LT,3,BE,11SS,BT6,DYFS,,,3,10,2022,C-TS-REV,A7,A,g/haul,146.3000,items/haul,8,-9,-9,AO
LT,3,BE,11SS,BT6,DYFS,,,3,10,2022,C-TS-REV,A7,A,g/haul,1.1000,items/haul,2,-9,-9,-9
LT,3,BE,11SS,BT6,DYFS,,,11,29,2022,C-TS-REV,A7,A,g/haul,3.3000,items/haul,3,-9,-9,-9
LT,3,BE,11SS,BT6,DYFS,,,21,27,2020,C-TS-REV,A7,D,kg/haul,0.0452,items/haul,1,-9,-9,-9
LT,3,BE,11SS,BT6,DYFS,,,4,6,2022,C-TS-REV,A7,11,g/haul,3.0000,items/haul,2,SBF,-9,AO~CL8
LT,3,BE,11SS,BT6,DYFS,,,4,6,2022,C-TS-REV,A7,12,g/haul,3.7000,items/haul,2,-9,-9,CL3
LT,3,BE,11SS,BT6,DYFS,,,49,28,2022,C-TS-REV,A7,13,g/haul,12.0600,items/haul,1,-9,-9,CL5
LT,3,BE,11SS,BT6,DYFS,,,27,27,2022,C-TS-REV,A7,13,g/haul,6.8500,items/haul,1,-9,-9,-9
LT,3,BE,11SS,BT6,DYFS,,,4,6,2022,C-TS-REV,A7,13,g/haul,0.7600,items/haul,1,SBF,-9,CL4
LT,3,BE,11SS,BT6,DYFS,,,16,1,2020,C-TS-REV,A7,B,kg/haul,0.0035,items/haul,1,-9,-9,-9
LT,3,BE,11SS,BT6,DYFS,,,3,10,2022,C-TS-REV,A7,B,g/haul,50.6300,items/haul,2,-9,-9,-9
LT,3,BE,11SS,BT6,DYFS,,,37,7,2022,C-TS-REV,A7,B,g/haul,42.3000,items/haul,1,-9,-9,AO
LT,3,BE,11SS,BT6,DYFS,,,17,6,2021,C-TS-REV,A7,A,g/haul,0.7200,items/haul,1,UNK,-9,-9
LT,3,BE,11SS,BT6,DYFS,,,49,37,2021,C-TS-REV,A7,A,g/haul,0.7400,items/haul,1,UNK,-9,-9
LT,3,BE,11SS,BT6,DYFS,,,93,18,2021,C-TS-REV,A7,A,g/haul,0.1200,items/haul,1,UNK,-9,-9
LT,3,BE,11SS,BT6,DYFS,,,13,29,2021,C-TS-REV,A7,A,g/haul,0.0700,items/haul,1,UNK,-9,-9
LT,3,BE,11SS,BT6,DYFS,,,93,1,2021,C-TS-REV,A7,A,g/haul,0.6700,items/haul,1,UNK,-9,-9
LT,3,BE,11SS,BT6,DYFS,,,11,29,2022,C-TS-REV,A7,13,g/haul,0.0100,items/haul,1,-9,-9,-9
LT,3,BE,11SS,BT6,DYFS,,,35,12,2018,C-TS-REV,A14,C,kg/haul,0.0100,items/haul,1,-9,-9,AO
LT,3,BE,11SS,BT6,DYFS,,,49,13,2020,C-TS-REV,A14,C,kg/haul,0.0014,items/haul,1,-9,-9,AO
LT,3,BE,11SS,BT6,DYFS,,,93,15,2020,C-TS-REV,A14,C,kg/haul,0.0561,items/haul,1,-9,-9,-9
LT,3,BE,11SS,BT6,DYFS,,,4,11,2018,C-TS-REV,A14,A,kg/haul,0.0030,items/haul,1,-9,-9,AO
LT,3,BE,11SS,BT6,DYFS,,,35,12,2018,C-TS-REV,A14,A,kg/haul,0.0004,items/haul,1,-9,-9,AO
LT,3,BE,11SS,BT6,DYFS,,,16,33,2019,C-TS-REV,A14,A,kg/haul,0.0008,items/haul,-9,-9,-9,-9
LT,3,BE,11SS,BT6,DYFS,,,4,6,2022,C-TS-REV,A14,B,g/haul,1.1000,items/haul,1,-9,-9,CL3
LT,3,BE,11SS,BT6,DYFS,,,93,15,2020,C-TS-REV,A14,B,kg/haul,0.0022,items/haul,1,-9,-9,-9
LT,3,BE,11SS,BT6,DYFS,,,49,28,2022,C-TS-REV,A14,B,g/haul,16.8800,items/haul,1,-9,-9,CL3
LT,3,BE,11SS,BT6,DYFS,,,27,27,2022,C-TS-REV,A14,B,g/haul,21.2200,items/haul,4,-9,-9,-9
LT,3,BE,11SS,BT6,DYFS,,,7,25,2022,C-TS-REV,A14,11,g/haul,0.0100,items/haul,1,-9,-9,CL5
LT,3,BE,11SS,BT6,DYFS,,,27,27,2022,C-TS-REV,A14,12,g/haul,0.0700,items/haul,2,-9,-9,-9
LT,3,BE,11SS,BT6,DYFS,,,2,13,2018,C-TS-REV,A14,B,kg/haul,0.0007,items/haul,1,-9,-9,-9
LT,3,BE,11SS,BT6,DYFS,,,92,28,2018,C-TS-REV,A14,B,kg/haul,0.0001,items/haul,1,-9,-9,AO
LT,3,BE,11SS,BT6,DYFS,,,2,33,2020,C-TS-REV,A14,B,kg/haul,0.0118,items/haul,1,-9,-9,-9
LT,3,BE,11SS,BT6,DYFS,,,23,4,2020,C-TS-REV,A14,B,kg/haul,0.0007,items/haul,1,-9,-9,-9
LT,3,BE,11SS,BT6,DYFS,,,93,15,2020,C-TS-REV,A14,B,kg/haul,0.0063,items/haul,1,-9,-9,-9
LT,3,BE,11SS,BT6,DYFS,,,93,15,2020,C-TS-REV,A14,B,kg/haul,0.0003,items/haul,1,-9,-9,-9
LT,3,BE,11SS,BT6,DYFS,,,23,7,2021,C-TS-REV,A14,A,g/haul,1.2100,items/haul,1,LB,-9,-9
LT,3,BE,11SS,BT6,DYFS,,,16,5,2021,C-TS-REV,A14,A,g/haul,0.2200,items/haul,1,UNK,-9,-9
LT,3,BE,11SS,BT6,DYFS,,,17,6,2021,C-TS-REV,A14,A,g/haul,0.3700,items/haul,1,LB,-9,-9
LT,3,BE,11SS,BT6,DYFS,,,4,11,2021,C-TS-REV,A14,A,g/haul,0.4400,items/haul,2,UNK,-9,-9
LT,3,BE,11SS,BT6,DYFS,,,93,1,2021,C-TS-REV,A14,A,g/haul,0.7700,items/haul,1,UNK,-9,-9
LT,3,BE,11SS,BT6,DYFS,,,49,37,2021,C-TS-REV,A14,A,g/haul,0.7300,items/haul,2,UNK,-9,-9
LT,3,BE,11SS,BT6,DYFS,,,27,27,2022,C-TS-REV,A14,A,g/haul,6.3600,items/haul,5,-9,-9,-9
LT,3,BE,11SS,BT6,DYFS,,,27,27,2022,C-TS-REV,A14,A,g/haul,1.2300,items/haul,1,-9,-9,CL3
LT,3,BE,11SS,BT6,DYFS,,,27,27,2022,C-TS-REV,A14,A,g/haul,0.3000,items/haul,1,-9,-9,-9
LT,3,BE,11SS,BT6,DYFS,,,49,28,2022,C-TS-REV,A14,A,g/haul,5.1800,items/haul,3,-9,-9,-9
LT,3,BE,11SS,BT6,DYFS,,,27,27,2022,C-TS-REV,A14,A,g/haul,0.7300,items/haul,1,LB,-9,-9
LT,3,BE,11SS,BT6,DYFS,,,27,27,2022,C-TS-REV,A14,A,g/haul,2.9500,items/haul,1,LB,-9,-9
LT,3,BE,11SS,BT6,DYFS,,,16,33,2019,C-TS-REV,A14,A,kg/haul,0.0005,items/haul,-9,-9,-9,-9
LT,3,BE,11SS,BT6,DYFS,,,93,15,2020,C-TS-REV,A14,A,kg/haul,0.0004,items/haul,4,-9,-9,-9
LT,3,BE,11SS,BT6,DYFS,,,4,6,2022,C-TS-REV,A14,A,g/haul,1.1000,items/haul,1,-9,-9,-9
LT,3,BE,11SS,BT6,DYFS,,,4,6,2022,C-TS-REV,A14,A,g/haul,0.7200,items/haul,1,-9,-9,-9
LT,3,BE,11SS,BT6,DYFS,,,4,6,2022,C-TS-REV,A14,A,g/haul,5.2000,items/haul,8,-9,-9,-9
LT,3,BE,11SS,BT6,DYFS,,,93,16,2022,C-TS-REV,A14,A,g/haul,0.2300,items/haul,1,-9,-9,-9
LT,3,BE,11SS,BT6,DYFS,,,11,22,2018,C-TS-REV,F3,C,kg/haul,0.0610,items/haul,1,-9,-9,AO
LT,3,BE,11SS,BT6,DYFS,,,28,28,2020,C-TS-REV,F3,C,kg/haul,0.0075,items/haul,1,-9,-9,-9
LT,3,BE,11SS,BT6,DYFS,,,3,10,2022,C-TS-REV,F3,A,g/haul,19.4600,items/haul,2,-9,-9,-9
LT,3,BE,11SS,BT6,DYFS,,,3,10,2022,C-TS-REV,F3,A,g/haul,2.4000,items/haul,4,-9,-9,-9
LT,3,BE,11SS,BT6,DYFS,,,27,27,2022,C-TS-REV,F3,A,g/haul,3.7100,items/haul,3,-9,-9,-9
LT,3,BE,11SS,BT6,DYFS,,,27,27,2022,C-TS-REV,F3,A,g/haul,1.0000,items/haul,1,LB,-9,-9
LT,3,BE,11SS,BT6,DYFS,,,35,2,2021,C-TS-REV,F3,A,g/haul,0.0100,items/haul,1,LB,-9,-9
LT,3,BE,11SS,BT6,DYFS,,,27,27,2022,C-TS-REV,F3,A,g/haul,0.6000,items/haul,1,LB,-9,-9
LT,3,BE,11SS,BT6,DYFS,,,3,10,2022,C-TS-REV,F3,B,g/haul,21.9300,items/haul,1,-9,-9,-9
LT,3,BE,11SS,BT6,DYFS,,,4,6,2022,C-TS-REV,F3,D,g/haul,52.0000,items/haul,1,-9,-9,-9
LT,3,BE,11SS,BT6,DYFS,,,1,31,2018,C-TS-REV,F3,E,kg/haul,0.6420,items/haul,1,-9,-9,AO
LT,3,BE,11SS,BT6,DYFS,,,49,37,2021,C-TS-REV,A6,C,g/haul,133.6800,items/haul,1,SBF,-9,-9
LT,3,BE,11SS,BT6,DYFS,,,23,30,2019,C-TS-REV,A6,C,kg/haul,0.0186,items/haul,-9,-9,-9,AO
LT,3,BE,11SS,BT6,DYFS,,,3,10,2022,C-TS-REV,A6,C,g/haul,437.9700,items/haul,1,-9,-9,-9
LT,3,BE,11SS,BT6,DYFS,,,10,12,2020,C-TS-REV,A6,A,kg/haul,0.0002,items/haul,1,-9,-9,-9
LT,3,BE,11SS,BT6,DYFS,,,14,27,2021,C-TS-REV,A6,A,g/haul,0.5700,items/haul,1,SBF,-9,-9
LT,3,BE,11SS,BT6,DYFS,,,3,14,2021,C-TS-REV,A6,A,g/haul,1.5600,items/haul,1,SBF,-9,-9
LT,3,BE,11SS,BT6,DYFS,,,6,30,2020,C-TS-REV,A6,B,kg/haul,0.1142,items/haul,-9,-9,-9,AO
LT,3,BE,11SS,BT6,DYFS,,,38,11,2020,C-TS-REV,A6,E,kg/haul,0.0167,items/haul,1,-9,-9,AO
LT,3,BE,11SS,BT6,DYFS,,,16,18,2022,C-TS-REV,A6,12,g/haul,0.0100,items/haul,1,SBF,-9,AO~CL4
LT,3,BE,11SS,BT6,DYFS,,,4,6,2022,C-TS-REV,A6,13,g/haul,0.5000,items/haul,2,SBF,-9,CL4
LT,3,BE,11SS,BT6,DYFS,,,11,29,2022,C-TS-REV,A6,B,g/haul,5.6900,items/haul,1,SBF,-9,AO
LT,3,BE,11SS,BT6,DYFS,,,27,27,2022,C-TS-REV,A6,B,g/haul,7.5500,items/haul,1,SBF,-9,-9
LT,3,BE,11SS,BT6,DYFS,,,93,16,2022,C-TS-REV,A6,B,g/haul,23.5600,items/haul,1,SBF,-9,AO
LT,3,BE,11SS,BT6,DYFS,,,4,6,2022,C-TS-REV,A6,B,g/haul,45.0000,items/haul,1,SBF,-9,AO~CL4
LT,3,BE,11SS,BT6,DYFS,,,35,12,2018,C-TS-REV,A6,B,kg/haul,0.0040,items/haul,1,-9,-9,AO
LT,3,BE,11SS,BT6,DYFS,,,27,27,2022,C-TS-REV,A6,A,g/haul,1.3000,items/haul,1,SBF,-9,-9
LT,3,BE,11SS,BT6,DYFS,,,23,21,2022,C-TS-REV,A6,A,g/haul,0.0800,items/haul,1,SBF,-9,CL2
LT,3,BE,11SS,BT6,DYFS,,,1,15,2022,C-TS-REV,A6,A,g/haul,0.6100,items/haul,1,SBF,-9,-9
LT,3,BE,11SS,BT6,DYFS,,,35,13,2022,C-TS-REV,A6,A,g/haul,0.4000,items/haul,1,SBF,-9,-9
LT,3,BE,11SS,BT6,DYFS,,,6,11,2022,C-TS-REV,A6,A,g/haul,0.0100,items/haul,1,SBF,-9,-9
LT,3,BE,11SS,BT6,DYFS,,,2,33,2020,C-TS-REV,A6,F,kg/haul,0.3267,items/haul,1,-9,-9,AO
LT,3,BE,11SS,BT6,DYFS,,,7,36,2021,C-TS-REV,A6,A,g/haul,4.6900,items/haul,2,SBF,-9,-9
LT,3,BE,11SS,BT6,DYFS,,,93,1,2021,C-TS-REV,A6,A,g/haul,0.1900,items/haul,1,SBF,-9,-9
LT,3,BE,11SS,BT6,DYFS,,,5,12,2022,C-TS-REV,A6,A,g/haul,1.0300,items/haul,1,SBF,-9,-9
LT,3,BE,11SS,BT6,DYFS,,,3,10,2022,C-TS-REV,A6,A,g/haul,0.7000,items/haul,1,SBF,-9,-9
LT,3,BE,11SS,BT6,DYFS,,,93,18,2021,C-TS-REV,A6,A,g/haul,4.9500,items/haul,2,SBF,-9,-9
LT,3,BE,11SS,BT6,DYFS,,,26,33,2022,C-TS-REV,A6,A,g/haul,7.0000,items/haul,1,SBF,-9,AO~CL4
LT,3,BE,11SS,BT6,DYFS,,,18,23,2018,C-TS-REV,A3,C,kg/haul,0.0350,items/haul,1,-9,-9,AO
LT,3,BE,11SS,BT6,DYFS,,,11,22,2018,C-TS-REV,A3,C,kg/haul,0.0190,items/haul,1,-9,-9,AO
LT,3,BE,11SS,BT6,DYFS,,,35,12,2018,C-TS-REV,A3,C,kg/haul,0.0140,items/haul,1,-9,-9,-9
LT,3,BE,11SS,BT6,DYFS,,,2,13,2018,C-TS-REV,A3,C,kg/haul,0.0040,items/haul,1,-9,-9,-9
LT,3,BE,11SS,BT6,DYFS,,,7,29,2018,C-TS-REV,A3,C,kg/haul,0.0140,items/haul,1,-9,-9,AO
LT,3,BE,11SS,BT6,DYFS,,,7,17,2020,C-TS-REV,A3,C,kg/haul,0.0027,items/haul,1,-9,-9,-9
LT,3,BE,11SS,BT6,DYFS,,,3,32,2018,C-TS-REV,A3,D,kg/haul,0.0450,items/haul,1,-9,-9,AO
LT,3,BE,11SS,BT6,DYFS,,,22,27,2018,C-TS-REV,A3,D,kg/haul,0.0430,items/haul,1,-9,-9,AO
LT,3,BE,11SS,BT6,DYFS,,,17,32,2019,C-TS-REV,A3,E,kg/haul,0.0445,items/haul,-9,-9,-9,AO
LT,3,BE,11SS,BT6,DYFS,,,7,29,2018,C-TS-REV,A3,B,kg/haul,0.0009,items/haul,1,-9,-9,AO
LT,3,BE,11SS,BT6,DYFS,,,1,8,2020,C-TS-REV,A3,B,kg/haul,0.0006,items/haul,1,-9,-9,-9
LT,3,BE,11SS,BT6,DYFS,,,19,25,2020,C-TS-REV,A3,B,kg/haul,0.0005,items/haul,1,-9,-9,-9
LT,3,BE,11SS,BT6,DYFS,,,49,13,2020,C-TS-REV,A3,B,kg/haul,0.0010,items/haul,2,-9,-9,-9
LT,3,BE,11SS,BT6,DYFS,,,93,15,2020,C-TS-REV,A3,B,kg/haul,0.0044,items/haul,6,-9,-9,-9
LT,3,BE,11SS,BT6,DYFS,,,49,37,2021,C-TS-REV,A3,D,g/haul,41.2900,items/haul,1,LB,-9,-9
LT,3,BE,11SS,BT6,DYFS,,,27,14,2020,C-TS-REV,A3,A,kg/haul,0.0004,items/haul,2,-9,-9,-9
LT,3,BE,11SS,BT6,DYFS,,,18,5,2022,C-TS-REV,A3,A,g/haul,0.1200,items/haul,1,-9,-9,-9
LT,3,BE,11SS,BT6,DYFS,,,23,21,2022,C-TS-REV,A3,A,g/haul,0.2000,items/haul,1,-9,-9,-9
LT,3,BE,11SS,BT6,DYFS,,,91,20,2021,C-TS-REV,A3,A,g/haul,0.7500,items/haul,1,LB,-9,-9
LT,3,BE,11SS,BT6,DYFS,,,8,18,2018,C-TS-REV,A3,B,kg/haul,0.0020,items/haul,1,-9,-9,-9
LT,3,BE,11SS,BT6,DYFS,,,7,29,2018,C-TS-REV,A3,B,kg/haul,0.0040,items/haul,1,-9,-9,AO
LT,3,BE,11SS,BT6,DYFS,,,2,25,2019,C-TS-REV,A5,C,kg/haul,0.0000,items/haul,-9,-9,-9,-9
LT,3,BE,11SS,BT6,DYFS,,,3,27,2019,C-TS-REV,A5,C,kg/haul,0.0001,items/haul,2,-9,-9,AO
LT,3,BE,11SS,BT6,DYFS,,,4,7,2020,C-TS-REV,A5,C,kg/haul,0.0004,items/haul,1,-9,-9,-9
LT,3,BE,11SS,BT6,DYFS,,,3,9,2020,C-TS-REV,A5,C,kg/haul,0.0004,items/haul,1,-9,-9,-9
LT,3,BE,11SS,BT6,DYFS,,,17,3,2020,C-TS-REV,A5,C,kg/haul,0.0001,items/haul,1,-9,-9,-9
LT,3,BE,11SS,BT6,DYFS,,,13,2,2020,C-TS-REV,A5,C,kg/haul,0.0007,items/haul,1,-9,-9,-9
LT,3,BE,11SS,BT6,DYFS,,,4,6,2022,C-TS-REV,A5,10,g/haul,0.0100,items/haul,1,SBF,-9,CL5
LT,3,BE,11SS,BT6,DYFS,,,14,4,2022,C-TS-REV,A5,10,g/haul,0.0100,items/haul,1,SBF,-9,AO~CL4
LT,3,BE,11SS,BT6,DYFS,,,2,14,2022,C-TS-REV,A5,10,g/haul,0.0100,items/haul,1,SBF,-9,AO~CL4
LT,3,BE,11SS,BT6,DYFS,,,5,12,2022,C-TS-REV,A5,10,g/haul,0.0100,items/haul,1,SBF,-9,CL4
LT,3,BE,11SS,BT6,DYFS,,,6,11,2022,C-TS-REV,A5,10,g/haul,0.0100,items/haul,1,SBF,-9,AO~CL4
LT,3,BE,11SS,BT6,DYFS,,,3,9,2022,C-TS-REV,A5,10,g/haul,0.0100,items/haul,1,SBF,-9,CL4
LT,3,BE,11SS,BT6,DYFS,,,4,6,2022,C-TS-REV,A5,10,g/haul,0.1200,items/haul,4,SBF,-9,AO~CL4
LT,3,BE,11SS,BT6,DYFS,,,28,31,2022,C-TS-REV,A5,10,g/haul,0.0100,items/haul,2,SBF,-9,CL4
LT,3,BE,11SS,BT6,DYFS,,,11,29,2022,C-TS-REV,A5,10,g/haul,0.0100,items/haul,2,SBF,-9,CL4
LT,3,BE,11SS,BT6,DYFS,,,27,27,2022,C-TS-REV,A5,10,g/haul,0.0300,items/haul,11,SBF,-9,CL4
LT,3,BE,11SS,BT6,DYFS,,,27,27,2022,C-TS-REV,A5,10,g/haul,0.0100,items/haul,2,SBF,-9,AO~CL4
LT,3,BE,11SS,BT6,DYFS,,,93,16,2022,C-TS-REV,A5,10,g/haul,0.0100,items/haul,4,SBF,-9,CL4
LT,3,BE,11SS,BT6,DYFS,,,1,15,2022,C-TS-REV,A5,10,g/haul,0.0600,items/haul,5,SBF,-9,AO~CL4
LT,3,BE,11SS,BT6,DYFS,,,37,7,2022,C-TS-REV,A5,12,g/haul,0.0500,items/haul,1,SBF,-9,CL2
LT,3,BE,11SS,BT6,DYFS,,,27,27,2022,C-TS-REV,A5,12,g/haul,0.0800,items/haul,4,SBF,-9,AO~CL4
LT,3,BE,11SS,BT6,DYFS,,,92,24,2022,C-TS-REV,A5,12,g/haul,0.0100,items/haul,1,SBF,-9,CL5
LT,3,BE,11SS,BT6,DYFS,,,93,16,2022,C-TS-REV,A5,12,g/haul,0.0200,items/haul,2,SBF,-9,CL2
LT,3,BE,11SS,BT6,DYFS,,,93,16,2022,C-TS-REV,A5,12,g/haul,0.2000,items/haul,9,SBF,-9,CL4
LT,3,BE,11SS,BT6,DYFS,,,1,15,2022,C-TS-REV,A5,12,g/haul,0.0600,items/haul,1,SBF,-9,CL7
LT,3,BE,11SS,BT6,DYFS,,,10,1,2022,C-TS-REV,A5,12,g/haul,0.0100,items/haul,1,SBF,-9,CL4
LT,3,BE,11SS,BT6,DYFS,,,2,14,2022,C-TS-REV,A5,12,g/haul,0.0800,items/haul,2,SBF,-9,AO~CL4
LT,3,BE,11SS,BT6,DYFS,,,1,15,2022,C-TS-REV,A5,12,g/haul,0.1000,items/haul,2,SBF,-9,AO~CL4
LT,3,BE,11SS,BT6,DYFS,,,6,11,2022,C-TS-REV,A5,12,g/haul,0.1100,items/haul,1,SBF,-9,AO~CL4
LT,3,BE,11SS,BT6,DYFS,,,3,10,2022,C-TS-REV,A5,12,g/haul,0.0700,items/haul,1,SBF,-9,AO~CL2
LT,3,BE,11SS,BT6,DYFS,,,37,7,2022,C-TS-REV,A5,12,g/haul,0.0100,items/haul,1,SBF,-9,CL4
LT,3,BE,11SS,BT6,DYFS,,,20,30,2022,C-TS-REV,A5,12,g/haul,0.0100,items/haul,1,SBF,-9,AO~CL4
LT,3,BE,11SS,BT6,DYFS,,,11,29,2022,C-TS-REV,A5,12,g/haul,0.0100,items/haul,2,SBF,-9,CL2
LT,3,BE,11SS,BT6,DYFS,,,27,27,2022,C-TS-REV,A5,12,g/haul,0.0100,items/haul,1,SBF,-9,CL7
LT,3,BE,11SS,BT6,DYFS,,,4,6,2022,C-TS-REV,A5,12,g/haul,0.0900,items/haul,4,SBF,-9,AO~CL4
LT,3,BE,11SS,BT6,DYFS,,,4,6,2022,C-TS-REV,A5,12,g/haul,0.1000,items/haul,3,SBF,-9,CL2
LT,3,BE,11SS,BT6,DYFS,,,18,5,2022,C-TS-REV,A5,12,g/haul,0.0200,items/haul,2,SBF,-9,AO~CL4
LT,3,BE,11SS,BT6,DYFS,,,5,31,2020,C-TS-REV,A5,E,kg/haul,0.0007,items/haul,1,-9,-9,-9
LT,3,BE,11SS,BT6,DYFS,,,4,7,2020,C-TS-REV,A5,E,kg/haul,0.0008,items/haul,1,-9,-9,-9
LT,3,BE,11SS,BT6,DYFS,,,20,24,2018,C-TS-REV,A5,E,kg/haul,0.0002,items/haul,1,-9,-9,-9
LT,3,BE,11SS,BT6,DYFS,,,13,34,2022,C-TS-REV,A5,12,g/haul,0.0300,items/haul,1,SBF,-9,AO~CL4
LT,3,BE,11SS,BT6,DYFS,,,26,33,2022,C-TS-REV,A5,12,g/haul,0.0800,items/haul,3,SBF,-9,CL5
LT,3,BE,11SS,BT6,DYFS,,,26,33,2022,C-TS-REV,A5,12,g/haul,0.0400,items/haul,2,SBF,-9,CL4
LT,3,BE,11SS,BT6,DYFS,,,93,16,2022,C-TS-REV,A5,11,g/haul,0.0300,items/haul,2,SBF,-9,CL4
LT,3,BE,11SS,BT6,DYFS,,,3,10,2022,C-TS-REV,A5,11,g/haul,0.0100,items/haul,2,SBF,-9,CL4
LT,3,BE,11SS,BT6,DYFS,,,37,7,2022,C-TS-REV,A5,11,g/haul,0.0100,items/haul,1,SBF,-9,CL2
LT,3,BE,11SS,BT6,DYFS,,,4,6,2022,C-TS-REV,A5,11,g/haul,0.1800,items/haul,5,SBF,-9,AO~CL4
LT,3,BE,11SS,BT6,DYFS,,,18,5,2022,C-TS-REV,A5,11,g/haul,0.0100,items/haul,3,SBF,-9,AO~CL4
LT,3,BE,11SS,BT6,DYFS,,,18,22,2020,C-TS-REV,A5,E,kg/haul,0.0022,items/haul,1,-9,-9,-9
LT,3,BE,11SS,BT6,DYFS,,,49,28,2022,C-TS-REV,A5,11,g/haul,0.0100,items/haul,7,SBF,-9,AO~CL4
LT,3,BE,11SS,BT6,DYFS,,,27,27,2022,C-TS-REV,A5,11,g/haul,0.0100,items/haul,5,SBF,-9,AO~CL4
LT,3,BE,11SS,BT6,DYFS,,,7,25,2022,C-TS-REV,A5,11,g/haul,0.0100,items/haul,1,SBF,-9,CL2
LT,3,BE,11SS,BT6,DYFS,,,7,25,2022,C-TS-REV,A5,11,g/haul,0.0100,items/haul,2,SBF,-9,CL4
LT,3,BE,11SS,BT6,DYFS,,,16,18,2022,C-TS-REV,A5,11,g/haul,0.0100,items/haul,1,SBF,-9,CL4
LT,3,BE,11SS,BT6,DYFS,,,4,6,2022,C-TS-REV,A5,11,g/haul,0.0100,items/haul,1,SBF,-9,CL7
LT,3,BE,11SS,BT6,DYFS,,,1,8,2020,C-TS-REV,A5,D,kg/haul,0.0007,items/haul,2,-9,-9,-9
LT,3,BE,11SS,BT6,DYFS,,,9,7,2019,C-TS-REV,A5,D,kg/haul,0.0005,items/haul,-9,-9,-9,AO
LT,3,BE,11SS,BT6,DYFS,,,91,31,2019,C-TS-REV,A5,D,kg/haul,0.0044,items/haul,-9,-9,-9,AO
LT,3,BE,11SS,BT6,DYFS,,,18,22,2020,C-TS-REV,A5,D,kg/haul,0.0003,items/haul,1,-9,-9,-9
LT,3,BE,11SS,BT6,DYFS,,,11,23,2020,C-TS-REV,A5,D,kg/haul,0.0004,items/haul,1,-9,-9,-9
LT,3,BE,11SS,BT6,DYFS,,,20,30,2022,C-TS-REV,A5,11,g/haul,0.0100,items/haul,1,SBF,-9,AO~CL4
LT,3,BE,11SS,BT6,DYFS,,,93,15,2020,C-TS-REV,A5,B,kg/haul,0.0128,items/haul,-9,-9,-9,AO
LT,3,BE,11SS,BT6,DYFS,,,1,31,2018,C-TS-REV,A5,B,kg/haul,0.0000,items/haul,1,-9,-9,-9
LT,3,BE,11SS,BT6,DYFS,,,1,31,2018,C-TS-REV,A5,D,kg/haul,0.0000,items/haul,1,-9,-9,-9
LT,3,BE,11SS,BT6,DYFS,,,3,27,2019,C-TS-REV,A5,D,kg/haul,0.0012,items/haul,-9,-9,-9,AO
LT,3,BE,11SS,BT6,DYFS,,,21,19,2019,C-TS-REV,A5,D,kg/haul,0.0000,items/haul,2,-9,-9,AO
LT,3,BE,11SS,BT6,DYFS,,,93,29,2019,C-TS-REV,A5,D,kg/haul,0.0014,items/haul,-9,-9,-9,AO
LT,3,BE,11SS,BT6,DYFS,,,12,20,2020,C-TS-REV,A5,B,kg/haul,0.0004,items/haul,1,-9,-9,-9
LT,3,BE,11SS,BT6,DYFS,,,21,27,2020,C-TS-REV,A5,B,kg/haul,0.0005,items/haul,3,-9,-9,-9
LT,3,BE,11SS,BT6,DYFS,,,19,25,2020,C-TS-REV,A5,B,kg/haul,0.0003,items/haul,4,-9,-9,-9
LT,3,BE,11SS,BT6,DYFS,,,35,32,2020,C-TS-REV,A5,B,kg/haul,0.0006,items/haul,1,-9,-9,-9
LT,3,BE,11SS,BT6,DYFS,,,92,16,2020,C-TS-REV,A5,B,kg/haul,0.0002,items/haul,1,-9,-9,-9
LT,3,BE,11SS,BT6,DYFS,,,37,10,2020,C-TS-REV,A5,B,kg/haul,0.0001,items/haul,1,-9,-9,-9
LT,3,BE,11SS,BT6,DYFS,,,49,13,2019,C-TS-REV,A5,B,kg/haul,0.0003,items/haul,2,-9,-9,-9
LT,3,BE,11SS,BT6,DYFS,,,10,12,2020,C-TS-REV,A5,B,kg/haul,0.0022,items/haul,10,-9,-9,-9
LT,3,BE,11SS,BT6,DYFS,,,7,17,2020,C-TS-REV,A5,B,kg/haul,0.0001,items/haul,1,-9,-9,-9
LT,3,BE,11SS,BT6,DYFS,,,4,7,2020,C-TS-REV,A5,B,kg/haul,0.0003,items/haul,1,-9,-9,-9
LT,3,BE,11SS,BT6,DYFS,,,16,1,2020,C-TS-REV,A5,B,kg/haul,0.0001,items/haul,1,-9,-9,-9
LT,3,BE,11SS,BT6,DYFS,,,11,23,2020,C-TS-REV,A5,B,kg/haul,0.0001,items/haul,1,-9,-9,-9
LT,3,BE,11SS,BT6,DYFS,,,28,31,2022,C-TS-REV,A5,13,g/haul,0.0200,items/haul,1,SBF,-9,CL4
LT,3,BE,11SS,BT6,DYFS,,,20,30,2022,C-TS-REV,A5,13,g/haul,0.2400,items/haul,4,SBF,-9,AO~CL4
LT,3,BE,11SS,BT6,DYFS,,,21,26,2018,C-TS-REV,A5,B,kg/haul,0.0000,items/haul,1,-9,-9,-9
LT,3,BE,11SS,BT6,DYFS,,,35,12,2018,C-TS-REV,A5,B,kg/haul,0.0020,items/haul,1,-9,-9,AO
LT,3,BE,11SS,BT6,DYFS,,,24,20,2019,C-TS-REV,A5,B,kg/haul,0.0000,items/haul,2,-9,-9,-9
LT,3,BE,11SS,BT6,DYFS,,,3,27,2019,C-TS-REV,A5,B,kg/haul,0.0003,items/haul,-9,-9,-9,AO
LT,3,BE,11SS,BT6,DYFS,,,11,29,2022,C-TS-REV,A5,13,g/haul,0.1500,items/haul,4,SBF,-9,AO~CL4
LT,3,BE,11SS,BT6,DYFS,,,49,28,2022,C-TS-REV,A5,13,g/haul,0.2600,items/haul,12,SBF,-9,AO~CL4
LT,3,BE,11SS,BT6,DYFS,,,28,31,2022,C-TS-REV,A5,13,g/haul,0.0100,items/haul,1,SBF,-9,CL4
LT,3,BE,11SS,BT6,DYFS,,,26,33,2022,C-TS-REV,A5,13,g/haul,0.1200,items/haul,1,SBF,-9,CL4
LT,3,BE,11SS,BT6,DYFS,,,20,30,2022,C-TS-REV,A5,13,g/haul,0.0100,items/haul,1,SBF,-9,CL7
LT,3,BE,11SS,BT6,DYFS,,,20,30,2022,C-TS-REV,A5,13,g/haul,0.0400,items/haul,1,SBF,-9,CL2
LT,3,BE,11SS,BT6,DYFS,,,27,27,2022,C-TS-REV,A5,13,g/haul,0.0800,items/haul,3,SBF,-9,CL7
LT,3,BE,11SS,BT6,DYFS,,,27,27,2022,C-TS-REV,A5,13,g/haul,0.0200,items/haul,2,SBF,-9,CL4
LT,3,BE,11SS,BT6,DYFS,,,20,30,2022,C-TS-REV,A5,13,g/haul,0.0200,items/haul,1,SBF,-9,AO~CL4
LT,3,BE,11SS,BT6,DYFS,,,20,30,2022,C-TS-REV,A5,13,g/haul,0.0800,items/haul,3,SBF,-9,AO~CL4
LT,3,BE,11SS,BT6,DYFS,,,11,29,2022,C-TS-REV,A5,13,g/haul,0.0600,items/haul,1,SBF,-9,CL7
LT,3,BE,11SS,BT6,DYFS,,,11,29,2022,C-TS-REV,A5,13,g/haul,0.0300,items/haul,2,SBF,-9,CL4
LT,3,BE,11SS,BT6,DYFS,,,7,25,2022,C-TS-REV,A5,13,g/haul,0.0100,items/haul,1,SBF,-9,CL4
LT,3,BE,11SS,BT6,DYFS,,,17,19,2022,C-TS-REV,A5,13,g/haul,0.0900,items/haul,1,SBF,-9,CL5
LT,3,BE,11SS,BT6,DYFS,,,49,28,2022,C-TS-REV,A5,13,g/haul,0.0100,items/haul,1,SBF,-9,CL7
LT,3,BE,11SS,BT6,DYFS,,,49,28,2022,C-TS-REV,A5,13,g/haul,0.0500,items/haul,4,SBF,-9,AO~CL2
LT,3,BE,11SS,BT6,DYFS,,,49,28,2022,C-TS-REV,A5,13,g/haul,0.0100,items/haul,1,SBF,-9,AO~CL4
LT,3,BE,11SS,BT6,DYFS,,,27,27,2022,C-TS-REV,A5,13,g/haul,0.0400,items/haul,1,SBF,-9,CL5
LT,3,BE,11SS,BT6,DYFS,,,16,18,2022,C-TS-REV,A5,13,g/haul,0.0500,items/haul,1,SBF,-9,CL7
LT,3,BE,11SS,BT6,DYFS,,,93,16,2022,C-TS-REV,A5,13,g/haul,0.0100,items/haul,1,SBF,-9,CL7
LT,3,BE,11SS,BT6,DYFS,,,27,27,2022,C-TS-REV,A5,13,g/haul,0.0100,items/haul,1,SBF,-9,CL4
LT,3,BE,11SS,BT6,DYFS,,,27,27,2022,C-TS-REV,A5,13,g/haul,0.1400,items/haul,4,SBF,-9,CL4
LT,3,BE,11SS,BT6,DYFS,,,92,24,2022,C-TS-REV,A5,13,g/haul,0.0500,items/haul,1,SBF,-9,CL2
LT,3,BE,11SS,BT6,DYFS,,,92,24,2022,C-TS-REV,A5,13,g/haul,0.0100,items/haul,1,SBF,-9,CL4
LT,3,BE,11SS,BT6,DYFS,,,93,16,2022,C-TS-REV,A5,13,g/haul,0.0800,items/haul,1,SBF,-9,CL4
LT,3,BE,11SS,BT6,DYFS,,,93,16,2022,C-TS-REV,A5,13,g/haul,0.0300,items/haul,3,SBF,-9,CL7
LT,3,BE,11SS,BT6,DYFS,,,22,23,2022,C-TS-REV,A5,13,g/haul,0.0800,items/haul,1,SBF,-9,CL4
LT,3,BE,11SS,BT6,DYFS,,,92,24,2022,C-TS-REV,A5,13,g/haul,0.1000,items/haul,1,SBF,-9,AO~CL4
LT,3,BE,11SS,BT6,DYFS,,,8,17,2022,C-TS-REV,A5,13,g/haul,0.2000,items/haul,1,SBF,-9,CL2
LT,3,BE,11SS,BT6,DYFS,,,16,18,2022,C-TS-REV,A5,13,g/haul,0.0100,items/haul,1,SBF,-9,AO~CL4
LT,3,BE,11SS,BT6,DYFS,,,2,14,2022,C-TS-REV,A5,13,g/haul,0.0500,items/haul,1,SBF,-9,CL7
LT,3,BE,11SS,BT6,DYFS,,,1,15,2022,C-TS-REV,A5,13,g/haul,0.2000,items/haul,1,SBF,-9,AO~CL4
LT,3,BE,11SS,BT6,DYFS,,,93,16,2022,C-TS-REV,A5,13,g/haul,0.0600,items/haul,3,SBF,-9,CL4
LT,3,BE,11SS,BT6,DYFS,,,93,16,2022,C-TS-REV,A5,13,g/haul,1.5000,items/haul,1,SBF,-9,AO~CL4
LT,3,BE,11SS,BT6,DYFS,,,93,16,2022,C-TS-REV,A5,13,g/haul,0.0200,items/haul,1,SBF,-9,CL7
LT,3,BE,11SS,BT6,DYFS,,,93,16,2022,C-TS-REV,A5,13,g/haul,0.2600,items/haul,1,SBF,-9,AO~CL4
LT,3,BE,11SS,BT6,DYFS,,,3,10,2022,C-TS-REV,A5,13,g/haul,0.0200,items/haul,1,SBF,-9,CL7
LT,3,BE,11SS,BT6,DYFS,,,3,10,2022,C-TS-REV,A5,13,g/haul,0.1000,items/haul,1,SBF,-9,CL5
LT,3,BE,11SS,BT6,DYFS,,,1,15,2022,C-TS-REV,A5,13,g/haul,0.0400,items/haul,1,SBF,-9,CL4
LT,3,BE,11SS,BT6,DYFS,,,1,15,2022,C-TS-REV,A5,13,g/haul,0.0500,items/haul,1,SBF,-9,AO~CL2
LT,3,BE,11SS,BT6,DYFS,,,1,15,2022,C-TS-REV,A5,13,g/haul,0.1500,items/haul,1,SBF,-9,CL2
LT,3,BE,11SS,BT6,DYFS,,,1,15,2022,C-TS-REV,A5,13,g/haul,0.2000,items/haul,1,SBF,-9,AO~CL4
LT,3,BE,11SS,BT6,DYFS,,,3,10,2022,C-TS-REV,A5,13,g/haul,0.4500,items/haul,2,SBF,-9,AO~CL4
LT,3,BE,11SS,BT6,DYFS,,,3,9,2022,C-TS-REV,A5,13,g/haul,0.1000,items/haul,1,SBF,-9,CL4
LT,3,BE,11SS,BT6,DYFS,,,1,15,2022,C-TS-REV,A5,13,g/haul,0.3500,items/haul,1,SBF,-9,AO~CL4
LT,3,BE,11SS,BT6,DYFS,,,2,14,2022,C-TS-REV,A5,13,g/haul,0.0600,items/haul,1,SBF,-9,CL4
LT,3,BE,11SS,BT6,DYFS,,,6,11,2022,C-TS-REV,A5,13,g/haul,0.0800,items/haul,1,SBF,-9,AO~CL4
LT,3,BE,11SS,BT6,DYFS,,,5,12,2022,C-TS-REV,A5,13,g/haul,0.0100,items/haul,1,SBF,-9,CL4
LT,3,BE,11SS,BT6,DYFS,,,4,6,2022,C-TS-REV,A5,13,g/haul,0.0300,items/haul,1,SBF,-9,CL5
LT,3,BE,11SS,BT6,DYFS,,,4,6,2022,C-TS-REV,A5,13,g/haul,1.2000,items/haul,5,SBF,-9,AO~CL4
LT,3,BE,11SS,BT6,DYFS,,,3,10,2022,C-TS-REV,A5,13,g/haul,2.5700,items/haul,18,SBF,-9,AO~CL4
LT,3,BE,11SS,BT6,DYFS,,,6,11,2022,C-TS-REV,A5,13,g/haul,0.5500,items/haul,1,SBF,-9,AO~CL4
LT,3,BE,11SS,BT6,DYFS,,,3,10,2022,C-TS-REV,A5,13,g/haul,0.2100,items/haul,8,SBF,-9,-9
LT,3,BE,11SS,BT6,DYFS,,,3,10,2022,C-TS-REV,A5,13,g/haul,0.5100,items/haul,4,SBF,-9,AO~CL2
LT,3,BE,11SS,BT6,DYFS,,,4,6,2022,C-TS-REV,A5,13,g/haul,0.2100,items/haul,2,SBF,-9,CL4
LT,3,BE,11SS,BT6,DYFS,,,4,6,2022,C-TS-REV,A5,13,g/haul,0.0100,items/haul,1,SBF,-9,CL2
LT,3,BE,11SS,BT6,DYFS,,,37,7,2022,C-TS-REV,A5,13,g/haul,0.0500,items/haul,1,SBF,-9,CL5
LT,3,BE,11SS,BT6,DYFS,,,38,8,2022,C-TS-REV,A5,13,g/haul,0.0100,items/haul,1,SBF,-9,CL7
LT,3,BE,11SS,BT6,DYFS,,,38,8,2022,C-TS-REV,A5,13,g/haul,1.3000,items/haul,1,SBF,-9,AO~CL2
LT,3,BE,11SS,BT6,DYFS,,,4,6,2022,C-TS-REV,A5,13,g/haul,0.0500,items/haul,1,SBF,-9,AO~CL5
LT,3,BE,11SS,BT6,DYFS,,,14,4,2022,C-TS-REV,A5,13,g/haul,0.6200,items/haul,1,SBF,-9,AO~CL2
LT,3,BE,11SS,BT6,DYFS,,,18,5,2022,C-TS-REV,A5,13,g/haul,0.0100,items/haul,2,SBF,-9,AO~CL9
LT,3,BE,11SS,BT6,DYFS,,,14,3,2022,C-TS-REV,A5,13,g/haul,1.0100,items/haul,1,SBF,-9,AO~CL4
LT,3,BE,11SS,BT6,DYFS,,,4,6,2022,C-TS-REV,A5,13,g/haul,0.0200,items/haul,1,SBF,-9,CL4
LT,3,BE,11SS,BT6,DYFS,,,4,6,2022,C-TS-REV,A5,13,g/haul,0.0200,items/haul,1,SBF,-9,CL2
LT,3,BE,11SS,BT6,DYFS,,,4,6,2022,C-TS-REV,A5,13,g/haul,0.0400,items/haul,1,SBF,-9,CL7
LT,3,BE,11SS,BT6,DYFS,,,12,2,2022,C-TS-REV,A5,13,g/haul,0.6900,items/haul,5,SBF,-9,AO~CL4
LT,3,BE,11SS,BT6,DYFS,,,12,2,2022,C-TS-REV,A5,13,g/haul,0.2200,items/haul,1,SBF,-9,CL5
LT,3,BE,11SS,BT6,DYFS,,,12,2,2022,C-TS-REV,A5,13,g/haul,0.0300,items/haul,1,SBF,-9,CL5
LT,3,BE,11SS,BT6,DYFS,,,12,2,2022,C-TS-REV,A5,13,g/haul,0.0100,items/haul,1,SBF,-9,CL4
LT,3,BE,11SS,BT6,DYFS,,,14,3,2022,C-TS-REV,A5,13,g/haul,0.2000,items/haul,1,SBF,-9,AO~CL4
LT,3,BE,11SS,BT6,DYFS,,,14,4,2022,C-TS-REV,A5,13,g/haul,0.3200,items/haul,1,SBF,-9,AO~CL4
LT,3,BE,11SS,BT6,DYFS,,,28,31,2022,C-TS-REV,A5,13,g/haul,0.0100,items/haul,1,SBF,-9,CL4
LT,3,BE,11SS,BT6,DYFS,,,23,21,2022,C-TS-REV,A5,13,g/haul,0.0200,items/haul,1,-9,-9,CL5
LT,3,BE,11SS,BT6,DYFS,,,12,2,2022,C-TS-REV,A5,13,g/haul,0.0100,items/haul,1,SBF,-9,AO~CL7
LT,3,BE,11SS,BT6,DYFS,,,10,1,2022,C-TS-REV,A5,13,g/haul,0.0100,items/haul,1,SBF,-9,CL4
LT,3,BE,11SS,BT6,DYFS,,,14,3,2022,C-TS-REV,A5,13,g/haul,0.0100,items/haul,2,SBF,-9,AO~CL7
LT,3,BE,11SS,BT6,DYFS,,,14,3,2022,C-TS-REV,A5,13,g/haul,0.8300,items/haul,1,SBF,-9,AO~CL2
LT,3,BE,11SS,BT6,DYFS,,,12,2,2022,C-TS-REV,A5,15,g/haul,1.2100,items/haul,1,SBF,-9,AO~CL4
LT,3,BE,11SS,BT6,DYFS,,,13,34,2022,C-TS-REV,A5,13,g/haul,0.0300,items/haul,1,SBF,-9,CL7
LT,3,BE,11SS,BT6,DYFS,,,13,34,2022,C-TS-REV,A5,13,g/haul,0.0500,items/haul,1,SBF,-9,CL4
LT,3,BE,11SS,BT6,DYFS,,,13,34,2022,C-TS-REV,A5,13,g/haul,0.0800,items/haul,3,SBF,-9,AO~CL4
LT,3,BE,11SS,BT6,DYFS,,,26,33,2022,C-TS-REV,A5,13,g/haul,0.1200,items/haul,2,SBF,-9,CL4
LT,3,BE,11SS,BT6,DYFS,,,28,31,2022,C-TS-REV,A5,13,g/haul,0.0100,items/haul,1,SBF,-9,CL2
LT,3,BE,11SS,BT6,DYFS,,,93,18,2021,C-TS-REV,A5,A,g/haul,9.3500,items/haul,51,SBF,-9,-9
LT,3,BE,11SS,BT6,DYFS,,,2,14,2022,C-TS-REV,A5,15,g/haul,2.1000,items/haul,1,SBF,-9,AO~CL4
LT,3,BE,11SS,BT6,DYFS,,,4,6,2022,C-TS-REV,A5,15,g/haul,1.3000,items/haul,3,SBF,-9,CL4
LT,3,BE,11SS,BT6,DYFS,,,4,6,2022,C-TS-REV,A5,15,g/haul,2.7000,items/haul,4,SBF,-9,CL4
LT,3,BE,11SS,BT6,DYFS,,,14,3,2022,C-TS-REV,A5,15,g/haul,0.7700,items/haul,1,SBF,-9,AO~CL4
LT,3,BE,11SS,BT6,DYFS,,,12,2,2022,C-TS-REV,A5,15,g/haul,2.6000,items/haul,1,SBF,-9,AO~CL4
LT,3,BE,11SS,BT6,DYFS,,,8,33,2021,C-TS-REV,A5,A,g/haul,0.2500,items/haul,5,SBF,-9,-9
LT,3,BE,11SS,BT6,DYFS,,,9,34,2021,C-TS-REV,A5,A,g/haul,0.3500,items/haul,6,SBF,-9,-9
LT,3,BE,11SS,BT6,DYFS,,,92,35,2021,C-TS-REV,A5,A,g/haul,0.0800,items/haul,4,SBF,-9,-9
LT,3,BE,11SS,BT6,DYFS,,,93,1,2021,C-TS-REV,A5,A,g/haul,0.1800,items/haul,3,SBF,-9,-9
LT,3,BE,11SS,BT6,DYFS,,,93,18,2021,C-TS-REV,A5,A,g/haul,0.1500,items/haul,5,SBF,-9,-9
LT,3,BE,11SS,BT6,DYFS,,,93,18,2021,C-TS-REV,A5,A,g/haul,0.0100,items/haul,2,SBF,-9,-9
LT,3,BE,11SS,BT6,DYFS,,,5,10,2021,C-TS-REV,A5,A,g/haul,0.1700,items/haul,3,SBF,-9,-9
LT,3,BE,11SS,BT6,DYFS,,,26,28,2021,C-TS-REV,A5,A,g/haul,0.0500,items/haul,1,SBF,-9,-9
LT,3,BE,11SS,BT6,DYFS,,,6,32,2021,C-TS-REV,A5,A,g/haul,0.5900,items/haul,5,SBF,-9,-9
LT,3,BE,11SS,BT6,DYFS,,,7,36,2021,C-TS-REV,A5,A,g/haul,0.0010,items/haul,1,SBF,-9,-9
LT,3,BE,11SS,BT6,DYFS,,,7,36,2021,C-TS-REV,A5,A,g/haul,3.1000,items/haul,26,SBF,-9,-9
LT,3,BE,11SS,BT6,DYFS,,,8,33,2021,C-TS-REV,A5,A,g/haul,0.0200,items/haul,1,SBF,-9,-9
LT,3,BE,11SS,BT6,DYFS,,,35,2,2021,C-TS-REV,A5,A,g/haul,0.1100,items/haul,2,SBF,-9,-9
LT,3,BE,11SS,BT6,DYFS,,,19,9,2021,C-TS-REV,A5,A,g/haul,0.3700,items/haul,21,SBF,-9,-9
LT,3,BE,11SS,BT6,DYFS,,,37,3,2021,C-TS-REV,A5,A,g/haul,0.0200,items/haul,1,SBF,-9,-9
LT,3,BE,11SS,BT6,DYFS,,,4,11,2021,C-TS-REV,A5,A,g/haul,0.0010,items/haul,1,SBF,-9,-9
LT,3,BE,11SS,BT6,DYFS,,,49,37,2021,C-TS-REV,A5,A,g/haul,0.1500,items/haul,2,SBF,-9,-9
LT,3,BE,11SS,BT6,DYFS,,,49,37,2021,C-TS-REV,A5,A,g/haul,18.9200,items/haul,146,SBF,-9,-9
LT,3,BE,11SS,BT6,DYFS,,,21,22,2021,C-TS-REV,A5,A,g/haul,0.0200,items/haul,1,SBF,-9,-9
LT,3,BE,11SS,BT6,DYFS,,,22,21,2021,C-TS-REV,A5,A,g/haul,1.5000,items/haul,1,SBF,-9,-9
LT,3,BE,11SS,BT6,DYFS,,,23,7,2021,C-TS-REV,A5,A,g/haul,0.3400,items/haul,7,SBF,-9,-9
LT,3,BE,11SS,BT6,DYFS,,,24,8,2021,C-TS-REV,A5,A,g/haul,0.4200,items/haul,8,SBF,-9,-9
LT,3,BE,11SS,BT6,DYFS,,,27,19,2021,C-TS-REV,A5,A,g/haul,1.4800,items/haul,23,SBF,-9,-9
LT,3,BE,11SS,BT6,DYFS,,,28,23,2021,C-TS-REV,A5,A,g/haul,0.0800,items/haul,1,SBF,-9,-9
LT,3,BE,11SS,BT6,DYFS,,,35,32,2020,C-TS-REV,A5,A,kg/haul,0.0003,items/haul,1,-9,-9,-9
LT,3,BE,11SS,BT6,DYFS,,,26,19,2020,C-TS-REV,A5,A,kg/haul,0.0000,items/haul,1,-9,-9,-9
LT,3,BE,11SS,BT6,DYFS,,,16,5,2021,C-TS-REV,A5,A,g/haul,0.7100,items/haul,12,SBF,-9,-9
LT,3,BE,11SS,BT6,DYFS,,,18,26,2021,C-TS-REV,A5,A,g/haul,6.3200,items/haul,4,SBF,-9,-9
LT,3,BE,11SS,BT6,DYFS,,,19,9,2021,C-TS-REV,A5,A,g/haul,0.1900,items/haul,4,SBF,-9,-9
LT,3,BE,11SS,BT6,DYFS,,,20,24,2021,C-TS-REV,A5,A,g/haul,1.7200,items/haul,2,SBF,-9,-9
LT,3,BE,11SS,BT6,DYFS,,,13,2,2020,C-TS-REV,A5,A,kg/haul,0.0000,items/haul,1,-9,-9,-9
LT,3,BE,11SS,BT6,DYFS,,,12,20,2020,C-TS-REV,A5,A,kg/haul,0.0000,items/haul,1,-9,-9,-9
LT,3,BE,11SS,BT6,DYFS,,,23,4,2020,C-TS-REV,A5,A,kg/haul,0.0000,items/haul,1,-9,-9,-9
LT,3,BE,11SS,BT6,DYFS,,,20,29,2020,C-TS-REV,A5,A,kg/haul,0.0000,items/haul,1,-9,-9,-9
LT,3,BE,11SS,BT6,DYFS,,,92,16,2020,C-TS-REV,A5,A,kg/haul,0.0002,items/haul,1,-9,-9,-9
LT,3,BE,11SS,BT6,DYFS,,,27,14,2020,C-TS-REV,A5,A,kg/haul,0.0000,items/haul,1,-9,-9,-9
LT,3,BE,11SS,BT6,DYFS,,,38,15,2018,C-TS-REV,A5,A,kg/haul,0.0000,items/haul,1,-9,-9,-9
LT,3,BE,11SS,BT6,DYFS,,,9,19,2018,C-TS-REV,A5,A,kg/haul,0.0000,items/haul,1,-9,-9,-9
LT,3,BE,11SS,BT6,DYFS,,,3,9,2020,C-TS-REV,A5,A,kg/haul,0.0000,items/haul,1,-9,-9,-9
LT,3,BE,11SS,BT6,DYFS,,,1,8,2020,C-TS-REV,A5,A,kg/haul,0.0001,items/haul,1,-9,-9,-9
LT,3,BE,11SS,BT6,DYFS,,,17,3,2020,C-TS-REV,A5,A,kg/haul,0.0000,items/haul,1,-9,-9,-9
LT,3,BE,11SS,BT6,DYFS,,,18,22,2020,C-TS-REV,A5,A,kg/haul,0.0001,items/haul,1,-9,-9,-9
LT,3,BE,11SS,BT6,DYFS,,,10,30,2021,C-TS-REV,A5,A,g/haul,0.7100,items/haul,6,SBF,-9,-9
LT,3,BE,11SS,BT6,DYFS,,,11,25,2021,C-TS-REV,A5,A,g/haul,0.1800,items/haul,2,SBF,-9,-9
LT,3,BE,11SS,BT6,DYFS,,,12,31,2021,C-TS-REV,A5,A,g/haul,0.0010,items/haul,1,SBF,-9,-9
LT,3,BE,11SS,BT6,DYFS,,,13,29,2021,C-TS-REV,A5,A,g/haul,5.1400,items/haul,7,SBF,-9,-9
LT,3,BE,11SS,BT6,DYFS,,,14,27,2021,C-TS-REV,A5,A,g/haul,0.0100,items/haul,1,SBF,-9,-9
LT,3,BE,11SS,BT6,DYFS,,,2,13,2018,C-TS-REV,A5,A,kg/haul,0.0004,items/haul,1,-9,-9,AO
LT,3,BE,11SS,BT6,DYFS,,,20,30,2022,C-TS-REV,A5,14,g/haul,0.3000,items/haul,1,SBF,-9,AO~CL7
LT,3,BE,11SS,BT6,DYFS,,,92,24,2022,C-TS-REV,A5,14,g/haul,0.0800,items/haul,1,SBF,-9,CL2
LT,3,BE,11SS,BT6,DYFS,,,93,16,2022,C-TS-REV,A5,14,g/haul,0.3000,items/haul,1,SBF,-9,CL4
LT,3,BE,11SS,BT6,DYFS,,,16,18,2022,C-TS-REV,A5,14,g/haul,0.0100,items/haul,1,SBF,-9,CL4
LT,3,BE,11SS,BT6,DYFS,,,5,12,2022,C-TS-REV,A5,14,g/haul,0.3300,items/haul,1,SBF,-9,CL2
LT,3,BE,11SS,BT6,DYFS,,,1,4,2021,C-TS-REV,A5,A,g/haul,0.0100,items/haul,1,SBF,-9,-9
LT,3,BE,11SS,BT6,DYFS,,,35,13,2022,C-TS-REV,A5,14,g/haul,0.1400,items/haul,1,SBF,-9,AO~CL4
LT,3,BE,11SS,BT6,DYFS,,,3,10,2022,C-TS-REV,A5,14,g/haul,0.2500,items/haul,2,SBF,-9,CL7
LT,3,BE,11SS,BT6,DYFS,,,3,10,2022,C-TS-REV,A5,14,g/haul,0.2000,items/haul,2,SBF,-9,CL7
LT,3,BE,11SS,BT6,DYFS,,,3,10,2022,C-TS-REV,A5,14,g/haul,0.1900,items/haul,2,SBF,-9,CL7
LT,3,BE,11SS,BT6,DYFS,,,3,10,2022,C-TS-REV,A5,14,g/haul,2.7500,items/haul,10,SBF,-9,AO~CL4
LT,3,BE,11SS,BT6,DYFS,,,3,10,2022,C-TS-REV,A5,14,g/haul,8.8400,items/haul,6,SBF,-9,AO~CL4
LT,3,BE,11SS,BT6,DYFS,,,37,7,2022,C-TS-REV,A5,14,g/haul,0.2500,items/haul,1,SBF,-9,AO~CL4
LT,3,BE,11SS,BT6,DYFS,,,37,7,2022,C-TS-REV,A5,14,g/haul,0.0600,items/haul,1,SBF,-9,CL4
LT,3,BE,11SS,BT6,DYFS,,,4,6,2022,C-TS-REV,A5,14,g/haul,0.6400,items/haul,1,SBF,-9,AO~CL7
LT,3,BE,11SS,BT6,DYFS,,,4,6,2022,C-TS-REV,A5,14,g/haul,0.2000,items/haul,1,SBF,-9,AO~CL7
LT,3,BE,11SS,BT6,DYFS,,,4,6,2022,C-TS-REV,A5,14,g/haul,0.2100,items/haul,2,SBF,-9,CL2
LT,3,BE,11SS,BT6,DYFS,,,4,6,2022,C-TS-REV,A5,14,g/haul,0.7500,items/haul,1,SBF,-9,CL4
LT,3,BE,11SS,BT6,DYFS,,,18,5,2022,C-TS-REV,A5,14,g/haul,3.0000,items/haul,1,SBF,-9,AO~CL7
LT,3,BE,11SS,BT6,DYFS,,,14,3,2022,C-TS-REV,A5,14,g/haul,2.5500,items/haul,1,SBF,-9,AO~CL4
LT,3,BE,11SS,BT6,DYFS,,,14,3,2022,C-TS-REV,A5,14,g/haul,0.3300,items/haul,1,SBF,-9,AO~CL7
LT,3,BE,11SS,BT6,DYFS,,,14,3,2022,C-TS-REV,A5,14,g/haul,0.3600,items/haul,1,SBF,-9,AO~CL4
LT,3,BE,11SS,BT6,DYFS,,,12,2,2022,C-TS-REV,A5,14,g/haul,0.1000,items/haul,1,SBF,-9,AO~CL7
LT,3,BE,11SS,BT6,DYFS,,,12,2,2022,C-TS-REV,A5,14,g/haul,0.5000,items/haul,2,SBF,-9,AO~CL4
LT,3,BE,11SS,BT6,DYFS,,,28,31,2022,C-TS-REV,A5,14,g/haul,0.0200,items/haul,1,SBF,-9,CL4
LT,3,BE,11SS,BT6,DYFS,,,11,29,2022,C-TS-REV,A5,14,g/haul,0.1500,items/haul,1,SBF,-9,CL7
LT,3,BE,11SS,BT6,DYFS,,,20,30,2022,C-TS-REV,A5,14,g/haul,0.1000,items/haul,1,SBF,-9,AO~CL4
LT,3,BE,11SS,BT6,DYFS,,,12,2,2022,C-TS-REV,A5,14,g/haul,0.0100,items/haul,1,SBF,-9,AO~CL4
LT,3,BE,11SS,BT6,DYFS,,,12,2,2022,C-TS-REV,A5,14,g/haul,1.1400,items/haul,1,SBF,-9,AO~CL4
LT,3,BE,11SS,BT6,DYFS,,,12,2,2022,C-TS-REV,A5,14,g/haul,0.3000,items/haul,1,SBF,-9,AO~CL2
LT,3,BE,11SS,BT6,DYFS,,,26,19,2020,C-TS-REV,A5,C,kg/haul,0.0033,items/haul,8,-9,-9,-9
LT,3,BE,11SS,BT6,DYFS,,,92,16,2020,C-TS-REV,A5,C,kg/haul,0.0001,items/haul,1,-9,-9,-9
LT,3,BE,11SS,BT6,DYFS,,,49,13,2020,C-TS-REV,A5,C,kg/haul,0.0043,items/haul,3,-9,-9,AO
LT,3,BE,11SS,BT6,DYFS,,,26,33,2022,C-TS-REV,A5,14,g/haul,0.1400,items/haul,1,SBF,-9,CL7
LT,3,BE,11SS,BT6,DYFS,,,26,33,2022,C-TS-REV,A5,14,g/haul,0.0900,items/haul,1,SBF,-9,CL4
LT,3,BE,11SS,BT6,DYFS,,,26,33,2022,C-TS-REV,A5,14,g/haul,0.4400,items/haul,1,SBF,-9,AO~CL4
LT,3,BE,11SS,BT6,DYFS,,,14,21,2020,C-TS-REV,A5,C,kg/haul,0.0009,items/haul,1,-9,-9,-9
LT,3,BE,11SS,BT6,DYFS,,,12,20,2020,C-TS-REV,A5,C,kg/haul,0.0005,items/haul,1,-9,-9,-9
LT,3,BE,11SS,BT6,DYFS,,,8,24,2020,C-TS-REV,A5,C,kg/haul,0.0002,items/haul,1,-9,-9,-9
LT,3,BE,11SS,BT6,DYFS,,,35,32,2020,C-TS-REV,A5,C,kg/haul,0.0003,items/haul,1,-9,-9,-9
LT,3,BE,11SS,BT6,DYFS,,,28,28,2020,C-TS-REV,A5,C,kg/haul,0.0007,items/haul,4,-9,-9,AO
LT,3,BE,11SS,BT6,DYFS,,,24,6,2020,C-TS-REV,A5,C,kg/haul,0.0002,items/haul,1,-9,-9,-9
LT,3,BE,11SS,BT6,DYFS,,,4,7,2020,C-TS-REV,A8,A,kg/haul,0.0007,items/haul,1,-9,-9,-9
LT,3,BE,11SS,BT6,DYFS,,,13,2,2020,C-TS-REV,A8,A,kg/haul,0.0001,items/haul,1,-9,-9,-9
LT,3,BE,11SS,BT6,DYFS,,,26,19,2020,C-TS-REV,A8,A,kg/haul,0.0004,items/haul,1,-9,-9,-9
LT,3,BE,11SS,BT6,DYFS,,,93,15,2020,C-TS-REV,A8,A,kg/haul,0.0011,items/haul,1,-9,-9,-9
LT,3,BE,11SS,BT6,DYFS,,,92,16,2020,C-TS-REV,A8,A,kg/haul,0.0009,items/haul,1,-9,-9,-9
LT,3,BE,11SS,BT6,DYFS,,,19,9,2021,C-TS-REV,A8,A,g/haul,0.0100,items/haul,1,SBF,-9,-9
LT,3,BE,11SS,BT6,DYFS,,,26,19,2020,C-TS-REV,A8,B,kg/haul,0.0048,items/haul,1,-9,-9,-9
LT,3,BE,11SS,BT6,DYFS,,,17,19,2022,C-TS-REV,A8,B,g/haul,0.1900,items/haul,1,-9,-9,-9
LT,3,BE,11SS,BT6,DYFS,,,19,9,2021,C-TS-REV,A8,A,g/haul,0.1300,items/haul,3,SBF,-9,-9
LT,3,BE,11SS,BT6,DYFS,,,3,14,2021,C-TS-REV,A8,A,g/haul,0.5700,items/haul,1,SBF,-9,-9
LT,3,BE,11SS,BT6,DYFS,,,6,32,2021,C-TS-REV,A8,A,g/haul,0.3300,items/haul,1,SBF,-9,-9
LT,3,BE,11SS,BT6,DYFS,,,93,18,2021,C-TS-REV,A8,A,g/haul,0.0600,items/haul,1,SBF,-9,-9
LT,3,BE,11SS,BT6,DYFS,,,4,6,2022,C-TS-REV,A8,F,g/haul,18350.0000,items/haul,1,SBF,-9,-9
LT,3,BE,11SS,BT6,DYFS,,,2,33,2020,C-TS-REV,A8,F,kg/haul,0.0393,items/haul,1,-9,-9,-9
LT,3,BE,11SS,BT6,DYFS,,,3,27,2019,C-TS-REV,E2,C,kg/haul,0.0049,items/haul,-9,-9,-9,AO
LT,3,BE,11SS,BT6,DYFS,,,3,27,2019,C-TS-REV,C6,A,kg/haul,0.0015,items/haul,-9,-9,-9,AO
LT,3,BE,11SS,BT6,DYFS,,,27,27,2022,C-TS-REV,C6,A,g/haul,1.4000,items/haul,3,-9,-9,-9
LT,3,BE,11SS,BT6,DYFS,,,4,7,2020,C-TS-REV,C6,B,kg/haul,0.0003,items/haul,1,-9,-9,-9
LT,3,BE,11SS,BT6,DYFS,,,37,10,2020,C-TS-REV,C6,B,kg/haul,0.0030,items/haul,1,-9,-9,-9
LT,3,BE,11SS,BT6,DYFS,,,4,7,2020,C-TS-REV,A10,C,kg/haul,0.0025,items/haul,1,-9,-9,-9
LT,3,BE,11SS,BT6,DYFS,,,3,10,2022,C-TS-REV,A10,14,g/haul,9.3300,items/haul,1,-9,-9,-9
LT,3,BE,11SS,BT6,DYFS,,,12,2,2022,C-TS-REV,A10,14,g/haul,53.0700,items/haul,1,-9,-9,-9
LT,3,BE,11SS,BT6,DYFS,,,3,10,2022,C-TS-REV,A10,A,g/haul,2.8800,items/haul,1,-9,-9,CL3
LT,3,BE,11SS,BT6,DYFS,,,27,27,2022,C-TS-REV,A10,A,g/haul,1.2500,items/haul,1,-9,-9,-9
LT,3,BE,11SS,BT6,DYFS,,,49,37,2021,C-TS-REV,A10,A,g/haul,0.1600,items/haul,4,LB,-9,-9
LT,3,BE,11SS,BT6,DYFS,,,20,30,2022,C-TS-REV,A10,13,g/haul,0.0500,items/haul,1,-9,-9,-9
LT,3,BE,11SS,BT6,DYFS,,,1,8,2020,C-TS-REV,A10,B,kg/haul,0.0001,items/haul,1,-9,-9,-9
LT,3,BE,11SS,BT6,DYFS,,,3,9,2020,C-TS-REV,A10,B,kg/haul,0.0002,items/haul,1,-9,-9,-9
LT,3,BE,11SS,BT6,DYFS,,,93,15,2020,C-TS-REV,A10,B,kg/haul,0.0002,items/haul,1,-9,-9,-9
LT,3,BE,11SS,BT6,DYFS,,,20,30,2022,C-TS-REV,A10,11,g/haul,0.1000,items/haul,1,-9,-9,-9
LT,3,BE,11SS,BT6,DYFS,,,49,28,2022,C-TS-REV,A10,12,g/haul,0.0100,items/haul,1,-9,-9,CL5
LT,3,BE,11SS,BT6,DYFS,,,7,29,2018,C-TS-REV,F1,C,kg/haul,0.0130,items/haul,1,-9,-9,AO
LT,3,BE,11SS,BT6,DYFS,,,92,28,2018,C-TS-REV,F1,C,kg/haul,0.0250,items/haul,1,-9,-9,AO
LT,3,BE,11SS,BT6,DYFS,,,35,12,2018,C-TS-REV,F1,A,kg/haul,0.0000,items/haul,1,-9,-9,-9
LT,3,BE,11SS,BT6,DYFS,,,23,30,2019,C-TS-REV,F1,A,kg/haul,0.0011,items/haul,-9,-9,-9,AO
LT,3,BE,11SS,BT6,DYFS,,,37,7,2022,C-TS-REV,F1,A,g/haul,0.1400,items/haul,1,-9,-9,-9
LT,3,BE,11SS,BT6,DYFS,,,93,18,2021,C-TS-REV,F1,A,g/haul,4.4500,items/haul,1,LB,-9,-9
LT,3,BE,11SS,BT6,DYFS,,,5,31,2020,C-TS-REV,F1,F,kg/haul,0.0194,items/haul,1,-9,-9,-9
LT,3,BE,11SS,BT6,DYFS,,,35,12,2018,C-TS-REV,F1,B,kg/haul,0.0040,items/haul,1,-9,-9,-9
LT,3,BE,11SS,BT6,DYFS,,,4,7,2020,C-TS-REV,F1,B,kg/haul,0.0041,items/haul,1,-9,-9,AO
LT,3,BE,11SS,BT6,DYFS,,,27,14,2020,C-TS-REV,F1,B,kg/haul,0.0052,items/haul,1,-9,-9,-9
LT,3,BE,11SS,BT6,DYFS,,,3,10,2022,C-TS-REV,F1,B,g/haul,41.3000,items/haul,1,-9,-9,-9
LT,3,BE,11SS,BT6,DYFS,,,2,33,2020,C-TS-REV,F1,E,kg/haul,0.0540,items/haul,2,-9,-9,AO
LT,3,BE,11SS,BT6,DYFS,,,7,29,2018,C-TS-REV,C5,D,kg/haul,0.1660,items/haul,1,-9,-9,AO
LT,3,BE,11SS,BT6,DYFS,,,4,7,2020,C-TS-REV,B8,B,kg/haul,0.0010,items/haul,1,-9,-9,-9
LT,3,BE,11SS,BT6,DYFS,,,21,27,2020,C-TS-REV,E3,A,kg/haul,0.0004,items/haul,1,-9,-9,-9
LT,3,BE,11SS,BT6,DYFS,,,10,12,2019,C-TS-REV,A11,A,kg/haul,0.0002,items/haul,-9,-9,-9,AO
LT,3,BE,11SS,BT6,DYFS,,,10,12,2019,C-TS-REV,A11,A,kg/haul,0.0015,items/haul,-9,-9,-9,AO
LT,3,BE,11SS,BT6,DYFS,,,10,12,2019,C-TS-REV,A11,A,kg/haul,0.0002,items/haul,-9,-9,-9,AO
LT,3,BE,11SS,BT6,DYFS,,,27,14,2019,C-TS-REV,A11,A,kg/haul,0.0026,items/haul,-9,-9,-9,AO
LT,3,BE,11SS,BT6,DYFS,,,49,13,2020,C-TS-REV,A11,A,kg/haul,0.0004,items/haul,1,-9,-9,-9
LT,3,BE,11SS,BT6,DYFS,,,10,1,2022,C-TS-REV,A11,A,g/haul,0.2300,items/haul,1,-9,-9,-9
LT,3,BE,11SS,BT6,DYFS,,,4,7,2020,C-TS-REV,A11,B,kg/haul,0.0005,items/haul,3,-9,-9,-9
LT,3,BE,11SS,BT6,DYFS,,,2,33,2020,C-TS-REV,A11,B,kg/haul,0.0026,items/haul,3,-9,-9,-9
LT,3,BE,11SS,BT6,DYFS,,,93,15,2020,C-TS-REV,A11,B,kg/haul,0.0017,items/haul,1,-9,-9,-9
LT,3,BE,11SS,BT6,DYFS,,,93,16,2022,C-TS-REV,A11,B,g/haul,2.8000,items/haul,1,-9,-9,-9
LT,3,BE,11SS,BT6,DYFS,,,27,14,2019,C-TS-REV,A11,D,kg/haul,0.0249,items/haul,-9,-9,-9,AO
LT,3,BE,11SS,BT6,DYFS,,,27,7,2018,C-TS-REV,A11,B,kg/haul,0.0090,items/haul,1,-9,-9,AO
LT,3,BE,11SS,BT6,DYFS,,,23,9,2018,C-TS-REV,A11,B,kg/haul,0.0040,items/haul,1,-9,-9,AO
LT,3,BE,11SS,BT6,DYFS,,,16,33,2019,C-TS-REV,A11,B,kg/haul,0.0009,items/haul,-9,-9,-9,-9
LT,3,BE,11SS,BT6,DYFS,,,23,30,2019,C-TS-REV,A11,B,kg/haul,0.0011,items/haul,-9,-9,-9,-9
LT,3,BE,11SS,BT6,DYFS,,,49,13,2019,C-TS-REV,A11,B,kg/haul,0.0039,items/haul,-9,-9,-9,AO
LT,3,BE,11SS,BT6,DYFS,,,92,8,2019,C-TS-REV,A11,B,kg/haul,0.0013,items/haul,-9,-9,-9,AO
LT,3,BE,11SS,BT6,DYFS,,,7,36,2021,C-TS-REV,A11,A,g/haul,2.4400,items/haul,1,LB,-9,-9
LT,3,BE,11SS,BT6,DYFS,,,3,9,2022,C-TS-REV,A11,A,g/haul,0.2100,items/haul,1,LB,-9,CL3
LT,3,BE,11SS,BT6,DYFS,,,23,21,2022,C-TS-REV,A11,A,g/haul,1.2700,items/haul,2,LB,-9,AO
LT,3,BE,11SS,BT6,DYFS,,,27,27,2022,C-TS-REV,A11,A,g/haul,2.0500,items/haul,3,LB,-9,-9
LT,3,BE,11SS,BT6,DYFS,,,4,11,2021,C-TS-REV,A11,A,g/haul,1.0000,items/haul,1,LB,-9,-9
LT,3,BE,11SS,BT6,DYFS,,,1,15,2022,C-TS-REV,A11,A,g/haul,0.4800,items/haul,2,LB,-9,-9
LT,3,BE,11SS,BT6,DYFS,,,49,6,2018,C-TS-REV,E1,A,kg/haul,0.0210,items/haul,2,-9,-9,-9
LT,3,BE,11SS,BT6,DYFS,,,93,15,2020,C-TS-REV,E1,A,kg/haul,0.0057,items/haul,1,-9,-9,-9
LT,3,BE,11SS,BT6,DYFS,,,2,33,2020,C-TS-REV,B2,C,kg/haul,0.0313,items/haul,2,-9,-9,-9
LT,3,BE,11SS,BT6,DYFS,,,7,9,2019,C-TS-REV,B2,C,kg/haul,0.0161,items/haul,-9,-9,-9,AO
LT,3,BE,11SS,BT6,DYFS,,,93,15,2020,C-TS-REV,E5,B,kg/haul,0.0376,items/haul,4,-9,-9,-9
LT,3,BE,11SS,BT6,DYFS,,,2,33,2020,C-TS-REV,C2,B,kg/haul,0.0020,items/haul,1,-9,-9,-9
LT,3,BE,11SS,BT6,DYFS,,,4,7,2020,C-TS-REV,A4,C,kg/haul,0.0038,items/haul,2,-9,-9,-9
LT,3,BE,11SS,BT6,DYFS,,,2,33,2020,C-TS-REV,A4,A,kg/haul,0.0008,items/haul,1,-9,-9,-9
LT,3,BE,11SS,BT6,DYFS,,,2,33,2020,C-TS-REV,A4,A,kg/haul,0.0017,items/haul,1,-9,-9,AO
LT,3,BE,11SS,BT6,DYFS,,,37,10,2020,C-TS-REV,A4,A,kg/haul,0.0002,items/haul,1,-9,-9,-9
LT,3,BE,11SS,BT6,DYFS,,,37,7,2022,C-TS-REV,A4,A,g/haul,0.5200,items/haul,1,-9,-9,-9
LT,3,BE,11SS,BT6,DYFS,,,49,28,2022,C-TS-REV,A4,A,g/haul,1.0100,items/haul,1,-9,-9,CL4
LT,3,BE,11SS,BT6,DYFS,,,49,37,2021,C-TS-REV,A4,A,g/haul,0.2400,items/haul,1,LB,-9,-9
LT,3,BE,11SS,BT6,DYFS,,,14,27,2021,C-TS-REV,A4,A,g/haul,0.2300,items/haul,1,LB,-9,-9
LT,3,BE,11SS,BT6,DYFS,,,21,27,2020,C-TS-REV,A4,B,kg/haul,0.0028,items/haul,1,-9,-9,-9
LT,3,BE,11SS,BT6,DYFS,,,92,16,2020,C-TS-REV,A4,B,kg/haul,0.0006,items/haul,1,-9,-9,-9
LT,3,BE,11SS,BT6,DYFS,,,26,33,2022,C-TS-REV,A1,A,g/haul,3.3000,items/haul,1,LB,-9,-9
LT,3,BE,11SS,BT6,DYFS,,,7,9,2019,C-TS-REV,A1,D,kg/haul,15.6450,items/haul,-9,-9,-9,AO
LT,3,BE,11SS,BT6,DYFS,,,4,6,2022,C-TS-REV,B1,B,g/haul,6.8000,items/haul,1,-9,-9,-9
