RecordType,Survey,Quarter,Country,Ship,Gear,SweepLngt,GearExp,DoorType,StNo,HaulNo,Year,month,Day,TimeShot,Stratum,HaulDur,DayNight,ShootLat,ShootLong,HaulLat,HaulLong,StatRec,Depth,HaulVal,HydroStNo,StdSpecRecCode,BycSpecRecCode,DataType,Netopening,Rigging,Tickler,Distance,Warplngt,Warpdia,WarpDen,DoorSurface,DoorWgt,DoorSpread,WingSpread,Buoyancy,KiteDim,WgtGroundRope,TowDir,GroundSpeed,SpeedWater,SurCurDir,SurCurSpeed,BotCurDir,BotCurSpeed,WindDir,WindSpeed,SwellDir,SwellHeight,SurTemp,BotTemp,SurSal,BotSal,ThermoCline,ThClineDepth,CodendMesh,SecchiDepth,Turbidity,TidePhase,TideSpeed,PelSampType,MinTrawlDepth,MaxTrawlDepth
HH,EVHOE,4,FR,35HT,GOV,100,D,-9,S0922,98,2014,11,13,0848,4,30,D,49.0602,-10.5602,49.0764,-10.6021,27D9,147,V,S0922,1,1,R,3.9000,-9,,3542,490,26,,4.5000,1300,90.0,,145,0.7000,210,288,3.8000,3.5000,,,,,194,19,,,,,,,,,,,,,,,,
HH,EVHOE,4,FR,35HT,GOV,100,D,-9,S0923,99,2014,11,13,1106,5,31,D,49.0656,-10.8054,49.0996,-10.8005,27D9,164,V,S0923,1,1,R,4.1000,-9,,3800,541,26,,4.5000,1300,92.0,,145,0.7000,210,285,3.9000,3.6000,,,,,225,18,,,,,,,,,,,,,,,,
HH,EVHOE,4,FR,35HT,GOV,100,D,-9,S0924,100,2014,11,13,1433,4,31,D,49.5085,-10.7917,49.5164,-10.8427,28D9,160,V,S0924,1,1,R,4.0000,-9,,3785,525,26,,4.5000,1300,95.0,,145,0.7000,210,271,3.9000,3.7000,,,,,212,29,,,,,,,,,,,,,,,,
HH,EVHOE,4,FR,35HT,GOV,100,D,-9,S0925,101,2014,11,13,1640,5,31,D,49.5242,-10.8894,49.5165,-10.8406,28D9,166,V,S0925,1,1,R,4.3000,-9,,3629,526,26,,4.5000,1300,93.0,,145,0.7000,210,112,3.7000,3.5000,,,,,194,23,,,,,,,,,,,,,,,,
HH,EVHOE,4,FR,35HT,GOV,100,D,-9,S0926,102,2014,11,14,0850,4,31,D,49.7206,-10.5007,49.7544,-10.4989,28D9,139,V,S0926,1,1,R,4.3000,-9,,3766,480,26,,4.5000,1300,89.0,,145,0.7000,210,350,3.9000,3.7000,,,,,208,15,,,,,,,,,,,,,,,,
HH,EVHOE,4,FR,35HT,GOV,100,D,-9,S0927,103,2014,11,14,1104,4,31,D,49.7552,-10.1625,49.7335,-10.1226,28D9,143,V,S0927,1,1,R,4.3000,-9,,3766,492,26,,4.5000,1300,91.0,,145,0.7000,210,139,3.9000,3.3000,,,,,221,21,,,,,,,,,,,,,,,,
HH,EVHOE,4,FR,35HT,GOV,100,D,-9,S0928,104,2014,11,14,1401,4,31,D,49.4979,-9.7844,49.5324,-9.7860,27E0,147,V,S0928,1,1,R,4.1000,-9,,3836,491,26,,4.5000,1300,89.0,,145,0.7000,210,268,3.9000,4.2000,,,,,219,14,,,,,,,,,,,,,,,,
HH,EVHOE,4,FR,35HT,GOV,100,D,-9,S0929,105,2014,11,14,1616,4,31,D,49.4100,-9.8481,49.4276,-9.8947,27E0,147,V,S0929,1,1,R,4.0000,-9,,3902,501,26,,4.5000,1300,94.0,,145,0.7000,210,74,4.2000,3.6000,,,,,56,20,,,,,,,,,,,,,,,,
HH,EVHOE,4,FR,35HT,GOV,100,D,-9,S0930,106,2014,11,15,0846,4,30,D,48.9579,-9.1945,48.9817,-9.1587,26E0,160,V,S0930,1,1,R,4.0000,-9,,3709,531,26,,4.5000,1300,93.0,,145,0.7000,210,46,3.9000,3.2000,,,,,197,22,,,,,,,,,,,,,,,,
HH,EVHOE,4,FR,35HT,GOV,100,D,-9,S0931,107,2014,11,15,1217,4,31,D,48.7644,-8.5835,48.7889,-8.5468,26E1,152,V,S0931,1,1,R,4.0000,-9,,3818,501,26,,4.5000,1300,90.0,,145,0.7000,210,43,4.0000,4.0000,,,,,206,8,,,,,,,,,,,,,,,,
HH,EVHOE,4,FR,35HT,GOV,100,D,-9,S0932,108,2014,11,15,1424,4,31,D,48.6890,-8.4277,48.7039,-8.3806,26E1,131,V,S0932,1,1,R,4.0000,-9,,3834,482,26,,4.5000,1300,89.0,,145,0.7000,210,61,4.0000,4.1000,,,,,257,6,,,,,,,,,,,,,,,,
HH,EVHOE,4,FR,35HT,GOV,100,D,-9,S0933,109,2014,11,15,1607,4,31,D,48.7644,-8.2375,48.7920,-8.2080,26E1,161,V,S0933,1,1,R,3.9000,-9,,3753,521,26,,4.5000,1300,92.0,,145,0.7000,210,35,3.9000,3.9000,,,,,276,5,,,,,,,,,,,,,,,,
HH,EVHOE,4,FR,35HT,GOV,100,D,-9,S0934,110,2014,11,16,0832,4,31,D,48.4117,-6.3512,48.3893,-6.3138,25E3,139,V,S0934,1,1,R,3.7000,-9,,3708,482,26,,4.5000,1300,89.0,,145,0.7000,210,134,3.9000,3.8000,,,,,315,14,,,,,,,,,,,,,,,,
HH,EVHOE,4,FR,35HT,GOV,100,D,-9,R0423,75,2013,11,8,1011,6,31,D,47.5679,-7.1782,47.5625,-7.2265,24E2,220,V,,1,1,R,3.8000,-9,,3667,731,24,,,1300,104.0,23.0,,,,281,,,,,,,301,27,,,,,,,,,,,,,,,,
HH,EVHOE,4,FR,35HT,GOV,100,D,-9,R0425,77,2013,11,8,1526,5,30,D,47.6014,-6.9218,47.5740,-6.9480,24E3,179,V,,1,1,R,4.0000,-9,,3630,559,24,,,1300,100.0,22.0,,,,214,,,,,,,290,30,,,,,,,,,,,,,,,,
HH,EVHOE,4,FR,35HT,GOV,100,D,-9,R0373,29,2013,10,26,0652,4,30,D,45.4980,-3.0625,45.5053,-3.1087,19E6,149,V,,1,1,R,4.0000,-9,,3685,498,24,,,1300,90.0,20.0,,,,285,,,,,,,241,5,,,,,,,,,,,,,,,,
HH,EVHOE,4,FR,35HT,GOV,50,D,-9,R0369,26,2013,10,25,0922,3,30,D,45.3831,-2.6413,45.3508,-2.6305,19E7,126,V,,1,1,R,4.2000,-9,,3685,438,24,,,1300,87.0,19.0,,,,165,,,,,,,162,14,,,,,,,,,,,,,,,,
HH,EVHOE,4,FR,35HT,GOV,100,D,-9,R0370,27,2013,10,25,1132,4,30,D,45.2850,-2.7888,45.2619,-2.7554,19E7,134,V,,1,1,R,4.2000,-9,,3667,474,24,,,1300,86.0,19.0,,,,138,,,,,,,191,19,,,,,,,,,,,,,,,,
HH,EVHOE,4,FR,35HT,GOV,100,D,-9,R0371,28,2013,10,25,1514,7,30,D,45.2645,-3.2645,45.2950,-3.2817,19E6,516,V,,1,1,R,4.1000,-9,,3648,1351,24,,,1300,107.0,18.0,,,,332,,,,,,,202,8,,,,,,,,,,,,,,,,
HH,EVHOE,4,FR,35HT,GOV,50,D,-9,R0364,22,2013,10,24,0836,2,30,D,45.1054,-1.4279,45.1387,-1.4302,19E8,46,V,,1,1,R,4.2000,-9,,3704,199,24,,,1300,59.0,,,,,79,,,,,,,140,24,,,,,,,,,,,,,,,,
HH,EVHOE,4,FR,35HT,GOV,50,D,-9,R0363,21,2013,10,24,0635,1,30,D,45.0852,-1.2650,45.1180,-1.2647,19E8,30,V,,1,1,R,,-9,,3648,148,24,,,1300,53.0,,,,,44,,,,,,,131,19,,,,,,,,,,,,,,,,
HH,EVHOE,4,FR,35HT,GOV,50,D,-9,R0361,20,2013,10,23,1353,3,30,D,45.0356,-1.9451,45.0679,-1.9458,19E8,105,V,,1,1,R,4.1000,-9,,3593,396,24,,,1300,76.0,21.0,,,,345,,,,,,,244,15,,,,,,,,,,,,,,,,
HH,EVHOE,4,FR,35HT,GOV,100,D,-9,R0360,19,2013,10,23,1030,5,29,D,44.6092,-2.0182,44.6352,-1.9896,18E7,166,V,,1,1,R,3.6000,-9,,3667,542,24,,,1300,94.0,20.0,,,,37,,,,,,,222,8,,,,,,,,,,,,,,,,
HH,EVHOE,4,FR,35HT,GOV,100,D,-9,R0359,18,2013,10,23,0843,6,29,D,44.5948,-2.1373,44.5625,-2.1282,18E7,355,V,,1,1,R,4.0000,-9,,3648,998,24,,,1300,108.0,22.0,,,,170,,,,,,,249,14,,,,,,,,,,,,,,,,
HH,EVHOE,4,FR,35HT,GOV,100,D,-9,R0358,17,2013,10,23,0651,7,29,D,44.5729,-2.1528,44.6056,-2.1617,18E7,453,V,,1,1,R,3.5000,-9,,3704,1251,24,,,1300,113.0,23.0,,,,248,,,,,,,246,10,,,,,,,,,,,,,,,,
HH,EVHOE,4,FR,35HT,GOV,50,D,-9,R0341,5,2013,10,20,0641,1,29,D,44.5708,-1.3267,44.5389,-1.3139,18E8,-9,V,,1,1,R,4.9000,-9,,3685,149,24,,,1300,,19.0,,,,164,,,,,,,199,8,,,,,,,,,,,,,,,,
HH,EVHOE,4,FR,35HT,GOV,50,D,-9,R0342,6,2013,10,20,0857,1,30,D,44.4524,-1.3214,44.4184,-1.3262,17E8,31,V,,1,1,R,,-9,,3797,158,24,,,1300,51.0,26.0,,,,186,,,,,,,209,8,,,,,,,,,,,,,,,,
HH,EVHOE,4,FR,35HT,GOV,100,D,-9,R0356,16,2013,10,22,1511,4,30,D,44.4396,-2.0366,44.4727,-2.0293,17E7,156,V,,1,1,R,3.8000,-9,,3723,509,24,,,1300,90.0,18.0,,,,18,,,,,,,168,31,,,,,,,,,,,,,,,,
HH,EVHOE,4,FR,35HT,GOV,50,D,-9,R0343,7,2013,10,20,1114,2,30,D,44.2327,-1.4158,44.1993,-1.4203,17E8,44,V,,1,1,R,,-9,,3723,199,24,,,1300,56.0,17.0,,,,193,,,,,,,201,14,,,,,,,,,,,,,,,,
HH,EVHOE,4,FR,35HT,GOV,100,D,-9,R0355,15,2013,10,22,1248,4,28,D,44.2124,-1.8610,44.2429,-1.8819,17E8,128,V,,1,1,R,3.5000,-9,,3778,446,24,,,1300,91.0,17.0,,,,325,,,,,,,168,12,,,,,,,,,,,,,,,,
HH,EVHOE,4,FR,35HT,GOV,100,D,-9,R0354,14,2013,10,22,1048,4,30,D,44.1307,-1.9964,44.1647,-1.9903,17E8,150,V,,1,1,R,3.4000,-9,,3797,496,24,,,1300,95.0,14.0,,,,12,,,,,,,166,26,,,,,,,,,,,,,,,,
HH,EVHOE,4,FR,35HT,GOV,50,D,-9,R0344,8,2013,10,20,1329,1,29,D,44.0967,-1.3761,44.0647,-1.3887,17E8,34,V,,1,1,R,4.9000,-9,,3704,159,24,,,1300,53.0,16.0,,,,202,,,,,,,240,9,,,,,,,,,,,,,,,,
HH,EVHOE,4,FR,35HT,GOV,100,D,-9,R0353,13,2013,10,22,0903,6,31,D,44.0550,-2.0947,44.0867,-2.0791,17E7,301,V,,1,1,R,3.8000,-9,,3723,850,24,,,1300,101.0,16.0,,,,24,,,,,,,166,20,,,,,,,,,,,,,,,,
HH,EVHOE,4,FR,35HT,GOV,100,D,-9,R0352,12,2013,10,22,0656,7,30,D,43.9663,-2.1587,43.9991,-2.1514,16E7,496,V,,1,1,R,4.3000,-9,,3685,1352,24,,,1300,106.0,17.0,,,,48,,,,,,,166,23,,,,,,,,,,,,,,,,
HH,EVHOE,4,FR,35HT,GOV,100,D,-9,R0349,11,2013,10,21,1218,5,30,D,43.9072,-2.0821,43.9400,-2.0799,16E7,168,V,,1,1,R,4.0000,-9,,3648,555,24,,,1300,91.0,20.0,,,,295,,,,,,,173,20,,,,,,,,,,,,,,,,
HH,EVHOE,4,FR,35HT,GOV,50,D,-9,R0348,10,2013,10,21,0915,3,30,D,43.8991,-1.7369,43.9315,-1.7258,16E8,117,V,,1,1,R,4.0000,-9,,3704,418,24,,,1300,70.0,20.0,,,,16,,,,,,,178,18,,,,,,,,,,,,,,,,
HH,EVHOE,4,FR,35HT,GOV,50,D,-9,R0347,9,2013,10,21,0701,3,31,D,43.6994,-1.6874,43.6982,-1.6407,16E8,116,V,,1,1,R,3.5000,-9,,3760,419,24,,,1300,70.0,20.0,,,,110,,,,,,,187,26,,,,,,,,,,,,,,,,
HH,EVHOE,4,FR,35HT,GOV,100,D,-9,V0483,4,2017,10,27,1321,4,31,D,46.4848,-3.8732,46.4590,-3.8460,21E6,139,V,V0483,1,1,R,3.7000,-9,,3543,,26,,4.5000,1300,,20.0,145,0.7000,210,,,,,,,,,,,,,,,,,,,,,,,,,
HH,EVHOE,4,FR,35HT,GOV,100,D,-9,V0484,5,2017,10,27,1649,4,31,D,46.3241,-3.2418,46.2951,-3.2228,21E6,122,V,V0484,1,1,R,3.7000,-9,,3537,,26,,4.5000,1300,,20.0,145,0.7000,210,,,,,,,,,,,,,,,,,,,,,,,,,
HH,EVHOE,4,FR,35HT,GOV,100,D,-9,V0485,6,2017,10,28,0855,4,3,D,46.1299,-3.2759,46.1275,-3.2742,21E6,131,I,V0485,1,1,-9,5.0000,-9,,294,,26,,4.5000,1300,,17.0,145,0.7000,210,,,,,,,,,,,,,,,,,,,,,,,,,
HH,EVHOE,4,FR,35HT,GOV,100,D,-9,V0486,7,2017,10,28,1211,4,30,D,46.0821,-3.5696,46.0554,-3.5960,21E6,141,V,V0486,1,1,R,1.6000,-9,,3599,,26,,4.5000,1300,,19.0,145,0.7000,210,,,,,,,,,,,,,,,,,,,,,,,,,
HH,EVHOE,4,FR,35HT,GOV,100,D,-9,V0487,8,2017,10,28,1432,4,30,D,46.1065,-3.8955,46.0750,-3.8917,21E6,147,V,V0487,1,1,R,2.5000,-9,,3518,,26,,4.5000,1300,,20.0,145,0.7000,210,,,,,,,,,,,,,,,,,,,,,,,,,
HH,EVHOE,4,FR,35HT,GOV,100,D,-9,V0488,9,2017,10,28,1627,4,31,D,45.9354,-3.7486,45.9105,-3.7216,20E6,162,V,V0488,1,1,R,4.0000,-9,,3471,,26,,4.5000,1300,,20.0,145,0.7000,210,,,,,,,,,,,,,,,,,,,,,,,,,
HH,EVHOE,4,FR,35HT,GOV,100,D,-9,V0490,10,2017,10,29,0900,4,31,D,45.8509,-3.2155,45.8776,-3.2392,20E6,132,V,V0490,1,1,R,3.9000,-9,,3494,,26,,4.5000,1300,,19.0,145,0.7000,210,,,,,,,,,,,,,,,,,,,,,,,,,
HH,EVHOE,4,FR,35HT,GOV,100,D,-9,V0491,11,2017,10,29,1053,4,32,D,45.7665,-3.3886,45.7338,-3.3824,20E6,143,V,V0491,1,1,R,,-9,,3671,,26,,4.5000,1300,,20.0,145,0.7000,210,,,,,,,,,,,,,,,,,,,,,,,,,
HH,EVHOE,4,FR,35HT,GOV,100,D,-9,R0420,72,2013,11,7,0718,4,30,D,47.6928,-5.2734,47.6939,-5.3220,24E4,134,V,,1,1,R,4.0000,-9,,3648,453,24,,,1300,93.0,21.0,,,,276,,,,,,,219,24,,,,,,,,,,,,,,,,
HH,EVHOE,4,FR,35HT,GOV,100,D,-9,R0426,78,2013,11,9,0729,5,30,D,47.7611,-7.3296,47.7788,-7.3701,24E2,191,V,,1,1,R,3.2000,-9,,3611,599,24,,,1300,99.0,21.0,,,,300,,,,,,,267,16,,,,,,,,,,,,,,,,
HH,EVHOE,4,FR,35HT,GOV,50,D,-9,V0501,20,2017,11,20,1701,2,30,D,45.7303,-1.9711,45.7318,-1.9242,20E8,72,V,V0501,1,1,R,4.5000,-9,,3648,,26,,4.5000,1300,,19.0,145,0.7000,210,,,,,,,,,,,,,,,,,,,,,,,,,
HH,EVHOE,4,FR,35HT,GOV,50,D,-9,V0502,21,2017,11,21,0914,1,31,D,45.7189,-1.4465,45.7512,-1.4470,20E8,31,V,V0502,1,1,R,4.9000,-9,,3596,,26,,4.5000,1300,,17.0,145,0.7000,210,,,,,,,,,,,,,,,,,,,,,,,,,
HH,EVHOE,4,FR,35HT,GOV,50,D,-9,V0503,22,2017,11,21,1201,1,31,D,46.0862,-1.6428,46.0765,-1.6906,21E8,27,V,V0503,1,1,R,,-9,,3845,,26,,4.5000,1300,,14.0,145,0.7000,210,,,,,,,,,,,,,,,,,,,,,,,,,
HH,EVHOE,4,FR,35HT,GOV,50,D,-9,V0504,23,2017,11,21,1414,2,30,D,46.0530,-2.0659,46.0512,-2.1107,21E7,60,V,V0504,1,1,R,4.3000,-9,,3466,,26,,4.5000,1300,,18.0,145,0.7000,210,,,,,,,,,,,,,,,,,,,,,,,,,
HH,EVHOE,4,FR,35HT,GOV,50,D,-9,V0505,24,2017,11,21,1710,2,31,D,46.4682,-2.0334,46.4971,-2.0533,21E7,36,V,V0505,1,1,R,,-9,,3560,,26,,4.5000,1300,,17.0,145,0.7000,210,,,,,,,,,,,,,,,,,,,,,,,,,
HH,EVHOE,4,FR,35HT,GOV,50,D,-9,V0506,25,2017,11,22,0914,1,31,D,46.7034,-2.2320,46.6869,-2.1951,22E7,22,V,V0506,1,1,R,5.2000,-9,,3363,,26,,4.5000,1300,,18.0,145,0.7000,210,,,,,,,,,,,,,,,,,,,,,,,,,
HH,EVHOE,4,FR,35HT,GOV,50,D,-9,V0507,26,2017,11,22,1140,2,29,D,46.6289,-2.5883,46.5992,-2.6017,22E7,63,V,V0507,1,1,R,,-9,,3461,,26,,4.5000,1300,,15.0,145,0.7000,210,,,,,,,,,,,,,,,,,,,,,,,,,
HH,EVHOE,4,FR,35HT,GOV,50,D,-9,X0584,138,2019,12,2,1529,2,30,D,51.6161,-7.4598,51.6349,-7.4171,32E2,77,V,X0584,1,1,R,3.5000,-9,,3604,,26,,4.5000,1300,68.2,18.7,145,0.7000,210,,,,,,,,,,,,11.7,,34.96,,,,,,,,,,,
HH,EVHOE,4,FR,35HT,GOV,50,D,-9,X0582,136,2019,12,2,0827,3,26,D,51.5239,-8.3510,51.5229,-8.3064,32E1,87,V,X0582,1,1,R,3.3000,-9,,3092,,26,,4.5000,1300,72.8,20.0,145,0.7000,210,,,,,,,,,,,,11.4,,34.98,,,,,,,,,,,
HH,EVHOE,4,FR,35HT,GOV,50,D,-9,X0586,140,2019,12,3,1013,2,30,D,51.4607,-5.2651,51.4310,-5.2656,31E4,69,V,X0586,1,1,R,3.6000,-9,,3304,,26,,4.5000,1300,64.2,18.5,145,0.7000,210,,,,,,,,,,,,11.2,,34.12,,,,,,,,,,,
HH,EVHOE,4,FR,35HT,GOV,50,D,-9,X0587,141,2019,12,3,1240,2,20,D,51.3750,-4.8507,51.3808,-4.8214,31E5,62,V,X0587,1,1,R,,-9,,2133,,26,,4.5000,1300,62.2,17.9,145,0.7000,210,,,,,,,,,,,,12.0,,34.69,,,,,,,,,,,
HH,EVHOE,4,FR,35HT,GOV,50,D,-9,X0583,137,2019,12,2,1118,3,31,D,51.3361,-7.7813,51.3618,-7.7513,31E2,91,V,X0583,1,1,R,3.4000,-9,,3539,,26,,4.5000,1300,70.4,19.5,145,0.7000,210,,,,,,,,,,,,11.2,,35.03,,,,,,,,,,,
HH,EVHOE,4,FR,35HT,GOV,50,D,-9,X0585,139,2019,12,3,0757,2,32,D,51.2484,-5.4980,51.2768,-5.5264,31E4,77,V,X0585,1,1,R,3.5000,-9,,3717,,26,,4.5000,1300,62.7,17.9,145,0.7000,210,,,,,,,,,,,,12.0,,35.07,,,,,,,,,,,
HH,EVHOE,4,FR,35HT,GOV,50,D,-9,X0588,142,2019,12,3,1514,2,30,D,51.0896,-5.0829,51.0955,-5.1317,31E4,70,V,X0588,1,1,R,3.8000,-9,,3468,,26,,4.5000,1300,61.8,18.1,145,0.7000,210,,,,,,,,,,,,11.6,,35.12,,,,,,,,,,,
HH,EVHOE,4,FR,35HT,GOV,100,D,-9,X0575,129,2019,11,30,1136,5,30,D,50.9148,-10.8450,50.8844,-10.8338,30D9,171,V,X0575,1,1,R,,-9,,3474,,26,,4.5000,1300,99.9,20.5,145,0.7000,210,,,,,,,,,,,,11.0,,35.19,,,,,,,,,,,
HH,EVHOE,4,FR,35HT,GOV,100,D,-9,X0579,133,2019,12,1,1051,4,30,D,50.9090,-9.6477,50.9325,-9.6217,30E0,120,V,X0579,1,1,R,3.3000,-9,,3189,,26,,4.5000,1300,72.3,20.1,145,0.7000,210,,,,,,,,,,,,11.0,,35.02,,,,,,,,,,,
HH,EVHOE,4,FR,35HT,GOV,50,D,-9,X0581,135,2019,12,1,1541,3,30,D,50.8818,-9.0926,50.9088,-9.1155,30E0,119,V,X0581,1,1,R,3.2000,-9,,3406,,26,,4.5000,1300,80.2,21.6,145,0.7000,210,,,,,,,,,,,,11.1,,35.04,,,,,,,,,,,
HH,EVHOE,4,FR,35HT,GOV,100,D,-9,X0580,134,2019,12,1,1342,4,31,D,50.7511,-9.2619,50.7538,-9.2135,30E0,123,V,X0580,1,1,R,3.5000,-9,,3416,,26,,4.5000,1300,90.9,19.6,145,0.7000,210,,,,,,,,,,,,11.1,,35.04,,,,,,,,,,,
HH,EVHOE,4,FR,35HT,GOV,100,D,-9,X0578,132,2019,12,1,0816,4,31,D,50.7437,-9.9514,50.7478,-9.9034,30E0,123,V,X0578,1,1,R,3.5000,-9,,3401,,26,,4.5000,1300,92.1,19.7,145,0.7000,210,,,,,,,,,,,,11.0,,35.01,,,,,,,,,,,
HH,EVHOE,4,FR,35HT,GOV,100,D,-9,X0577,131,2019,11,30,1610,4,30,D,50.7175,-10.5023,50.7170,-10.4521,30D9,159,V,X0577,1,1,R,3.4000,-9,,3530,,26,,4.5000,1300,101.6,21.0,145,0.7000,210,,,,,,,,,,,,11.0,,35.10,,,,,,,,,,,
HH,EVHOE,4,FR,35HT,GOV,100,D,-9,X0576,130,2019,11,30,1357,5,31,D,50.7172,-10.7673,50.7168,-10.7204,30D9,171,V,X0576,1,1,R,3.5000,-9,,3298,,26,,4.5000,1300,95.1,20.1,145,0.7000,210,,,,,,,,,,,,11.1,,35.20,,,,,,,,,,,
HH,EVHOE,4,FR,35HT,GOV,50,D,-9,X0591,145,2019,12,4,1242,3,30,D,50.6660,-7.3432,50.6647,-7.2935,30E2,107,V,X0591,1,1,R,3.5000,-9,,3499,,26,,4.5000,1300,70.0,19.3,145,0.7000,210,,,,,,,,,,,,11.3,,35.19,,,,,,,,,,,
HH,EVHOE,4,FR,35HT,GOV,50,D,-9,X0589,143,2019,12,4,0801,3,31,D,50.6452,-7.7813,50.6583,-7.8253,30E2,112,V,X0589,1,1,R,3.3000,-9,,3422,,26,,4.5000,1300,76.1,20.7,145,0.7000,210,,,,,,,,,,,,11.2,,35.22,,,,,,,,,,,
HH,EVHOE,4,FR,35HT,GOV,50,D,-9,X0590,144,2019,12,4,0941,3,30,D,50.5513,-7.9100,50.5219,-7.9229,30E2,119,V,X0590,1,1,R,3.4000,-9,,3398,,26,,4.5000,1300,76.5,20.8,145,0.7000,210,,,,,,,,,,,,11.2,,35.21,,,,,,,,,,,
HH,EVHOE,4,FR,35HT,GOV,100,D,-9,X0573,127,2019,11,29,1449,4,30,D,50.5011,-10.0273,50.5301,-10.0526,30D9,140,V,X0573,1,1,R,3.5000,-9,,3703,,26,,4.5000,1300,96.5,20.5,145,0.7000,210,,,,,,,,,,,,11.1,,35.02,,,,,,,,,,,
HH,EVHOE,4,FR,35HT,GOV,50,D,-9,X0557,111,2019,11,25,1111,3,30,D,50.4535,-8.1973,50.4335,-8.2337,29E1,117,V,X0557,1,1,R,,-9,,3399,,26,,4.5000,1300,73.4,21.1,145,0.7000,210,,,,,,,,,,,,11.5,,35.26,,,,,,,,,,,
HH,EVHOE,4,FR,35HT,GOV,100,D,-9,X0558,112,2019,11,25,1344,4,30,D,50.4339,-8.5809,50.4166,-8.6151,29E1,128,V,X0558,1,1,R,,-9,,3094,,26,,4.5000,1300,95.5,20.9,145,0.7000,210,,,,,,,,,,,,11.3,,35.24,,,,,,,,,,,
HH,EVHOE,4,FR,35HT,GOV,50,D,-9,X0592,146,2019,12,4,1458,3,30,D,50.4318,-7.1912,50.4015,-7.2076,29E2,110,V,X0592,1,1,R,3.4000,-9,,3566,,26,,4.5000,1300,73.9,20.1,145,0.7000,210,,,,,,,,,,,,11.3,,35.17,,,,,,,,,,,
HH,EVHOE,4,FR,35HT,GOV,100,D,-9,X0569,123,2019,11,28,1531,5,30,D,50.3437,-10.6270,50.3704,-10.5966,29D9,166,V,X0569,1,1,R,3.2000,-9,,3659,,26,,4.5000,1300,97.8,20.4,145,0.7000,210,,,,,,,,,,,,11.2,,35.17,,,,,,,,,,,
HH,EVHOE,4,FR,35HT,GOV,100,D,-9,X0568,122,2019,11,28,1229,6,31,D,50.3358,-10.8302,50.3672,-10.8213,29D9,207,V,X0568,1,1,R,3.2000,-9,,3547,,26,,4.5000,1300,96.0,20.4,145,0.7000,210,,,,,,,,,,,,11.4,,35.29,,,,,,,,,,,
HH,EVHOE,4,FR,35HT,GOV,50,D,-9,X0559,113,2019,11,25,1534,3,30,D,50.3197,-8.6912,50.3279,-8.7373,29E1,119,V,X0559,1,1,R,3.5000,-9,,3395,,26,,4.5000,1300,76.9,20.8,145,0.7000,210,,,,,,,,,,,,11.2,,35.24,,,,,,,,,,,
HH,EVHOE,4,FR,35HT,GOV,100,D,-9,X0572,126,2019,11,29,1240,4,30,D,50.3034,-10.0669,50.2998,-10.0220,29D9,129,V,X0572,1,1,R,3.4000,-9,,3208,,26,,4.5000,1300,94.9,20.0,145,0.7000,210,,,,,,,,,,,,11.1,,35.06,,,,,,,,,,,
HH,EVHOE,4,FR,35HT,GOV,100,D,-9,X0571,125,2019,11,29,1028,4,30,D,50.2327,-10.4051,50.2293,-10.3591,29D9,143,V,X0571,1,1,R,3.6000,-9,,3288,,26,,4.5000,1300,87.1,19.1,145,0.7000,210,,,,,,,,,,,,11.2,,35.13,,,,,,,,,,,
HH,EVHOE,4,FR,35HT,GOV,50,D,-9,X0556,110,2019,11,25,0756,3,31,D,50.0822,-8.0565,50.0837,-8.1105,29E1,109,V,X0556,1,1,R,3.4000,-9,,3850,,26,,4.5000,1300,77.0,21.1,145,0.7000,210,,,,,,,,,,,,11.5,,35.22,,,,,,,,,,,
HH,EVHOE,4,FR,35HT,GOV,100,D,-9,X0567,121,2019,11,28,1003,5,31,D,50.0678,-10.8923,50.0879,-10.9314,29D9,165,V,X0567,1,1,R,3.4000,-9,,3566,,26,,4.5000,1300,102.1,21.2,145,0.7000,210,,,,,,,,,,,,11.7,,35.33,,,,,,,,,,,
HH,EVHOE,4,FR,35HT,GOV,100,D,-9,X0570,124,2019,11,29,0806,4,30,D,50.0620,-10.2116,50.0909,-10.1983,29D9,126,V,X0570,1,1,R,3.5000,-9,,3354,,26,,4.5000,1300,85.5,18.9,145,0.7000,210,,,,,,,,,,,,11.1,,35.13,,,,,,,,,,,
HH,EVHOE,4,FR,35HT,GOV,100,D,-9,X0541,95,2019,11,17,0743,4,30,D,49.9559,-8.7250,49.9533,-8.6763,28E1,122,V,X0541,1,1,R,3.3000,-9,,3492,,26,,4.5000,1300,100.5,21.3,145,0.7000,210,,,,,,,,,,,,11.7,,35.27,,,,,,,,,,,
HH,EVHOE,4,FR,35HT,GOV,100,D,-9,X0560,114,2019,11,26,1249,4,30,D,49.9344,-9.4592,49.9071,-9.4698,28E0,125,V,X0560,1,1,R,,-9,,3123,,26,,4.5000,1300,,17.0,145,0.7000,210,,,,,,,,,,,,11.4,,35.28,,,,,,,,,,,
HH,EVHOE,4,FR,35HT,GOV,100,D,-9,X0566,120,2019,11,28,0811,6,30,D,49.9070,-10.9542,49.9360,-10.9445,28D9,261,V,X0566,1,1,R,3.2000,-9,,3287,,26,,4.5000,1300,110.1,22.2,145,0.7000,210,,,,,,,,,,,,11.5,,35.28,,,,,,,,,,,
HH,EVHOE,4,FR,35HT,GOV,100,D,-9,X0561,115,2019,11,26,1457,4,30,D,49.7669,-9.4945,49.7690,-9.5374,28E0,149,V,X0561,1,1,R,3.5000,-9,,3093,,26,,4.5000,1300,100.5,21.0,145,0.7000,210,,,,,,,,,,,,11.4,,35.26,,,,,,,,,,,
HH,EVHOE,4,FR,35HT,GOV,100,D,-9,X0562,116,2019,11,27,0806,4,30,D,49.7458,-10.4995,49.7114,-10.5001,28D9,137,V,X0562,1,1,R,3.4000,-9,,3831,,26,,4.5000,1300,97.1,20.7,145,0.7000,210,,,,,,,,,,,,11.3,,35.22,,,,,,,,,,,
HH,EVHOE,4,FR,35HT,GOV,100,D,-9,X0542,96,2019,11,17,1002,4,31,D,49.7447,-8.4671,49.7326,-8.4204,28E1,140,V,X0542,1,1,R,3.4000,-9,,3614,,26,,4.5000,1300,93.7,20.3,145,0.7000,210,,,,,,,,,,,,11.9,,35.29,,,,,,,,,,,
HH,EVHOE,4,FR,35HT,GOV,100,D,-9,X0555,109,2019,11,24,1221,4,30,D,49.5950,-7.3243,49.6251,-7.2978,28E2,124,V,X0555,1,1,R,3.4000,-9,,3845,,26,,4.5000,1300,94.1,20.4,145,0.7000,210,,,,,,,,,,,,11.5,,35.13,,,,,,,,,,,
HH,EVHOE,4,FR,35HT,GOV,100,D,-9,X0543,97,2019,11,17,1157,4,30,D,49.5625,-8.3089,49.5312,-8.3132,28E1,136,V,X0543,1,1,R,3.3000,-9,,3492,,26,,4.5000,1300,97.2,21.2,145,0.7000,210,,,,,,,,,,,,11.9,,35.31,,,,,,,,,,,
HH,EVHOE,4,FR,35HT,GOV,100,D,-9,X0563,117,2019,11,27,1056,4,20,D,49.5074,-10.7912,49.5139,-10.8250,28D9,156,V,X0563,1,1,R,2.8000,-9,,2541,,26,,4.5000,1300,99.1,20.8,145,0.7000,210,,,,,,,,,,,,11.3,,35.23,,,,,,,,,,,
HH,EVHOE,4,FR,35HT,GOV,100,D,-9,X0540,94,2019,11,16,1439,4,30,D,49.5021,-9.7852,49.5345,-9.7859,28E0,144,V,X0540,1,1,R,3.2000,-9,,3605,,26,,4.5000,1300,99.1,21.1,145,0.7000,210,,,,,,,,,,,,11.7,,35.30,,,,,,,,,,,
HH,EVHOE,4,FR,35HT,GOV,100,D,-9,X0564,118,2019,11,27,1311,6,31,D,49.5006,-11.1116,49.4693,-11.1216,28D8,204,V,X0564,1,1,R,3.3000,-9,,3543,,26,,4.5000,1300,100.5,21.0,145,0.7000,210,,,,,,,,,,,,12.0,,35.42,,,,,,,,,,,
HH,EVHOE,4,FR,35HT,GOV,100,D,-9,X0565,119,2019,11,27,1530,6,30,D,49.5003,-11.2794,49.5291,-11.2596,28D8,302,V,X0565,1,1,R,3.0000,-9,,3499,,26,,4.5000,1300,113.1,22.4,145,0.7000,210,,,,,,,,,,,,12.1,,35.42,,,,,,,,,,,
HH,EVHOE,4,FR,35HT,GOV,100,D,-9,X0544,98,2019,11,17,1403,4,30,D,49.4857,-8.0634,49.4544,-8.0664,27E1,134,V,X0544,1,1,R,3.6000,-9,,3477,,26,,4.5000,1300,87.3,19.5,145,0.7000,210,,,,,,,,,,,,11.9,,35.29,,,,,,,,,,,
HH,EVHOE,4,FR,35HT,GOV,100,D,-9,X0554,108,2019,11,24,1008,4,30,D,49.3833,-7.2067,49.4106,-7.1769,27E2,124,V,X0554,1,1,R,3.5000,-9,,3720,,26,,4.5000,1300,93.2,20.4,145,0.7000,210,,,,,,,,,,,,11.6,,35.14,,,,,,,,,,,
HH,EVHOE,4,FR,35HT,GOV,100,D,-9,X0539,93,2019,11,16,1159,4,30,D,49.2602,-9.4879,49.2836,-9.4588,27E0,149,V,X0539,1,1,R,3.3000,-9,,3348,,26,,4.5000,1300,95.0,20.7,145,0.7000,210,,,,,,,,,,,,12.2,,35.36,,,,,,,,,,,
HH,EVHOE,4,FR,35HT,GOV,100,D,-9,X0553,107,2019,11,24,0753,4,31,D,49.1408,-7.1260,49.1636,-7.0955,27E2,128,V,X0553,1,1,R,3.4000,-9,,3360,,26,,4.5000,1300,88.1,19.5,145,0.7000,210,,,,,,,,,,,,11.4,,35.15,,,,,,,,,,,
HH,EVHOE,4,FR,35HT,GOV,100,D,-9,X0545,99,2019,11,18,0741,4,30,D,49.0868,-7.3931,49.0642,-7.4288,27E2,135,V,X0545,1,1,R,3.5000,-9,,3611,,26,,4.5000,1300,86.2,18.9,145,0.7000,210,,,,,,,,,,,,12.1,,35.26,,,,,,,,,,,
HH,EVHOE,4,FR,35HT,GOV,100,D,-9,X0537,91,2019,11,15,1415,4,31,D,49.0826,-10.0460,49.0736,-10.0029,27D9,131,V,X0537,1,1,R,3.6000,-9,,3291,,26,,4.5000,1300,93.8,20.2,145,0.7000,210,,,,,,,,,,,,12.2,,35.35,,,,,,,,,,,
HH,EVHOE,4,FR,35HT,GOV,100,D,-9,X0536,90,2019,11,15,1037,4,31,D,49.0804,-10.6154,49.0648,-10.5745,27D9,147,V,X0536,1,1,R,3.3000,-9,,3442,,26,,4.5000,1300,98.3,20.8,145,0.7000,210,,,,,,,,,,,,12.2,,35.33,,,,,,,,,,,
HH,EVHOE,4,FR,35HT,GOV,100,D,-9,X0531,85,2019,11,12,1531,4,31,D,49.0271,-8.0542,49.0282,-8.0047,27E1,156,V,X0531,1,1,R,3.3000,-9,,3615,,26,,4.5000,1300,104.3,22.5,145,0.7000,210,,,,,,,,,,,,13.0,,35.39,,,,,,,,,,,
HH,EVHOE,4,FR,35HT,GOV,100,D,-9,X0593,147,2019,12,5,0759,4,30,D,48.9879,-6.8460,48.9653,-6.8741,26E3,130,V,X0593,1,1,R,,-9,,3238,,26,,4.5000,1300,92.8,20.9,145,0.7000,210,,,,,,,,,,,,11.8,,35.26,,,,,,,,,,,
HH,EVHOE,4,FR,35HT,GOV,100,D,-9,X0532,86,2019,11,13,0730,4,31,D,48.9876,-9.1522,48.9641,-9.1855,26E0,157,V,X0532,1,1,R,3.5000,-9,,3571,,26,,4.5000,1300,101.5,21.9,145,0.7000,210,,,,,,,,,,,,13.0,,35.39,,,,,,,,,,,
HH,EVHOE,4,FR,35HT,GOV,100,D,-9,X0535,89,2019,11,15,0738,5,30,D,48.9865,-10.8113,48.9601,-10.8382,26D9,161,V,X0535,1,1,R,3.5000,-9,,3534,,26,,4.5000,1300,102.3,21.9,145,0.7000,210,,,,,,,,,,,,12.5,,35.45,,,,,,,,,,,
HH,EVHOE,4,FR,35HT,GOV,100,D,-9,X0546,100,2019,11,18,0926,4,31,D,48.9283,-7.3193,48.8956,-7.3160,26E2,140,V,X0546,1,1,R,3.3000,-9,,3636,,26,,4.5000,1300,94.0,21.6,145,0.7000,210,,,,,,,,,,,,12.2,,35.33,,,,,,,,,,,
HH,EVHOE,4,FR,35HT,GOV,100,D,-9,X0594,148,2019,12,5,1004,4,31,D,48.8884,-6.5940,48.9036,-6.5513,26E3,131,V,X0594,1,1,R,3.2000,-9,,3547,,26,,4.5000,1300,97.2,22.5,145,0.7000,210,,,,,,,,,,,,12.0,,35.30,,,,,,,,,,,
HH,EVHOE,4,FR,35HT,GOV,100,D,-9,X0595,149,2019,12,5,1256,4,30,D,48.8036,-6.3163,48.7710,-6.3225,26E3,136,V,X0595,1,1,R,3.5000,-9,,3640,,26,,4.5000,1300,93.2,21.4,145,0.7000,210,,,,,,,,,,,,12.4,,35.36,,,,,,,,,,,
HH,EVHOE,4,FR,35HT,GOV,100,D,-9,X0538,92,2019,11,16,0747,5,31,D,48.7843,-9.6498,48.8035,-9.6870,26E0,175,V,X0538,1,1,R,3.4000,-9,,3453,,26,,4.5000,1300,97.4,20.7,145,0.7000,210,,,,,,,,,,,,12.5,,35.42,,,,,,,,,,,
HH,EVHOE,4,FR,35HT,GOV,100,D,-9,X0530,84,2019,11,12,1304,5,30,D,48.7686,-8.2329,48.7937,-8.2063,26E1,160,V,X0530,1,1,R,3.6000,-9,,3400,,26,,4.5000,1300,104.3,22.5,145,0.7000,210,,,,,,,,,,,,13.3,,35.43,,,,,,,,,,,
HH,EVHOE,4,FR,35HT,GOV,100,D,-9,X0596,150,2019,12,5,1523,4,30,D,48.7148,-6.6332,48.6854,-6.6492,26E3,145,V,X0596,1,1,R,3.5000,-9,,3468,,26,,4.5000,1300,95.7,22.9,145,0.7000,210,,,,,,,,,,,,12.3,,35.36,,,,,,,,,,,
HH,EVHOE,4,FR,35HT,GOV,100,D,-9,X0533,87,2019,11,13,0953,5,30,D,48.7128,-9.1798,48.6836,-9.2002,26E0,167,V,X0533,1,1,R,3.2000,-9,,3574,,26,,4.5000,1300,102.7,22.2,145,0.7000,210,,,,,,,,,,,,13.1,,35.42,,,,,,,,,,,
HH,EVHOE,4,FR,35HT,GOV,100,D,-9,X0529,83,2019,11,12,1056,5,20,D,48.6150,-8.5268,48.6263,-8.4988,26E1,167,V,X0529,1,1,R,3.3000,-9,,2408,,26,,4.5000,1300,95.3,20.5,145,0.7000,210,,,,,,,,,,,,13.4,,35.45,,,,,,,,,,,
HH,EVHOE,4,FR,35HT,GOV,100,D,-9,X0534,88,2019,11,13,1315,6,20,D,48.4997,-9.5083,48.4852,-9.5310,25E0,207,V,X0534,1,1,R,,-9,,2321,,26,,4.5000,1300,,17.0,145,0.7000,210,,,,,,,,,,,,13.0,,35.36,,,,,,,,,,,
HH,EVHOE,4,FR,35HT,GOV,100,D,-9,X0547,101,2019,11,18,1237,4,30,D,48.4582,-7.4248,48.4335,-7.4544,25E2,132,V,X0547,1,1,R,3.7000,-9,,3507,,26,,4.5000,1300,87.4,19.2,145,0.7000,210,,,,,,,,,,,,12.9,,35.46,,,,,,,,,,,
HH,EVHOE,4,FR,35HT,GOV,100,D,-9,X0552,106,2019,11,23,1259,4,30,D,48.4388,-6.4455,48.4245,-6.4811,25E3,120,V,X0552,1,1,R,,-9,,3075,,26,,4.5000,1300,90.9,20.0,145,0.7000,210,,,,,,,,,,,,12.9,,35.45,,,,,,,,,,,
HH,EVHOE,4,FR,35HT,GOV,100,D,-9,X0549,103,2019,11,19,0738,4,31,D,48.4120,-6.0237,48.4442,-6.0114,25E3,127,V,X0549,1,1,R,3.5000,-9,,3695,,26,,4.5000,1300,88.5,20.3,145,0.7000,210,,,,,,,,,,,,12.6,,35.35,,,,,,,,,,,
HH,EVHOE,4,FR,35HT,GOV,100,D,-9,W0626,93,2018,11,12,1604,4,30,D,49.1187,-9.3898,49.1149,-9.3409,27E0,155,V,W0626,1,1,C,0.0000,-9,,3575,449,26,,4.5000,1300,102.5,21.8,145,0.7000,250,110,3.8000,4.3000,,,,,259,24,,,13.0,,35.36,,,,,,,,,,,
HH,EVHOE,4,FR,35HT,GOV,100,D,-9,W0627,94,2018,11,13,0745,4,29,D,48.7613,-8.2399,48.7851,-8.2145,26E1,162,V,W0627,1,1,C,3.1000,-9,,3238,481,26,,4.5000,1300,103.1,22.1,145,0.7000,250,25,3.6000,3.8000,,,,,209,13,,,13.4,,35.44,,,,,,,,,,,
HH,EVHOE,4,FR,35HT,GOV,100,D,-9,W0628,95,2018,11,13,1014,4,30,D,49.0267,-8.0515,49.0284,-8.0039,27E1,146,V,W0628,1,1,C,3.4000,-9,,3466,462,26,,4.5000,1300,98.2,21.0,145,0.7000,250,85,3.7000,4.4000,,,,,199,20,,,13.2,,35.40,,,,,,,,,,,
HH,EVHOE,4,FR,35HT,GOV,100,D,-9,W0629,96,2018,11,13,1310,4,26,D,49.0587,-7.4369,49.0774,-7.4082,27E2,135,V,W0629,1,1,C,3.9000,-9,,2944,420,26,,4.5000,1300,83.7,18.2,145,0.7000,250,49,3.6000,4.7000,,,,,194,19,,,13.3,,35.34,,,,,,,,,,,
HH,EVHOE,4,FR,35HT,GOV,100,D,-9,W0630,97,2018,11,13,1507,4,30,D,48.9365,-7.3199,48.9066,-7.3169,26E2,140,V,W0630,1,1,C,3.5000,-9,,3333,420,26,,4.5000,1300,91.2,20.0,145,0.7000,250,180,3.6000,4.8000,,,,,194,25,,,13.3,,35.38,,,,,,,,,,,
HH,EVHOE,4,FR,35HT,GOV,100,D,-9,W0631,98,2018,11,14,0740,4,20,D,48.4638,-7.4194,48.4474,-7.4371,25E2,137,V,W0631,1,1,C,3.6000,-9,,2235,420,26,,4.5000,1300,90.3,19.4,145,0.7000,250,211,3.5000,4.6000,,,,,178,26,,,13.5,,35.44,,,,,,,,,,,
HH,EVHOE,4,FR,35HT,GOV,100,D,-9,W0632,99,2018,11,14,1015,4,30,D,48.3779,-6.9895,48.3694,-6.9447,25E3,140,V,W0632,1,1,C,3.2000,-9,,3438,449,26,,4.5000,1300,96.8,20.6,145,0.7000,250,113,3.6000,3.8000,,,,,185,26,,,13.4,,35.41,,,,,,,,,,,
HH,EVHOE,4,FR,35HT,GOV,100,D,-9,W0633,100,2018,11,14,1235,4,30,D,48.2198,-6.6414,48.2187,-6.5977,25E3,141,V,W0633,1,1,C,3.4000,-9,,3240,450,26,,4.5000,1300,93.2,19.9,145,0.7000,250,93,3.5000,4.7000,,,,,179,20,,,13.4,,35.42,,,,,,,,,,,
HH,EVHOE,4,FR,35HT,GOV,100,D,-9,W0634,101,2018,11,14,1549,4,25,D,48.3726,-6.5828,48.3729,-6.6235,25E3,138,V,W0634,1,1,C,3.2000,-9,,3015,451,26,,4.5000,1300,100.6,21.1,145,0.7000,250,261,3.8000,4.3000,,,,,168,19,,,13.3,,35.40,,,,,,,,,,,
HH,EVHOE,4,FR,35HT,GOV,100,D,-9,W0635,102,2018,11,15,0758,4,29,D,47.9127,-5.7861,47.9342,-5.7546,24E4,134,V,W0635,1,1,C,3.5000,-9,,3345,400,26,,4.5000,1300,91.2,20.1,145,0.7000,250,49,3.7000,4.1000,,,,,144,18,,,13.2,,35.38,,,,,,,,,,,
HH,EVHOE,4,FR,35HT,GOV,100,D,-9,W0636,103,2018,11,17,0806,4,30,D,48.4124,-6.5322,48.4289,-6.4912,25E3,124,V,W0636,1,1,C,3.4000,-9,,3540,393,26,,4.5000,1300,97.7,21.0,145,0.7000,250,78,3.8000,4.0000,,,,,119,25,,,13.3,,35.42,,,,,,,,,,,
HH,EVHOE,4,FR,35HT,GOV,100,D,-9,W0637,104,2018,11,17,1118,4,29,D,48.6902,-6.6460,48.7174,-6.6318,26E3,147,V,W0637,1,1,C,3.2000,-9,,3201,449,26,,4.5000,1300,101.0,22.6,145,0.7000,250,29,3.6000,3.5000,,,,,115,26,,,13.3,,35.36,,,,,,,,,,,
HH,EVHOE,4,FR,35HT,GOV,100,D,-9,W0638,105,2018,11,17,1413,4,30,D,48.8843,-6.6069,48.8982,-6.5668,26E3,131,V,W0638,1,1,C,3.5000,-9,,3311,400,26,,4.5000,1300,96.5,21.2,145,0.7000,250,68,3.5000,4.5000,,,,,98,25,,,13.2,,35.32,,,,,,,,,,,
HH,EVHOE,4,FR,35HT,GOV,100,D,-9,W0639,106,2018,11,18,0747,4,30,D,49.4533,-8.0656,49.4855,-8.0626,27E1,133,V,W0639,1,1,C,3.6000,-9,,3591,419,26,,4.5000,1300,95.7,19.9,145,0.7000,250,26,3.8000,3.9000,,,,,106,36,,,12.9,,35.34,,,,,,,,,,,
HH,EVHOE,4,FR,35HT,GOV,50,D,-9,Q0847,12,2012,10,21,1451,1,30,D,43.6896,-1.4846,43.7203,-1.4720,16E8,26,V,,1,1,R,,-9,,,145,24,,,1300,,,,,,5,3.8000,,,,,,300,12,,,,,,,,,,,,,,,,
HH,EVHOE,4,FR,35HT,GOV,100,D,-9,Q0854,17,2012,10,22,1546,4,29,D,43.8335,-1.9945,43.7998,-1.9931,16E8,146,V,,1,1,R,,-9,,,500,24,,,1300,,,,,,176,3.7000,,,,,,53,4,,,,,,,,,,,,,,,,
HH,EVHOE,4,FR,35HT,GOV,100,D,-9,Q0853,16,2012,10,22,1307,5,30,D,43.9220,-2.0985,43.8888,-2.0943,16E7,185,V,,1,1,R,,-9,,,600,24,,,1300,,,,,,172,3.8000,,,,,,116,6,,,,,,,,,,,,,,,,
HH,EVHOE,4,FR,35HT,GOV,50,D,-9,Q0846,11,2012,10,21,1149,3,30,D,43.9299,-1.7266,43.8990,-1.7368,16E8,116,V,,1,1,R,,-9,,,420,24,,,1300,,,,,,191,3.6000,,,,,,341,9,,,,,,,,,,,,,,,,
HH,EVHOE,4,FR,35HT,GOV,100,D,-9,Q0852,15,2012,10,22,1109,4,31,D,43.9496,-2.0344,43.9168,-2.0335,16E7,148,V,,1,1,R,,-9,,,500,24,,,1300,,,,,,173,3.6000,,,,,,105,6,,,,,,,,,,,,,,,,
HH,EVHOE,4,FR,35HT,GOV,100,D,-9,Q0851,14,2012,10,22,0908,7,30,D,44.0071,-2.1497,43.9752,-2.1581,17E7,503,V,,1,1,R,,-9,,,1350,24,,,1300,,,,,,192,4.0000,,,,,,112,8,,,,,,,,,,,,,,,,
HH,EVHOE,4,FR,35HT,GOV,100,D,-9,Q0850,13,2012,10,22,0705,6,30,D,44.0906,-2.0676,44.0632,-2.0930,17E7,264,V,,1,1,R,,-9,,,850,24,,,1300,,,,,,225,3.5000,,,,,,129,12,,,,,,,,,,,,,,,,
HH,EVHOE,4,FR,35HT,GOV,50,D,-9,Q0845,10,2012,10,21,0852,1,30,D,44.1955,-1.3393,44.1640,-1.3470,17E8,27,V,,1,1,R,,-9,,,150,24,,,1300,,,,,,190,3.8000,,,,,,14,5,,,,,,,,,,,,,,,,
HH,EVHOE,4,FR,35HT,GOV,50,D,-9,Q0844,9,2012,10,21,0635,3,30,D,44.2589,-1.5834,44.2263,-1.5961,17E8,98,V,,1,1,R,,-9,,,370,24,,,1300,,,,,,198,3.9000,,,,,,10,15,,,,,,,,,,,,,,,,
HH,EVHOE,4,FR,35HT,GOV,100,D,-9,Q0857,19,2012,10,23,0845,7,29,D,44.5771,-2.1537,44.6095,-2.1607,18E7,442,V,,1,1,R,,-9,,,1250,24,,,1300,,,,,,16,3.7000,,,,,,63,12,,,,,,,,,,,,,,,,
HH,EVHOE,4,FR,35HT,GOV,100,D,-9,Q0856,18,2012,10,23,0642,6,29,D,44.5949,-2.1373,44.5625,-2.1274,18E7,351,V,,1,1,R,,-9,,,1000,24,,,1300,,,,,,152,3.8000,,,,,,67,10,,,,,,,,,,,,,,,,
HH,EVHOE,4,FR,35HT,GOV,50,D,-9,Q0843,8,2012,10,20,1348,2,30,D,44.6207,-1.3579,44.5882,-1.3496,18E8,32,V,,1,1,R,,-9,,,175,24,,,1300,,,,,,172,3.9000,,,,,,338,13,,,,,,,,,,,,,,,,
HH,EVHOE,4,FR,35HT,GOV,100,D,-9,Q0858,20,2012,10,23,1134,5,30,D,44.6338,-1.9932,44.6094,-2.0238,18E8,172,V,,1,1,R,,-9,,,560,24,,,1300,,,,,,226,3.7000,,,,,,7,7,,,,,,,,,,,,,,,,
HH,EVHOE,4,FR,35HT,GOV,50,D,-9,Q0842,7,2012,10,20,1210,2,30,D,44.7698,-1.3735,44.7371,-1.3758,18E8,31,V,,1,1,R,,-9,,,160,24,,,1300,,,,,,184,3.6000,,,,,,357,6,,,,,,,,,,,,,,,,
HH,EVHOE,4,FR,35HT,GOV,100,D,-9,Q0859,21,2012,10,23,1402,4,30,D,44.7824,-2.0509,44.8124,-2.0710,18E7,156,V,,1,1,R,,-9,,,530,24,,,1300,,,,,,339,3.8000,,,,,,12,13,,,,,,,,,,,,,,,,
HH,EVHOE,4,FR,35HT,GOV,50,D,-9,Q0861,22,2012,10,24,0642,3,30,D,45.1357,-2.1652,45.1586,-2.1999,19E7,174,V,,1,1,R,,-9,,,415,24,,,1300,,,,,,310,3.7000,,,,,,102,12,,,,,,,,,,,,,,,,
HH,EVHOE,4,FR,35HT,GOV,50,D,-9,Q0841,6,2012,10,20,0849,1,30,D,45.2483,-1.2779,45.2154,-1.2786,19E8,31,V,,1,1,R,,-9,,,150,24,,,1300,,,,,,180,3.8000,,,,,,97,5,,,,,,,,,,,,,,,,
HH,EVHOE,4,FR,35HT,GOV,100,D,-9,Q0866,26,2012,10,25,0657,6,29,D,45.2520,-3.1077,45.2262,-3.1361,19E6,354,V,,1,1,R,,-9,,,1100,24,,,1300,,,,,,208,3.6000,,,,,,74,9,,,,,,,,,,,,,,,,
HH,EVHOE,4,FR,35HT,GOV,100,D,-9,Q0864,25,2012,10,24,1553,4,30,D,45.2613,-2.7547,45.2846,-2.7892,19E7,133,V,,1,1,R,,-9,,,471,24,,,1300,,,,,,321,3.8000,,,,,,81,17,,,,,,,,,,,,,,,,
HH,EVHOE,4,FR,35HT,GOV,100,D,-9,Q0867,27,2012,10,25,0907,7,31,D,45.2708,-3.2730,45.3002,-3.2784,19E6,517,V,,1,1,R,,-9,,,1351,24,,,1300,,,,,,28,3.6000,,,,,,117,12,,,,,,,,,,,,,,,,
HH,EVHOE,4,FR,35HT,GOV,50,D,-9,Q0840,5,2012,10,20,0636,2,30,D,45.4367,-1.4886,45.4081,-1.5117,19E8,43,V,,1,1,R,,-9,,,210,24,,,1300,,,,,,211,3.8000,,,,,,102,8,,,,,,,,,,,,,,,,
HH,EVHOE,4,FR,35HT,GOV,50,D,-9,Q0862,23,2012,10,24,0930,3,29,D,45.4552,-2.1167,45.4887,-2.1162,19E7,93,V,,1,1,R,,-9,,,342,24,,,1300,,,,,,3,3.8000,,,,,,91,18,,,,,,,,,,,,,,,,
HH,EVHOE,4,FR,35HT,GOV,50,D,-9,W0584,51,2018,11,2,0933,2,30,D,46.5033,-2.0556,46.4748,-2.0386,22E7,36,V,W0584,1,1,C,4.7000,-9,,3425,130,26,,4.5000,1300,52.1,16.0,145,0.7000,250,160,3.6000,3.8000,,,,,38,7,,,13.4,,35.35,,,,,,,,,,,
HH,EVHOE,4,FR,35HT,GOV,50,D,-9,W0585,52,2018,11,2,1238,2,30,D,46.0533,-2.0712,46.0505,-2.1159,21E7,63,V,W0585,1,1,C,3.9000,-9,,3458,219,26,,4.5000,1300,67.4,18.2,145,0.7000,250,269,3.7000,4.1000,,,,,28,9,,,14.4,,35.28,,,,,,,,,,,
HH,EVHOE,4,FR,35HT,GOV,100,D,-9,W0586,53,2018,11,2,1452,3,30,D,45.8871,-2.4182,45.8580,-2.4032,20E7,100,V,W0586,1,1,C,3.3000,-9,,3434,335,26,,4.5000,1300,0.0,19.9,145,0.7000,250,151,3.7000,3.9000,,,,,27,8,,,14.9,,35.23,,,,,,,,,,,
HH,EVHOE,4,FR,35HT,GOV,50,D,-9,W0587,54,2018,11,3,0655,3,30,D,45.9727,-2.7042,45.9435,-2.6962,20E7,107,V,W0587,1,1,C,3.7000,-9,,3308,340,26,,4.5000,1300,68.1,19.0,145,0.7000,250,172,3.5000,4.1000,,,,,123,11,,,15.2,,35.23,,,,,,,,,,,
HH,EVHOE,4,FR,35HT,GOV,50,D,-9,W0588,55,2018,11,3,0919,3,30,D,46.1973,-2.8340,46.2252,-2.8103,21E7,111,V,W0588,1,1,C,3.7000,-9,,3591,340,26,,4.5000,1300,70.4,19.6,145,0.7000,250,29,3.9000,4.0000,,,,,136,10,,,15.1,,35.25,,,,,,,,,,,
HH,EVHOE,4,FR,35HT,GOV,100,D,-9,W0589,56,2018,11,3,1208,4,30,D,46.3170,-3.2370,46.2891,-3.2194,21E6,124,V,W0589,1,1,C,3.5000,-9,,3385,371,26,,4.5000,1300,91.1,20.2,145,0.7000,250,157,3.6000,3.8000,,,,,141,11,,,15.2,,35.32,,,,,,,,,,,
HH,EVHOE,4,FR,35HT,GOV,100,D,-9,W0590,57,2018,11,3,1359,4,30,D,46.1275,-3.2743,46.0982,-3.2581,21E6,132,V,W0590,1,1,C,3.7000,-9,,3488,390,26,,4.5000,1300,86.6,19.1,145,0.7000,250,152,3.7000,3.9000,,,,,136,11,,,15.4,,35.30,,,,,,,,,,,
HH,EVHOE,4,FR,35HT,GOV,100,D,-9,W0591,58,2018,11,4,0702,4,30,D,46.4882,-3.8742,46.4620,-3.8488,21E6,136,V,W0591,1,1,C,3.6000,-9,,3496,395,26,,4.5000,1300,89.3,19.3,145,0.7000,250,158,3.7000,4.8000,,,,,185,18,,,15.0,,35.46,,,,,,,,,,,
HH,EVHOE,4,FR,35HT,GOV,100,D,-9,W0592,59,2018,11,4,0846,4,30,D,46.5971,-3.9018,46.6280,-3.9094,22E6,136,V,W0592,1,1,C,3.7000,-9,,3475,400,26,,4.5000,1300,90.7,19.6,145,0.7000,250,339,3.7000,3.8000,,,,,181,15,,,15.0,,35.45,,,,,,,,,,,
HH,EVHOE,4,FR,35HT,GOV,100,D,-9,W0593,60,2018,11,4,1113,4,30,D,46.7124,-3.7268,46.7089,-3.6796,22E6,128,V,W0593,1,1,C,3.7000,-9,,3621,389,26,,4.5000,1300,96.8,20.6,145,0.7000,250,109,3.8000,4.0000,,,,,178,23,,,15.0,,35.42,,,,,,,,,,,
HH,EVHOE,4,FR,35HT,GOV,100,D,-9,W0594,61,2018,11,4,1438,4,30,D,46.9137,-4.2085,46.9310,-4.2509,22E5,135,V,W0594,1,1,C,3.7000,-9,,3746,400,26,,4.5000,1300,88.8,19.2,145,0.7000,250,300,4.0000,4.7000,,,,,155,16,,,14.3,,35.48,,,,,,,,,,,
HH,EVHOE,4,FR,35HT,GOV,50,D,-9,W0595,62,2018,11,5,0703,3,30,D,46.9975,-3.4403,47.0067,-3.3975,22E6,103,V,W0595,1,1,C,3.8000,-9,,3402,330,26,,4.5000,1300,73.5,20.0,145,0.7000,250,76,3.6000,4.7000,,,,,120,10,,,14.2,,35.39,,,,,,,,,,,
HH,EVHOE,4,FR,35HT,GOV,50,D,-9,W0596,63,2018,11,5,0850,3,30,D,47.0711,-3.1974,47.1025,-3.2031,23E6,80,V,W0596,1,1,C,4.0000,-9,,3505,260,26,,4.5000,1300,67.9,19.0,145,0.7000,250,354,3.7000,3.8000,,,,,111,14,,,13.5,,35.32,,,,,,,,,,,
HH,EVHOE,4,FR,35HT,GOV,50,D,-9,W0597,64,2018,11,5,1055,3,31,D,47.2532,-3.4581,47.2864,-3.4560,23E6,91,V,W0597,1,1,C,3.9000,-9,,3690,270,26,,4.5000,1300,67.0,18.9,145,0.7000,250,7,3.9000,3.9000,,,,,109,16,,,14.1,,35.38,,,,,,,,,,,
HH,EVHOE,4,FR,35HT,GOV,50,D,-9,W0598,65,2018,11,5,1354,3,30,D,47.2952,-3.9858,47.2663,-4.0031,23E6,110,V,W0598,1,1,C,3.6000,-9,,3462,341,26,,4.5000,1300,74.9,20.4,145,0.7000,250,200,3.7000,4.2000,,,,,127,9,,,13.7,,35.35,,,,,,,,,,,
HH,EVHOE,4,FR,35HT,GOV,50,D,-9,W0599,66,2018,11,6,0710,3,30,D,47.4293,-3.8914,47.4601,-3.8792,23E6,98,V,W0599,1,1,C,3.7000,-9,,3535,317,26,,4.5000,1300,69.8,19.5,145,0.7000,250,17,3.7000,3.8000,,,,,264,14,,,13.3,,35.34,,,,,,,,,,,
HH,EVHOE,4,FR,35HT,GOV,50,D,-9,W0600,67,2018,11,6,0910,3,30,D,47.5974,-4.1142,47.6187,-4.1497,24E5,94,V,W0600,1,1,C,3.8000,-9,,3560,290,26,,4.5000,1300,70.7,19.7,145,0.7000,250,305,3.8000,3.5000,,,,,214,17,,,13.2,,35.32,,,,,,,,,,,
HH,EVHOE,4,FR,35HT,GOV,50,D,-9,W0601,68,2018,11,6,1106,3,30,D,47.6307,-4.4012,47.6019,-4.4210,24E5,106,V,W0601,1,1,C,4.0000,-9,,3541,330,26,,4.5000,1300,66.9,18.7,145,0.7000,250,201,3.8000,4.1000,,,,,183,22,,,13.6,,35.34,,,,,,,,,,,
HH,EVHOE,4,FR,35HT,GOV,50,D,-9,W0602,69,2018,11,6,1231,3,31,D,47.5506,-4.5310,47.5261,-4.5592,24E5,114,V,W0602,1,1,C,3.7000,-9,,3440,350,26,,4.5000,1300,71.6,19.6,145,0.7000,250,214,3.6000,4.0000,,,,,179,26,,,13.6,,35.35,,,,,,,,,,,
HH,EVHOE,4,FR,35HT,GOV,100,D,-9,W0603,70,2018,11,6,1619,4,30,D,47.1683,-4.7736,47.1765,-4.8172,23E5,131,V,W0603,1,1,C,3.9000,-9,,3421,380,26,,4.5000,1300,85.7,19.1,145,0.7000,250,284,3.6000,4.2000,,,,,202,25,,,13.8,,35.37,,,,,,,,,,,
HH,EVHOE,4,FR,35HT,GOV,100,D,-9,W0604,71,2018,11,7,0720,4,30,D,47.3387,-5.2765,47.3142,-5.3095,23E4,142,V,W0604,1,1,C,3.5000,-9,,3689,389,26,,4.5000,1300,95.2,21.0,145,0.7000,250,225,3.9000,2.7000,,,,,235,24,,,13.9,,35.40,,,,,,,,,,,
HH,EVHOE,4,FR,35HT,GOV,100,D,-9,Q0868,28,2012,10,25,1206,4,30,D,45.5002,-3.0694,45.5062,-3.1151,20E6,149,V,,1,1,R,,-9,,,491,24,,,1300,,,,,,282,3.9000,,,,,,108,8,,,,,,,,,,,,,,,,
HH,EVHOE,4,FR,35HT,GOV,50,D,-9,Q0870,30,2012,10,26,0633,2,29,D,45.5142,-1.6393,45.5485,-1.6456,20E8,43,V,,1,1,R,,-9,,,226,24,,,1300,,,,,,358,3.9000,,,,,,93,12,,,,,,,,,,,,,,,,
HH,EVHOE,4,FR,35HT,GOV,100,D,-9,W0605,72,2018,11,7,1010,4,30,D,47.1014,-5.1706,47.0744,-5.1881,23E4,152,V,W0605,1,1,C,3.7000,-9,,3280,449,26,,4.5000,1300,88.3,19.5,145,0.7000,250,213,3.5000,4.3000,,,,,277,32,,,13.8,,35.37,,,,,,,,,,,
HH,EVHOE,4,FR,35HT,GOV,100,D,-9,W0606,73,2018,11,7,1245,5,30,D,47.0066,-5.2807,47.0055,-5.3215,23E4,159,V,W0606,1,1,C,3.9000,-9,,3090,479,26,,4.5000,1300,88.6,19.3,145,0.7000,250,273,3.2000,4.6000,,,,,280,25,,,14.0,,35.47,,,,,,,,,,,
HH,EVHOE,4,FR,35HT,GOV,100,D,-9,W0607,74,2018,11,7,1454,6,31,D,46.9569,-5.2500,46.9750,-5.2869,22E4,210,V,W0607,1,1,C,3.3000,-9,,3455,550,26,,4.5000,1300,98.2,21.0,145,0.7000,250,302,3.6000,4.8000,,,,,266,28,,,14.0,,35.45,,,,,,,,,,,
HH,EVHOE,4,FR,35HT,GOV,100,D,-9,W0608,75,2018,11,8,0721,4,30,D,47.6385,-5.6205,47.6063,-5.6266,24E4,135,V,W0608,1,1,C,3.8000,-9,,3604,389,26,,4.5000,1300,92.5,20.2,145,0.7000,250,183,3.8000,3.2000,,,,,176,27,,,13.9,,35.41,,,,,,,,,,,
HH,EVHOE,4,FR,35HT,GOV,100,D,-9,V0492,12,2017,10,29,1315,4,30,D,45.6505,-3.2208,45.6188,-3.2298,20E6,135,V,V0492,1,1,R,,-9,,3597,,26,,4.5000,1300,,20.0,145,0.7000,210,,,,,,,,,,,,,,,,,,,,,,,,,
HH,EVHOE,4,FR,35HT,GOV,100,D,-9,V0493,13,2017,10,29,1609,7,31,D,45.2845,-3.2802,45.2599,-3.2564,19E6,498,V,V0493,1,1,R,3.1000,-9,,3313,,26,,4.5000,1300,,22.0,145,0.7000,210,,,,,,,,,,,,,,,,,,,,,,,,,
HH,EVHOE,4,FR,35HT,GOV,50,D,-9,V0495,14,2017,11,19,0924,3,30,D,46.2100,-2.8224,46.1816,-2.8505,21E7,110,V,V0495,1,1,R,2.9000,-9,,3831,,26,,4.5000,1300,,20.0,145,0.7000,210,,,,,,,,,,,,,,,,,,,,,,,,,
HH,EVHOE,4,FR,35HT,GOV,50,D,-9,V0496,15,2017,11,19,1140,3,30,D,45.9662,-2.7041,45.9352,-2.6935,20E7,107,V,V0496,1,1,R,2.7000,-9,,3547,,26,,4.5000,1300,,20.0,145,0.7000,210,,,,,,,,,,,,,,,,,,,,,,,,,
HH,EVHOE,4,FR,35HT,GOV,50,D,-9,V0497,16,2017,11,19,1630,3,31,D,45.8854,-2.4171,45.8533,-2.4008,20E7,102,V,V0497,1,1,R,2.1000,-9,,3790,,26,,4.5000,1300,,25.0,145,0.7000,210,,,,,,,,,,,,,,,,,,,,,,,,,
HH,EVHOE,4,FR,35HT,GOV,50,D,-9,V0498,17,2017,11,20,0919,4,31,D,45.3808,-2.6419,45.3484,-2.6306,19E7,124,V,V0498,1,1,R,3.3000,-9,,3713,,26,,4.5000,1300,,16.0,145,0.7000,210,,,,,,,,,,,,,,,,,,,,,,,,,
HH,EVHOE,4,FR,35HT,GOV,50,D,-9,V0499,18,2017,11,20,1110,4,31,D,45.2844,-2.7882,45.2622,-2.7564,19E7,131,V,V0499,1,1,R,3.2000,-9,,3509,,26,,4.5000,1300,,19.0,145,0.7000,210,,,,,,,,,,,,,,,,,,,,,,,,,
HH,EVHOE,4,FR,35HT,GOV,50,D,-9,V0500,19,2017,11,20,1346,3,30,D,45.4199,-2.4120,45.3898,-2.3980,19E7,113,V,V0500,1,1,R,3.0000,-9,,3524,,26,,4.5000,1300,,23.0,145,0.7000,210,,,,,,,,,,,,,,,,,,,,,,,,,
HH,EVHOE,4,FR,35HT,GOV,50,D,-9,W0678,144,2018,11,27,1553,3,34,D,51.4731,-6.1208,51.4395,-6.1393,31E3,110,V,W0678,1,1,C,3.4000,-9,,3958,345,26,,4.5000,1300,87.0,22.8,145,0.7000,250,208,3.8000,3.4000,,,,,231,15,,,12.3,,35.06,,,,,,,,,,,
HH,EVHOE,4,FR,35HT,GOV,50,D,-9,W0679,145,2018,11,28,0752,3,31,D,51.4574,-5.2636,51.4291,-5.2656,31E4,70,V,W0679,1,1,C,3.7000,-9,,3150,269,26,,4.5000,1300,75.5,20.2,145,0.7000,250,192,3.3000,4.4000,,,,,185,39,,,12.5,,34.88,,,,,,,,,,,
HH,EVHOE,4,FR,35HT,GOV,50,D,-9,W0680,146,2018,11,29,0806,3,30,D,51.1950,-6.1307,51.1656,-6.1406,31E3,107,V,W0680,1,1,C,3.1000,-9,,3353,338,26,,4.5000,1300,83.7,21.9,145,0.7000,250,211,3.6000,4.6000,,,,,267,34,,,11.9,,35.06,,,,,,,,,,,
HH,EVHOE,4,FR,35HT,GOV,50,D,-9,W0681,147,2018,11,29,1050,3,30,D,51.2390,-6.5103,51.2584,-6.5496,31E3,118,V,W0681,1,1,C,3.4000,-9,,3482,381,26,,4.5000,1300,84.4,22.2,145,0.7000,250,291,3.7000,4.5000,,,,,219,28,,,11.7,,35.03,,,,,,,,,,,
HH,EVHOE,4,FR,35HT,GOV,100,D,-9,W0683,149,2018,11,29,1545,3,31,D,51.0943,-6.3856,51.1146,-6.3443,31E3,105,V,W0683,1,1,C,3.1000,-9,,3658,330,26,,4.5000,1300,0.0,20.0,145,0.7000,250,50,3.8000,4.9000,,,,,231,20,,,11.7,,35.05,,,,,,,,,,,
HH,EVHOE,4,FR,35HT,GOV,100,D,-9,W0684,150,2018,11,30,0751,3,30,D,50.6633,-7.8421,50.6486,-7.7961,30E2,113,V,W0684,1,1,C,3.3000,-9,,3627,360,26,,4.5000,1300,83.7,21.9,145,0.7000,250,130,3.8000,4.3000,,,,,273,23,,,11.5,,35.12,,,,,,,,,,,
HH,EVHOE,4,FR,35HT,GOV,100,D,-9,W0685,151,2018,11,30,1009,3,30,D,50.6662,-7.3490,50.6652,-7.2970,30E2,108,V,W0685,1,1,C,3.2000,-9,,3662,350,26,,4.5000,1300,80.5,21.1,145,0.7000,250,96,3.9000,4.2000,,,,,261,21,,,11.5,,35.06,,,,,,,,,,,
HH,EVHOE,4,FR,35HT,GOV,100,D,-9,W0686,152,2018,11,30,1228,3,30,D,50.4339,-7.1894,50.4047,-7.2056,29E2,111,V,W0686,1,1,C,3.2000,-9,,3440,350,26,,4.5000,1300,83.1,21.7,145,0.7000,250,211,3.7000,4.2000,,,,,262,20,,,11.4,,35.06,,,,,,,,,,,
HH,EVHOE,4,FR,35HT,GOV,100,D,-9,W0687,153,2018,11,30,1543,3,30,D,50.3621,-7.6507,50.3566,-7.6979,29E2,106,V,W0687,1,1,C,3.3000,-9,,3409,330,26,,4.5000,1300,80.8,21.4,145,0.7000,250,259,3.6000,3.7000,,,,,243,22,,,11.4,,35.10,,,,,,,,,,,
HH,EVHOE,4,FR,35HT,GOV,100,D,-9,W0688,154,2018,12,1,0759,4,31,D,49.6217,-7.3009,49.5938,-7.3242,28E2,123,V,W0688,1,1,C,3.1000,-9,,3525,390,26,,4.5000,1300,96.7,20.2,145,0.7000,250,216,3.7000,4.7000,,,,,250,25,,,11.8,,35.23,,,,,,,,,,,
HH,EVHOE,4,FR,35HT,GOV,100,D,-9,W0689,155,2018,12,1,1009,4,31,D,49.4077,-7.1792,49.3817,-7.2073,27E2,125,V,W0689,1,1,C,0.0000,-9,,3534,400,26,,4.5000,1300,94.0,20.2,145,0.7000,250,221,3.7000,4.7000,,,,,247,18,,,11.9,,35.29,,,,,,,,,,,
HH,EVHOE,4,FR,35HT,GOV,100,D,-9,W0690,156,2018,12,1,1227,4,31,D,49.1648,-7.0926,49.1412,-7.1247,27E2,130,V,W0690,1,1,C,3.4000,-9,,3505,400,26,,4.5000,1300,93.6,20.1,145,0.7000,250,228,3.7000,4.4000,,,,,239,22,,,12.3,,35.38,,,,,,,,,,,
HH,EVHOE,4,FR,35HT,GOV,100,D,-9,W0691,157,2018,12,1,1441,4,30,D,48.9856,-6.8493,48.9599,-6.8805,26E3,132,V,W0691,1,1,C,3.4000,-9,,3651,420,26,,4.5000,1300,98.2,21.2,145,0.7000,250,223,3.9000,3.7000,,,,,232,20,,,12.3,,35.36,,,,,,,,,,,
HH,EVHOE,4,FR,35HT,GOV,100,D,-9,W0692,158,2018,12,2,0757,4,31,D,48.4423,-6.0121,48.4130,-6.0233,25E3,125,V,W0692,1,1,C,0.0000,-9,,3352,379,26,,4.5000,1300,0.0,0.0,145,0.7000,250,199,3.5000,5.0000,,,,,238,25,,,12.6,,35.39,,,,,,,,,,,
HH,EVHOE,4,FR,35HT,GOV,50,D,-9,R0382,36,2013,10,27,1622,1,30,D,46.2994,-1.5053,46.2815,-1.4649,21E8,29,V,,1,1,R,4.9000,-9,,3685,154,24,,,1300,54.0,17.0,,,,130,,,,,,,226,27,,,,,,,,,,,,,,,,
HH,EVHOE,4,FR,35HT,GOV,100,D,-9,R0409,62,2013,11,4,0707,4,30,D,46.3236,-4.2360,46.3061,-4.1966,21E5,175,V,,1,1,R,3.8000,-9,,3593,558,24,,,1300,98.0,21.0,,,,108,,,,,,,277,28,,,,,,,,,,,,,,,,
HH,EVHOE,4,FR,35HT,GOV,100,D,-9,R0410,63,2013,11,4,0928,5,31,D,46.3485,-4.2442,46.3156,-4.2426,21E5,171,V,,1,1,R,3.7000,-9,,3667,549,24,,,1300,102.0,22.0,,,,185,,,,,,,292,31,,,,,,,,,,,,,,,,
HH,EVHOE,4,FR,35HT,GOV,50,D,-9,R0385,39,2013,10,28,1149,2,30,D,46.3653,-2.4804,46.3816,-2.4375,21E7,69,V,,1,1,R,4.3000,-9,,3760,278,24,,,1300,72.0,,,,,52,,,,,,,246,10,,,,,,,,,,,,,,,,
HH,EVHOE,4,FR,35HT,GOV,100,D,-9,R0397,51,2013,10,30,1513,4,30,D,46.3717,-3.9677,46.3379,-3.9651,21E6,147,V,,1,1,R,4.2000,-9,,3760,490,24,,,1300,87.0,20.0,,,,180,,,,,,,215,12,,,,,,,,,,,,,,,,
HH,EVHOE,4,FR,35HT,GOV,50,D,-9,R0384,38,2013,10,28,0930,3,30,D,46.4036,-2.7623,46.4358,-2.7691,21E7,91,V,,1,1,R,4.1000,-9,,3611,336,24,,,1300,75.0,21.0,,,,336,,,,,,,260,32,,,,,,,,,,,,,,,,
HH,EVHOE,4,FR,35HT,GOV,100,D,-9,R0388,42,2013,10,29,0923,4,30,D,46.4365,-3.4108,46.4669,-3.3924,21E6,127,V,,1,1,R,4.2000,-9,,3667,445,24,,,1300,93.0,21.0,,,,13,,,,,,,296,20,,,,,,,,,,,,,,,,
HH,EVHOE,4,FR,35HT,GOV,50,D,-9,R0389,43,2013,10,29,1118,3,30,D,46.4733,-3.3669,46.5056,-3.3526,21E6,124,V,,1,1,R,4.1000,-9,,3760,419,24,,,1300,74.0,21.0,,,,5,,,,,,,299,24,,,,,,,,,,,,,,,,
HH,EVHOE,4,FR,35HT,GOV,50,D,-9,R0390,44,2013,10,29,1349,3,29,D,46.4897,-2.9739,46.5225,-2.9796,21E7,108,V,,1,1,R,4.0000,-9,,3667,397,24,,,1300,75.0,22.0,,,,347,,,,,,,302,21,,,,,,,,,,,,,,,,
HH,EVHOE,4,FR,35HT,GOV,50,D,-9,R0386,40,2013,10,28,1440,2,30,D,46.5047,-2.0580,46.4737,-2.0386,22E7,36,V,,1,1,R,4.4000,-9,,3741,,24,,,1300,113.0,,,,,165,,,,,,,255,31,,,,,,,,,,,,,,,,
HH,EVHOE,4,FR,35HT,GOV,100,D,-9,R0411,64,2013,11,4,1319,4,30,D,46.5174,-4.5023,46.5023,-4.4581,22E5,155,V,,1,1,R,3.6000,-9,,3778,499,24,,,1300,96.0,21.0,,,,129,,,,,,,303,22,,,,,,,,,,,,,,,,
HH,EVHOE,4,FR,35HT,GOV,100,D,-9,R0414,67,2013,11,5,1009,5,30,D,46.5353,-4.7058,46.5617,-4.7279,22E5,182,V,,1,1,R,3.6000,-9,,3389,580,24,,,1300,98.0,21.0,,,,316,,,,,,,274,32,,,,,,,,,,,,,,,,
HH,EVHOE,4,FR,35HT,GOV,100,D,-9,R0412,65,2013,11,4,1529,4,29,D,46.5843,-4.2211,46.6154,-4.2348,22E5,151,V,,1,1,R,4.0000,-9,,3611,498,24,,,1300,93.0,21.0,,,,332,,,,,,,286,28,,,,,,,,,,,,,,,,
HH,EVHOE,4,FR,35HT,GOV,100,D,-9,R0413,66,2013,11,5,0727,7,30,D,46.6201,-4.9288,46.5871,-4.9274,22E5,503,V,,1,1,R,3.8000,-9,,3667,1349,24,,,1300,119.0,24.0,,,,203,,,,,,,259,30,,,,,,,,,,,,,,,,
HH,EVHOE,4,FR,35HT,GOV,100,D,-9,R0396,50,2013,10,30,1204,4,30,D,46.7081,-3.6650,46.7111,-3.7126,22E6,129,V,,1,1,R,4.2000,-9,,3630,447,24,,,1300,91.0,21.0,,,,272,,,,,,,202,13,,,,,,,,,,,,,,,,
HH,EVHOE,4,FR,35HT,GOV,100,D,-9,R0415,68,2013,11,5,1306,4,30,D,46.7274,-4.3474,46.6975,-4.3247,22E5,142,V,,1,1,R,3.8000,-9,,3741,490,24,,,1300,93.0,21.0,,,,168,,,,,,,287,28,,,,,,,,,,,,,,,,
HH,EVHOE,4,FR,35HT,GOV,50,D,-9,R0391,45,2013,10,29,1610,3,30,D,46.7339,-2.9989,46.7516,-2.9585,22E7,85,V,,1,1,R,4.3000,-9,,3648,324,24,,,1300,68.0,20.0,,,,54,,,,,,,306,16,,,,,,,,,,,,,,,,
HH,EVHOE,4,FR,35HT,GOV,100,D,-9,R0416,69,2013,11,6,0707,6,30,D,46.7644,-4.9895,46.7346,-4.9691,22E5,226,V,,1,1,R,3.4000,-9,,3648,658,24,,,1300,99.0,21.0,,,,153,,,,,,,250,22,,,,,,,,,,,,,,,,
HH,EVHOE,4,FR,35HT,GOV,50,D,-9,R0394,48,2013,10,30,0654,3,30,D,46.7676,-3.2099,46.7975,-3.2312,22E6,104,V,,1,1,R,4.2000,-9,,3704,393,24,,,1300,75.0,22.0,,,,330,,,,,,,253,9,,,,,,,,,,,,,,,,
HH,EVHOE,4,FR,35HT,GOV,100,D,-9,R0406,59,2013,11,3,0713,4,31,D,46.8810,-4.7817,46.9102,-4.7565,22E5,151,V,,1,1,R,4.2000,-9,,3760,509,24,,,1300,93.0,21.0,,,,26,,,,,,,276,22,,,,,,,,,,,,,,,,
HH,EVHOE,4,FR,35HT,GOV,50,D,-9,Y0325,37,2020,11,2,1101,2,30,D,43.7255,-1.4869,43.6941,-1.4887,16E8,35,V,Y0325,1,1,R,4.2000,-9,,3485,,26,,4.5000,1300,57.9,21.0,145,0.7000,210,,,,,,,,,,,,17.3,,32.96,,,,,,,,,,,
HH,EVHOE,4,FR,35HT,GOV,50,D,-9,Y0324,36,2020,11,2,0929,2,30,D,43.7850,-1.4929,43.7539,-1.4994,16E8,45,V,Y0324,1,1,R,3.7000,-9,,3486,,26,,4.5000,1300,59.9,21.0,145,0.7000,210,,,,,,,,,,,,16.8,,32.83,,,,,,,,,,,
HH,EVHOE,4,FR,35HT,GOV,100,D,-9,Y0328,40,2020,11,3,0725,4,30,D,43.8033,-1.9931,43.8351,-1.9943,16E8,148,V,Y0328,1,1,R,3.4000,-9,,3535,,26,,4.5000,1300,100.1,21.3,145,0.7000,210,,,,,,,,,,,,17.0,,35.02,,,,,,,,,,,
HH,EVHOE,4,FR,35HT,GOV,50,D,-9,Y0326,38,2020,11,2,1408,3,30,D,43.9044,-1.7353,43.9347,-1.7249,16E8,117,V,Y0326,1,1,R,3.5000,-9,,3472,,26,,4.5000,1300,78.9,21.4,145,0.7000,210,,,,,,,,,,,,17.3,,35.10,,,,,,,,,,,
HH,EVHOE,4,FR,35HT,GOV,100,D,-9,Y0329,41,2020,11,3,0906,5,20,D,43.9114,-2.0820,43.9319,-2.0805,16E7,164,V,Y0329,1,1,R,3.4000,-9,,2290,,26,,4.5000,1300,106.5,22.3,145,0.7000,210,,,,,,,,,,,,17.3,,35.10,,,,,,,,,,,
HH,EVHOE,4,FR,35HT,GOV,100,D,-9,Y0330,42,2020,11,3,1053,7,30,D,43.9784,-2.1559,44.0092,-2.1492,16E7,489,V,Y0330,1,1,R,3.2000,-9,,3475,,26,,4.5000,1300,113.2,23.1,145,0.7000,210,,,,,,,,,,,,17.0,,35.10,,,,,,,,,,,
HH,EVHOE,4,FR,35HT,GOV,50,D,-9,Y0418,124,2020,11,26,1530,3,30,D,51.4755,-6.1216,51.4459,-6.1378,31E3,114,V,Y0418,1,1,R,3.4000,-9,,3466,,26,,4.5000,1300,74.4,20.5,145,0.7000,210,,,,,,,,,,,,12.1,,34.92,,,,,,,,,,,
HH,EVHOE,4,FR,35HT,GOV,50,D,-9,Y0410,117,2020,11,25,0754,3,30,D,51.5239,-8.3517,51.5254,-8.3028,32E1,85,V,Y0410,1,1,R,3.6000,-9,,3384,,26,,4.5000,1300,75.2,21.0,145,0.7000,210,,,,,,,,,,,,10.9,,34.97,,,,,,,,,,,
HH,EVHOE,4,FR,35HT,GOV,50,D,-9,Y0413,120,2020,11,25,1623,2,20,D,51.6194,-7.4515,51.6318,-7.4244,32E2,78,V,Y0413,1,1,R,3.5000,-9,,2321,,26,,4.5000,1300,75.1,19.4,145,0.7000,210,,,,,,,,,,,,11.7,,34.87,,,,,,,,,,,
HH,EVHOE,4,FR,35HT,GOV,50,D,-9,Y0417,123,2020,11,26,1250,3,30,D,51.7460,-5.8661,51.7287,-5.9093,32E4,119,V,Y0417,1,1,R,3.1000,-9,,3533,,26,,4.5000,1300,77.8,20.9,145,0.7000,210,,,,,,,,,,,,12.4,,34.99,,,,,,,,,,,
HH,EVHOE,4,FR,35HT,GOV,50,D,-9,Y0415,121,2020,11,26,0755,2,30,D,51.7710,-6.7213,51.7934,-6.6870,32E3,71,V,Y0415,1,1,R,3.7000,-9,,3426,,26,,4.5000,1300,68.1,19.4,145,0.7000,210,,,,,,,,,,,,11.7,,34.73,,,,,,,,,,,
HH,EVHOE,4,FR,35HT,GOV,50,D,-9,Y0416,122,2020,11,26,0918,2,30,D,51.7853,-6.5480,51.7604,-6.5169,32E3,69,V,Y0416,1,1,R,3.5000,-9,,3501,,26,,4.5000,1300,67.8,19.3,145,0.7000,210,,,,,,,,,,,,11.5,,34.53,,,,,,,,,,,
HH,EVHOE,4,FR,35HT,GOV,50,D,-9,Y0423,129,2020,11,28,0757,3,31,D,51.1933,-6.1317,51.1622,-6.1411,31E3,104,V,Y0423,1,1,R,3.2000,-9,,3516,,26,,4.5000,1300,83.1,22.6,145,0.7000,210,,,,,,,,,,,,12.2,,35.01,,,,,,,,,,,
HH,EVHOE,4,FR,35HT,GOV,50,D,-9,Y0424,130,2020,11,28,1032,3,30,D,51.2361,-6.5058,51.2567,-6.5455,31E3,119,V,Y0424,1,1,R,3.2000,-9,,3587,,26,,4.5000,1300,78.5,21.5,145,0.7000,210,,,,,,,,,,,,12.1,,34.89,,,,,,,,,,,
HH,EVHOE,4,FR,35HT,GOV,50,D,-9,Y0420,126,2020,11,27,1005,2,23,D,51.2748,-5.5266,51.2566,-5.5057,31E4,74,V,Y0420,1,1,R,3.7000,-9,,2496,,26,,4.5000,1300,63.4,19.6,145,0.7000,210,,,,,,,,,,,,13.0,,35.11,,,,,,,,,,,
HH,EVHOE,4,FR,35HT,GOV,50,D,-9,Y0412,119,2020,11,25,1358,3,30,D,51.3096,-7.4823,51.3410,-7.4785,31E2,91,V,Y0412,1,1,R,3.4000,-9,,3496,,26,,4.5000,1300,75.9,21.3,145,0.7000,210,,,,,,,,,,,,11.8,,34.95,,,,,,,,,,,
HH,EVHOE,4,FR,35HT,GOV,50,D,-9,Y0411,118,2020,11,25,1200,3,31,D,51.3646,-7.7482,51.3387,-7.7767,31E2,90,V,Y0411,1,1,R,3.4000,-9,,3484,,26,,4.5000,1300,76.6,21.1,145,0.7000,210,,,,,,,,,,,,11.7,,34.95,,,,,,,,,,,
HH,EVHOE,4,FR,35HT,GOV,50,D,-9,Y0419,125,2020,11,27,0759,2,30,D,51.4593,-5.2628,51.4280,-5.2617,31E4,66,V,Y0419,1,1,R,3.6000,-9,,3481,,26,,4.5000,1300,69.6,20.0,145,0.7000,210,,,,,,,,,,,,12.9,,34.87,,,,,,,,,,,
HH,EVHOE,4,FR,35HT,GOV,100,D,-9,Y0409,116,2020,11,24,1506,4,30,D,50.8770,-9.0878,50.9038,-9.1117,30E0,120,V,Y0409,1,1,R,3.3000,-9,,3423,,26,,4.5000,1300,81.2,21.6,145,0.7000,210,,,,,,,,,,,,11.4,,35.11,,,,,,,,,,,
HH,EVHOE,4,FR,35HT,GOV,100,D,-9,Y0407,114,2020,11,24,1019,4,20,D,50.9100,-9.6465,50.9276,-9.6271,30E0,121,V,Y0407,1,1,R,3.2000,-9,,2385,,26,,4.5000,1300,79.2,22.2,145,0.7000,210,,,,,,,,,,,,11.6,,35.19,,,,,,,,,,,
HH,EVHOE,4,FR,35HT,GOV,100,D,-9,Y0403,110,2020,11,23,1106,5,30,D,50.9122,-10.8406,50.8818,-10.8289,30D9,172,V,Y0403,1,1,R,3.3000,-9,,3486,,26,,4.5000,1300,103.0,21.5,145,0.7000,210,,,,,,,,,,,,12.9,,35.48,,,,,,,,,,,
HH,EVHOE,4,FR,35HT,GOV,50,D,-9,Y0421,127,2020,11,27,1217,3,30,D,51.0655,-5.6571,51.0870,-5.6193,31E4,85,V,Y0421,1,1,R,3.6000,-9,,3550,,26,,4.5000,1300,72.2,20.0,145,0.7000,210,,,,,,,,,,,,12.9,,35.13,,,,,,,,,,,
HH,EVHOE,4,FR,35HT,GOV,50,D,-9,Y0426,132,2020,11,28,1449,3,30,D,51.0954,-6.3844,51.1161,-6.3436,31E3,108,V,Y0426,1,1,R,3.4000,-9,,3660,,26,,4.5000,1300,76.7,21.0,145,0.7000,210,,,,,,,,,,,,12.0,,34.94,,,,,,,,,,,
HH,EVHOE,4,FR,35HT,GOV,100,D,-9,S0935,111,2014,11,18,0853,4,30,D,48.1976,-7.1090,48.2259,-7.0875,25E2,161,V,S0935,1,1,R,3.7000,-9,,3521,477,26,,4.5000,1300,89.0,,145,0.7000,210,30,3.7000,3.8000,,,,,256,3,,,,,,,,,,,,,,,,
HH,EVHOE,4,FR,35HT,GOV,100,D,-9,S0936,112,2014,11,18,1053,4,31,D,48.3773,-6.9874,48.3688,-6.9411,25E3,139,V,S0936,1,1,R,3.9000,-9,,3550,493,26,,4.5000,1300,85.0,,145,0.7000,210,114,3.7000,3.8000,,,,,129,3,,,,,,,,,,,,,,,,
HH,EVHOE,4,FR,35HT,GOV,100,D,-9,W0640,107,2018,11,18,1005,4,30,D,49.5365,-8.3122,49.5676,-8.3060,28E1,137,V,W0640,1,1,C,0.0000,-9,,3490,419,26,,4.5000,1300,98.6,20.6,145,0.7000,250,28,3.7000,3.3000,,,,,107,38,,,12.9,,35.38,,,,,,,,,,,
HH,EVHOE,4,FR,35HT,GOV,100,D,-9,W0641,108,2018,11,18,1201,4,30,D,49.7343,-8.4248,49.7448,-8.4680,28E1,142,V,W0641,1,1,C,4.3000,-9,,3307,421,26,,4.5000,1300,93.5,19.7,145,0.7000,250,282,3.5000,4.0000,,,,,111,14,,,12.4,,35.28,,,,,,,,,,,
HH,EVHOE,4,FR,35HT,GOV,100,D,-9,W0642,109,2018,11,18,1416,4,30,D,49.9511,-8.6530,49.9539,-8.7002,28E1,136,V,W0642,1,1,C,3.7000,-9,,3384,420,26,,4.5000,1300,95.4,20.4,145,0.7000,250,273,3.6000,4.1000,,,,,104,14,,,12.2,,35.26,,,,,,,,,,,
HH,EVHOE,4,FR,35HT,GOV,50,D,-9,W0643,110,2018,11,19,0748,3,30,D,50.0815,-8.0449,50.0837,-8.0963,29E1,112,V,W0643,1,1,C,3.8000,-9,,3669,359,26,,4.5000,1300,73.9,20.0,145,0.7000,250,275,3.9000,4.2000,,,,,76,23,,,12.5,,35.26,,,,,,,,,,,
HH,EVHOE,4,FR,35HT,GOV,50,D,-9,W0644,111,2018,11,19,1102,3,29,D,50.4636,-8.1751,50.4459,-8.2116,29E1,118,V,W0644,1,1,C,3.7000,-9,,3249,381,26,,4.5000,1300,74.0,20.1,145,0.7000,250,222,3.5000,4.3000,,,,,94,17,,,12.3,,35.17,,,,,,,,,,,
HH,EVHOE,4,FR,35HT,GOV,100,D,-9,R0454,106,2013,11,20,0740,4,30,D,48.8084,-6.3689,48.7909,-6.3229,26E3,137,V,,1,1,R,3.9000,-9,,3889,453,24,,,1300,90.0,21.0,,,,112,,,,,,,292,21,,,,,,,,,,,,,,,,
HH,EVHOE,4,FR,35HT,GOV,100,D,-9,R0438,90,2013,11,12,1414,4,31,D,48.9567,-9.1965,48.9799,-9.1611,26E0,160,V,,1,1,R,4.5000,-9,,3648,529,24,,,1300,90.0,20.0,,,,36,,,,,,,266,18,,,,,,,,,,,,,,,,
HH,EVHOE,4,FR,35HT,GOV,100,D,-9,R0445,97,2013,11,14,1607,4,31,D,49.0266,-8.0547,49.0283,-8.0039,27E1,149,V,,1,1,R,4.1000,-9,,3704,498,24,,,1300,95.0,21.0,,,,64,,,,,,,341,25,,,,,,,,,,,,,,,,
HH,EVHOE,4,FR,35HT,GOV,100,D,-9,R0455,107,2013,11,20,1207,4,31,D,49.0878,-6.5700,49.0772,-6.6194,27E3,125,V,,1,1,R,4.1000,-9,,3778,450,24,,,1300,96.0,22.0,,,,277,,,,,,,297,35,,,,,,,,,,,,,,,,
HH,EVHOE,4,FR,35HT,GOV,100,D,-9,R0456,108,2013,11,20,1600,4,31,D,49.1455,-7.1180,49.1710,-7.0840,27E2,131,V,,1,1,R,3.0000,-9,,3760,464,24,,,1300,99.0,,,,,18,,,,,,,320,34,,,,,,,,,,,,,,,,
HH,EVHOE,4,FR,35HT,GOV,100,D,-9,R0444,96,2013,11,14,1400,4,30,D,49.2164,-8.2529,49.2092,-8.3022,27E1,143,V,,1,1,R,4.7000,-9,,3667,490,24,,,1300,93.0,21.0,,,,271,,,,,,,328,30,,,,,,,,,,,,,,,,
HH,EVHOE,4,FR,35HT,GOV,100,D,-9,R0439,91,2013,11,13,0744,4,29,D,49.2585,-9.4905,49.2845,-9.4580,27E0,152,V,,1,1,R,4.1000,-9,,3741,499,24,,,1300,93.0,21.0,,,,42,,,,,,,210,9,,,,,,,,,,,,,,,,
HH,EVHOE,4,FR,35HT,GOV,100,D,-9,R0460,112,2013,11,21,1546,4,29,D,49.4038,-7.1834,49.3780,-7.2128,27E2,126,V,,1,1,R,4.2000,-9,,3574,440,24,,,1300,90.0,20.0,,,,217,,,,,,,21,25,,,,,,,,,,,,,,,,
HH,EVHOE,4,FR,35HT,GOV,100,D,-9,R0440,92,2013,11,13,1031,4,30,D,49.4102,-9.8486,49.4263,-9.8922,27E0,149,V,,1,1,R,4.3000,-9,,3630,498,24,,,1300,96.0,22.0,,,,285,,,,,,,222,22,,,,,,,,,,,,,,,,
HH,EVHOE,4,FR,35HT,GOV,100,D,-9,R0492,144,2013,11,29,1457,4,29,D,49.4820,-8.0616,49.4477,-8.0668,27E1,139,V,,1,1,R,4.1000,-9,,3834,469,24,,,1300,86.0,20.0,,,,198,,,,,,,310,21,,,,,,,,,,,,,,,,
HH,EVHOE,4,FR,35HT,GOV,100,D,-9,R0443,95,2013,11,14,0745,4,29,D,49.5135,-8.7302,49.4996,-8.6836,28E1,372,V,,1,1,R,4.9000,-9,,3704,499,24,,,1300,94.0,21.0,,,,103,,,,,,,332,19,,,,,,,,,,,,,,,,
HH,EVHOE,4,FR,35HT,GOV,100,D,-9,R0441,93,2013,11,13,1334,4,29,D,49.5318,-9.3099,49.5579,-9.2804,28E0,139,V,,1,1,R,4.2000,-9,,3593,477,24,,,1300,95.0,21.0,,,,28,,,,,,,225,12,,,,,,,,,,,,,,,,
HH,EVHOE,4,FR,35HT,GOV,100,D,-9,R0442,94,2013,11,13,1543,4,30,D,49.5688,-8.9586,49.5386,-8.9356,28E1,140,V,,1,1,R,4.0000,-9,,3741,479,24,,,1300,96.0,21.0,,,,165,,,,,,,241,27,,,,,,,,,,,,,,,,
HH,EVHOE,4,FR,35HT,GOV,100,D,-9,R0458,110,2013,11,21,1017,4,30,D,49.6149,-7.3070,49.5843,-7.3316,28E2,125,V,,1,1,R,4.3000,-9,,3834,438,24,,,1300,99.0,22.0,,,,213,,,,,,,227,26,,,,,,,,,,,,,,,,
HH,EVHOE,4,FR,35HT,GOV,100,D,-9,R0491,143,2013,11,29,1255,4,30,D,49.6898,-7.9207,49.6597,-7.9414,28E2,136,V,,1,1,R,3.7000,-9,,3667,449,24,,,1300,86.0,20.0,,,,215,,,,,,,312,21,,,,,,,,,,,,,,,,
HH,EVHOE,4,FR,35HT,GOV,100,D,-9,R0468,120,2013,11,23,1452,4,28,D,49.7520,-10.4993,49.7177,-10.5011,28D9,140,V,,1,1,R,4.5000,-9,,3815,477,24,,,1300,87.0,20.0,,,,178,,,,,,,64,11,,,,,,,,,,,,,,,,
HH,EVHOE,4,FR,35HT,GOV,100,D,-9,R0465,117,2013,11,23,0810,7,31,D,49.8647,-11.2420,49.8894,-11.2077,28D8,530,V,,1,1,R,4.2000,-9,,3685,1453,24,,,1300,103.0,22.0,,,,48,,,,,,,69,13,,,,,,,,,,,,,,,,
HH,EVHOE,4,FR,35HT,GOV,100,D,-9,R0466,118,2013,11,23,1034,6,29,D,49.8972,-10.9579,49.9304,-10.9462,28D9,266,V,,1,1,R,4.0000,-9,,3778,801,24,,,1300,96.0,21.0,,,,19,,,,,,,55,13,,,,,,,,,,,,,,,,
HH,EVHOE,4,FR,35HT,GOV,100,D,-9,R0467,119,2013,11,23,1252,4,30,D,49.9071,-10.6502,49.9151,-10.5982,28D9,152,V,,1,1,R,4.4000,-9,,3834,499,24,,,1300,88.0,20.0,,,,77,,,,,,,64,11,,,,,,,,,,,,,,,,
HH,EVHOE,4,FR,35HT,GOV,50,D,-9,R0457,109,2013,11,21,0750,3,30,D,49.9106,-7.1888,49.8996,-7.2366,28E2,119,V,,1,1,R,4.4000,-9,,3630,420,24,,,1300,77.0,22.0,,,,269,,,,,,,287,34,,,,,,,,,,,,,,,,
HH,EVHOE,4,FR,35HT,GOV,100,D,-9,R0490,142,2013,11,29,1011,4,30,D,49.9615,-8.1843,49.9601,-8.1330,28E1,133,V,,1,1,R,3.9000,-9,,3667,453,24,,,1300,91.0,21.0,,,,94,,,,,,,321,13,,,,,,,,,,,,,,,,
HH,EVHOE,4,FR,35HT,GOV,50,D,-9,R0489,141,2013,11,29,0807,3,30,D,50.0812,-8.0374,50.0830,-8.0873,29E1,116,V,,1,1,R,3.9000,-9,,3556,409,24,,,1300,72.0,21.0,,,,281,,,,,,,311,19,,,,,,,,,,,,,,,,
HH,EVHOE,4,FR,35HT,GOV,100,D,-9,R0472,124,2013,11,24,1502,5,30,D,50.3374,-10.6358,50.3656,-10.6042,29D9,167,V,,1,1,R,4.4000,-9,,3852,539,24,,,1300,89.0,20.0,,,,40,,,,,,,59,6,,,,,,,,,,,,,,,,
HH,EVHOE,4,FR,35HT,GOV,100,D,-9,R0471,123,2013,11,24,1305,6,30,D,50.3710,-10.8199,50.3383,-10.8293,29D9,213,V,,1,1,R,3.9000,-9,,3704,659,24,,,1300,95.0,21.0,,,,181,,,,,,,51,11,,,,,,,,,,,,,,,,
HH,EVHOE,4,FR,35HT,GOV,100,D,-9,R0488,140,2013,11,28,1509,4,30,D,50.4275,-8.0364,50.4019,-8.0700,29E1,130,V,,1,1,R,3.8000,-9,,3704,448,24,,,1300,92.0,21.0,,,,219,,,,,,,51,5,,,,,,,,,,,,,,,,
HH,EVHOE,4,FR,35HT,GOV,100,D,-9,R0464,116,2013,11,22,1510,4,31,D,50.4750,-9.3556,50.4413,-9.3569,29E0,131,V,,1,1,R,4.7000,-9,,3741,448,24,,,1300,84.0,19.0,,,,176,,,,,,,53,11,,,,,,,,,,,,,,,,
HH,EVHOE,4,FR,35HT,GOV,50,D,-9,R0487,139,2013,11,28,1227,3,30,D,50.5503,-7.9104,50.5187,-7.9245,30E2,122,V,,1,1,R,3.6000,-9,,3648,419,24,,,1300,85.0,20.0,,,,197,,,,,,,45,9,,,,,,,,,,,,,,,,
HH,EVHOE,4,FR,35HT,GOV,50,D,-9,Y0425,131,2020,11,28,1231,3,31,D,51.1587,-6.4926,51.1274,-6.4849,31E3,95,V,Y0425,1,1,R,3.3000,-9,,3526,,26,,4.5000,1300,76.6,21.1,145,0.7000,210,,,,,,,,,,,,12.1,,34.92,,,,,,,,,,,
HH,EVHOE,4,FR,35HT,GOV,100,D,-9,Y0405,112,2020,11,23,1543,4,20,D,50.7147,-10.5062,50.7145,-10.4739,30D9,158,V,Y0405,1,1,R,3.5000,-9,,2273,,26,,4.5000,1300,94.4,20.4,145,0.7000,210,,,,,,,,,,,,12.6,,35.46,,,,,,,,,,,
HH,EVHOE,4,FR,35HT,GOV,100,D,-9,Y0404,111,2020,11,23,1324,5,30,D,50.7151,-10.7622,50.7160,-10.7122,30D9,172,V,Y0404,1,1,R,3.3000,-9,,3514,,26,,4.5000,1300,94.7,20.4,145,0.7000,210,,,,,,,,,,,,12.9,,35.48,,,,,,,,,,,
HH,EVHOE,4,FR,35HT,GOV,100,D,-9,Y0406,113,2020,11,24,0811,4,30,D,50.7441,-9.9444,50.7488,-9.8919,30E0,121,V,Y0406,1,1,R,3.3000,-9,,3723,,26,,4.5000,1300,102.0,21.6,145,0.7000,210,,,,,,,,,,,,11.7,,35.22,,,,,,,,,,,
HH,EVHOE,4,FR,35HT,GOV,100,D,-9,R0427,79,2013,11,9,0934,6,29,D,47.7794,-7.5158,47.8103,-7.5286,24E2,274,V,,1,1,R,3.6000,-9,,3556,820,24,,,1300,109.0,24.0,,,,337,,,,,,,286,19,,,,,,,,,,,,,,,,
HH,EVHOE,4,FR,35HT,GOV,100,D,-9,R0428,80,2013,11,9,1147,5,30,D,47.8861,-7.2674,47.8997,-7.2246,24E2,187,V,,1,1,R,4.6000,-9,,3537,588,24,,,1300,105.0,22.0,,,,51,,,,,,,273,14,,,,,,,,,,,,,,,,
HH,EVHOE,4,FR,35HT,GOV,100,D,-9,R0493,145,2013,11,30,0939,4,30,D,47.9156,-5.7805,47.9398,-5.7466,24E4,135,V,,1,1,R,4.2000,-9,,3685,473,24,,,1300,92.0,21.0,,,,41,,,,,,,27,20,,,,,,,,,,,,,,,,
HH,EVHOE,4,FR,35HT,GOV,100,D,-9,R0429,81,2013,11,9,1458,5,30,D,48.0075,-7.4966,48.0331,-7.4653,25E2,178,V,,1,1,R,4.6000,-9,,3667,560,24,,,1300,96.0,21.0,,,,42,,,,,,,251,16,,,,,,,,,,,,,,,,
HH,EVHOE,4,FR,35HT,GOV,100,D,-9,R0430,82,2013,11,10,0738,6,30,D,48.0450,-8.1147,48.0691,-8.1440,25E1,-9,V,,1,1,R,4.4000,-9,,3463,926,24,,,1300,109.0,23.0,,,,307,,,,,,,284,24,,,,,,,,,,,,,,,,
HH,EVHOE,4,FR,35HT,GOV,100,D,-9,R0431,83,2013,11,10,0949,7,29,D,48.1146,-8.2587,48.1469,-8.2580,25E1,412,V,,1,1,R,4.1000,-9,,3593,1222,24,,,1300,110.0,23.0,,,,258,,,,,,,280,22,,,,,,,,,,,,,,,,
HH,EVHOE,4,FR,35HT,GOV,100,D,-9,R0453,105,2013,11,17,0744,4,30,D,48.3045,-6.0308,48.3049,-6.0804,25E3,133,V,,1,1,R,3.9000,-9,,3667,470,24,,,1300,92.0,22.0,,,,298,,,,,,,18,14,,,,,,,,,,,,,,,,
HH,EVHOE,4,FR,35HT,GOV,100,D,-9,R0432,84,2013,11,10,1443,5,29,D,48.3252,-8.8249,48.3308,-8.7758,25E1,184,V,,1,1,R,4.3000,-9,,3685,579,24,,,1300,102.0,22.0,,,,73,,,,,,,241,17,,,,,,,,,,,,,,,,
HH,EVHOE,4,FR,35HT,GOV,100,D,-9,R0450,102,2013,11,16,0743,4,30,D,48.3673,-6.9337,48.3766,-6.9831,25E3,140,V,,1,1,R,4.2000,-9,,3797,490,24,,,1300,92.0,21.0,,,,307,,,,,,,42,10,,,,,,,,,,,,,,,,
HH,EVHOE,4,FR,35HT,GOV,100,D,-9,R0451,103,2013,11,16,1054,4,30,D,48.3720,-6.5938,48.3744,-6.6432,25E3,144,V,,1,1,R,3.5000,-9,,3667,494,24,,,1300,93.0,21.0,,,,266,,,,,,,55,9,,,,,,,,,,,,,,,,
HH,EVHOE,4,FR,35HT,GOV,100,D,-9,R0433,85,2013,11,11,0740,4,30,D,48.3879,-9.3956,48.4040,-9.3511,25E0,146,V,,1,1,R,4.0000,-9,,3741,489,24,,,1300,91.0,21.0,,,,58,,,,,,,244,14,,,,,,,,,,,,,,,,
HH,EVHOE,4,FR,35HT,GOV,100,D,-9,R0452,104,2013,11,16,1427,4,30,D,48.4445,-6.0065,48.4158,-6.0302,25E3,129,V,,1,1,R,4.6000,-9,,3648,449,24,,,1300,97.0,21.0,,,,212,,,,,,,20,13,,,,,,,,,,,,,,,,
HH,EVHOE,4,FR,35HT,GOV,100,D,-9,Y0388,98,2020,11,20,0750,4,30,D,49.4993,-9.7847,49.5305,-9.7854,27E0,146,V,Y0388,1,1,R,3.4000,-9,,3479,,26,,4.5000,1300,99.8,21.1,145,0.7000,210,,,,,,,,,,,,12.6,,35.40,,,,,,,,,,,
HH,EVHOE,4,FR,35HT,GOV,100,D,-9,Y0393,102,2020,11,21,0750,5,31,D,49.5148,-10.8324,49.5055,-10.7839,28D9,162,V,Y0393,1,1,R,3.5000,-9,,3650,,26,,4.5000,1300,97.9,20.8,145,0.7000,210,,,,,,,,,,,,13.0,,35.49,,,,,,,,,,,
HH,EVHOE,4,FR,35HT,GOV,100,D,-9,Y0439,143,2020,12,1,1215,4,21,D,49.5591,-8.3102,49.5378,-8.3116,28E1,135,V,Y0439,1,1,R,3.4000,-9,,2380,,26,,4.5000,1300,97.1,20.9,145,0.7000,210,,,,,,,,,,,,12.2,,35.20,,,,,,,,,,,
HH,EVHOE,4,FR,35HT,GOV,100,D,-9,Y0441,145,2020,12,2,0759,4,31,D,49.6235,-7.2990,49.5957,-7.3246,28E2,124,V,Y0441,1,1,R,3.3000,-9,,3600,,26,,4.5000,1300,106.1,22.9,145,0.7000,210,,,,,,,,,,,,12.1,,35.14,,,,,,,,,,,
HH,EVHOE,4,FR,35HT,GOV,100,D,-9,Y0394,103,2020,11,21,1028,4,30,D,49.7115,-10.4999,49.7435,-10.4992,28D9,141,V,Y0394,1,1,R,3.5000,-9,,3555,,26,,4.5000,1300,95.9,20.7,145,0.7000,210,,,,,,,,,,,,12.9,,35.48,,,,,,,,,,,
HH,EVHOE,4,FR,35HT,GOV,100,D,-9,Y0385,96,2020,11,19,1238,4,30,D,49.0829,-10.0499,49.0737,-10.0035,27D9,132,V,Y0385,1,1,R,3.4000,-9,,3533,,26,,4.5000,1300,97.7,20.9,145,0.7000,210,,,,,,,,,,,,13.0,,35.46,,,,,,,,,,,
HH,EVHOE,4,FR,35HT,GOV,100,D,-9,Y0444,148,2020,12,2,1408,4,31,D,49.0881,-7.3914,49.0657,-7.4264,27E2,133,V,Y0444,1,1,R,3.4000,-9,,3569,,26,,4.5000,1300,95.0,20.1,145,0.7000,210,,,,,,,,,,,,12.3,,35.25,,,,,,,,,,,
HH,EVHOE,4,FR,35HT,GOV,100,D,-9,Y0382,93,2020,11,18,1621,4,30,D,49.1182,-9.3827,49.1144,-9.3347,27E0,155,V,Y0382,1,1,R,3.2000,-9,,3522,,26,,4.5000,1300,101.3,21.9,145,0.7000,210,,,,,,,,,,,,13.0,,35.38,,,,,,,,,,,
HH,EVHOE,4,FR,35HT,GOV,100,D,-9,Y0443,147,2020,12,2,1211,4,30,D,49.1635,-7.0943,49.1399,-7.1280,27E2,124,V,Y0443,1,1,R,3.6000,-9,,3585,,26,,4.5000,1300,100.2,21.5,145,0.7000,210,,,,,,,,,,,,11.9,,35.18,,,,,,,,,,,
HH,EVHOE,4,FR,35HT,GOV,100,D,-9,Y0386,97,2020,11,19,1549,4,30,D,49.2600,-9.4882,49.2849,-9.4565,27E0,150,V,Y0386,1,1,R,3.2000,-9,,3593,,26,,4.5000,1300,106.6,23.3,145,0.7000,210,,,,,,,,,,,,12.8,,35.36,,,,,,,,,,,
HH,EVHOE,4,FR,35HT,GOV,100,D,-9,Y0442,146,2020,12,2,1001,4,30,D,49.4037,-7.1830,49.3784,-7.2123,27E2,121,V,Y0442,1,1,R,3.3000,-9,,3523,,26,,4.5000,1300,105.8,23.0,145,0.7000,210,,,,,,,,,,,,12.1,,35.15,,,,,,,,,,,
HH,EVHOE,4,FR,35HT,GOV,100,D,-9,Y0447,151,2020,12,3,1256,4,31,D,48.8853,-6.6066,48.8989,-6.5662,26E3,130,V,Y0447,1,1,R,3.1000,-9,,3331,,26,,4.5000,1300,101.8,23.1,145,0.7000,210,,,,,,,,,,,,11.9,,35.24,,,,,,,,,,,
HH,EVHOE,4,FR,35HT,GOV,100,D,-9,Y0445,149,2020,12,3,0807,4,30,D,48.9254,-7.3206,48.8919,-7.3155,26E2,141,V,Y0445,1,1,R,3.2000,-9,,3750,,26,,4.5000,1300,106.2,21.4,145,0.7000,210,,,,,,,,,,,,12.5,,35.39,,,,,,,,,,,
HH,EVHOE,4,FR,35HT,GOV,100,D,-9,Y0383,94,2020,11,19,0744,5,30,D,48.9586,-10.8390,48.9845,-10.8133,26D9,171,V,Y0383,1,1,R,3.4000,-9,,3431,,26,,4.5000,1300,101.0,21.5,145,0.7000,210,,,,,,,,,,,,13.2,,35.51,,,,,,,,,,,
HH,EVHOE,4,FR,35HT,GOV,100,D,-9,Y0446,150,2020,12,3,1051,4,31,D,48.9604,-6.8806,48.9833,-6.8513,26E3,133,V,Y0446,1,1,R,3.2000,-9,,3324,,26,,4.5000,1300,101.5,21.5,145,0.7000,210,,,,,,,,,,,,11.8,,35.23,,,,,,,,,,,
HH,EVHOE,4,FR,35HT,GOV,100,D,-9,Y0377,89,2020,11,17,1519,4,30,D,49.0272,-8.0522,49.0284,-8.0033,27E1,155,V,Y0377,1,1,R,3.1000,-9,,3560,,26,,4.5000,1300,102.8,22.5,145,0.7000,210,,,,,,,,,,,,12.8,,35.35,,,,,,,,,,,
HH,EVHOE,4,FR,35HT,GOV,100,D,-9,Y0384,95,2020,11,19,0944,4,30,D,49.0782,-10.6102,49.0636,-10.5697,27D9,147,V,Y0384,1,1,R,3.6000,-9,,3359,,26,,4.5000,1300,98.7,21.1,145,0.7000,210,,,,,,,,,,,,13.2,,35.50,,,,,,,,,,,
HH,EVHOE,4,FR,35HT,GOV,100,D,-9,Y0379,90,2020,11,18,0742,6,30,D,48.4813,-9.5432,48.5017,-9.5074,25E0,215,V,Y0379,1,1,R,3.6000,-9,,3483,,26,,4.5000,1300,93.7,20.1,145,0.7000,210,,,,,,,,,,,,13.3,,35.52,,,,,,,,,,,
HH,EVHOE,4,FR,35HT,GOV,100,D,-9,Y0375,87,2020,11,17,1049,5,30,D,48.6156,-8.5254,48.6322,-8.4846,26E1,164,V,Y0375,1,1,R,3.2000,-9,,3518,,26,,4.5000,1300,100.1,21.0,145,0.7000,210,,,,,,,,,,,,13.4,,35.48,,,,,,,,,,,
HH,EVHOE,4,FR,35HT,GOV,100,D,-9,Y0380,91,2020,11,18,1024,5,21,D,48.6747,-9.2996,48.6682,-9.3337,26E0,167,V,Y0380,1,1,R,3.2000,-9,,2608,,26,,4.5000,1300,106.8,23.2,145,0.7000,210,,,,,,,,,,,,13.4,,35.50,,,,,,,,,,,
HH,EVHOE,4,FR,35HT,GOV,100,D,-9,Y0448,152,2020,12,3,1512,4,30,D,48.7160,-6.6311,48.6875,-6.6475,26E3,146,V,Y0448,1,1,R,3.0000,-9,,3401,,26,,4.5000,1300,103.0,22.5,145,0.7000,210,,,,,,,,,,,,12.1,,35.19,,,,,,,,,,,
HH,EVHOE,4,FR,35HT,GOV,100,D,-9,Y0376,88,2020,11,17,1301,4,30,D,48.7654,-8.2369,48.7923,-8.2081,26E1,159,V,Y0376,1,1,R,3.3000,-9,,3659,,26,,4.5000,1300,102.2,21.8,145,0.7000,210,,,,,,,,,,,,13.3,,35.46,,,,,,,,,,,
HH,EVHOE,4,FR,35HT,GOV,100,D,-9,Y0381,92,2020,11,18,1308,5,30,D,48.7865,-9.6543,48.8060,-9.6905,26E0,173,V,Y0381,1,1,R,3.2000,-9,,3425,,26,,4.5000,1300,106.7,22.6,145,0.7000,210,,,,,,,,,,,,13.4,,35.46,,,,,,,,,,,
HH,EVHOE,4,FR,35HT,GOV,100,D,-9,Y0370,82,2020,11,16,0734,4,21,D,48.2188,-6.5894,48.2193,-6.6223,25E3,150,V,Y0370,1,1,R,3.3000,-9,,2441,,26,,4.5000,1300,92.3,20.5,145,0.7000,210,,,,,,,,,,,,13.3,,35.38,,,,,,,,,,,
HH,EVHOE,4,FR,35HT,GOV,100,D,-9,Y0374,86,2020,11,17,0745,5,30,D,48.3347,-8.3190,48.3225,-8.3628,25E1,178,V,Y0374,1,1,R,3.0000,-9,,3501,,26,,4.5000,1300,106.8,23.2,145,0.7000,210,,,,,,,,,,,,13.5,,35.48,,,,,,,,,,,
HH,EVHOE,4,FR,35HT,GOV,100,D,-9,Y0373,85,2020,11,16,1459,4,26,D,48.3692,-6.9421,48.3759,-6.9784,25E3,135,V,Y0373,1,1,R,3.1000,-9,,2788,,26,,4.5000,1300,99.4,21.4,145,0.7000,210,,,,,,,,,,,,13.3,,35.33,,,,,,,,,,,
HH,EVHOE,4,FR,35HT,GOV,100,D,-9,Y0372,84,2020,11,16,1215,4,30,D,48.3778,-6.6000,48.3505,-6.6191,25E3,141,V,Y0372,1,1,R,3.2000,-9,,3343,,26,,4.5000,1300,99.0,21.0,145,0.7000,210,,,,,,,,,,,,13.1,,35.30,,,,,,,,,,,
HH,EVHOE,4,FR,35HT,GOV,100,D,-9,Y0369,81,2020,11,13,0733,4,30,D,48.4082,-6.0259,48.4376,-6.0145,25E3,124,V,Y0369,1,1,R,3.2000,-9,,3372,,26,,4.5000,1300,95.4,21.3,145,0.7000,210,,,,,,,,,,,,13.2,,35.28,,,,,,,,,,,
HH,EVHOE,4,FR,35HT,GOV,50,D,-9,Y0371,83,2020,11,16,1039,3,30,D,48.4347,-6.4566,48.4180,-6.4970,25E3,119,V,Y0371,1,1,R,3.2000,-9,,3508,,26,,4.5000,1300,103.6,23.9,145,0.7000,210,,,,,,,,,,,,13.0,,35.27,,,,,,,,,,,
HH,EVHOE,4,FR,35HT,GOV,100,D,-9,Y0364,76,2020,11,11,1313,4,31,D,47.8060,-6.4264,47.7754,-6.4325,24E3,146,V,Y0364,1,1,R,3.5000,-9,,3443,,26,,4.5000,1300,94.2,20.5,145,0.7000,210,,,,,,,,,,,,13.7,,35.41,,,,,,,,,,,
HH,EVHOE,4,FR,35HT,GOV,50,D,-9,Y0361,73,2020,11,10,1554,3,26,D,47.8221,-4.7623,47.8254,-4.8006,24E5,84,V,Y0361,1,1,R,3.6000,-9,,2915,,26,,4.5000,1300,76.0,20.9,145,0.7000,210,,,,,,,,,,,,14.6,,35.09,,,,,,,,,,,
HH,EVHOE,4,FR,35HT,GOV,100,D,-9,Y0452,156,2020,12,6,0754,4,30,D,47.9148,-5.7829,47.9374,-5.7504,24E4,133,V,Y0452,1,1,R,3.3000,-9,,3488,,26,,4.5000,1300,97.5,21.5,145,0.7000,210,,,,,,,,,,,,13.0,,35.31,,,,,,,,,,,
HH,EVHOE,4,FR,35HT,GOV,100,D,-9,Y0366,78,2020,11,12,1001,5,32,D,47.9503,-7.4152,47.9599,-7.4631,24E2,163,V,Y0366,1,1,R,3.5000,-9,,3718,,26,,4.5000,1300,96.9,19.4,145,0.7000,210,,,,,,,,,,,,13.5,,35.44,,,,,,,,,,,
HH,EVHOE,4,FR,35HT,GOV,100,D,-9,Y0368,80,2020,11,12,1602,6,30,D,48.0645,-8.1375,48.0395,-8.1077,25E1,334,V,Y0368,1,1,R,3.2000,-9,,3552,,26,,4.5000,1300,112.0,23.6,145,0.7000,210,,,,,,,,,,,,13.7,,35.48,,,,,,,,,,,
HH,EVHOE,4,FR,35HT,GOV,100,D,-9,Y0367,79,2020,11,12,1322,5,23,D,48.1156,-7.9028,48.1359,-7.9191,25E2,189,V,Y0367,1,1,R,3.1000,-9,,2559,,26,,4.5000,1300,103.4,22.4,145,0.7000,210,,,,,,,,,,,,13.7,,35.50,,,,,,,,,,,
HH,EVHOE,4,FR,35HT,GOV,100,D,-9,Y0449,153,2020,12,4,0805,6,30,D,47.5670,-7.1887,47.5614,-7.2341,24E2,238,V,Y0449,1,1,R,2.9000,-9,,3462,,26,,4.5000,1300,114.1,22.2,145,0.7000,210,,,,,,,,,,,,13.2,,35.47,,,,,,,,,,,
HH,EVHOE,4,FR,35HT,GOV,50,D,-9,Y0360,72,2020,11,10,1313,3,30,D,47.5955,-4.4247,47.6240,-4.4045,24E5,108,V,Y0360,1,1,R,3.7000,-9,,3520,,26,,4.5000,1300,69.1,19.8,145,0.7000,210,,,,,,,,,,,,15.0,,35.01,,,,,,,,,,,
HH,EVHOE,4,FR,35HT,GOV,50,D,-9,Y0359,71,2020,11,10,1105,3,30,D,47.5971,-4.1149,47.6192,-4.1502,24E5,97,V,Y0359,1,1,R,3.3000,-9,,3613,,26,,4.5000,1300,69.5,21.4,145,0.7000,210,,,,,,,,,,,,15.0,,35.01,,,,,,,,,,,
HH,EVHOE,4,FR,35HT,GOV,100,D,-9,Y0362,74,2020,11,11,0721,4,30,D,47.6129,-5.6248,47.6452,-5.6193,24E4,135,V,Y0362,1,1,R,3.3000,-9,,3608,,26,,4.5000,1300,95.6,22.9,145,0.7000,210,,,,,,,,,,,,13.4,,35.31,,,,,,,,,,,
HH,EVHOE,4,FR,35HT,GOV,100,D,-9,Y0363,75,2020,11,11,0934,4,30,D,47.7490,-5.8877,47.7710,-5.9233,24E4,139,V,Y0363,1,1,R,3.4000,-9,,3608,,26,,4.5000,1300,94.3,21.1,145,0.7000,210,,,,,,,,,,,,13.5,,35.34,,,,,,,,,,,
HH,EVHOE,4,FR,35HT,GOV,100,D,-9,Y0365,77,2020,11,12,0731,6,30,D,47.7769,-7.5142,47.8073,-7.5272,24E2,261,V,Y0365,1,1,R,3.2000,-9,,3511,,26,,4.5000,1300,105.8,23.0,145,0.7000,210,,,,,,,,,,,,13.9,,35.46,,,,,,,,,,,
HH,EVHOE,4,FR,35HT,GOV,100,D,-9,Y0291,3,2020,10,26,1104,4,31,D,47.3407,-5.2740,47.3178,-5.3046,23E4,143,V,Y0291,1,1,R,3.4000,-9,,3437,,26,,4.5000,1300,,21.0,145,0.7000,210,,,,,,,,,,,,14.0,,35.28,,,,,,,,,,,
HH,EVHOE,4,FR,35HT,GOV,100,D,-9,Y0451,155,2020,12,4,1436,6,30,D,47.3413,-6.1951,47.3188,-6.1679,23E3,226,V,Y0451,1,1,R,2.8000,-9,,3239,,26,,4.5000,1300,111.0,22.8,145,0.7000,210,,,,,,,,,,,,13.0,,35.45,,,,,,,,,,,
HH,EVHOE,4,FR,35HT,GOV,50,D,-9,Y0358,70,2020,11,10,0903,3,30,D,47.4333,-3.8894,47.4640,-3.8783,23E6,102,V,Y0358,1,1,R,3.6000,-9,,3511,,26,,4.5000,1300,74.0,20.4,145,0.7000,210,,,,,,,,,,,,15.2,,34.96,,,,,,,,,,,
HH,EVHOE,4,FR,35HT,GOV,100,D,-9,Y0450,154,2020,12,4,1132,6,31,D,47.5133,-6.6795,47.5031,-6.6381,24E3,282,V,Y0450,1,1,R,3.0000,-9,,3316,,26,,4.5000,1300,110.8,22.4,145,0.7000,210,,,,,,,,,,,,13.1,,35.45,,,,,,,,,,,
HH,EVHOE,4,FR,35HT,GOV,100,D,-9,R0463,115,2013,11,22,1242,4,27,D,50.6529,-9.6223,50.6166,-9.6139,30E0,133,V,,1,1,R,4.6000,-9,,4074,449,24,,,1300,85.0,19.0,,,,161,,,,,,,48,10,,,,,,,,,,,,,,,,
HH,EVHOE,4,FR,35HT,GOV,50,D,-9,R0486,138,2013,11,28,1022,3,31,D,50.6589,-7.8274,50.6445,-7.7795,30E2,115,V,,1,1,R,3.9000,-9,,3741,399,24,,,1300,71.0,21.0,,,,113,,,,,,,31,15,,,,,,,,,,,,,,,,
HH,EVHOE,4,FR,35HT,GOV,100,D,-9,R0470,122,2013,11,24,1013,7,31,D,50.6644,-11.0974,50.6325,-11.0810,30D8,415,V,,1,1,R,4.1000,-9,,3723,1201,24,,,1300,100.0,21.0,,,,161,,,,,,,63,10,,,,,,,,,,,,,,,,
HH,EVHOE,4,FR,35HT,GOV,100,D,-9,R0469,121,2013,11,24,0813,6,31,D,50.7033,-11.0063,50.7225,-11.0499,30D8,293,V,,1,1,R,4.2000,-9,,3741,872,24,,,1300,96.0,21.0,,,,306,,,,,,,53,12,,,,,,,,,,,,,,,,
HH,EVHOE,4,FR,35HT,GOV,100,D,-9,R0462,114,2013,11,22,1011,4,30,D,50.7497,-9.2751,50.7540,-9.2230,30E0,127,V,,1,1,R,4.6000,-9,,3685,439,24,,,1300,87.0,20.0,,,,75,,,,,,,33,13,,,,,,,,,,,,,,,,
HH,EVHOE,4,FR,35HT,GOV,50,D,-9,R0485,137,2013,11,28,0807,3,31,D,50.7919,-7.5554,50.7628,-7.5788,30E2,107,V,,1,1,R,4.4000,-9,,3630,379,24,,,1300,69.0,20.0,,,,206,,,,,,,30,12,,,,,,,,,,,,,,,,
HH,EVHOE,4,FR,35HT,GOV,100,D,-9,R0473,125,2013,11,25,0816,5,31,D,50.8777,-10.8315,50.9101,-10.8438,30D9,175,V,,1,1,R,3.9000,-9,,3704,570,24,,,1300,89.0,20.0,,,,343,,,,,,,76,6,,,,,,,,,,,,,,,,
HH,EVHOE,4,FR,35HT,GOV,50,D,-9,R0461,113,2013,11,22,0802,3,31,D,50.9072,-9.1144,50.8773,-9.0894,30E0,122,V,,1,1,R,4.1000,-9,,3760,419,24,,,1300,74.0,21.0,,,,151,,,,,,,43,11,,,,,,,,,,,,,,,,
HH,EVHOE,4,FR,35HT,GOV,50,D,-9,Y0289,1,2020,10,25,1504,3,31,D,47.5379,-4.5414,47.5122,-4.5702,24E5,112,V,Y0289,1,1,R,3.4000,-9,,3594,,26,,4.5000,1300,75.3,20.8,145,0.7000,210,,,,,,,,,,,,14.3,,35.42,,,,,,,,,,,
HH,EVHOE,4,FR,35HT,GOV,50,D,-9,Y0355,67,2020,11,9,1102,2,30,D,47.5605,-3.2288,47.5809,-3.2642,24E6,30,V,Y0355,1,1,R,4.3000,-9,,3489,,26,,4.5000,1300,53.4,21.0,145,0.7000,210,,,,,,,,,,,,13.6,,33.88,,,,,,,,,,,
HH,EVHOE,4,FR,35HT,GOV,50,D,-9,Y0353,65,2020,11,8,1359,3,27,D,47.0723,-3.1980,47.0992,-3.2028,23E6,81,V,Y0353,1,1,R,3.5000,-9,,3007,,26,,4.5000,1300,68.0,19.0,145,0.7000,210,,,,,,,,,,,,14.9,,34.59,,,,,,,,,,,
HH,EVHOE,4,FR,35HT,GOV,100,D,-9,Y0292,4,2020,10,26,1325,4,30,D,47.0941,-5.1748,47.0625,-5.1962,23E4,153,V,Y0292,1,1,R,3.4000,-9,,3866,,26,,4.5000,1300,,21.0,145,0.7000,210,,,,,,,,,,,,14.1,,35.34,,,,,,,,,,,
HH,EVHOE,4,FR,35HT,GOV,100,D,-9,Y0290,2,2020,10,26,0702,4,30,D,47.1714,-4.7889,47.1787,-4.8319,23E5,128,V,Y0290,1,1,R,3.4000,-9,,3347,,26,,4.5000,1300,,21.0,145,0.7000,210,,,,,,,,,,,,13.5,,35.37,,,,,,,,,,,
HH,EVHOE,4,FR,35HT,GOV,50,D,-9,Y0354,66,2020,11,9,0708,1,30,D,47.2446,-2.5851,47.2281,-2.6245,23E7,26,V,Y0354,1,1,R,4.2000,-9,,3490,,26,,4.5000,1300,54.3,21.0,145,0.7000,210,,,,,,,,,,,,13.9,,32.48,,,,,,,,,,,
HH,EVHOE,4,FR,35HT,GOV,50,D,-9,Y0357,69,2020,11,10,0718,3,30,D,47.2519,-4.0118,47.2809,-3.9942,23E5,108,V,Y0357,1,1,R,3.7000,-9,,3479,,26,,4.5000,1300,72.9,20.5,145,0.7000,210,,,,,,,,,,,,14.6,,35.13,,,,,,,,,,,
HH,EVHOE,4,FR,35HT,GOV,50,D,-9,Y0356,68,2020,11,9,1502,3,30,D,47.2886,-3.4560,47.2574,-3.4583,23E6,86,V,Y0356,1,1,R,3.5000,-9,,3458,,26,,4.5000,1300,77.1,21.2,145,0.7000,210,,,,,,,,,,,,15.5,,34.48,,,,,,,,,,,
HH,EVHOE,4,FR,35HT,GOV,100,D,-9,Y0297,9,2020,10,27,1420,6,30,D,46.7636,-4.9905,46.7348,-4.9690,22E5,223,V,Y0297,1,1,R,3.4000,-9,,3603,,26,,4.5000,1300,,21.0,145,0.7000,210,,,,,,,,,,,,15.2,,35.47,,,,,,,,,,,
HH,EVHOE,4,FR,35HT,GOV,100,D,-9,Y0295,7,2020,10,27,0702,4,30,D,46.9179,-4.2175,46.9345,-4.2580,22E5,133,V,Y0295,1,1,R,3.4000,-9,,3589,,26,,4.5000,1300,,21.0,145,0.7000,210,,,,,,,,,,,,14.2,,35.39,,,,,,,,,,,
HH,EVHOE,4,FR,35HT,GOV,100,D,-9,Y0296,8,2020,10,27,1123,4,30,D,46.9229,-4.7508,46.8960,-4.7696,22E5,149,V,Y0296,1,1,R,3.4000,-9,,3319,,26,,4.5000,1300,,21.0,145,0.7000,210,,,,,,,,,,,,13.9,,35.36,,,,,,,,,,,
HH,EVHOE,4,FR,35HT,GOV,100,D,-9,Y0294,6,2020,10,26,1626,6,30,D,46.9747,-5.2874,46.9559,-5.2488,22E4,214,V,Y0294,1,1,R,3.4000,-9,,3593,,26,,4.5000,1300,,21.0,145,0.7000,210,,,,,,,,,,,,13.9,,35.37,,,,,,,,,,,
HH,EVHOE,4,FR,35HT,GOV,50,D,-9,Y0352,64,2020,11,8,1213,3,30,D,46.9967,-3.4466,47.0059,-3.4014,22E6,105,V,Y0352,1,1,R,3.6000,-9,,3575,,26,,4.5000,1300,68.7,19.3,145,0.7000,210,,,,,,,,,,,,15.1,,34.57,,,,,,,,,,,
HH,EVHOE,4,FR,35HT,GOV,100,D,-9,Y0293,5,2020,10,26,1458,4,30,D,47.0057,-5.3008,47.0054,-5.3462,23E4,158,V,Y0293,1,1,R,3.4000,-9,,3445,,26,,4.5000,1300,,21.0,145,0.7000,210,,,,,,,,,,,,13.9,,35.37,,,,,,,,,,,
HH,EVHOE,4,FR,35HT,GOV,100,D,-9,Y0350,62,2020,11,8,0735,4,30,D,46.5798,-3.8978,46.6119,-3.9058,22E6,134,V,Y0350,1,1,R,3.7000,-9,,3606,,26,,4.5000,1300,87.2,19.2,145,0.7000,210,,,,,,,,,,,,14.4,,35.36,,,,,,,,,,,
HH,EVHOE,4,FR,35HT,GOV,50,D,-9,Y0348,60,2020,11,7,1311,2,30,D,46.5879,-2.6064,46.6182,-2.5931,22E7,67,V,Y0348,1,1,R,3.7000,-9,,3522,,26,,4.5000,1300,65.2,18.9,145,0.7000,210,,,,,,,,,,,,15.9,,34.89,,,,,,,,,,,
HH,EVHOE,4,FR,35HT,GOV,50,D,-9,Y0346,58,2020,11,7,0700,1,30,D,46.6091,-2.0400,46.5922,-2.0018,22E7,29,V,Y0346,1,1,R,4.3000,-9,,3470,,26,,4.5000,1300,53.2,21.0,145,0.7000,210,,,,,,,,,,,,14.7,,34.64,,,,,,,,,,,
HH,EVHOE,4,FR,35HT,GOV,100,D,-9,Y0298,10,2020,10,27,1617,7,30,D,46.6141,-4.9275,46.5839,-4.9281,22E5,484,V,Y0298,1,1,R,3.4000,-9,,3374,,26,,4.5000,1300,,21.0,145,0.7000,210,,,,,,,,,,,,15.0,,35.45,,,,,,,,,,,
HH,EVHOE,4,FR,35HT,GOV,100,D,-9,Y0351,63,2020,11,8,0929,4,30,D,46.7118,-3.7184,46.7086,-3.6727,22E6,128,V,Y0351,1,1,R,3.7000,-9,,3499,,26,,4.5000,1300,87.5,19.4,145,0.7000,210,,,,,,,,,,,,14.5,,34.94,,,,,,,,,,,
HH,EVHOE,4,FR,35HT,GOV,50,D,-9,Y0349,61,2020,11,7,1545,2,30,D,46.7516,-2.9576,46.7346,-2.9976,22E7,78,V,Y0349,1,1,R,3.5000,-9,,3583,,26,,4.5000,1300,71.4,19.7,145,0.7000,210,,,,,,,,,,,,16.0,,34.89,,,,,,,,,,,
HH,EVHOE,4,FR,35HT,GOV,100,D,-9,Y0308,20,2020,10,29,1544,4,30,D,46.2857,-3.2174,46.3148,-3.2353,21E6,125,V,Y0308,1,1,R,3.4000,-9,,3515,,26,,4.5000,1300,91.6,20.3,145,0.7000,210,,,,,,,,,,,,15.0,,35.28,,,,,,,,,,,
HH,EVHOE,4,FR,35HT,GOV,100,D,-9,Y0301,13,2020,10,28,1140,5,30,D,46.3221,-4.2325,46.3048,-4.1931,21E5,177,V,Y0301,1,1,R,3.2000,-9,,3585,,26,,4.5000,1300,106.4,22.1,145,0.7000,210,,,,,,,,,,,,15.1,,35.45,,,,,,,,,,,
HH,EVHOE,4,FR,35HT,GOV,100,D,-9,Y0300,12,2020,10,28,0942,4,30,D,46.4437,-4.4904,46.4365,-4.4449,21E5,151,V,Y0300,1,1,R,3.4000,-9,,3573,,26,,4.5000,1300,101.0,21.1,145,0.7000,210,,,,,,,,,,,,14.8,,35.45,,,,,,,,,,,
HH,EVHOE,4,FR,35HT,GOV,50,D,-9,R0483,135,2013,11,27,1222,3,30,D,51.0918,-6.3902,51.1122,-6.3485,31E3,111,V,,1,1,R,3.9000,-9,,3685,398,24,,,1300,71.0,21.0,,,,48,,,,,,,171,14,,,,,,,,,,,,,,,,
HH,EVHOE,4,FR,35HT,GOV,100,D,-9,R0474,126,2013,11,25,1049,5,29,D,51.1169,-10.6420,51.1490,-10.6584,31D9,168,V,,1,1,R,4.5000,-9,,3741,540,24,,,1300,89.0,20.0,,,,344,,,,,,,86,8,,,,,,,,,,,,,,,,
HH,EVHOE,4,FR,35HT,GOV,50,D,-9,R0482,134,2013,11,27,0949,3,29,D,51.1568,-6.4916,51.1241,-6.4824,31E3,99,V,,1,1,R,3.7000,-9,,3704,368,24,,,1300,68.0,20.0,,,,173,,,,,,,201,9,,,,,,,,,,,,,,,,
HH,EVHOE,4,FR,35HT,GOV,50,D,-9,R0484,136,2013,11,27,1457,3,30,D,51.1902,-6.1324,51.1586,-6.1430,31E3,107,V,,1,1,R,4.3000,-9,,3593,399,24,,,1300,68.0,20.0,,,,188,,,,,,,194,12,,,,,,,,,,,,,,,,
HH,EVHOE,4,FR,35HT,GOV,100,D,-9,R0475,127,2013,11,25,1221,4,31,D,51.2156,-10.6274,51.2376,-10.5899,31D9,163,V,,1,1,R,4.0000,-9,,3574,541,24,,,1300,89.0,20.0,,,,49,,,,,,,140,5,,,,,,,,,,,,,,,,
HH,EVHOE,4,FR,35HT,GOV,100,D,-9,R0476,128,2013,11,25,1425,4,30,D,51.2348,-10.3600,51.2386,-10.3069,31D9,139,V,,1,1,R,4.4000,-9,,3723,490,24,,,1300,86.0,20.0,,,,85,,,,,,,259,1,,,,,,,,,,,,,,,,
HH,EVHOE,4,FR,35HT,GOV,50,D,-9,R0481,133,2013,11,27,0807,3,31,D,51.2656,-6.5633,51.2450,-6.5217,31E3,111,V,,1,1,R,4.0000,-9,,3685,407,24,,,1300,66.0,20.0,,,,123,,,,,,,132,11,,,,,,,,,,,,,,,,
HH,EVHOE,4,FR,35HT,GOV,50,D,-9,R0477,129,2013,11,26,0808,2,30,D,51.6183,-7.4514,51.6374,-7.4065,32E2,80,V,,1,1,R,4.3000,-9,,3760,309,24,,,1300,67.0,25.0,,,,57,,,,,,,113,5,,,,,,,,,,,,,,,,
HH,EVHOE,4,FR,35HT,GOV,50,D,-9,R0479,131,2013,11,26,1240,2,30,D,51.7725,-6.7193,51.7969,-6.6818,32E3,74,V,,1,1,R,4.2000,-9,,3741,288,24,,,1300,62.0,19.0,,,,42,,,,,,,332,9,,,,,,,,,,,,,,,,
HH,EVHOE,4,FR,35HT,GOV,50,D,-9,R0480,132,2013,11,26,1407,2,30,D,51.7861,-6.5479,51.7604,-6.5159,32E3,71,V,,1,1,R,4.5000,-9,,3611,285,24,,,1300,61.0,18.0,,,,146,,,,,,,336,6,,,,,,,,,,,,,,,,
HH,EVHOE,4,FR,35HT,GOV,50,D,-9,R0478,130,2013,11,26,1026,2,30,D,51.7958,-7.0916,51.8270,-7.0710,32E2,75,V,,1,1,R,4.7000,-9,,3741,299,24,,,1300,62.0,19.0,,,,21,,,,,,,183,8,,,,,,,,,,,,,,,,
HH,EVHOE,4,FR,35HT,GOV,100,D,-9,Y0303,15,2020,10,28,1614,4,30,D,46.4591,-3.8468,46.4857,-3.8742,21E6,141,V,Y0303,1,1,R,3.3000,-9,,3619,,26,,4.5000,1300,96.2,20.8,145,0.7000,210,,,,,,,,,,,,15.0,,35.46,,,,,,,,,,,
HH,EVHOE,4,FR,35HT,GOV,50,D,-9,Y0347,59,2020,11,7,0958,2,30,D,46.5069,-2.0595,46.4779,-2.0410,22E7,35,V,Y0347,1,1,R,3.9000,-9,,3518,,26,,4.5000,1300,61.7,18.6,145,0.7000,210,,,,,,,,,,,,15.1,,34.72,,,,,,,,,,,
HH,EVHOE,4,FR,35HT,GOV,100,D,-9,Y0299,11,2020,10,28,0700,5,31,D,46.5674,-4.7284,46.5374,-4.7170,22E5,180,V,Y0299,1,1,R,3.2000,-9,,3621,,26,,4.5000,1300,97.1,19.6,145,0.7000,210,,,,,,,,,,,,14.9,,35.47,,,,,,,,,,,
HH,EVHOE,4,FR,35HT,GOV,100,D,-9,Y0306,18,2020,10,29,1111,4,30,D,46.0554,-3.5967,46.0808,-3.5709,21E6,142,V,Y0306,1,1,R,3.5000,-9,,3449,,26,,4.5000,1300,96.5,20.8,145,0.7000,210,,,,,,,,,,,,15.1,,35.38,,,,,,,,,,,
HH,EVHOE,4,FR,35HT,GOV,50,D,-9,Y0340,52,2020,11,5,1143,1,31,D,46.0863,-1.6420,46.0775,-1.6855,21E8,24,V,Y0340,1,1,R,4.4000,-9,,3495,,26,,4.5000,1300,54.8,21.0,145,0.7000,210,,,,,,,,,,,,15.1,,34.10,,,,,,,,,,,
HH,EVHOE,4,FR,35HT,GOV,100,D,-9,Y0304,16,2020,10,29,0658,4,30,D,46.1032,-3.8951,46.0714,-3.8918,21E6,144,V,Y0304,1,1,R,3.5000,-9,,3535,,26,,4.5000,1300,93.0,20.0,145,0.7000,210,,,,,,,,,,,,15.5,,35.38,,,,,,,,,,,
HH,EVHOE,4,FR,35HT,GOV,100,D,-9,Y0307,19,2020,10,29,1353,4,30,D,46.1102,-3.2645,46.1397,-3.2815,21E6,133,V,Y0307,1,1,R,3.3000,-9,,3530,,26,,4.5000,1300,93.5,20.3,145,0.7000,210,,,,,,,,,,,,15.1,,35.17,,,,,,,,,,,
HH,EVHOE,4,FR,35HT,GOV,50,D,-9,Y0345,57,2020,11,6,1355,3,30,D,46.1828,-2.8494,46.2092,-2.8229,21E7,108,V,Y0345,1,1,R,3.6000,-9,,3564,,26,,4.5000,1300,73.6,20.5,145,0.7000,210,,,,,,,,,,,,15.7,,34.97,,,,,,,,,,,
HH,EVHOE,4,FR,35HT,GOV,100,D,-9,Y0302,14,2020,10,28,1305,5,31,D,46.2496,-4.1488,46.2172,-4.1525,21E5,171,V,Y0302,1,1,R,3.1000,-9,,3625,,26,,4.5000,1300,99.8,21.0,145,0.7000,210,,,,,,,,,,,,15.1,,35.42,,,,,,,,,,,
HH,EVHOE,4,FR,35HT,GOV,100,D,-9,Y0310,22,2020,10,30,0905,4,30,D,45.7792,-3.3924,45.7478,-3.3843,20E6,144,V,Y0310,1,1,R,3.7000,-9,,3542,,26,,4.5000,1300,89.7,19.5,145,0.7000,210,,,,,,,,,,,,15.6,,35.28,,,,,,,,,,,
HH,EVHOE,4,FR,35HT,GOV,50,D,-9,Y0343,55,2020,11,6,0947,3,30,D,45.8482,-2.3983,45.8782,-2.4135,20E7,101,V,Y0343,1,1,R,3.5000,-9,,3527,,26,,4.5000,1300,79.9,21.6,145,0.7000,210,,,,,,,,,,,,16.3,,34.90,,,,,,,,,,,
HH,EVHOE,4,FR,35HT,GOV,100,D,-9,Y0309,21,2020,10,30,0705,4,30,D,45.8781,-3.2393,45.8518,-3.2157,20E6,131,V,Y0309,1,1,R,3.9000,-9,,3444,,26,,4.5000,1300,85.1,18.8,145,0.7000,210,,,,,,,,,,,,15.0,,35.13,,,,,,,,,,,
HH,EVHOE,4,FR,35HT,GOV,50,D,-9,Y0344,56,2020,11,6,1141,3,30,D,45.9171,-2.6859,45.9472,-2.6981,20E7,107,V,Y0344,1,1,R,3.7000,-9,,3480,,26,,4.5000,1300,72.3,20.2,145,0.7000,210,,,,,,,,,,,,15.7,,34.96,,,,,,,,,,,
HH,EVHOE,4,FR,35HT,GOV,100,D,-9,Y0305,17,2020,10,29,0914,4,31,D,45.9376,-3.7510,45.9127,-3.7234,20E6,159,V,Y0305,1,1,R,3.3000,-9,,3495,,26,,4.5000,1300,96.8,20.7,145,0.7000,210,,,,,,,,,,,,15.3,,35.42,,,,,,,,,,,
HH,EVHOE,4,FR,35HT,GOV,50,D,-9,Y0342,54,2020,11,6,0713,2,30,D,46.0540,-2.0610,46.0515,-2.1060,21E7,59,V,Y0342,1,1,R,3.6000,-9,,3474,,26,,4.5000,1300,68.8,19.1,145,0.7000,210,,,,,,,,,,,,16.0,,34.81,,,,,,,,,,,
HH,EVHOE,4,FR,35HT,GOV,100,D,-9,Y0314,26,2020,10,31,0851,4,31,D,45.3419,-2.6275,45.3728,-2.6387,19E7,125,V,Y0314,1,1,R,3.8000,-9,,3538,,26,,4.5000,1300,92.6,20.1,145,0.7000,210,,,,,,,,,,,,15.9,,34.93,,,,,,,,,,,
HH,EVHOE,4,FR,35HT,GOV,50,D,-9,Y0315,27,2020,10,31,1048,3,31,D,45.4224,-2.4108,45.3908,-2.4002,19E7,112,V,Y0315,1,1,R,3.8000,-9,,3613,,26,,4.5000,1300,68.0,19.2,145,0.7000,210,,,,,,,,,,,,16.0,,34.94,,,,,,,,,,,
HH,EVHOE,4,FR,35HT,GOV,50,D,-9,Y0338,50,2020,11,5,0656,2,30,D,45.5271,-1.4172,45.5577,-1.4257,20E8,37,V,Y0338,1,1,R,3.9000,-9,,3465,,26,,4.5000,1300,,21.0,145,0.7000,210,,,,,,,,,,,,15.6,,33.60,,,,,,,,,,,
HH,EVHOE,4,FR,35HT,GOV,100,D,-9,Y0311,23,2020,10,30,1054,4,30,D,45.6608,-3.2182,45.6294,-3.2277,20E6,134,V,Y0311,1,1,R,3.5000,-9,,3559,,26,,4.5000,1300,91.5,20.0,145,0.7000,210,,,,,,,,,,,,15.6,,35.29,,,,,,,,,,,
HH,EVHOE,4,FR,35HT,GOV,50,D,-9,Y0341,53,2020,11,5,1445,2,30,D,45.7330,-1.9170,45.7310,-1.9621,20E8,69,V,Y0341,1,1,R,3.6000,-9,,3502,,26,,4.5000,1300,69.3,18.8,145,0.7000,210,,,,,,,,,,,,16.7,,34.86,,,,,,,,,,,
HH,EVHOE,4,FR,35HT,GOV,50,D,-9,Y0339,51,2020,11,5,0853,1,30,D,45.7401,-1.4272,45.7729,-1.4214,20E8,28,V,Y0339,1,1,R,4.4000,-9,,3676,,26,,4.5000,1300,51.8,21.0,145,0.7000,210,,,,,,,,,,,,15.5,,33.82,,,,,,,,,,,
HH,EVHOE,4,FR,35HT,GOV,50,D,-9,Y0318,30,2020,11,1,0715,3,31,D,44.8837,-1.8533,44.8527,-1.8478,18E8,109,V,Y0318,1,1,R,3.6000,-9,,3467,,26,,4.5000,1300,74.8,20.6,145,0.7000,210,,,,,,,,,,,,17.1,,34.80,,,,,,,,,,,
HH,EVHOE,4,FR,35HT,GOV,100,D,-9,Y0317,29,2020,10,31,1520,4,30,D,44.9473,-2.2235,44.9165,-2.2147,18E7,141,V,Y0317,1,1,R,3.7000,-9,,3482,,26,,4.5000,1300,95.2,20.6,145,0.7000,210,,,,,,,,,,,,16.8,,34.96,,,,,,,,,,,
HH,EVHOE,4,FR,35HT,GOV,50,D,-9,Y0337,49,2020,11,4,1339,2,30,D,45.1100,-1.4298,45.1418,-1.4304,19E8,44,V,Y0337,1,1,R,3.8000,-9,,3523,,26,,4.5000,1300,62.3,18.2,145,0.7000,210,,,,,,,,,,,,16.9,,34.73,,,,,,,,,,,
HH,EVHOE,4,FR,35HT,GOV,50,D,-9,Y0316,28,2020,10,31,1315,3,31,D,45.1594,-2.2019,45.1376,-2.1684,19E7,115,V,Y0316,1,1,R,3.7000,-9,,3571,,26,,4.5000,1300,70.8,19.9,145,0.7000,210,,,,,,,,,,,,15.9,,35.00,,,,,,,,,,,
HH,EVHOE,4,FR,35HT,GOV,100,D,-9,Y0313,25,2020,10,31,0701,4,30,D,45.2619,-2.7561,45.2838,-2.7872,19E7,133,V,Y0313,1,1,R,3.7000,-9,,3442,,26,,4.5000,1300,93.6,20.4,145,0.7000,210,,,,,,,,,,,,15.6,,35.07,,,,,,,,,,,
HH,EVHOE,4,FR,35HT,GOV,100,D,-9,Y0312,24,2020,10,30,1407,7,30,D,45.2741,-3.2751,45.2521,-3.2432,19E6,496,V,Y0312,1,1,R,3.2000,-9,,3534,,26,,4.5000,1300,110.3,22.6,145,0.7000,210,,,,,,,,,,,,16.7,,35.34,,,,,,,,,,,
HH,EVHOE,4,FR,35HT,GOV,100,D,-9,Y0320,32,2020,11,1,1128,6,31,D,44.5801,-2.1550,44.6114,-2.1604,18E7,270,V,Y0320,1,1,R,2.9000,-9,,3564,,26,,4.5000,1300,119.9,24.0,145,0.7000,210,,,,,,,,,,,,17.0,,34.92,,,,,,,,,,,
HH,EVHOE,4,FR,35HT,GOV,50,D,-9,Y0334,46,2020,11,4,0813,2,31,D,44.5849,-1.3492,44.6172,-1.3576,18E8,37,V,Y0334,1,1,R,3.8000,-9,,3650,,26,,4.5000,1300,58.7,21.0,145,0.7000,210,,,,,,,,,,,,16.4,,34.25,,,,,,,,,,,
HH,EVHOE,4,FR,35HT,GOV,100,D,-9,Y0321,33,2020,11,1,1340,6,30,D,44.5921,-2.1370,44.5611,-2.1277,18E7,339,V,Y0321,1,1,R,2.9000,-9,,3542,,26,,4.5000,1300,118.8,23.9,145,0.7000,210,,,,,,,,,,,,17.1,,34.91,,,,,,,,,,,
HH,EVHOE,4,FR,35HT,GOV,100,D,-9,Y0319,31,2020,11,1,0934,4,30,D,44.6347,-1.9861,44.6118,-2.0171,18E8,156,V,Y0319,1,1,R,3.3000,-9,,3534,,26,,4.5000,1300,97.3,20.8,145,0.7000,210,,,,,,,,,,,,17.0,,34.89,,,,,,,,,,,
HH,EVHOE,4,FR,35HT,GOV,50,D,-9,Y0335,47,2020,11,4,0941,2,30,D,44.7367,-1.3764,44.7686,-1.3738,18E8,31,V,Y0335,1,1,R,4.0000,-9,,3552,,26,,4.5000,1300,56.5,21.0,145,0.7000,210,,,,,,,,,,,,16.3,,34.38,,,,,,,,,,,
HH,EVHOE,4,FR,35HT,GOV,50,D,-9,Y0336,48,2020,11,4,1111,1,30,D,44.8643,-1.2862,44.8955,-1.2788,18E8,26,V,Y0336,1,1,R,4.7000,-9,,3514,,26,,4.5000,1300,49.5,21.0,145,0.7000,210,,,,,,,,,,,,16.4,,34.35,,,,,,,,,,,
HH,EVHOE,4,FR,35HT,GOV,100,D,-9,Y0331,43,2020,11,3,1312,6,30,D,44.0746,-2.0751,44.1048,-2.0646,17E7,228,V,Y0331,1,1,R,3.4000,-9,,3489,,26,,4.5000,1300,105.1,22.0,145,0.7000,210,,,,,,,,,,,,16.7,,35.13,,,,,,,,,,,
HH,EVHOE,4,FR,35HT,GOV,100,D,-9,Y0327,39,2020,11,2,1616,4,31,D,44.0774,-1.7880,44.0925,-1.7502,17E8,121,V,Y0327,1,1,R,3.6000,-9,,3453,,26,,4.5000,1300,76.8,20.9,145,0.7000,210,,,,,,,,,,,,17.1,,34.97,,,,,,,,,,,
HH,EVHOE,4,FR,35HT,GOV,50,D,-9,Y0323,35,2020,11,2,0704,2,30,D,44.0904,-1.3789,44.0598,-1.3909,17E8,32,V,Y0323,1,1,R,4.1000,-9,,3538,,26,,4.5000,1300,55.2,21.0,145,0.7000,210,,,,,,,,,,,,16.9,,33.88,,,,,,,,,,,
HH,EVHOE,4,FR,35HT,GOV,100,D,-9,Y0332,44,2020,11,3,1524,4,30,D,44.2138,-1.8620,44.2430,-1.8816,17E8,127,V,Y0332,1,1,R,3.5000,-9,,3594,,26,,4.5000,1300,98.2,21.0,145,0.7000,210,,,,,,,,,,,,16.9,,35.10,,,,,,,,,,,
HH,EVHOE,4,FR,35HT,GOV,50,D,-9,Y0322,34,2020,11,1,1536,1,30,D,44.4289,-2.0455,44.3969,-2.0420,17E7,10,V,Y0322,1,1,R,3.5000,-9,,3558,,26,,4.5000,1300,98.6,20.9,145,0.7000,210,,,,,,,,,,,,17.4,,34.80,,,,,,,,,,,
HH,EVHOE,4,FR,35HT,GOV,50,D,-9,Y0333,45,2020,11,4,0657,2,30,D,44.5270,-1.3101,44.5575,-1.3191,18E8,30,V,Y0333,1,1,R,4.3000,-9,,3461,,26,,4.5000,1300,56.6,21.0,145,0.7000,210,,,,,,,,,,,,16.6,,34.40,,,,,,,,,,,
HH,EVHOE,4,FR,35HT,GOV,100,D,-9,S0937,113,2014,11,18,1318,4,30,D,48.4058,-6.5484,48.4236,-6.5048,25E3,119,V,S0937,1,1,R,3.6000,-9,,3774,451,26,,4.5000,1300,90.0,,145,0.7000,210,59,4.0000,3.4000,,,,,168,8,,,,,,,,,,,,,,,,
HH,EVHOE,4,FR,35HT,GOV,100,D,-9,S0938,114,2014,11,19,0850,4,31,D,49.4883,-8.6380,49.4999,-8.6853,27E1,145,V,S0938,1,1,R,2.5000,-9,,3657,502,26,,4.5000,1300,86.0,,145,0.7000,210,294,3.8000,3.5000,,,,,187,10,,,,,,,,,,,,,,,,
HH,EVHOE,4,FR,35HT,GOV,100,D,-9,S0939,115,2014,11,19,1113,4,30,D,49.7085,-8.9384,49.7135,-8.9871,28E1,145,V,S0939,1,1,R,3.3000,-9,,3548,483,26,,4.5000,1300,78.0,,145,0.7000,210,270,3.7000,3.4000,,,,,201,13,,,,,,,,,,,,,,,,
HH,EVHOE,4,FR,35HT,GOV,100,D,-9,Q0929,85,2012,11,14,1542,5,29,D,48.3440,-9.1234,48.3209,-9.1589,25E0,184,V,,1,1,R,,-9,,,575,24,,,1300,,,,,,228,3.8000,,,,,,104,8,,,,,,,,,,,,,,,,
HH,EVHOE,4,FR,35HT,GOV,100,D,-9,Q0928,84,2012,11,14,1327,4,30,D,48.3871,-9.3978,48.4030,-9.3536,25E0,148,V,,1,1,R,,-9,,,490,24,,,1300,,,,,,79,4.2000,,,,,,111,14,,,,,,,,,,,,,,,,
HH,EVHOE,4,FR,35HT,GOV,100,D,-9,Q0922,79,2012,11,13,0738,4,30,D,48.7844,-8.5536,48.7613,-8.5887,26E1,152,V,,1,1,R,,-9,,,498,24,,,1300,,,,,,223,3.7000,,,,,,186,20,,,,,,,,,,,,,,,,
HH,EVHOE,4,FR,35HT,GOV,100,D,-9,Q0936,91,2012,11,16,1533,4,26,D,48.7852,-6.3176,48.7630,-6.3375,26E3,141,V,,1,1,R,,-9,,,456,24,,,1300,,,,,,210,3.7000,,,,,,210,14,,,,,,,,,,,,,,,,
HH,EVHOE,4,FR,35HT,GOV,100,D,-9,Q0934,89,2012,11,16,0752,4,30,D,48.9307,-7.3196,48.8972,-7.3179,26E2,145,V,,1,1,R,,-9,,,504,24,,,1300,,,,,,183,3.9000,,,,,,73,6,,,,,,,,,,,,,,,,
HH,EVHOE,4,FR,35HT,GOV,100,D,-9,Q0933,88,2012,11,15,1518,5,30,D,48.9838,-10.8153,48.9568,-10.8415,26D9,171,V,,1,1,R,,-9,,,571,24,,,1300,,,,,,215,3.9000,,,,,,46,10,,,,,,,,,,,,,,,,
HH,EVHOE,4,FR,35HT,GOV,100,D,-9,W0658,124,2018,11,22,1621,4,30,D,50.0602,-10.2143,50.0905,-10.1987,29D9,129,V,W0658,1,1,C,3.6000,-9,,3551,402,26,,4.5000,1300,92.5,19.4,145,0.7000,250,14,3.8000,4.4000,,,,,169,10,,,12.2,,35.25,,,,,,,,,,,
HH,EVHOE,4,FR,35HT,GOV,100,D,-9,W0659,125,2018,11,23,0757,4,26,D,50.2981,-10.0039,50.3009,-10.0457,29D9,128,V,W0659,1,1,C,3.6000,-9,,2982,401,26,,4.5000,1300,95.7,20.6,145,0.7000,250,285,3.7000,3.8000,,,,,307,3,,,12.0,,35.16,,,,,,,,,,,
HH,EVHOE,4,FR,35HT,GOV,100,D,-9,W0660,126,2018,11,23,1007,4,30,D,50.4972,-10.0253,50.5229,-10.0491,29D9,141,V,W0660,1,1,C,3.5000,-9,,3309,421,26,,4.5000,1300,93.9,20.3,145,0.7000,250,336,3.5000,3.9000,,,,,285,6,,,12.4,,35.37,,,,,,,,,,,
HH,EVHOE,4,FR,35HT,GOV,100,D,-9,W0661,127,2018,11,23,1316,5,30,D,50.3690,-10.5987,50.3447,-10.6271,29D9,164,V,W0661,1,1,C,3.7000,-9,,3367,481,26,,4.5000,1300,92.2,19.5,145,0.7000,250,224,3.5000,4.4000,,,,,301,9,,,12.8,,35.50,,,,,,,,,,,
HH,EVHOE,4,FR,35HT,GOV,100,D,-9,W0662,128,2018,11,23,1511,6,31,D,50.3722,-10.8165,50.3415,-10.8284,29D9,212,V,W0662,1,1,C,3.5000,-9,,3510,621,26,,4.5000,1300,96.3,20.3,145,0.7000,250,201,3.7000,4.2000,,,,,304,12,,,12.8,,35.49,,,,,,,,,,,
HH,EVHOE,4,FR,35HT,GOV,100,D,-9,W0663,129,2018,11,24,0812,6,30,D,50.7221,-11.0478,50.7034,-11.0081,30D8,286,V,W0663,1,1,C,3.2000,-9,,3482,903,26,,4.5000,1300,109.4,21.7,145,0.7000,250,113,3.7000,4.3000,,,,,22,18,,,12.7,,35.48,,,,,,,,,,,
HH,EVHOE,4,FR,35HT,GOV,100,D,-9,W0664,130,2018,11,24,1046,5,31,D,50.8807,-10.8327,50.9120,-10.8448,30D9,169,V,W0664,1,1,C,3.4000,-9,,3575,510,26,,4.5000,1300,99.5,20.7,145,0.7000,250,18,3.8000,4.4000,,,,,52,25,,,12.7,,35.47,,,,,,,,,,,
HH,EVHOE,4,FR,35HT,GOV,100,D,-9,W0665,131,2018,11,24,1303,5,31,D,50.7169,-10.7820,50.7167,-10.7293,30D9,170,V,W0665,1,1,C,3.5000,-9,,3703,521,26,,4.5000,1300,100.5,21.0,145,0.7000,250,88,3.8000,4.2000,,,,,49,17,,,12.5,,35.42,,,,,,,,,,,
HH,EVHOE,4,FR,35HT,GOV,100,D,-9,W0666,132,2018,11,24,1515,4,31,D,50.7179,-10.5146,50.7169,-10.4631,30D9,159,V,W0666,1,1,C,3.4000,-9,,3622,484,26,,4.5000,1300,104.4,21.5,145,0.7000,250,88,3.8000,3.6000,,,,,55,17,,,12.4,,35.39,,,,,,,,,,,
HH,EVHOE,4,FR,35HT,GOV,100,D,-9,W0667,133,2018,11,25,0800,4,30,D,50.7451,-9.9698,50.7496,-9.9197,30E0,122,V,W0667,1,1,C,3.7000,-9,,3561,380,26,,4.5000,1300,91.3,19.5,145,0.7000,250,80,3.8000,4.5000,,,,,91,23,,,12.0,,35.28,,,,,,,,,,,
HH,EVHOE,4,FR,35HT,GOV,100,D,-9,W0668,134,2018,11,25,1143,4,30,D,50.7488,-9.2853,50.7523,-9.2402,30E0,124,V,W0668,1,1,C,3.8000,-9,,3192,381,26,,4.5000,1300,93.1,20.0,145,0.7000,250,82,3.4000,4.8000,,,,,74,21,,,11.6,,35.03,,,,,,,,,,,
HH,EVHOE,4,FR,35HT,GOV,50,D,-9,W0669,135,2018,11,25,1339,3,30,D,50.8784,-9.0898,50.9076,-9.1145,30E0,116,V,W0669,1,1,C,3.5000,-9,,3677,360,26,,4.5000,1300,76.2,20.2,145,0.7000,250,345,3.9000,4.0000,,,,,81,29,,,11.6,,35.07,,,,,,,,,,,
HH,EVHOE,4,FR,35HT,GOV,50,D,-9,W0670,136,2018,11,25,1609,3,30,D,50.9412,-9.6106,50.9160,-9.6399,30E0,123,V,W0670,1,1,C,3.5000,-9,,3479,381,26,,4.5000,1300,74.8,20.3,145,0.7000,250,213,3.7000,4.8000,,,,,100,19,,,11.6,,35.03,,,,,,,,,,,
HH,EVHOE,4,FR,35HT,GOV,50,D,-9,W0671,137,2018,11,26,0757,3,30,D,51.5236,-8.3645,51.5248,-8.3139,32E1,87,V,W0671,1,1,C,3.4000,-9,,3499,296,26,,4.5000,1300,75.8,20.4,145,0.7000,250,93,3.7000,4.5000,,,,,146,17,,,12.4,,35.02,,,,,,,,,,,
HH,EVHOE,4,FR,35HT,GOV,50,D,-9,W0672,138,2018,11,26,1105,3,30,D,51.3357,-7.7811,51.3608,-7.7528,31E2,89,V,W0672,1,1,C,3.4000,-9,,3418,320,26,,4.5000,1300,73.2,19.6,145,0.7000,250,43,3.6000,5.1000,,,,,137,19,,,12.0,,35.03,,,,,,,,,,,
HH,EVHOE,4,FR,35HT,GOV,50,D,-9,W0673,139,2018,11,26,1307,3,30,D,51.3075,-7.4820,51.3388,-7.4780,31E2,87,V,W0673,1,1,C,3.2000,-9,,3492,319,26,,4.5000,1300,76.8,17.1,145,0.7000,250,15,3.7000,4.9000,,,,,135,15,,,12.1,,35.03,,,,,,,,,,,
HH,EVHOE,4,FR,35HT,GOV,50,D,-9,W0674,140,2018,11,26,1527,2,31,D,51.6223,-7.4481,51.6386,-7.4034,32E2,78,V,W0674,1,1,C,3.4000,-9,,3579,280,26,,4.5000,1300,72.9,19.7,145,0.7000,250,68,3.7000,4.7000,,,,,143,21,,,12.4,,35.01,,,,,,,,,,,
HH,EVHOE,4,FR,35HT,GOV,50,D,-9,W0675,141,2018,11,27,0757,2,29,D,51.7759,-6.7138,51.8018,-6.6752,32E3,74,V,W0675,1,1,C,3.5000,-9,,3906,269,26,,4.5000,1300,71.0,19.3,145,0.7000,250,62,4.3000,3.7000,,,,,154,49,,,12.4,,34.97,,,,,,,,,,,
HH,EVHOE,4,FR,35HT,GOV,50,D,-9,W0676,142,2018,11,27,0955,2,31,D,51.7864,-6.5495,51.7622,-6.5184,32E3,72,V,W0676,1,1,C,3.7000,-9,,3448,259,26,,4.5000,1300,69.0,19.2,145,0.7000,250,167,3.6000,4.6000,,,,,234,31,,,12.3,,34.95,,,,,,,,,,,
HH,EVHOE,4,FR,35HT,GOV,50,D,-9,W0677,143,2018,11,27,1317,3,31,D,51.7519,-5.8574,51.7319,-5.8997,32E4,115,V,W0677,1,1,C,3.5000,-9,,3668,369,26,,4.5000,1300,79.7,21.1,145,0.7000,250,234,3.8000,4.7000,,,,,254,24,,,12.5,,35.02,,,,,,,,,,,
HH,EVHOE,4,FR,35HT,GOV,50,D,-9,T0784,148,2015,11,27,1450,2,27,D,51.3798,-4.8268,51.3915,-4.7738,31E5,60,I,,1,1,R,3.8000,-9,,3899,248,26,,,1300,70.0,,,,,42,3.4000,,,,,,,,,,,,,,,,,,,,,,,
HH,EVHOE,4,FR,35HT,GOV,50,D,-9,T0781,145,2015,11,27,0758,3,31,D,51.4385,-5.7864,51.4085,-5.7748,31E4,85,V,,1,1,R,3.4000,-9,,3431,340,26,,,1300,69.0,19.0,,,,173,4.7000,,,,,,,,,,,,,,,,,,,,,,,
HH,EVHOE,4,FR,35HT,GOV,50,D,-9,T0775,139,2015,11,25,1302,3,31,D,51.5239,-8.3514,51.5256,-8.2966,32E1,86,V,,1,1,R,3.6000,-9,,3787,313,26,,,1300,72.0,,,,,89,3.8000,,,,,,,,,,,,,,,,,,,,,,,
HH,EVHOE,4,FR,35HT,GOV,50,D,-9,T0777,141,2015,11,26,0803,2,30,D,51.6224,-7.4446,51.6404,-7.4000,32E2,78,V,,1,1,R,3.1000,-9,,3666,309,26,,,1300,73.0,,,,,51,3.9000,,,,,,,,,,,,,,,,,,,,,,,
HH,EVHOE,4,FR,35HT,GOV,50,D,-9,T0776,140,2015,11,25,1507,2,30,D,51.6917,-8.0289,51.7172,-7.9855,32E1,72,V,,1,1,R,3.5000,-9,,4125,280,26,,,1300,67.0,19.0,,,,34,4.0000,,,,,,,,,,,,,,,,,,,,,,,
HH,EVHOE,4,FR,35HT,GOV,50,D,-9,T0780,144,2015,11,26,1547,2,23,D,51.7526,-5.8744,51.7709,-5.8468,32E4,119,V,,1,1,R,3.4000,-9,,2777,409,26,,,1300,74.0,21.0,,,,34,4.3000,,,,,,,,,,,,,,,,,,,,,,,
HH,EVHOE,4,FR,35HT,GOV,50,D,-9,T0779,143,2015,11,26,1248,2,31,D,51.7863,-6.5492,51.7593,-6.5150,32E3,68,V,,1,1,R,5.3000,-9,,3805,289,26,,,1300,64.0,19.0,,,,125,3.9000,,,,,,,,,,,,,,,,,,,,,,,
HH,EVHOE,4,FR,35HT,GOV,50,D,-9,T0778,142,2015,11,26,1013,2,30,D,51.7987,-7.0892,51.8289,-7.0697,32E2,72,V,,1,1,R,3.6000,-9,,3605,299,26,,,1300,68.0,19.0,,,,23,3.8000,,,,,,,,,,,,,,,,,,,,,,,
HH,EVHOE,4,FR,35HT,GOV,100,D,-9,X0551,105,2019,11,23,1039,4,20,D,48.3794,-6.5995,48.3628,-6.6107,25E3,144,V,X0551,1,1,R,,-9,,2016,,26,,4.5000,1300,94.8,20.3,145,0.7000,210,,,,,,,,,,,,12.8,,35.45,,,,,,,,,,,
HH,EVHOE,4,FR,35HT,GOV,100,D,-9,X0548,102,2019,11,18,1534,4,22,D,48.3785,-6.9919,48.3722,-6.9580,25E3,143,V,X0548,1,1,R,3.3000,-9,,2593,,26,,4.5000,1300,89.3,19.4,145,0.7000,210,,,,,,,,,,,,12.8,,35.44,,,,,,,,,,,
HH,EVHOE,4,FR,35HT,GOV,100,D,-9,X0528,82,2019,11,12,0727,5,31,D,48.3353,-8.3168,48.3226,-8.3620,25E1,178,V,X0528,1,1,R,3.3000,-9,,3637,,26,,4.5000,1300,104.4,22.2,145,0.7000,210,,,,,,,,,,,,13.3,,35.49,,,,,,,,,,,
HH,EVHOE,4,FR,35HT,GOV,50,D,-9,X0550,104,2019,11,23,0751,1,31,D,48.2185,-6.5906,48.2200,-6.6378,25E3,-9,V,X0550,1,1,R,,-9,,3504,,26,,4.5000,1300,101.3,20.8,145,0.7000,210,,,,,,,,,,,,13.0,,35.45,,,,,,,,,,,
HH,EVHOE,4,FR,35HT,GOV,100,D,-9,X0526,80,2019,11,11,1417,5,30,D,48.1132,-7.8997,48.1388,-7.9219,25E2,189,V,X0526,1,1,R,3.3000,-9,,3297,,26,,4.5000,1300,100.1,20.8,145,0.7000,210,,,,,,,,,,,,13.5,,35.46,,,,,,,,,,,
HH,EVHOE,4,FR,35HT,GOV,100,D,-9,X0527,81,2019,11,11,1650,6,25,D,48.0571,-8.1295,48.0369,-8.1042,25E1,335,V,X0527,1,1,R,3.4000,-9,,2935,,26,,4.5000,1300,107.9,23.1,145,0.7000,210,,,,,,,,,,,,13.4,,35.51,,,,,,,,,,,
HH,EVHOE,4,FR,35HT,GOV,100,D,-9,X0525,79,2019,11,11,1009,5,30,D,47.9601,-7.4643,47.9510,-7.4193,24E2,166,V,X0525,1,1,R,3.3000,-9,,3494,,26,,4.5000,1300,97.9,21.2,145,0.7000,210,,,,,,,,,,,,13.6,,35.48,,,,,,,,,,,
HH,EVHOE,4,FR,35HT,GOV,100,D,-9,X0597,151,2019,12,7,0803,4,31,D,47.9160,-5.8168,47.9482,-5.8246,24E4,130,V,X0597,1,1,R,3.8000,-9,,3638,,26,,4.5000,1300,89.3,19.7,145,0.7000,210,,,,,,,,,,,,12.4,,35.37,,,,,,,,,,,
HH,EVHOE,4,FR,35HT,GOV,50,D,-9,X0441,1,2019,10,22,1124,1,31,D,47.8254,-4.7810,47.8182,-4.7370,24E5,-9,V,X0441,1,1,R,2.8000,-9,,3373,,26,,4.5000,1300,71.8,20.2,145,0.7000,210,,,,,,,,,,,,16.0,,35.39,,,,,,,,,,,
HH,EVHOE,4,FR,35HT,GOV,100,D,-9,X0522,76,2019,11,10,1357,4,30,D,47.8083,-6.4259,47.7773,-6.4326,24E3,146,V,X0522,1,1,R,3.4000,-9,,3478,,26,,4.5000,1300,91.7,19.9,145,0.7000,210,,,,,,,,,,,,13.7,,35.45,,,,,,,,,,,
HH,EVHOE,4,FR,35HT,GOV,100,D,-9,X0524,78,2019,11,11,0734,6,31,D,47.7822,-7.5166,47.8071,-7.5268,24E2,262,V,X0524,1,1,R,3.5000,-9,,2878,,26,,4.5000,1300,100.8,22.9,145,0.7000,210,,,,,,,,,,,,13.5,,35.48,,,,,,,,,,,
HH,EVHOE,4,FR,35HT,GOV,100,D,-9,X0521,75,2019,11,10,1019,4,30,D,47.7452,-5.8820,47.7660,-5.9164,24E4,139,V,X0521,1,1,R,,-9,,3458,,26,,4.5000,1300,93.1,20.8,145,0.7000,210,,,,,,,,,,,,13.5,,35.33,,,,,,,,,,,
HH,EVHOE,4,FR,35HT,GOV,50,D,-9,X0514,68,2019,11,8,1329,3,30,D,47.6285,-4.4014,47.5999,-4.4227,24E5,106,V,X0514,1,1,R,,-9,,3571,,26,,4.5000,1300,75.6,20.8,145,0.7000,210,,,,,,,,,,,,15.0,,35.28,,,,,,,,,,,
HH,EVHOE,4,FR,35HT,GOV,100,D,-9,X0520,74,2019,11,10,0727,4,30,D,47.6104,-5.6255,47.6380,-5.6205,24E4,135,V,X0520,1,1,R,3.9000,-9,,3098,,26,,4.5000,1300,82.9,18.7,145,0.7000,210,,,,,,,,,,,,13.7,,35.31,,,,,,,,,,,
HH,EVHOE,4,FR,35HT,GOV,50,D,-9,X0513,67,2019,11,8,1124,3,32,D,47.5987,-4.1177,47.6199,-4.1518,24E5,97,V,X0513,1,1,R,,-9,,3473,,26,,4.5000,1300,74.2,21.0,145,0.7000,210,,,,,,,,,,,,15.1,,35.25,,,,,,,,,,,
HH,EVHOE,4,FR,35HT,GOV,50,D,-9,X0503,57,2019,11,4,1016,2,30,D,47.5587,-3.2276,47.5785,-3.2604,24E6,31,V,X0503,1,1,R,4.7000,-9,,3300,,26,,4.5000,1300,,17.0,145,0.7000,210,,,,,,,,,,,,14.7,,34.59,,,,,,,,,,,
HH,EVHOE,4,FR,35HT,GOV,50,D,-9,X0515,69,2019,11,8,1553,3,30,D,47.5388,-4.5407,47.5135,-4.5691,24E5,112,V,X0515,1,1,R,,-9,,3522,,26,,4.5000,1300,77.4,20.9,145,0.7000,210,,,,,,,,,,,,14.7,,35.28,,,,,,,,,,,
HH,EVHOE,4,FR,35HT,GOV,100,D,-9,X0523,77,2019,11,10,1647,6,21,D,47.5010,-6.6306,47.5069,-6.6582,24E3,298,V,X0523,1,1,R,3.3000,-9,,2176,,26,,4.5000,1300,103.6,20.8,145,0.7000,210,,,,,,,,,,,,13.6,,35.44,,,,,,,,,,,
HH,EVHOE,4,FR,35HT,GOV,50,D,-9,X0512,66,2019,11,8,0907,3,30,D,47.4327,-3.8894,47.4629,-3.8787,23E6,101,V,X0512,1,1,R,3.4000,-9,,3454,,26,,4.5000,1300,75.0,20.8,145,0.7000,210,,,,,,,,,,,,15.3,,35.20,,,,,,,,,,,
HH,EVHOE,4,FR,35HT,GOV,50,D,-9,X0511,65,2019,11,8,0712,3,30,D,47.2513,-4.0122,47.2796,-3.9948,23E5,108,V,X0511,1,1,R,3.6000,-9,,3404,,26,,4.5000,1300,74.8,20.6,145,0.7000,210,,,,,,,,,,,,14.9,,35.31,,,,,,,,,,,
HH,EVHOE,4,FR,35HT,GOV,50,D,-9,X0499,53,2019,11,3,0743,1,31,D,47.2433,-2.5891,47.2266,-2.6280,23E7,27,V,X0499,1,1,R,4.4000,-9,,3477,,26,,4.5000,1300,54.8,17.0,145,0.7000,210,,,,,,,,,,,,15.3,,34.55,,,,,,,,,,,
HH,EVHOE,4,FR,35HT,GOV,100,D,-9,X0519,73,2019,11,9,1329,4,31,D,47.1789,-4.8330,47.1715,-4.7889,23E5,131,V,X0519,1,1,R,3.8000,-9,,3425,,26,,4.5000,1300,82.4,18.5,145,0.7000,210,,,,,,,,,,,,13.8,,35.32,,,,,,,,,,,
HH,EVHOE,4,FR,35HT,GOV,50,D,-9,X0500,54,2019,11,3,1141,2,30,D,47.0798,-3.0500,47.0459,-3.0514,23E6,59,V,X0500,1,1,R,3.8000,-9,,3773,,26,,4.5000,1300,63.9,17.0,145,0.7000,210,,,,,,,,,,,,16.1,,35.14,,,,,,,,,,,
HH,EVHOE,4,FR,35HT,GOV,50,D,-9,X0501,55,2019,11,3,1345,3,31,D,47.0686,-3.1971,47.1004,-3.2021,23E6,82,V,X0501,1,1,R,3.9000,-9,,3561,,26,,4.5000,1300,67.5,17.0,145,0.7000,210,,,,,,,,,,,,16.6,,35.13,,,,,,,,,,,
HH,EVHOE,4,FR,35HT,GOV,100,D,-9,X0518,72,2019,11,9,1102,4,30,D,47.0680,-5.1923,47.0968,-5.1734,23E4,156,V,X0518,1,1,R,3.7000,-9,,3500,,26,,4.5000,1300,91.4,19.4,145,0.7000,210,,,,,,,,,,,,13.3,,35.28,,,,,,,,,,,
HH,EVHOE,4,FR,35HT,GOV,100,D,-9,X0516,70,2019,11,9,0725,5,31,D,47.0057,-5.3408,47.0060,-5.2922,23E4,164,V,X0516,1,1,R,3.5000,-9,,3686,,26,,4.5000,1300,,18.5,145,0.7000,210,,,,,,,,,,,,13.1,,35.33,,,,,,,,,,,
HH,EVHOE,4,FR,35HT,GOV,50,D,-9,X0504,58,2019,11,6,0653,3,30,D,46.9971,-3.4462,47.0054,-3.4022,22E6,105,V,X0504,1,1,R,3.5000,-9,,3460,,26,,4.5000,1300,72.8,20.4,145,0.7000,210,,,,,,,,,,,,15.7,,35.19,,,,,,,,,,,
HH,EVHOE,4,FR,35HT,GOV,100,D,-9,X0517,71,2019,11,9,0854,6,30,D,46.9713,-5.2803,46.9532,-5.2420,22E4,211,V,X0517,1,1,R,3.5000,-9,,3532,,26,,4.5000,1300,,19.1,145,0.7000,210,,,,,,,,,,,,13.1,,35.32,,,,,,,,,,,
HH,EVHOE,4,FR,35HT,GOV,100,D,-9,X0442,2,2019,10,23,0719,4,31,D,46.9222,-4.7511,46.8934,-4.7721,22E5,148,V,X0442,1,1,R,3.8000,-9,,3569,,26,,4.5000,1300,85.1,18.8,145,0.7000,210,,,,,,,,,,,,15.1,,35.32,,,,,,,,,,,
HH,EVHOE,4,FR,35HT,GOV,100,D,-9,X0510,64,2019,11,7,1529,4,1470,N,46.9149,-4.2102,46.9293,-4.2465,22E5,136,V,X0510,1,1,R,,-9,,3204,,26,,4.5000,1300,94.6,20.8,145,0.7000,210,,,,,,,,,,,,14.2,,35.32,,,,,,,,,,,
HH,EVHOE,4,FR,35HT,GOV,100,D,-9,X0443,3,2019,10,23,0940,6,30,D,46.7647,-4.9912,46.7369,-4.9710,22E5,223,V,X0443,1,1,R,,-9,,3449,,26,,4.5000,1300,,17.0,145,0.7000,210,,,,,,,,,,,,15.9,,35.48,,,,,,,,,,,
HH,EVHOE,4,FR,35HT,GOV,50,D,-9,X0498,52,2019,11,2,1533,2,30,D,46.7529,-2.9540,46.7379,-2.9888,22E7,60,V,X0498,1,1,R,4.0000,-9,,3136,,26,,4.5000,1300,71.5,20.1,145,0.7000,210,,,,,,,,,,,,16.9,,35.15,,,,,,,,,,,
HH,EVHOE,4,FR,35HT,GOV,100,D,-9,X0509,63,2019,11,7,1113,4,30,D,46.7084,-3.6676,46.7110,-3.7122,22E6,126,V,X0509,1,1,R,3.6000,-9,,3411,,26,,4.5000,1300,89.8,19.6,145,0.7000,210,,,,,,,,,,,,15.2,,35.39,,,,,,,,,,,
HH,EVHOE,4,FR,35HT,GOV,100,D,-9,X0444,4,2019,10,23,1130,7,30,D,46.6166,-4.9291,46.5861,-4.9282,22E5,486,V,X0444,1,1,R,,-9,,3417,,26,,4.5000,1300,,17.0,145,0.7000,210,,,,,,,,,,,,16.4,,35.60,,,,,,,,,,,
HH,EVHOE,4,FR,35HT,GOV,50,D,-9,X0496,50,2019,11,2,0645,2,30,D,46.6084,-2.0389,46.5915,-1.9999,22E7,30,V,X0496,1,1,R,4.4000,-9,,3524,,26,,4.5000,1300,53.1,16.5,145,0.7000,210,,,,,,,,,,,,16.6,,34.92,,,,,,,,,,,
HH,EVHOE,4,FR,35HT,GOV,50,D,-9,X0495,49,2019,11,1,1431,2,21,D,46.5919,-2.6046,46.6134,-2.5950,22E7,67,V,X0495,1,1,R,4.1000,-9,,2497,,26,,4.5000,1300,63.2,18.4,145,0.7000,210,,,,,,,,,,,,17.7,,35.15,,,,,,,,,,,
HH,EVHOE,4,FR,35HT,GOV,100,D,-9,X0508,62,2019,11,7,0836,4,30,D,46.5853,-3.8988,46.6164,-3.9068,22E6,135,V,X0508,1,1,R,3.7000,-9,,3513,,26,,4.5000,1300,88.8,19.5,145,0.7000,210,,,,,,,,,,,,14.9,,35.37,,,,,,,,,,,
HH,EVHOE,4,FR,35HT,GOV,100,D,-9,X0445,5,2019,10,23,1349,5,24,D,46.5761,-4.7292,46.5516,-4.7273,22E5,181,V,X0445,1,1,R,,-9,,2721,,26,,4.5000,1300,,17.0,145,0.7000,210,,,,,,,,,,,,16.0,,35.50,,,,,,,,,,,
HH,EVHOE,4,FR,35HT,GOV,50,D,-9,X0497,51,2019,11,2,0827,2,30,D,46.5071,-2.0597,46.4771,-2.0403,22E7,36,V,X0497,1,1,R,4.1000,-9,,3657,,26,,4.5000,1300,58.2,17.2,145,0.7000,210,,,,,,,,,,,,17.2,,35.01,,,,,,,,,,,
HH,EVHOE,4,FR,35HT,GOV,100,D,-9,X0507,61,2019,11,7,0702,4,30,D,46.4598,-3.8469,46.4856,-3.8726,21E6,140,V,X0507,1,1,R,3.6000,-9,,3476,,26,,4.5000,1300,89.1,19.8,145,0.7000,210,,,,,,,,,,,,14.9,,35.36,,,,,,,,,,,
HH,EVHOE,4,FR,35HT,GOV,100,D,-9,X0446,6,2019,10,23,1633,4,31,D,46.4441,-4.4944,46.4371,-4.4509,21E5,152,V,X0446,1,1,R,,-9,,3428,,26,,4.5000,1300,,17.0,145,0.7000,210,,,,,,,,,,,,15.8,,35.47,,,,,,,,,,,
HH,EVHOE,4,FR,35HT,GOV,100,D,-9,X0505,59,2019,11,6,1143,4,30,D,46.3301,-3.2444,46.3016,-3.2271,21E6,125,V,X0505,1,1,R,3.7000,-9,,3432,,26,,4.5000,1300,88.6,19.5,145,0.7000,210,,,,,,,,,,,,15.4,,35.27,,,,,,,,,,,
HH,EVHOE,4,FR,35HT,GOV,100,D,-9,X0448,7,2019,10,24,0655,5,30,D,46.3203,-4.2281,46.3033,-4.1886,21E5,174,V,X0448,1,1,R,3.5000,-9,,3572,,26,,4.5000,1300,85.8,19.0,145,0.7000,210,,,,,,,,,,,,16.2,,35.56,,,,,,,,,,,
HH,EVHOE,4,FR,35HT,GOV,100,D,-9,X0449,8,2019,10,24,0815,5,30,D,46.2561,-4.1490,46.2248,-4.1513,21E5,168,V,X0449,1,1,R,3.6000,-9,,3477,,26,,4.5000,1300,83.5,18.6,145,0.7000,210,,,,,,,,,,,,16.5,,35.55,,,,,,,,,,,
HH,EVHOE,4,FR,35HT,GOV,50,D,-9,X0494,48,2019,11,1,1131,3,30,D,46.1948,-2.8365,46.2220,-2.8133,21E7,108,V,X0494,1,1,R,3.6000,-9,,3515,,26,,4.5000,1300,72.2,20.2,145,0.7000,210,,,,,,,,,,,,16.4,,35.18,,,,,,,,,,,
HH,EVHOE,4,FR,35HT,GOV,100,D,-9,X0506,60,2019,11,6,1343,4,30,D,46.1204,-3.2700,46.0908,-3.2538,21E6,132,V,X0506,1,1,R,3.7000,-9,,3520,,26,,4.5000,1300,86.8,19.1,145,0.7000,210,,,,,,,,,,,,15.0,,35.26,,,,,,,,,,,
HH,EVHOE,4,FR,35HT,GOV,100,D,-9,X0450,9,2019,10,24,1027,4,30,D,46.1030,-3.8949,46.0711,-3.8924,21E6,145,V,X0450,1,1,R,3.4000,-9,,3552,,26,,4.5000,1300,84.2,19.1,145,0.7000,210,,,,,,,,,,,,16.3,,35.55,,,,,,,,,,,
HH,EVHOE,4,FR,35HT,GOV,50,D,-9,X0489,43,2019,10,31,1139,1,30,D,46.0842,-1.6504,46.0758,-1.6940,21E8,25,V,X0489,1,1,R,4.6000,-9,,3484,,26,,4.5000,1300,49.4,15.4,145,0.7000,210,,,,,,,,,,,,17.1,,34.82,,,,,,,,,,,
HH,EVHOE,4,FR,35HT,GOV,100,D,-9,X0451,10,2019,10,24,1351,4,30,D,46.0812,-3.5703,46.0542,-3.5977,21E6,138,V,X0451,1,1,R,,-9,,3666,,26,,4.5000,1300,90.4,19.6,145,0.7000,210,,,,,,,,,,,,16.5,,35.52,,,,,,,,,,,
HH,EVHOE,4,FR,35HT,GOV,50,D,-9,X0490,44,2019,10,31,1401,2,30,D,46.0543,-2.0558,46.0517,-2.1007,21E7,57,V,X0490,1,1,R,3.9000,-9,,3469,,26,,4.5000,1300,61.4,18.1,145,0.7000,210,,,,,,,,,,,,18.3,,35.12,,,,,,,,,,,
HH,EVHOE,4,FR,35HT,GOV,100,D,-9,X0452,11,2019,10,24,1549,5,30,D,45.9367,-3.7495,45.9115,-3.7219,20E6,160,V,X0452,1,1,R,,-9,,3521,,26,,4.5000,1300,85.3,19.0,145,0.7000,210,,,,,,,,,,,,17.1,,35.54,,,,,,,,,,,
HH,EVHOE,4,FR,35HT,GOV,50,D,-9,X0493,47,2019,11,1,0906,3,31,D,45.9251,-2.6897,45.9565,-2.7008,20E7,107,V,X0493,1,1,R,3.7000,-9,,3584,,26,,4.5000,1300,68.5,19.5,145,0.7000,210,,,,,,,,,,,,17.1,,35.34,,,,,,,,,,,
HH,EVHOE,4,FR,35HT,GOV,100,D,-9,X0454,12,2019,10,25,0653,4,30,D,45.8824,-3.2428,45.8558,-3.2198,20E6,129,V,X0454,1,1,R,,-9,,3436,,26,,4.5000,1300,82.3,18.5,145,0.7000,210,,,,,,,,,,,,16.8,,35.48,,,,,,,,,,,
HH,EVHOE,4,FR,35HT,GOV,50,D,-9,X0492,46,2019,11,1,0650,3,31,D,45.8469,-2.3970,45.8769,-2.4132,20E7,103,V,X0492,1,1,R,3.6000,-9,,3565,,26,,4.5000,1300,74.9,20.6,145,0.7000,210,,,,,,,,,,,,17.3,,35.24,,,,,,,,,,,
HH,EVHOE,4,FR,35HT,GOV,100,D,-9,X0455,13,2019,10,25,0907,4,30,D,45.7730,-3.3905,45.7411,-3.3833,20E6,141,V,X0455,1,1,R,3.6000,-9,,3582,,26,,4.5000,1300,84.6,18.8,145,0.7000,210,,,,,,,,,,,,17.2,,35.45,,,,,,,,,,,
HH,EVHOE,4,FR,35HT,GOV,50,D,-9,X0488,42,2019,10,31,0838,1,30,D,45.7411,-1.4258,45.7718,-1.4213,20E8,28,V,X0488,1,1,R,4.6000,-9,,3427,,26,,4.5000,1300,50.6,15.7,145,0.7000,210,,,,,,,,,,,,17.7,,34.67,,,,,,,,,,,
HH,EVHOE,4,FR,35HT,GOV,50,D,-9,X0491,45,2019,10,31,1648,2,30,D,45.7309,-1.9763,45.7317,-1.9316,20E8,74,V,X0491,1,1,R,3.9000,-9,,3467,,26,,4.5000,1300,63.9,18.4,145,0.7000,210,,,,,,,,,,,,18.2,,35.14,,,,,,,,,,,
HH,EVHOE,4,FR,35HT,GOV,100,D,-9,X0456,14,2019,10,25,1048,4,31,D,45.6557,-3.2203,45.6250,-3.2288,20E6,134,V,X0456,1,1,R,3.8000,-9,,3470,,26,,4.5000,1300,81.8,18.5,145,0.7000,210,,,,,,,,,,,,17.2,,35.49,,,,,,,,,,,
HH,EVHOE,4,FR,35HT,GOV,50,D,-9,X0487,41,2019,10,31,0642,2,30,D,45.5273,-1.4172,45.5585,-1.4259,20E8,37,V,X0487,1,1,R,4.0000,-9,,3526,,26,,4.5000,1300,56.6,16.9,145,0.7000,210,,,,,,,,,,,,18.1,,35.00,,,,,,,,,,,
HH,EVHOE,4,FR,35HT,GOV,50,D,-9,X0461,18,2019,10,26,1037,3,30,D,45.4165,-2.4100,45.3860,-2.4006,19E7,114,V,X0461,1,1,R,3.7000,-9,,3477,,26,,4.5000,1300,67.7,19.1,145,0.7000,210,,,,,,,,,,,,17.7,,35.24,,,,,,,,,,,
HH,EVHOE,4,FR,35HT,GOV,100,D,-9,X0460,17,2019,10,26,0836,4,31,D,45.3508,-2.6314,45.3818,-2.6417,19E7,125,V,X0460,1,1,R,3.6000,-9,,3536,,26,,4.5000,1300,94.2,20.4,145,0.7000,210,,,,,,,,,,,,17.4,,35.26,,,,,,,,,,,
HH,EVHOE,4,FR,35HT,GOV,100,D,-9,X0459,16,2019,10,26,0651,4,31,D,45.2852,-2.7894,45.2636,-2.7591,19E7,129,V,X0459,1,1,R,4.0000,-9,,3377,,26,,4.5000,1300,80.7,18.3,145,0.7000,210,,,,,,,,,,,,17.3,,35.29,,,,,,,,,,,
HH,EVHOE,4,FR,35HT,GOV,100,D,-9,X0457,15,2019,10,25,1507,7,31,D,45.2771,-3.2773,45.2564,-3.2505,19E6,494,V,X0457,1,1,R,3.3000,-9,,3155,,26,,4.5000,1300,112.4,22.6,145,0.7000,210,,,,,,,,,,,,17.6,,35.42,,,,,,,,,,,
HH,EVHOE,4,FR,35HT,GOV,50,D,-9,X0462,19,2019,10,26,1306,3,30,D,45.1608,-2.2041,45.1397,-2.1721,19E7,116,V,X0462,1,1,R,3.6000,-9,,3432,,26,,4.5000,1300,73.2,20.3,145,0.7000,210,,,,,,,,,,,,18.0,,35.19,,,,,,,,,,,
HH,EVHOE,4,FR,35HT,GOV,50,D,-9,X0486,40,2019,10,30,1350,2,31,D,45.1067,-1.4299,45.1392,-1.4304,19E8,45,V,X0486,1,1,R,,-9,,3610,,26,,4.5000,1300,56.0,17.1,145,0.7000,210,,,,,,,,,,,,18.6,,35.08,,,,,,,,,,,
HH,EVHOE,4,FR,35HT,GOV,100,D,-9,X0463,20,2019,10,26,1517,4,31,D,44.9369,-2.2205,44.9077,-2.2118,18E7,145,V,X0463,1,1,R,3.3000,-9,,3311,,26,,4.5000,1300,96.3,20.8,145,0.7000,210,,,,,,,,,,,,18.2,,35.31,,,,,,,,,,,
HH,EVHOE,4,FR,35HT,GOV,50,D,-9,X0465,21,2019,10,27,0703,3,30,D,44.8807,-1.8540,44.8493,-1.8473,18E8,109,V,X0465,1,1,R,3.5000,-9,,3534,,26,,4.5000,1300,69.7,19.8,145,0.7000,210,,,,,,,,,,,,18.2,,35.14,,,,,,,,,,,
HH,EVHOE,4,FR,35HT,GOV,50,D,-9,X0485,39,2019,10,30,1108,1,30,D,44.8642,-1.2862,44.8954,-1.2789,18E8,25,V,X0485,1,1,R,4.8000,-9,,3514,,26,,4.5000,1300,48.0,15.3,145,0.7000,210,,,,,,,,,,,,18.3,,34.93,,,,,,,,,,,
HH,EVHOE,4,FR,35HT,GOV,50,D,-9,X0484,38,2019,10,30,0916,1,30,D,44.7399,-1.3751,44.7714,-1.3734,18E8,29,V,X0484,1,1,R,4.5000,-9,,3493,,26,,4.5000,1300,51.7,16.2,145,0.7000,210,,,,,,,,,,,,18.5,,34.96,,,,,,,,,,,
HH,EVHOE,4,FR,35HT,GOV,100,D,-9,X0466,22,2019,10,27,0926,4,22,D,44.6364,-1.9860,44.6200,-2.0059,18E8,156,V,X0466,1,1,R,3.3000,-9,,2426,,26,,4.5000,1300,88.1,19.5,145,0.7000,210,,,,,,,,,,,,18.0,,35.20,,,,,,,,,,,
HH,EVHOE,4,FR,35HT,GOV,100,D,-9,X0469,25,2019,10,27,1532,6,30,D,44.5908,-2.1368,44.5597,-2.1270,18E7,339,V,X0469,1,1,R,3.0000,-9,,3553,,26,,4.5000,1300,117.7,23.8,145,0.7000,210,,,,,,,,,,,,18.1,,35.23,,,,,,,,,,,
HH,EVHOE,4,FR,35HT,GOV,50,D,-9,X0483,37,2019,10,30,0748,2,30,D,44.5836,-1.3484,44.6149,-1.3564,18E8,36,V,X0483,1,1,R,3.8000,-9,,3534,,26,,4.5000,1300,50.8,16.4,145,0.7000,210,,,,,,,,,,,,18.5,,35.06,,,,,,,,,,,
HH,EVHOE,4,FR,35HT,GOV,100,D,-9,X0468,24,2019,10,27,1352,7,31,D,44.5763,-2.1530,44.6064,-2.1617,18E7,439,V,X0468,1,1,R,3.0000,-9,,3455,,26,,4.5000,1300,119.2,24.0,145,0.7000,210,,,,,,,,,,,,18.0,,35.23,,,,,,,,,,,
HH,EVHOE,4,FR,35HT,GOV,50,D,-9,X0482,36,2019,10,30,0639,1,30,D,44.5711,-1.3234,44.5408,-1.3146,18E8,29,V,X0482,1,1,R,4.8000,-9,,3446,,26,,4.5000,1300,50.3,15.9,145,0.7000,210,,,,,,,,,,,,18.2,,34.64,,,,,,,,,,,
HH,EVHOE,4,FR,35HT,GOV,100,D,-9,X0467,23,2019,10,27,1130,4,30,D,44.4235,-2.0448,44.3919,-2.0414,17E7,153,V,X0467,1,1,R,2.8000,-9,,3522,,26,,4.5000,1300,96.4,20.9,145,0.7000,210,,,,,,,,,,,,18.0,,35.15,,,,,,,,,,,
HH,EVHOE,4,FR,35HT,GOV,100,D,-9,X0471,26,2019,10,28,0701,4,30,D,44.2480,-1.8843,44.2186,-1.8652,17E8,127,V,X0471,1,1,R,3.6000,-9,,3602,,26,,4.5000,1300,85.7,19.1,145,0.7000,210,,,,,,,,,,,,17.9,,35.16,,,,,,,,,,,
HH,EVHOE,4,FR,35HT,GOV,50,D,-9,X0472,27,2019,10,28,0851,3,22,D,44.0959,-1.7417,44.0851,-1.7681,17E8,115,V,X0472,1,1,R,3.6000,-9,,2426,,26,,4.5000,1300,71.3,20.1,145,0.7000,210,,,,,,,,,,,,18.0,,35.25,,,,,,,,,,,
HH,EVHOE,4,FR,35HT,GOV,100,D,-9,X0473,28,2019,10,28,1103,6,30,D,44.0937,-2.0665,44.0648,-2.0824,17E7,218,V,X0473,1,1,R,3.1000,-9,,3470,,26,,4.5000,1300,96.8,21.0,145,0.7000,210,,,,,,,,,,,,18.5,,35.28,,,,,,,,,,,
HH,EVHOE,4,FR,35HT,GOV,50,D,-9,X0481,35,2019,10,29,1533,2,31,D,44.0615,-1.3906,44.0905,-1.3785,17E8,35,V,X0481,1,1,R,4.7000,-9,,3364,,26,,4.5000,1300,49.2,15.8,145,0.7000,210,,,,,,,,,,,,18.6,,34.79,,,,,,,,,,,
HH,EVHOE,4,FR,35HT,GOV,100,D,-9,X0474,29,2019,10,28,1240,7,24,D,43.9956,-2.1519,43.9730,-2.1573,16E7,499,V,X0474,1,1,R,3.2000,-9,,2552,,26,,4.5000,1300,111.8,23.3,145,0.7000,210,,,,,,,,,,,,18.4,,35.33,,,,,,,,,,,
HH,EVHOE,4,FR,35HT,GOV,50,D,-9,X0478,32,2019,10,29,0927,3,31,D,43.9289,-1.7272,43.8976,-1.7376,16E8,113,V,X0478,1,1,R,3.3000,-9,,3568,,26,,4.5000,1300,75.3,20.8,145,0.7000,210,,,,,,,,,,,,18.3,,35.26,,,,,,,,,,,
HH,EVHOE,4,FR,35HT,GOV,100,D,-9,X0475,30,2019,10,28,1501,5,30,D,43.8995,-2.0798,43.8722,-2.0642,16E7,167,V,X0475,1,1,R,3.3000,-9,,3277,,26,,4.5000,1300,98.5,21.1,145,0.7000,210,,,,,,,,,,,,18.3,,35.30,,,,,,,,,,,
HH,EVHOE,4,FR,35HT,GOV,100,D,-9,X0477,31,2019,10,29,0659,4,20,D,43.8341,-1.9951,43.8133,-1.9941,16E8,142,V,X0477,1,1,R,3.6000,-9,,2307,,26,,4.5000,1300,87.3,19.5,145,0.7000,210,,,,,,,,,,,,18.5,,35.24,,,,,,,,,,,
HH,EVHOE,4,FR,35HT,GOV,50,D,-9,X0480,34,2019,10,29,1305,2,30,D,43.7483,-1.5006,43.7792,-1.4942,16E8,46,V,X0480,1,1,R,4.4000,-9,,3462,,26,,4.5000,1300,53.2,16.4,145,0.7000,210,,,,,,,,,,,,18.5,,34.23,,,,,,,,,,,
HH,EVHOE,4,FR,35HT,GOV,50,D,-9,X0479,33,2019,10,29,1200,2,30,D,43.6941,-1.4885,43.7254,-1.4871,16E8,36,V,X0479,1,1,R,4.5000,-9,,3481,,26,,4.5000,1300,51.6,16.2,145,0.7000,210,,,,,,,,,,,,18.4,,34.31,,,,,,,,,,,
HH,EVHOE,4,FR,35HT,GOV,100,D,-9,W0624,91,2018,11,12,1010,4,30,D,49.0763,-10.6042,49.0593,-10.5591,27D9,146,V,W0624,1,1,C,3.6000,-9,,3783,399,26,,4.5000,1300,96.5,20.4,145,0.7000,250,124,4.0000,4.5000,,,,,240,27,,,13.2,,35.43,,,,,,,,,,,
HH,EVHOE,4,FR,35HT,GOV,100,D,-9,W0625,92,2018,11,12,1301,4,30,D,49.0802,-10.0337,49.0709,-9.9902,27D9,124,V,W0625,1,1,C,3.7000,-9,,3329,399,26,,4.5000,1300,97.4,20.6,145,0.7000,250,109,3.5000,4.5000,,,,,244,22,,,13.1,,35.35,,,,,,,,,,,
HH,EVHOE,4,FR,35HT,GOV,100,D,-9,S0940,116,2014,11,19,1419,4,30,D,49.9454,-9.4530,49.9165,-9.4651,28E0,128,V,S0940,1,1,R,4.9000,-9,,3345,475,26,,4.5000,1300,85.0,,145,0.7000,210,198,3.5000,3.8000,,,,,185,14,,,,,,,,,,,,,,,,
HH,EVHOE,4,FR,35HT,GOV,100,D,-9,S0941,117,2014,11,19,1651,4,30,D,49.9424,-9.8925,49.9265,-9.9316,28E0,136,V,S0941,1,1,R,4.5000,-9,,3303,480,26,,4.5000,1300,94.0,,145,0.7000,210,235,3.5000,3.5000,,,,,178,12,,,,,,,,,,,,,,,,
HH,EVHOE,4,FR,35HT,GOV,50,D,-9,S0969,145,2014,11,27,0902,3,31,D,51.1933,-6.1313,51.1626,-6.1406,31E3,108,V,S0969,1,1,R,4.9000,-9,,3471,400,26,,4.5000,1300,63.0,,145,0.7000,210,187,3.6000,3.8000,,,,,140,21,,,,,,,,,,,,,,,,
HH,EVHOE,4,FR,35HT,GOV,50,D,-9,S0970,146,2014,11,27,1115,3,30,D,51.2436,-6.5180,51.2646,-6.5622,31E3,114,V,S0970,1,1,R,4.4000,-9,,3857,419,26,,4.5000,1300,66.0,,145,0.7000,210,303,4.0000,3.9000,,,,,127,15,,,,,,,,,,,,,,,,
HH,EVHOE,4,FR,35HT,GOV,50,D,-9,S0971,147,2014,11,27,1417,3,30,D,51.1263,-6.4841,51.1584,-6.4929,31E3,95,V,S0971,1,1,R,4.2000,-9,,3632,374,26,,4.5000,1300,63.0,,145,0.7000,210,175,3.8000,3.7000,,,,,136,18,,,,,,,,,,,,,,,,
HH,EVHOE,4,FR,35HT,GOV,50,D,-9,S0972,148,2014,11,27,1651,3,30,D,51.1142,-6.3467,51.0935,-6.3882,31E3,107,V,S0972,1,1,R,4.4000,-9,,3701,400,26,,4.5000,1300,68.0,,145,0.7000,210,225,4.0000,3.5000,,,,,127,22,,,,,,,,,,,,,,,,
HH,EVHOE,4,FR,35HT,GOV,50,D,-9,S0973,149,2014,11,28,0900,3,31,D,50.6661,-7.3488,50.6650,-7.2964,30E2,109,V,S0973,1,1,R,4.7000,-9,,3694,381,26,,4.5000,1300,74.0,,145,0.7000,210,99,3.8000,3.3000,,,,,95,25,,,,,,,,,,,,,,,,
HH,EVHOE,4,FR,35HT,GOV,50,D,-9,S0974,150,2014,11,28,1147,3,31,D,50.4338,-7.1902,50.4021,-7.2079,29E2,112,V,S0974,1,1,R,4.7000,-9,,3747,391,26,,4.5000,1300,72.0,,145,0.7000,210,184,3.9000,3.5000,,,,,92,28,,,,,,,,,,,,,,,,
HH,EVHOE,4,FR,35HT,GOV,50,D,-9,S0975,151,2014,11,28,1411,3,31,D,50.3624,-7.6512,50.3548,-7.7045,29E2,106,V,S0975,1,1,R,4.7000,-9,,3899,401,26,,4.5000,1300,70.0,,145,0.7000,210,255,4.1000,3.3000,,,,,77,21,,,,,,,,,,,,,,,,
HH,EVHOE,4,FR,35HT,GOV,50,D,-9,S0976,152,2014,11,28,1642,3,31,D,50.4619,-8.1792,50.4406,-8.2208,29E1,117,V,S0976,1,1,R,4.6000,-9,,3785,420,26,,4.5000,1300,71.0,,145,0.7000,210,217,3.9000,3.4000,,,,,83,14,,,,,,,,,,,,,,,,
HH,EVHOE,4,FR,35HT,GOV,100,D,-9,S0977,153,2014,11,29,0905,4,31,D,49.7442,-8.4653,49.7322,-8.4184,28E1,142,V,S0977,1,1,R,4.3000,-9,,3622,482,26,,4.5000,1300,95.0,,145,0.7000,210,112,3.8000,3.4000,,,,,61,15,,,,,,,,,,,,,,,,
HH,EVHOE,4,FR,35HT,GOV,100,D,-9,S0978,154,2014,11,29,1200,4,31,D,49.6873,-7.9225,49.6565,-7.9429,28E2,133,V,S0978,1,1,R,4.3000,-9,,3728,472,26,,4.5000,1300,87.0,,145,0.7000,210,204,3.9000,3.7000,,,,,67,6,,,,,,,,,,,,,,,,
HH,EVHOE,4,FR,35HT,GOV,100,D,-9,S0979,155,2014,11,29,1512,4,31,D,49.7104,-7.3794,49.6759,-7.3719,28E2,122,V,S0979,1,1,R,4.6000,-9,,3880,421,26,,4.5000,1300,85.0,,145,0.7000,210,162,4.0000,3.6000,,,,,28,8,,,,,,,,,,,,,,,,
HH,EVHOE,4,FR,35HT,GOV,100,D,-9,S0980,156,2014,11,29,1653,4,31,D,49.5871,-7.3304,49.6152,-7.3070,28E2,122,V,S0980,1,1,R,4.6000,-9,,3549,442,26,,4.5000,1300,84.0,,145,0.7000,210,33,3.7000,4.0000,,,,,30,9,,,,,,,,,,,,,,,,
HH,EVHOE,4,FR,35HT,GOV,50,D,-9,V0480,1,2017,10,26,1410,3,30,D,47.5453,-4.5374,47.5212,-4.5677,24E5,112,V,V0480,1,1,R,0.9000,-9,,3508,,26,,4.5000,1300,,21.0,145,0.7000,210,,,,,,,,,,,,,,,,,,,,,,,,,
HH,EVHOE,4,FR,35HT,GOV,100,D,-9,V0481,2,2017,10,27,0902,4,31,D,46.7084,-3.6716,46.7112,-3.7173,22E6,127,V,V0481,1,1,R,0.8000,-9,,3500,,26,,4.5000,1300,,20.0,145,0.7000,210,,,,,,,,,,,,,,,,,,,,,,,,,
HH,EVHOE,4,FR,35HT,GOV,100,D,-9,V0482,3,2017,10,27,1102,4,20,D,46.6092,-3.9050,46.5881,-3.8997,22E6,136,V,V0482,1,1,R,0.7000,-9,,2381,,26,,4.5000,1300,,19.0,145,0.7000,210,,,,,,,,,,,,,,,,,,,,,,,,,
HH,EVHOE,4,FR,35HT,GOV,100,D,-9,U0595,87,2016,11,9,1252,5,30,D,48.7154,-9.1781,48.6861,-9.1983,26E0,169,V,U0595,1,1,R,3.4000,-9,,3584,,26,,4.5000,1300,96.5,22.6,,,210,,,,,,,,,,,,,,,,,,,,,,,,,
HH,EVHOE,4,FR,35HT,GOV,100,D,-9,U0596,88,2016,11,9,1556,6,30,D,48.5002,-9.5081,48.4777,-9.5424,26E0,179,V,U0596,1,1,R,2.9000,-9,,3557,,26,,4.5000,1300,,22.5,,,210,,,,,,,,,,,,,,,,,,,,,,,,,
HH,EVHOE,4,FR,35HT,GOV,100,D,-9,U0597,89,2016,11,10,0732,4,31,D,48.3872,-9.3955,48.4033,-9.3529,25E0,140,V,U0597,1,1,R,3.6000,-9,,3619,,26,,4.5000,1300,97.1,21.0,,,210,,,,,,,,,,,,,,,,,,,,,,,,,
HH,EVHOE,4,FR,35HT,GOV,100,D,-9,U0598,90,2016,11,10,0931,5,30,D,48.3206,-9.1585,48.3452,-9.1231,25E0,180,V,U0598,1,1,R,3.5000,-9,,3779,,26,,4.5000,1300,,23.0,,,210,,,,,,,,,,,,,,,,,,,,,,,,,
HH,EVHOE,4,FR,35HT,GOV,100,D,-9,U0599,91,2016,11,10,1140,5,30,D,48.3257,-8.8238,48.3314,-8.7752,25E1,182,V,U0599,1,1,R,3.2000,-9,,3647,,26,,4.5000,1300,,23.4,,,210,,,,,,,,,,,,,,,,,,,,,,,,,
HH,EVHOE,4,FR,35HT,GOV,100,D,-9,U0600,92,2016,11,10,1536,4,30,D,48.7617,-8.5878,48.7845,-8.5529,26E1,150,V,U0600,1,1,R,3.5000,-9,,3606,,26,,4.5000,1300,98.2,21.4,,,210,,,,,,,,,,,,,,,,,,,,,,,,,
HH,EVHOE,4,FR,35HT,GOV,100,D,-9,U0601,93,2016,11,11,0735,4,30,D,49.1199,-8.7528,49.1457,-8.7215,27E1,144,V,U0601,1,1,R,3.4000,-9,,3656,,26,,4.5000,1300,97.8,21.7,,,210,,,,,,,,,,,,,,,,,,,,,,,,,
HH,EVHOE,4,FR,35HT,GOV,100,D,-9,W0618,85,2018,11,10,1543,4,30,D,48.4032,-9.3542,48.3886,-9.3938,25E0,141,V,W0618,1,1,C,3.4000,-9,,3346,490,26,,4.5000,1300,102.0,20.9,145,0.7000,250,232,3.5000,4.8000,,,,,222,22,,,13.9,,35.50,,,,,,,,,,,
HH,EVHOE,4,FR,35HT,GOV,100,D,-9,W0619,86,2018,11,11,0752,7,30,D,48.3133,-9.6545,48.2873,-9.6742,25E0,426,V,W0619,1,1,C,2.6000,-9,,3240,1203,26,,4.5000,1300,123.1,24.4,145,0.7000,250,206,3.4000,4.6000,,,,,242,27,,,13.6,,35.48,,,,,,,,,,,
HH,EVHOE,4,FR,35HT,GOV,100,D,-9,W0620,87,2018,11,11,1023,6,20,D,48.4785,-9.5412,48.4932,-9.5188,25E0,201,V,W0620,1,1,C,3.1000,-9,,2319,580,26,,4.5000,1300,97.6,20.5,145,0.7000,250,40,3.7000,4.9000,,,,,225,16,,,13.9,,35.50,,,,,,,,,,,
HH,EVHOE,4,FR,35HT,GOV,100,D,-9,W0621,88,2018,11,11,1309,5,30,D,48.6767,-9.2918,48.6677,-9.3352,26E0,167,V,W0621,1,1,C,3.3000,-9,,3343,479,26,,4.5000,1300,106.3,22.0,145,0.7000,250,246,3.6000,3.8000,,,,,228,28,,,13.6,,35.49,,,,,,,,,,,
HH,EVHOE,4,FR,35HT,GOV,100,D,-9,W0622,89,2018,11,11,1548,5,30,D,48.7838,-9.6504,48.8037,-9.6874,26E0,176,V,W0622,1,1,C,3.3000,-9,,3528,521,26,,4.5000,1300,102.8,21.4,145,0.7000,250,286,3.7000,4.3000,,,,,228,25,,,13.4,,35.46,,,,,,,,,,,
HH,EVHOE,4,FR,35HT,GOV,100,D,-9,W0623,90,2018,11,12,0759,5,30,D,48.9849,-10.8144,48.9591,-10.8398,26D9,166,V,W0623,1,1,C,0.0000,-9,,3420,499,26,,4.5000,1300,108.4,21.9,145,0.7000,250,227,3.6000,4.3000,,,,,247,28,,,13.3,,35.48,,,,,,,,,,,
HH,EVHOE,4,FR,35HT,GOV,100,D,-9,U0613,105,2016,11,14,0734,4,30,D,49.1663,-7.0902,49.1396,-7.1276,27E2,127,V,U0613,1,1,R,3.6000,-9,,4020,,26,,4.5000,1300,99.7,22.8,,,210,,,,,,,,,,,,,,,,,,,,,,,,,
HH,EVHOE,4,FR,35HT,GOV,100,D,-9,U0614,106,2016,11,14,0927,4,30,D,49.0864,-7.3938,49.0612,-7.4338,27E2,133,V,U0614,1,1,R,4.0000,-9,,4036,,26,,4.5000,1300,98.0,21.1,,,210,,,,,,,,,,,,,,,,,,,,,,,,,
HH,EVHOE,4,FR,35HT,GOV,100,D,-9,U0615,107,2016,11,14,1143,4,31,D,48.9300,-7.3198,48.8988,-7.3163,26E2,140,V,U0615,1,1,R,3.8000,-9,,3471,,26,,4.5000,1300,96.1,19.9,,,210,,,,,,,,,,,,,,,,,,,,,,,,,
HH,EVHOE,4,FR,35HT,GOV,100,D,-9,U0616,108,2016,11,14,1508,4,31,D,48.9860,-6.8485,48.9631,-6.8769,26E3,135,V,U0616,1,1,R,3.6000,-9,,3283,,26,,4.5000,1300,96.9,21.9,,,210,,,,,,,,,,,,,,,,,,,,,,,,,
HH,EVHOE,4,FR,35HT,GOV,100,D,-9,U0617,109,2016,11,15,0731,4,25,D,48.4594,-7.4229,48.4350,-7.4522,25E2,134,V,U0617,1,1,R,3.5000,-9,,3459,,26,,4.5000,1300,98.3,21.5,,,210,,,,,,,,,,,,,,,,,,,,,,,,,
HH,EVHOE,4,FR,35HT,GOV,100,D,-9,U0618,110,2016,11,15,1005,4,30,D,48.3784,-6.9926,48.3700,-6.9477,25E3,137,V,U0618,1,1,R,3.7000,-9,,3446,,26,,4.5000,1300,91.2,19.1,,,210,,,,,,,,,,,,,,,,,,,,,,,,,
HH,EVHOE,4,FR,35HT,GOV,100,D,-9,U0619,111,2016,11,15,1212,4,26,D,48.3737,-6.6254,48.3726,-6.5838,25E3,138,V,U0619,1,1,R,3.5000,-9,,3074,,26,,4.5000,1300,95.2,19.3,,,210,,,,,,,,,,,,,,,,,,,,,,,,,
HH,EVHOE,4,FR,35HT,GOV,100,D,-9,U0620,112,2016,11,15,1431,4,31,D,48.2201,-6.6362,48.2188,-6.5826,25E3,100,V,U0620,1,1,R,3.4000,-9,,3964,,26,,4.5000,1300,95.7,21.6,,,210,,,,,,,,,,,,,,,,,,,,,,,,,
HH,EVHOE,4,FR,35HT,GOV,50,D,-9,U0621,113,2016,11,16,0732,3,31,D,47.8195,-4.7460,47.8279,-4.7928,24E5,84,V,U0621,1,1,R,3.7000,-9,,3617,,26,,4.5000,1300,74.2,20.8,,,210,,,,,,,,,,,,,,,,,,,,,,,,,
HH,EVHOE,4,FR,35HT,GOV,100,D,-9,U0622,114,2016,11,18,0735,4,31,D,48.4113,-6.5333,48.4286,-6.4939,25E3,119,V,U0622,1,1,R,3.6000,-9,,3500,,26,,4.5000,1300,97.8,22.2,,,210,,,,,,,,,,,,,,,,,,,,,,,,,
HH,EVHOE,4,FR,35HT,GOV,100,D,-9,U0623,115,2016,11,18,1116,4,30,D,48.6890,-6.6469,48.7148,-6.6331,26E3,142,V,U0623,1,1,R,3.5000,-9,,3052,,26,,4.5000,1300,95.8,23.8,,,210,,,,,,,,,,,,,,,,,,,,,,,,,
HH,EVHOE,4,FR,35HT,GOV,100,D,-9,U0624,116,2016,11,18,1418,4,31,D,48.9004,-6.5610,48.8857,-6.6030,26E3,121,V,U0624,1,1,R,3.5000,-9,,3478,,26,,4.5000,1300,98.4,23.3,,,210,,,,,,,,,,,,,,,,,,,,,,,,,
HH,EVHOE,4,FR,35HT,GOV,100,D,-9,U0625,117,2016,11,19,0745,4,31,D,49.4551,-8.0658,49.4869,-8.0629,27E1,134,V,U0625,1,1,R,3.8000,-9,,3536,,26,,4.5000,1300,97.6,20.7,,,210,,,,,,,,,,,,,,,,,,,,,,,,,
HH,EVHOE,4,FR,35HT,GOV,100,D,-9,U0626,118,2016,11,19,1107,4,30,D,49.5629,-8.3091,49.5290,-8.3124,28E1,135,V,U0626,1,1,R,3.0000,-9,,3784,,26,,4.5000,1300,85.6,22.1,,,210,,,,,,,,,,,,,,,,,,,,,,,,,
HH,EVHOE,4,FR,35HT,GOV,100,D,-9,U0627,119,2016,11,19,1328,4,30,D,49.7325,-8.4190,49.7451,-8.4681,28E1,135,V,U0627,1,1,R,3.3000,-9,,3797,,26,,4.5000,1300,99.7,21.6,,,210,,,,,,,,,,,,,,,,,,,,,,,,,
HH,EVHOE,4,FR,35HT,GOV,100,D,-9,U0628,120,2016,11,19,1552,4,30,D,49.9531,-8.6755,49.9563,-8.7297,28E1,130,V,U0628,1,1,R,3.6000,-9,,3893,,26,,4.5000,1300,97.9,15.8,,,210,,,,,,,,,,,,,,,,,,,,,,,,,
HH,EVHOE,4,FR,35HT,GOV,100,D,-9,U0629,121,2016,11,20,0755,4,31,D,49.9247,-9.9368,49.9421,-9.8930,28E0,134,V,U0629,1,1,R,3.5000,-9,,3682,,26,,4.5000,1300,98.8,21.3,,,210,,,,,,,,,,,,,,,,,,,,,,,,,
HH,EVHOE,4,FR,35HT,GOV,100,D,-9,U0630,122,2016,11,20,1047,4,30,D,49.9394,-9.4572,49.9055,-9.4711,28E0,132,V,U0630,1,1,R,3.8000,-9,,3895,,26,,4.5000,1300,98.9,21.5,,,210,,,,,,,,,,,,,,,,,,,,,,,,,
HH,EVHOE,4,FR,35HT,GOV,100,D,-9,U0631,123,2016,11,20,1240,4,30,D,49.7668,-9.4957,49.7693,-9.5496,28E0,149,V,U0631,1,1,R,3.5000,-9,,3879,,26,,4.5000,1300,,22.5,,,210,,,,,,,,,,,,,,,,,,,,,,,,,
HH,EVHOE,4,FR,35HT,GOV,100,D,-9,U0632,124,2016,11,20,1514,4,30,D,49.5366,-9.7861,49.5051,-9.7854,28E0,146,V,U0632,1,1,R,3.6000,-9,,3504,,26,,4.5000,1300,99.3,21.8,,,210,,,,,,,,,,,,,,,,,,,,,,,,,
HH,EVHOE,4,FR,35HT,GOV,100,D,-9,U0633,125,2016,11,21,0758,5,31,D,50.0888,-10.9325,50.0674,-10.8911,29D9,165,V,U0633,1,1,R,3.4000,-9,,3795,,26,,4.5000,1300,99.0,21.9,,,210,,,,,,,,,,,,,,,,,,,,,,,,,
HH,EVHOE,4,FR,35HT,GOV,100,D,-9,U0634,126,2016,11,21,0935,6,30,D,49.9466,-10.9400,49.9144,-10.9518,28D9,255,V,U0634,1,1,R,3.0000,-9,,3681,,26,,4.5000,1300,,22.0,,,210,,,,,,,,,,,,,,,,,,,,,,,,,
HH,EVHOE,4,FR,35HT,GOV,100,D,-9,U0635,127,2016,11,21,1258,4,31,D,49.7499,-10.4995,49.7157,-10.5004,28D9,139,V,U0635,1,1,R,3.7000,-9,,3801,,26,,4.5000,1300,98.5,21.1,,,210,,,,,,,,,,,,,,,,,,,,,,,,,
HH,EVHOE,4,FR,35HT,GOV,100,D,-9,U0636,128,2016,11,21,1529,4,30,D,49.5019,-10.7614,49.5104,-10.8100,28D9,143,V,U0636,1,1,R,3.7000,-9,,3639,,26,,4.5000,1300,,21.3,,,210,,,,,,,,,,,,,,,,,,,,,,,,,
HH,EVHOE,4,FR,35HT,GOV,100,D,-9,U0637,129,2016,11,22,0759,4,20,D,50.0617,-10.2138,50.0822,-10.2025,29D9,121,V,U0637,1,1,R,3.0000,-9,,2416,,26,,4.5000,1300,98.1,21.2,,,210,,,,,,,,,,,,,,,,,,,,,,,,,
HH,EVHOE,4,FR,35HT,GOV,100,D,-9,U0638,130,2016,11,22,1045,4,30,D,50.2991,-10.0178,50.3025,-10.0676,29D9,117,V,U0638,1,1,R,3.6000,-9,,3557,,26,,4.5000,1300,98.5,21.6,,,210,,,,,,,,,,,,,,,,,,,,,,,,,
HH,EVHOE,4,FR,35HT,GOV,100,D,-9,U0639,131,2016,11,22,1405,5,30,D,50.3669,-10.6019,50.3390,-10.6320,29D9,164,V,U0639,1,1,R,3.7000,-9,,3767,,26,,4.5000,1300,98.0,22.0,,,210,,,,,,,,,,,,,,,,,,,,,,,,,
HH,EVHOE,4,FR,35HT,GOV,100,D,-9,U0640,132,2016,11,22,1613,6,30,D,50.3770,-10.8173,50.3455,-10.8275,29D9,211,V,U0640,1,1,R,3.8000,-9,,3576,,26,,4.5000,1300,99.5,21.6,,,210,,,,,,,,,,,,,,,,,,,,,,,,,
HH,EVHOE,4,FR,35HT,GOV,100,D,-9,U0641,133,2016,11,23,0801,5,30,D,50.9161,-10.8449,50.8838,-10.8347,30D9,171,V,U0641,1,1,R,3.9000,-9,,3662,,26,,4.5000,1300,98.0,21.3,,,210,,,,,,,,,,,,,,,,,,,,,,,,,
HH,EVHOE,4,FR,35HT,GOV,100,D,-9,U0642,134,2016,11,23,1020,6,30,D,50.7237,-11.0500,50.7041,-11.0096,30D8,271,V,U0642,1,1,R,3.3000,-9,,3574,,26,,4.5000,1300,,22.4,,,210,,,,,,,,,,,,,,,,,,,,,,,,,
HH,EVHOE,4,FR,35HT,GOV,100,D,-9,U0643,135,2016,11,23,1216,5,30,D,50.7166,-10.7710,50.7167,-10.7205,30D9,171,V,U0643,1,1,R,3.6000,-9,,3546,,26,,4.5000,1300,99.3,20.3,,,210,,,,,,,,,,,,,,,,,,,,,,,,,
HH,EVHOE,4,FR,35HT,GOV,100,D,-9,U0644,136,2016,11,23,1359,4,30,D,50.7173,-10.4978,50.7169,-10.4460,30D9,157,V,U0644,1,1,R,3.9000,-9,,3641,,26,,4.5000,1300,96.7,20.7,,,210,,,,,,,,,,,,,,,,,,,,,,,,,
HH,EVHOE,4,FR,35HT,GOV,100,D,-9,U0645,137,2016,11,24,0805,4,16,D,50.7462,-9.9559,50.7487,-9.9308,30E0,104,I,U0645,1,1,R,3.7000,-9,,1783,,26,,4.5000,1300,92.8,19.9,,,210,,,,,,,,,,,,,,,,,,,,,,,,,
HH,EVHOE,4,FR,35HT,GOV,100,D,-9,U0646,138,2016,11,24,1041,3,31,D,50.9100,-9.6462,50.9377,-9.6165,30E0,112,V,U0646,1,1,R,3.6000,-9,,3712,,26,,4.5000,1300,97.5,20.9,,,210,,,,,,,,,,,,,,,,,,,,,,,,,
HH,EVHOE,4,FR,35HT,GOV,100,D,-9,U0647,139,2016,11,24,1347,4,31,D,50.7497,-9.2751,50.7536,-9.2257,30E0,116,V,U0647,1,1,R,3.8000,-9,,3498,,26,,4.5000,1300,97.6,21.5,,,210,,,,,,,,,,,,,,,,,,,,,,,,,
HH,EVHOE,4,FR,35HT,GOV,50,D,-9,U0648,140,2016,11,24,1607,3,30,D,50.8811,-9.0925,50.9092,-9.1160,30E0,109,V,U0648,1,1,R,3.9000,-9,,3530,,26,,4.5000,1300,83.1,19.2,,,210,,,,,,,,,,,,,,,,,,,,,,,,,
HH,EVHOE,4,FR,35HT,GOV,50,D,-9,U0649,141,2016,11,25,0801,3,31,D,51.5240,-8.3594,51.5259,-8.3068,32E1,85,V,U0649,1,1,R,4.1000,-9,,3645,,26,,4.5000,1300,72.7,20.4,,,210,,,,,,,,,,,,,,,,,,,,,,,,,
HH,EVHOE,4,FR,35HT,GOV,50,D,-9,U0650,142,2016,11,25,1130,3,30,D,51.3345,-7.7831,51.3610,-7.7527,31E2,89,V,U0650,1,1,R,3.8000,-9,,3625,,26,,4.5000,1300,77.7,18.2,,,210,,,,,,,,,,,,,,,,,,,,,,,,,
HH,EVHOE,4,FR,35HT,GOV,50,D,-9,U0651,143,2016,11,25,1345,3,30,D,51.3071,-7.4833,51.3402,-7.4789,31E2,89,V,U0651,1,1,R,3.9000,-9,,3693,,26,,4.5000,1300,78.4,15.9,,,210,,,,,,,,,,,,,,,,,,,,,,,,,
HH,EVHOE,4,FR,35HT,GOV,50,D,-9,U0652,144,2016,11,25,1623,2,30,D,51.6178,-7.4581,51.6351,-7.4168,32E2,79,V,U0652,1,1,R,4.1000,-9,,3434,,26,,4.5000,1300,73.6,16.5,,,210,,,,,,,,,,,,,,,,,,,,,,,,,
HH,EVHOE,4,FR,35HT,GOV,50,D,-9,U0653,145,2016,11,26,0758,2,31,D,51.7736,-6.7183,51.7972,-6.6817,32E3,71,V,U0653,1,1,R,4.2000,-9,,3630,,26,,4.5000,1300,69.1,19.7,,,210,,,,,,,,,,,,,,,,,,,,,,,,,
HH,EVHOE,4,FR,35HT,GOV,50,D,-9,U0654,146,2016,11,26,0932,2,30,D,51.7817,-6.5474,51.7566,-6.5114,32E3,69,V,U0654,1,1,R,3.9000,-9,,3731,,26,,4.5000,1300,67.8,19.2,,,210,,,,,,,,,,,,,,,,,,,,,,,,,
HH,EVHOE,4,FR,35HT,GOV,50,D,-9,U0655,147,2016,11,26,1316,3,31,D,51.7506,-5.8604,51.7308,-5.9027,32E4,118,V,U0655,1,1,R,4.3000,-9,,3633,,26,,4.5000,1300,37.8,7.1,,,210,,,,,,,,,,,,,,,,,,,,,,,,,
HH,EVHOE,4,FR,35HT,GOV,50,D,-9,U0656,148,2016,11,26,1543,3,30,D,51.4757,-6.1225,51.4461,-6.1379,31E3,113,V,U0656,1,1,R,3.8000,-9,,3451,,26,,4.5000,1300,71.9,20.3,,,210,,,,,,,,,,,,,,,,,,,,,,,,,
HH,EVHOE,4,FR,35HT,GOV,50,D,-9,U0657,149,2016,11,27,0756,2,30,D,51.2508,-5.5009,51.2804,-5.5294,31E4,75,V,U0657,1,1,R,3.2000,-9,,3841,,26,,4.5000,1300,68.4,19.5,,,210,,,,,,,,,,,,,,,,,,,,,,,,,
HH,EVHOE,4,FR,35HT,GOV,50,D,-9,U0658,150,2016,11,27,1025,2,31,D,51.4584,-5.2646,51.4224,-5.2662,31E4,66,V,U0658,1,1,R,3.9000,-9,,4001,,26,,4.5000,1300,73.1,19.7,,,210,,,,,,,,,,,,,,,,,,,,,,,,,
HH,EVHOE,4,FR,35HT,GOV,50,D,-9,U0659,151,2016,11,27,1241,2,30,D,51.3751,-4.8500,51.3861,-4.7951,31E5,60,V,U0659,1,1,R,4.3000,-9,,3994,,26,,4.5000,1300,70.5,24.7,,,210,,,,,,,,,,,,,,,,,,,,,,,,,
HH,EVHOE,4,FR,35HT,GOV,50,D,-9,U0660,152,2016,11,27,1539,2,30,D,51.0899,-5.0820,51.0957,-5.1324,31E4,74,V,U0660,1,1,R,3.9000,-9,,3571,,26,,4.5000,1300,64.7,18.7,,,210,,,,,,,,,,,,,,,,,,,,,,,,,
HH,EVHOE,4,FR,35HT,GOV,50,D,-9,U0661,153,2016,11,28,0829,3,29,D,51.1558,-6.1437,51.1867,-6.1334,31E3,101,V,U0661,1,1,R,3.7000,-9,,3511,,26,,4.5000,1300,77.6,21.6,,,210,,,,,,,,,,,,,,,,,,,,,,,,,
HH,EVHOE,4,FR,35HT,GOV,50,D,-9,U0662,154,2016,11,28,1101,3,30,D,51.2627,-6.5581,51.2424,-6.5165,31E3,111,V,U0662,1,1,R,3.8000,-9,,3672,,26,,4.5000,1300,78.5,21.8,,,210,,,,,,,,,,,,,,,,,,,,,,,,,
HH,EVHOE,4,FR,35HT,GOV,50,D,-9,U0663,155,2016,11,28,1338,3,25,D,51.1589,-6.4927,51.1322,-6.4844,31E3,96,V,U0663,1,1,R,3.7000,-9,,3028,,26,,4.5000,1300,77.3,19.2,,,210,,,,,,,,,,,,,,,,,,,,,,,,,
HH,EVHOE,4,FR,35HT,GOV,50,D,-9,U0664,156,2016,11,28,1516,3,30,D,51.1141,-6.3470,51.0938,-6.3868,31E3,110,V,U0664,1,1,R,3.7000,-9,,3576,,26,,4.5000,1300,73.7,16.1,,,210,,,,,,,,,,,,,,,,,,,,,,,,,
HH,EVHOE,4,FR,35HT,GOV,100,D,-9,U0602,94,2016,11,11,1012,4,30,D,49.2476,-8.3249,49.2535,-8.3737,27E1,142,V,U0602,1,1,R,3.7000,-9,,3601,,26,,4.5000,1300,97.5,20.7,,,210,,,,,,,,,,,,,,,,,,,,,,,,,
HH,EVHOE,4,FR,35HT,GOV,100,D,-9,U0603,95,2016,11,11,1249,4,30,D,49.4888,-8.6378,49.5005,-8.6845,27E1,147,V,U0603,1,1,R,3.5000,-9,,3614,,26,,4.5000,1300,98.7,21.2,,,210,,,,,,,,,,,,,,,,,,,,,,,,,
HH,EVHOE,4,FR,35HT,GOV,50,D,-9,U0604,96,2016,11,12,0737,3,30,D,50.3190,-8.6841,50.3275,-8.7356,29E1,113,V,U0604,1,1,R,3.5000,-9,,3769,,26,,4.5000,1300,82.7,18.9,,,210,,,,,,,,,,,,,,,,,,,,,,,,,
HH,EVHOE,4,FR,35HT,GOV,100,D,-9,U0605,97,2016,11,12,0916,4,31,D,50.4162,-8.6179,50.4358,-8.5752,29E1,124,V,U0605,1,1,R,3.5000,-9,,3719,,26,,4.5000,1300,97.9,21.2,,,210,,,,,,,,,,,,,,,,,,,,,,,,,
HH,EVHOE,4,FR,35HT,GOV,50,D,-9,U0606,98,2016,11,12,1122,3,30,D,50.4179,-8.2484,50.4445,-8.2141,29E1,118,V,U0606,1,1,R,3.6000,-9,,3830,,26,,4.5000,1300,78.9,21.4,,,210,,,,,,,,,,,,,,,,,,,,,,,,,
HH,EVHOE,4,FR,35HT,GOV,50,D,-9,U0607,99,2016,11,12,1320,3,30,D,50.5200,-7.9239,50.5537,-7.9092,30E2,121,V,U0607,1,1,R,3.6000,-9,,3886,,26,,4.5000,1300,77.6,21.5,,,210,,,,,,,,,,,,,,,,,,,,,,,,,
HH,EVHOE,4,FR,35HT,GOV,50,D,-9,U0608,100,2016,11,12,1521,3,30,D,50.6631,-7.8399,50.6484,-7.7924,30E2,114,V,U0608,1,1,R,3.8000,-9,,3725,,26,,4.5000,1300,77.6,21.2,,,210,,,,,,,,,,,,,,,,,,,,,,,,,
HH,EVHOE,4,FR,35HT,GOV,50,D,-9,U0609,101,2016,11,13,0731,3,31,D,50.6661,-7.3518,50.6649,-7.3016,30E2,106,V,U0609,1,1,R,4.0000,-9,,3534,,26,,4.5000,1300,72.0,20.3,,,210,,,,,,,,,,,,,,,,,,,,,,,,,
HH,EVHOE,4,FR,35HT,GOV,100,D,-9,U0610,102,2016,11,13,0940,3,31,D,50.4344,-7.1893,50.4001,-7.2079,29E2,108,V,U0610,1,1,R,4.0000,-9,,4028,,26,,4.5000,1300,74.4,20.8,,,210,,,,,,,,,,,,,,,,,,,,,,,,,
HH,EVHOE,4,FR,35HT,GOV,50,D,-9,U0611,103,2016,11,13,1213,3,31,D,50.3626,-7.6497,50.3569,-7.6982,29E2,106,V,U0611,1,1,R,3.4000,-9,,3500,,26,,4.5000,1300,77.1,21.7,,,210,,,,,,,,,,,,,,,,,,,,,,,,,
HH,EVHOE,4,FR,35HT,GOV,50,D,-9,U0612,104,2016,11,13,1543,3,30,D,50.0819,-8.0514,50.0838,-8.1030,29E1,116,V,U0612,1,1,R,3.9000,-9,,3690,,26,,4.5000,1300,73.7,20.5,,,210,,,,,,,,,,,,,,,,,,,,,,,,,
HH,EVHOE,4,FR,35HT,GOV,50,D,-9,U0665,157,2016,11,29,0800,3,31,D,49.9096,-7.1929,49.8972,-7.2461,28E2,115,V,U0665,1,1,R,3.6000,-9,,4045,,26,,4.5000,1300,80.0,21.6,,,210,,,,,,,,,,,,,,,,,,,,,,,,,
HH,EVHOE,4,FR,35HT,GOV,100,D,-9,U0666,158,2016,11,29,0954,4,31,D,49.7116,-7.3803,49.6791,-7.3730,28E2,121,V,U0666,1,1,R,3.7000,-9,,3652,,26,,4.5000,1300,98.3,21.7,,,210,,,,,,,,,,,,,,,,,,,,,,,,,
HH,EVHOE,4,FR,35HT,GOV,100,D,-9,U0667,159,2016,11,29,1152,4,32,D,49.6178,-7.3048,49.5890,-7.3283,28E2,122,V,U0667,1,1,R,3.7000,-9,,3631,,26,,4.5000,1300,97.0,20.8,,,210,,,,,,,,,,,,,,,,,,,,,,,,,
HH,EVHOE,4,FR,35HT,GOV,100,D,-9,U0668,160,2016,11,29,1415,4,31,D,49.4068,-7.1802,49.3817,-7.2084,27E2,125,V,U0668,1,1,R,3.5000,-9,,3454,,26,,4.5000,1300,96.2,20.0,,,210,,,,,,,,,,,,,,,,,,,,,,,,,
HH,EVHOE,4,FR,35HT,GOV,100,D,-9,U0669,161,2016,11,30,0801,4,31,D,48.4100,-6.0250,48.4387,-6.0140,25E3,125,V,U0669,1,1,R,3.2000,-9,,3292,,26,,4.5000,1300,97.7,21.7,,,210,,,,,,,,,,,,,,,,,,,,,,,,,
HH,EVHOE,4,FR,35HT,GOV,50,D,-9,R0395,49,2013,10,30,0933,3,30,D,46.8900,-3.5820,46.9218,-3.5937,22E6,118,V,,1,1,R,4.1000,-9,,3630,408,24,,,1300,74.0,22.0,,,,339,,,,,,,231,10,,,,,,,,,,,,,,,,
HH,EVHOE,4,FR,35HT,GOV,100,D,-9,R0417,70,2013,11,6,1114,6,30,D,46.9867,-5.4002,47.0197,-5.3984,22E4,191,V,,1,1,R,3.6000,-9,,3667,619,24,,,1300,99.0,22.0,,,,190,,,,,,,259,24,,,,,,,,,,,,,,,,
HH,EVHOE,4,FR,35HT,GOV,50,D,-9,R0399,53,2013,10,31,0703,3,31,D,46.9987,-3.4358,47.0089,-3.3900,22E6,105,V,,1,1,R,4.0000,-9,,3648,388,24,,,1300,72.0,21.0,,,,78,,,,,,,223,22,,,,,,,,,,,,,,,,
HH,EVHOE,4,FR,35HT,GOV,100,D,-9,R0407,60,2013,11,3,1131,4,29,D,47.0782,-4.2300,47.0463,-4.2260,23E5,132,V,,1,1,R,3.4000,-9,,3556,449,24,,,1300,97.0,22.0,,,,185,,,,,,,242,22,,,,,,,,,,,,,,,,
HH,EVHOE,4,FR,35HT,GOV,50,D,-9,R0400,54,2013,10,31,0904,3,31,D,47.1056,-3.2027,47.0732,-3.1976,23E6,82,V,,1,1,R,4.1000,-9,,3630,318,24,,,1300,68.0,,,,,182,,,,,,,228,22,,,,,,,,,,,,,,,,
HH,EVHOE,4,FR,35HT,GOV,50,D,-9,R0404,57,2013,11,1,0707,3,30,D,47.2225,-3.6212,47.2557,-3.6202,23E6,101,V,,1,1,R,4.2000,-9,,3685,368,24,,,1300,67.0,20.0,,,,12,,,,,,,210,10,,,,,,,,,,,,,,,,
HH,EVHOE,4,FR,35HT,GOV,50,D,-9,R0408,61,2013,11,3,1420,3,30,D,47.2295,-4.3923,47.2336,-4.3441,23E5,120,V,,1,1,R,3.9000,-9,,3667,419,24,,,1300,76.0,22.0,,,,87,,,,,,,237,25,,,,,,,,,,,,,,,,
HH,EVHOE,4,FR,35HT,GOV,50,D,-9,R0405,58,2013,11,1,0902,3,30,D,47.2497,-3.4582,47.2837,-3.4569,23E6,91,V,,1,1,R,4.3000,-9,,3778,338,24,,,1300,68.0,20.0,,,,21,,,,,,,189,11,,,,,,,,,,,,,,,,
HH,EVHOE,4,FR,35HT,GOV,50,D,-9,R0401,55,2013,10,31,1154,2,30,D,47.2674,-2.7815,47.3010,-2.7784,23E7,46,V,,1,1,R,4.7000,-9,,3741,198,24,,,1300,57.0,19.0,,,,354,,,,,,,211,12,,,,,,,,,,,,,,,,
HH,EVHOE,4,FR,35HT,GOV,100,D,-9,R0418,71,2013,11,6,1436,5,30,D,47.2836,-5.6165,47.2514,-5.6237,23E4,164,V,,1,1,R,4.5000,-9,,3611,531,24,,,1300,107.0,23.0,,,,203,,,,,,,237,26,,,,,,,,,,,,,,,,
HH,EVHOE,4,FR,35HT,GOV,50,D,-9,R0402,56,2013,10,31,1356,1,30,D,47.3356,-2.5986,47.3333,-2.6470,23E7,28,V,,1,1,R,4.5000,-9,,3648,144,24,,,1300,,16.0,,,,264,,,,,,,253,14,,,,,,,,,,,,,,,,
HH,EVHOE,4,FR,35HT,GOV,100,D,-9,R0422,74,2013,11,7,1247,4,29,D,47.4572,-5.7296,47.4899,-5.7250,23E4,141,V,,1,1,R,4.3000,-9,,3648,489,24,,,1300,89.0,20.0,,,,11,,,,,,,328,21,,,,,,,,,,,,,,,,
HH,EVHOE,4,FR,35HT,GOV,100,D,-9,R0387,41,2013,10,29,0657,4,29,D,46.2825,-3.2156,46.3129,-3.2343,21E6,125,V,,1,1,R,4.1000,-9,,3667,437,24,,,1300,96.0,21.0,,,,327,,,,,,,279,20,,,,,,,,,,,,,,,,
HH,EVHOE,4,FR,35HT,GOV,50,D,-9,R0383,37,2013,10,28,0728,3,31,D,46.2616,-2.7932,46.2936,-2.7779,21E7,104,V,,1,1,R,4.0000,-9,,3741,387,24,,,1300,79.0,22.0,,,,61,,,,,,,271,26,,,,,,,,,,,,,,,,
HH,EVHOE,4,FR,35HT,GOV,50,D,-9,R0380,34,2013,10,27,0929,3,29,D,46.0977,-2.5163,46.0836,-2.4721,21E7,91,V,,1,1,R,3.8000,-9,,3760,358,24,,,1300,76.0,21.0,,,,124,,,,,,,241,32,,,,,,,,,,,,,,,,
HH,EVHOE,4,FR,35HT,GOV,100,D,-9,R0340,4,2013,10,19,1433,4,30,D,46.0864,-3.2512,46.1172,-3.2694,21E6,358,V,,1,1,R,4.3000,-9,,3704,456,24,,,1300,87.0,19.0,,,,335,,,,,,,223,12,,,,,,,,,,,,,,,,
HH,EVHOE,4,FR,35HT,GOV,100,D,-9,R0339,3,2013,10,19,1123,4,30,D,46.0573,-3.5957,46.0847,-3.5680,21E6,142,V,,1,1,R,4.3000,-9,,3723,486,24,,,1300,92.0,20.0,,,,44,,,,,,,210,16,,,,,,,,,,,,,,,,
HH,EVHOE,4,FR,35HT,GOV,50,D,-9,R0381,35,2013,10,27,1316,2,30,D,46.0337,-1.7645,46.0639,-1.7477,21E8,42,V,,1,1,R,4.6000,-9,,3593,177,24,,,1300,59.0,20.0,,,,16,,,,,,,241,19,,,,,,,,,,,,,,,,
HH,EVHOE,4,FR,35HT,GOV,100,D,-9,R0338,2,2013,10,19,0919,4,30,D,45.9299,-3.4961,45.9253,-3.5420,20E6,145,V,,1,1,R,4.4000,-9,,3593,486,24,,,1300,86.0,19.0,,,,250,,,,,,,202,17,,,,,,,,,,,,,,,,
HH,EVHOE,4,FR,35HT,GOV,50,D,-9,R0379,33,2013,10,27,0701,3,31,D,45.9042,-2.5447,45.9354,-2.5580,20E7,110,V,,1,1,R,4.0000,-9,,3611,396,24,,,1300,79.0,23.0,,,,326,,,,,,,239,35,,,,,,,,,,,,,,,,
HH,EVHOE,4,FR,35HT,GOV,50,D,-9,R0366,24,2013,10,24,1353,1,30,D,45.7459,-1.4251,45.7801,-1.4203,20E8,28,V,,1,1,R,5.0000,-9,,3815,148,24,,,1300,55.0,,,,,12,,,,,,,131,22,,,,,,,,,,,,,,,,
HH,EVHOE,4,FR,35HT,GOV,100,D,-9,R0376,32,2013,10,26,1257,4,30,D,45.7393,-3.3832,45.7727,-3.3902,20E6,145,V,,1,1,R,3.9000,-9,,3760,493,24,,,1300,89.0,20.0,,,,341,,,,,,,238,20,,,,,,,,,,,,,,,,
HH,EVHOE,4,FR,35HT,GOV,50,D,-9,R0368,25,2013,10,25,0648,3,30,D,45.6569,-2.5557,45.6282,-2.5320,20E7,120,V,,1,1,R,4.1000,-9,,3685,417,24,,,1300,70.0,20.0,,,,149,,,,,,,135,14,,,,,,,,,,,,,,,,
HH,EVHOE,4,FR,35HT,GOV,100,D,-9,R0375,31,2013,10,26,1025,4,31,D,45.6112,-3.2290,45.6450,-3.2227,20E6,138,V,,1,1,R,4.0000,-9,,3797,480,24,,,1300,81.0,19.0,,,,24,,,,,,,221,11,,,,,,,,,,,,,,,,
HH,EVHOE,4,FR,35HT,GOV,100,D,-9,R0374,30,2013,10,26,0822,4,31,D,45.5366,-3.1620,45.5503,-3.2061,20E6,147,V,,1,1,R,3.2000,-9,,3760,497,24,,,1300,90.0,20.0,,,,294,,,,,,,232,9,,,,,,,,,,,,,,,,
HH,EVHOE,4,FR,35HT,GOV,50,D,-9,R0365,23,2013,10,24,1136,2,30,D,45.5361,-1.4176,45.5660,-1.4397,20E8,36,V,,1,1,R,4.6000,-9,,3741,172,24,,,1300,60.0,18.0,,,,336,,,,,,,133,20,,,,,,,,,,,,,,,,
HH,EVHOE,4,FR,35HT,GOV,100,D,-9,W0609,76,2018,11,8,0922,4,30,D,47.5512,-5.8252,47.5262,-5.8495,24E4,138,V,W0609,1,1,C,3.9000,-9,,3325,381,26,,4.5000,1300,94.1,20.8,145,0.7000,250,191,3.5000,2.9000,,,,,160,31,,,14.0,,35.45,,,,,,,,,,,
HH,EVHOE,4,FR,35HT,GOV,100,D,-9,W0610,77,2018,11,8,1130,4,30,D,47.5962,-6.0870,47.5720,-6.1077,24E3,141,V,W0610,1,1,C,3.9000,-9,,3116,401,26,,4.5000,1300,91.8,19.5,145,0.7000,250,188,3.3000,4.7000,,,,,150,32,,,13.9,,35.46,,,,,,,,,,,
HH,EVHOE,4,FR,35HT,GOV,100,D,-9,W0611,78,2018,11,8,1610,6,30,D,47.5002,-6.6218,47.5089,-6.6656,24E3,296,V,W0611,1,1,C,3.2000,-9,,3441,820,26,,4.5000,1300,108.0,21.0,145,0.7000,250,266,3.6000,4.6000,,,,,174,23,,,14.5,,35.49,,,,,,,,,,,
HH,EVHOE,4,FR,35HT,GOV,100,D,-9,W0612,79,2018,11,9,0726,6,31,D,47.8055,-7.5265,47.7770,-7.5145,24E2,264,V,W0612,1,1,C,3.2000,-9,,3303,750,26,,4.5000,1300,111.8,23.6,145,0.7000,250,179,3.5000,4.0000,,,,,196,34,,,14.5,,35.55,,,,,,,,,,,
HH,EVHOE,4,FR,35HT,GOV,100,D,-9,W0613,80,2018,11,9,0946,5,25,D,47.9503,-7.4169,47.9581,-7.4549,24E2,164,V,W0613,1,1,C,3.0000,-9,,2961,482,26,,4.5000,1300,101.1,0.0,145,0.7000,250,289,3.8000,4.2000,,,,,188,33,,,13.8,,35.46,,,,,,,,,,,
HH,EVHOE,4,FR,35HT,GOV,100,D,-9,W0614,81,2018,11,9,1627,6,21,D,48.0449,-8.1142,48.0602,-8.1331,25E1,334,V,W0614,1,1,C,3.4000,-9,,2203,850,26,,4.5000,1300,103.6,22.1,145,0.7000,250,301,3.3000,3.9000,,,,,223,26,,,14.3,,35.49,,,,,,,,,,,
HH,EVHOE,4,FR,35HT,GOV,50,D,-9,S0875,55,2014,11,2,0803,1,31,D,47.3364,-2.5920,47.3342,-2.6392,23E7,19,V,S0875,1,1,R,4.4000,-9,,3575,144,26,,4.5000,1300,47.0,,145,0.7000,210,252,3.7000,3.7000,,,,,203,27,,,,,,,,,,,,,,,,
HH,EVHOE,4,FR,35HT,GOV,50,D,-9,S0876,56,2014,11,2,1213,3,31,D,47.1095,-3.2022,47.0767,-3.1989,23E6,82,V,S0876,1,1,R,4.3000,-9,,3659,322,26,,4.5000,1300,64.0,,145,0.7000,210,189,3.8000,3.7000,,,,,224,25,,,,,,,,,,,,,,,,
HH,EVHOE,4,FR,35HT,GOV,50,D,-9,S0877,57,2014,11,2,1416,3,31,D,47.0098,-3.3861,47.0007,-3.4312,23E6,103,V,S0877,1,1,R,3.9000,-9,,3568,391,26,,4.5000,1300,74.0,,145,0.7000,210,245,3.7000,3.4000,,,,,200,26,,,,,,,,,,,,,,,,
HH,EVHOE,4,FR,35HT,GOV,50,D,-9,S0878,58,2014,11,2,1553,3,30,D,46.9672,-3.3826,46.9402,-3.4108,22E6,105,V,S0878,1,1,R,3.4000,-9,,3692,382,26,,4.5000,1300,69.0,,145,0.7000,210,222,3.9000,3.4000,,,,,258,18,,,,,,,,,,,,,,,,
HH,EVHOE,4,FR,35HT,GOV,50,D,-9,S0879,59,2014,11,3,0804,3,30,D,46.8880,-3.5801,46.9185,-3.5920,22E6,115,V,S0879,1,1,R,4.2000,-9,,3508,410,26,,4.5000,1300,77.0,,145,0.7000,210,322,3.7000,3.6000,,,,,225,34,,,,,,,,,,,,,,,,
HH,EVHOE,4,FR,35HT,GOV,100,D,-9,S0916,93,2014,11,11,1419,5,31,D,48.3368,-8.3118,48.3239,-8.3575,25E1,177,V,S0916,1,1,R,3.8000,-9,,3684,576,26,,4.5000,1300,99.0,,145,0.7000,210,239,3.8000,3.2000,,,,,192,10,,,,,,,,,,,,,,,,
HH,EVHOE,4,FR,35HT,GOV,100,D,-9,S0918,94,2014,11,12,0840,6,31,D,48.4791,-9.5477,48.5007,-9.5093,25E0,211,V,S0918,1,1,R,3.7000,-9,,3706,652,26,,4.5000,1300,89.0,,145,0.7000,210,35,3.9000,3.3000,,,,,271,20,,,,,,,,,,,,,,,,
HH,EVHOE,4,FR,35HT,GOV,100,D,-9,S0919,95,2014,11,12,1120,7,31,D,48.3223,-9.6421,48.2942,-9.6691,25E0,426,V,S0919,1,1,R,3.9000,-9,,3741,1232,26,,4.5000,1300,107.0,,145,0.7000,210,221,3.9000,4.4000,,,,,263,26,,,,,,,,,,,,,,,,
HH,EVHOE,4,FR,35HT,GOV,100,D,-9,S0920,96,2014,11,12,1425,5,31,D,48.3188,-9.1600,48.3436,-9.1248,25E0,179,V,S0920,1,1,R,3.9000,-9,,3792,576,26,,4.5000,1300,99.0,,145,0.7000,210,39,3.9000,4.3000,,,,,253,14,,,,,,,,,,,,,,,,
HH,EVHOE,4,FR,35HT,GOV,100,D,-9,S0921,97,2014,11,12,1636,5,30,D,48.3261,-8.8198,48.3317,-8.7677,25E1,182,V,S0921,1,1,R,3.6000,-9,,3899,582,26,,4.5000,1300,96.0,,145,0.7000,210,85,4.1000,4.0000,,,,,243,20,,,,,,,,,,,,,,,,
HH,EVHOE,4,FR,35HT,GOV,100,D,-9,R0447,99,2013,11,15,0923,4,30,D,48.6903,-8.4253,48.7046,-8.3798,26E1,134,V,,1,1,R,4.1000,-9,,3704,461,24,,,1300,90.0,20.0,,,,62,,,,,,,149,18,,,,,,,,,,,,,,,,
HH,EVHOE,4,FR,35HT,GOV,100,D,-9,R0448,100,2013,11,15,1129,4,29,D,48.7646,-8.2370,48.7922,-8.2078,26E1,164,V,,1,1,R,4.3000,-9,,3741,518,24,,,1300,98.0,22.0,,,,36,,,,,,,122,17,,,,,,,,,,,,,,,,
HH,EVHOE,4,FR,35HT,GOV,100,D,-9,R0435,87,2013,11,11,1350,4,29,D,48.7874,-8.5496,48.7629,-8.5861,26E1,155,V,,1,1,R,3.8000,-9,,3815,499,24,,,1300,97.0,22.0,,,,230,,,,,,,243,16,,,,,,,,,,,,,,,,
HH,EVHOE,4,FR,35HT,GOV,100,D,-9,R0437,89,2013,11,12,1109,5,31,D,48.8035,-9.6877,48.7824,-9.6467,26E0,179,V,,1,1,R,4.1000,-9,,3815,560,24,,,1300,90.0,20.0,,,,132,,,,,,,18,14,,,,,,,,,,,,,,,,
HH,EVHOE,4,FR,35HT,GOV,100,D,-9,U0572,64,2016,11,3,1128,6,30,D,46.7627,-4.9894,46.7344,-4.9687,22E5,217,V,U0572,1,1,R,3.2000,-9,,3531,,26,,4.5000,1300,99.1,21.3,,,210,,,,,,,,,,,,,,,,,,,,,,,,,
HH,EVHOE,4,FR,35HT,GOV,100,D,-9,U0573,65,2016,11,3,1416,7,30,D,46.6193,-4.9308,46.5883,-4.9284,22E5,486,V,U0573,1,1,R,2.9000,-9,,3517,,26,,4.5000,1300,,22.9,,,210,,,,,,,,,,,,,,,,,,,,,,,,,
HH,EVHOE,4,FR,35HT,GOV,100,D,-9,U0574,66,2016,11,4,0710,4,30,D,47.3402,-5.2747,47.3153,-5.3083,23E4,144,V,U0574,1,1,R,3.7000,-9,,3751,,26,,4.5000,1300,91.9,20.3,,,210,,,,,,,,,,,,,,,,,,,,,,,,,
HH,EVHOE,4,FR,35HT,GOV,100,D,-9,U0575,67,2016,11,4,0924,4,31,D,47.0986,-5.1722,47.0671,-5.1933,23E4,154,V,U0575,1,1,R,3.7000,-9,,3841,,26,,4.5000,1300,89.1,19.6,,,210,,,,,,,,,,,,,,,,,,,,,,,,,
HH,EVHOE,4,FR,35HT,GOV,100,D,-9,U0576,68,2016,11,4,1205,5,30,D,47.0056,-5.3457,47.0057,-5.2978,23E4,159,V,U0576,1,1,R,3.7000,-9,,3620,,26,,4.5000,1300,90.8,19.7,,,210,,,,,,,,,,,,,,,,,,,,,,,,,
HH,EVHOE,4,FR,35HT,GOV,100,D,-9,U0577,69,2016,11,4,1508,6,30,D,46.9564,-5.2491,46.9743,-5.2874,22E4,209,V,U0577,1,1,R,3.4000,-9,,3520,,26,,4.5000,1300,94.4,20.1,,,210,,,,,,,,,,,,,,,,,,,,,,,,,
HH,EVHOE,4,FR,35HT,GOV,50,D,-9,U0578,70,2016,11,5,0704,3,30,D,47.2525,-4.0121,47.2823,-3.9930,23E5,110,V,U0578,1,1,R,3.6000,-9,,3612,,26,,4.5000,1300,74.5,20.3,,,210,,,,,,,,,,,,,,,,,,,,,,,,,
HH,EVHOE,4,FR,35HT,GOV,50,D,-9,U0579,71,2016,11,5,0849,3,21,D,47.4309,-3.8907,47.4518,-3.8823,23E6,100,V,U0579,1,1,R,3.0000,-9,,2412,,26,,4.5000,1300,71.0,20.1,,,210,,,,,,,,,,,,,,,,,,,,,,,,,
HH,EVHOE,4,FR,35HT,GOV,50,D,-9,U0580,72,2016,11,5,1127,3,15,D,47.5964,-4.1142,47.6078,-4.1326,24E5,95,I,U0580,1,1,R,2.0000,-9,,1869,,26,,4.5000,1300,74.7,21.5,,,210,,,,,,,,,,,,,,,,,,,,,,,,,
HH,EVHOE,4,FR,35HT,GOV,50,D,-9,U0581,73,2016,11,5,1502,3,30,D,47.6309,-4.3997,47.6008,-4.4218,24E5,105,V,U0581,1,1,R,3.4000,-9,,3731,,26,,4.5000,1300,68.6,19.5,,,210,,,,,,,,,,,,,,,,,,,,,,,,,
HH,EVHOE,4,FR,35HT,GOV,100,D,-9,U0582,74,2016,11,6,0718,4,30,D,47.6117,-5.6247,47.6435,-5.6201,24E4,136,V,U0582,1,1,R,3.8000,-9,,3554,,26,,4.5000,1300,91.8,19.3,,,210,,,,,,,,,,,,,,,,,,,,,,,,,
HH,EVHOE,4,FR,35HT,GOV,100,D,-9,U0583,75,2016,11,6,0938,4,22,D,47.7411,-5.8753,47.7557,-5.8992,24E4,118,V,U0583,1,1,R,3.7000,-9,,2412,,26,,4.5000,1300,82.1,18.5,,,210,,,,,,,,,,,,,,,,,,,,,,,,,
HH,EVHOE,4,FR,35HT,GOV,50,D,-9,Q0875,35,2012,10,27,0933,2,30,D,46.0540,-2.0606,46.0511,-2.1064,21E7,60,V,,1,1,R,,-9,,,266,24,,,1300,,,,,,273,3.8000,,,,,,18,33,,,,,,,,,,,,,,,,
HH,EVHOE,4,FR,35HT,GOV,100,D,-9,Q0838,3,2012,10,19,1225,4,32,D,46.0558,-3.5969,46.0832,-3.5694,21E6,140,V,,1,1,R,,-9,,,480,24,,,1300,,,,,,38,3.8000,,,,,,249,7,,,,,,,,,,,,,,,,
HH,EVHOE,4,FR,35HT,GOV,50,D,-9,Q0874,34,2012,10,27,0652,1,30,D,46.0853,-1.6459,46.0766,-1.6917,21E8,23,V,,1,1,R,,-9,,,150,24,,,1300,,,,,,271,3.6000,,,,,,17,32,,,,,,,,,,,,,,,,
HH,EVHOE,4,FR,35HT,GOV,100,D,-9,Q0837,2,2012,10,19,1000,4,30,D,46.1114,-3.8967,46.0793,-3.8933,21E6,146,V,,1,1,R,,-9,,,550,24,,,1300,,,,,,169,3.8000,,,,,,268,9,,,,,,,,,,,,,,,,
HH,EVHOE,4,FR,35HT,GOV,50,D,-9,Q0877,37,2012,10,27,1432,3,30,D,46.1118,-2.6270,46.1426,-2.6396,21E7,100,V,,1,1,R,,-9,,,400,24,,,1300,,,,,,354,4.2000,,,,,,19,25,,,,,,,,,,,,,,,,
HH,EVHOE,4,FR,35HT,GOV,100,D,-9,Q0839,4,2012,10,19,1443,4,30,D,46.1265,-3.2730,46.0954,-3.2567,21E6,131,V,,1,1,R,,-9,,,455,24,,,1300,,,,,,170,3.8000,,,,,,263,13,,,,,,,,,,,,,,,,
HH,EVHOE,4,FR,35HT,GOV,100,D,-9,Q0836,1,2012,10,19,0702,4,30,D,46.3241,-4.2365,46.3064,-4.1983,21E5,176,V,,1,1,R,,-9,,,560,24,,,1300,,,,,,117,3.8000,,,,,,265,3,,,,,,,,,,,,,,,,
HH,EVHOE,4,FR,35HT,GOV,100,D,-9,Q0885,45,2012,10,29,1642,4,29,D,46.4460,-4.4992,46.4377,-4.4520,21E5,156,V,,1,1,R,,-9,,,520,24,,,1300,,,,,,107,4.1000,,,,,,162,22,,,,,,,,,,,,,,,,
HH,EVHOE,4,FR,35HT,GOV,100,D,-9,Q0882,42,2012,10,29,0704,4,30,D,46.4554,-3.8418,46.4826,-3.8698,21E6,137,V,,1,1,R,,-9,,,476,24,,,1300,,,,,,329,3.8000,,,,,,188,15,,,,,,,,,,,,,,,,
HH,EVHOE,4,FR,35HT,GOV,100,D,-9,Q0883,43,2012,10,29,0930,4,30,D,46.5856,-4.2221,46.6176,-4.2357,22E5,147,V,,1,1,R,,-9,,,500,24,,,1300,,,,,,332,3.7000,,,,,,162,8,,,,,,,,,,,,,,,,
HH,EVHOE,4,FR,35HT,GOV,100,D,-9,Q0891,50,2012,11,5,1146,6,30,D,46.5993,-4.8325,46.5687,-4.8219,22E5,291,V,,1,1,R,,-9,,,870,24,,,1300,,,,,,173,3.8000,,,,,,303,21,,,,,,,,,,,,,,,,
HH,EVHOE,4,FR,35HT,GOV,50,D,-9,Q0878,38,2012,10,28,0653,1,29,D,46.7013,-2.2277,46.6831,-2.1856,22E7,13,V,,1,1,R,,-9,,,128,24,,,1300,,,,,,112,4.0000,,,,,,11,20,,,,,,,,,,,,,,,,
HH,EVHOE,4,FR,35HT,GOV,100,D,-9,Q0890,49,2012,11,5,0926,4,30,D,46.7697,-4.7774,46.7630,-4.7314,22E5,162,V,,1,1,R,,-9,,,510,24,,,1300,,,,,,97,3.8000,,,,,,278,21,,,,,,,,,,,,,,,,
HH,EVHOE,4,FR,35HT,GOV,100,D,-9,S0886,65,2014,11,4,1630,4,31,D,46.9129,-4.2093,46.9299,-4.2501,22E5,135,V,S0886,1,1,R,4.4000,-9,,3636,482,26,,4.5000,1300,88.0,,145,0.7000,210,315,3.8000,4.2000,,,,,327,25,,,,,,,,,,,,,,,,
HH,EVHOE,4,FR,35HT,GOV,50,D,-9,S0887,66,2014,11,5,0800,3,31,D,47.1886,-3.6421,47.1698,-3.6811,23E6,102,V,S0887,1,1,R,4.6000,-9,,3615,392,26,,4.5000,1300,72.0,,145,0.7000,210,241,3.8000,3.6000,,,,,337,23,,,,,,,,,,,,,,,,
HH,EVHOE,4,FR,35HT,GOV,50,D,-9,S0888,67,2014,11,5,0937,3,30,D,47.2029,-3.7966,47.2271,-3.8278,23E6,108,V,S0888,1,1,R,4.5000,-9,,3577,402,26,,4.5000,1300,72.0,,145,0.7000,210,322,3.7000,3.4000,,,,,340,22,,,,,,,,,,,,,,,,
HH,EVHOE,4,FR,35HT,GOV,100,D,-9,Q0894,53,2012,11,6,0932,4,29,D,46.8579,-3.9314,46.8363,-3.8936,22E6,133,V,,1,1,R,,-9,,,451,24,,,1300,,,,,,124,3.9000,,,,,,17,9,,,,,,,,,,,,,,,,
HH,EVHOE,4,FR,35HT,GOV,100,D,-9,Q0893,52,2012,11,6,0715,4,30,D,46.9322,-4.2534,46.9152,-4.2120,22E5,137,V,,1,1,R,,-9,,,476,24,,,1300,,,,,,118,3.8000,,,,,,12,14,,,,,,,,,,,,,,,,
HH,EVHOE,4,FR,35HT,GOV,100,D,-9,Q0889,48,2012,11,5,0716,4,30,D,46.9572,-4.9002,46.9245,-4.9073,22E5,148,V,,1,1,R,,-9,,,498,24,,,1300,,,,,,201,3.8000,,,,,,277,25,,,,,,,,,,,,,,,,
HH,EVHOE,4,FR,35HT,GOV,50,D,-9,Q0900,59,2012,11,7,1551,3,29,D,46.9978,-3.4448,47.0068,-3.3972,22E6,154,V,,1,1,R,,-9,,,390,24,,,1300,,,,,,86,4.2000,,,,,,49,11,,,,,,,,,,,,,,,,
HH,EVHOE,4,FR,35HT,GOV,50,D,-9,S0889,68,2014,11,5,1129,3,30,D,47.2633,-4.0046,47.2922,-3.9864,23E5,108,V,S0889,1,1,R,4.4000,-9,,3494,411,26,,4.5000,1300,75.0,,145,0.7000,210,15,3.7000,3.5000,,,,,330,22,,,,,,,,,,,,,,,,
HH,EVHOE,4,FR,35HT,GOV,100,D,-9,S0890,69,2014,11,5,1649,4,31,D,47.3530,-4.9186,47.3836,-4.9089,23E5,128,V,S0890,1,1,R,4.2000,-9,,3540,457,26,,4.5000,1300,85.0,,145,0.7000,210,120,3.7000,4.1000,,,,,326,19,,,,,,,,,,,,,,,,
HH,EVHOE,4,FR,35HT,GOV,50,D,-9,S0891,70,2014,11,6,0811,3,31,D,47.6845,-4.7931,47.6820,-4.8416,24E5,115,V,S0891,1,1,R,4.2000,-9,,3652,415,26,,4.5000,1300,73.0,,145,0.7000,210,257,3.8000,3.0000,,,,,188,22,,,,,,,,,,,,,,,,
HH,EVHOE,4,FR,35HT,GOV,100,D,-9,S0892,71,2014,11,6,1040,4,31,D,47.6929,-5.2746,47.6936,-5.3240,24E4,128,V,S0892,1,1,R,4.2000,-9,,3698,456,26,,4.5000,1300,90.0,,145,0.7000,210,252,3.9000,3.7000,,,,,183,25,,,,,,,,,,,,,,,,
HH,EVHOE,4,FR,35HT,GOV,100,D,-9,S0893,72,2014,11,6,1307,4,30,D,47.7042,-5.6879,47.7366,-5.7012,24E4,135,V,S0893,1,1,R,4.2000,-9,,3909,469,26,,4.5000,1300,91.0,,145,0.7000,210,317,4.1000,2.9000,,,,,189,15,,,,,,,,,,,,,,,,
HH,EVHOE,4,FR,35HT,GOV,100,D,-9,S0894,73,2014,11,6,1516,4,30,D,47.9456,-5.7395,47.9256,-5.7669,24E4,136,V,S0894,1,1,R,4.3000,-9,,3024,476,26,,4.5000,1300,74.0,,145,0.7000,210,218,3.2000,4.7000,,,,,205,24,,,,,,,,,,,,,,,,
HH,EVHOE,4,FR,35HT,GOV,100,D,-9,S0895,74,2014,11,6,1717,4,30,D,47.7956,-5.8437,47.7631,-5.8302,24E4,139,V,S0895,1,1,R,4.0000,-9,,3740,472,26,,4.5000,1300,84.0,,145,0.7000,210,183,4.0000,3.2000,,,,,209,23,,,,,,,,,,,,,,,,
HH,EVHOE,4,FR,35HT,GOV,100,D,-9,S0896,75,2014,11,7,0831,4,30,D,47.3432,-5.8173,47.3416,-5.7724,23E4,148,V,S0896,1,1,R,3.3000,-9,,3394,518,26,,4.5000,1300,92.0,,145,0.7000,210,64,3.6000,4.2000,,,,,257,19,,,,,,,,,,,,,,,,
HH,EVHOE,4,FR,35HT,GOV,100,D,-9,S0897,76,2014,11,7,1110,5,30,D,47.2858,-5.6161,47.2569,-5.6223,23E4,138,V,S0897,1,1,R,3.7000,-9,,3247,532,26,,4.5000,1300,92.0,,145,0.7000,210,192,3.4000,3.8000,,,,,263,33,,,,,,,,,,,,,,,,
HH,EVHOE,4,FR,35HT,GOV,100,D,-9,S0898,77,2014,11,7,1353,4,31,D,47.3398,-5.2749,47.3173,-5.3049,23E4,144,V,S0898,1,1,R,3.2000,-9,,3381,482,26,,4.5000,1300,97.0,,145,0.7000,210,234,3.5000,3.9000,,,,,262,33,,,,,,,,,,,,,,,,
HH,EVHOE,4,FR,35HT,GOV,100,D,-9,S0900,79,2014,11,8,0837,5,30,D,47.2824,-6.0299,47.3075,-6.0545,23E3,175,V,S0900,1,1,R,3.8000,-9,,3407,571,26,,4.5000,1300,101.0,,145,0.7000,210,329,3.6000,4.5000,,,,,242,23,,,,,,,,,,,,,,,,
HH,EVHOE,4,FR,35HT,GOV,100,D,-9,S0901,80,2014,11,8,1030,5,31,D,47.3600,-6.1950,47.3836,-6.2291,23E3,164,V,S0901,1,1,R,4.1000,-9,,3672,543,26,,4.5000,1300,89.0,,145,0.7000,210,330,3.8000,3.7000,,,,,233,18,,,,,,,,,,,,,,,,
HH,EVHOE,4,FR,35HT,GOV,100,D,-9,S0902,81,2014,11,8,1329,4,29,D,47.5944,-6.0873,47.5705,-6.1101,24E3,142,V,S0902,1,1,R,4.0000,-9,,3180,486,26,,4.5000,1300,90.0,,145,0.7000,210,202,3.5000,4.0000,,,,,248,8,,,,,,,,,,,,,,,,
HH,EVHOE,4,FR,35HT,GOV,100,D,-9,S0903,82,2014,11,8,1649,4,31,D,47.8082,-6.4258,47.7757,-6.4324,24E3,143,V,S0903,1,1,R,3.9000,-9,,3646,492,26,,4.5000,1300,93.0,,145,0.7000,210,202,3.8000,4.8000,,,,,310,15,,,,,,,,,,,,,,,,
HH,EVHOE,4,FR,35HT,GOV,100,D,-9,S0904,83,2014,11,9,0824,5,30,D,47.8865,-7.2658,47.8999,-7.2250,24E2,186,V,S0904,1,1,R,3.3000,-9,,3394,590,26,,4.5000,1300,94.0,,145,0.7000,210,40,3.6000,3.7000,,,,,304,17,,,,,,,,,,,,,,,,
HH,EVHOE,4,FR,35HT,GOV,100,D,-9,S0905,84,2014,11,9,1110,5,31,D,47.5673,-7.1820,47.5627,-7.2300,24E2,222,V,S0905,1,1,R,3.7000,-9,,3647,736,26,,4.5000,1300,96.0,,145,0.7000,210,283,3.8000,2.6000,,,,,304,18,,,,,,,,,,,,,,,,
HH,EVHOE,4,FR,35HT,GOV,100,D,-9,S0906,85,2014,11,9,1425,5,30,D,47.6424,-6.8045,47.6107,-6.8065,24E3,171,V,S0906,1,1,R,3.8000,-9,,3594,549,26,,4.5000,1300,93.0,,145,0.7000,210,179,3.8000,5.0000,,,,,295,17,,,,,,,,,,,,,,,,
HH,EVHOE,4,FR,35HT,GOV,100,D,-9,S0907,86,2014,11,9,1649,6,30,D,47.5015,-6.6301,47.5115,-6.6729,24E3,294,V,S0907,1,1,R,3.7000,-9,,3424,872,26,,4.5000,1300,108.0,,145,0.7000,210,278,3.6000,3.5000,,,,,295,13,,,,,,,,,,,,,,,,
HH,EVHOE,4,FR,35HT,GOV,100,D,-9,S0909,87,2014,11,10,0831,5,31,D,48.0419,-7.4533,48.0164,-7.4853,25E2,178,V,S0909,1,1,R,3.2000,-9,,3707,578,26,,4.5000,1300,96.0,,145,0.7000,210,220,3.8000,3.6000,,,,,180,31,,,,,,,,,,,,,,,,
HH,EVHOE,4,FR,35HT,GOV,100,D,-9,S0910,88,2014,11,10,1010,5,31,D,47.9601,-7.4640,47.9503,-7.4171,24E2,166,V,S0910,1,1,R,3.4000,-9,,3656,541,26,,4.5000,1300,91.0,,145,0.7000,210,105,3.8000,4.1000,,,,,183,35,,,,,,,,,,,,,,,,
HH,EVHOE,4,FR,35HT,GOV,100,D,-9,S0911,89,2014,11,10,1355,5,31,D,48.1434,-7.9251,48.1159,-7.9028,25E2,187,V,S0911,1,1,R,4.0000,-9,,3484,611,26,,4.5000,1300,98.0,,145,0.7000,210,154,3.6000,3.9000,,,,,208,28,,,,,,,,,,,,,,,,
HH,EVHOE,4,FR,35HT,GOV,100,D,-9,S0912,90,2014,11,10,1628,6,31,D,48.0429,-8.1118,48.0690,-8.1427,25E1,334,V,S0912,1,1,R,4.0000,-9,,3694,952,26,,4.5000,1300,100.0,,145,0.7000,210,315,3.8000,4.3000,,,,,240,20,,,,,,,,,,,,,,,,
HH,EVHOE,4,FR,35HT,GOV,100,D,-9,S0914,91,2014,11,11,0827,7,31,D,48.1092,-8.2507,48.1392,-8.2546,25E1,426,V,S0914,1,1,R,3.8000,-9,,3717,1226,26,,4.5000,1300,100.0,,145,0.7000,210,243,3.9000,3.7000,,,,,202,5,,,,,,,,,,,,,,,,
HH,EVHOE,4,FR,35HT,GOV,100,D,-9,S0915,92,2014,11,11,1103,7,31,D,48.1042,-8.4467,48.0761,-8.4686,25E1,488,V,S0915,1,1,R,3.9000,-9,,3517,1356,26,,4.5000,1300,110.0,,145,0.7000,210,199,3.7000,3.5000,,,,,165,15,,,,,,,,,,,,,,,,
HH,EVHOE,4,FR,35HT,GOV,50,D,-9,W0645,112,2018,11,19,1344,3,30,D,50.3597,-8.7201,50.3407,-8.7587,29E1,130,V,W0645,1,1,C,3.5000,-9,,3456,400,26,,4.5000,1300,70.3,19.4,145,0.7000,250,227,3.7000,4.4000,,,,,86,10,,,12.1,,35.21,,,,,,,,,,,
HH,EVHOE,4,FR,35HT,GOV,100,D,-9,W0646,113,2018,11,19,1538,4,30,D,50.4121,-8.6253,50.4308,-8.5872,29E1,126,V,W0646,1,1,C,3.8000,-9,,3403,350,26,,4.5000,1300,88.7,19.2,145,0.7000,250,61,3.6000,4.3000,,,,,77,24,,,12.3,,35.20,,,,,,,,,,,
HH,EVHOE,4,FR,35HT,GOV,100,D,-9,W0647,114,2018,11,20,0759,4,30,D,49.9436,-9.4577,49.9125,-9.4676,28E0,127,V,W0647,1,1,C,3.8000,-9,,3536,389,26,,4.5000,1300,85.2,18.7,145,0.7000,250,174,3.7000,4.1000,,,,,62,20,,,12.0,,35.09,,,,,,,,,,,
HH,EVHOE,4,FR,35HT,GOV,100,D,-9,W0648,115,2018,11,20,1013,4,30,D,49.7668,-9.4955,49.7689,-9.5410,28E0,149,V,W0648,1,1,C,3.5000,-9,,3271,450,26,,4.5000,1300,98.8,20.7,145,0.7000,250,275,3.5000,3.9000,,,,,58,18,,,12.2,,35.12,,,,,,,,,,,
HH,EVHOE,4,FR,35HT,GOV,100,D,-9,W0649,116,2018,11,20,1248,4,30,D,49.5402,-9.7860,49.5104,-9.7862,28E0,148,V,W0649,1,1,C,3.8000,-9,,3310,450,26,,4.5000,1300,89.3,19.3,145,0.7000,250,178,3.5000,4.6000,,,,,63,17,,,12.4,,35.25,,,,,,,,,,,
HH,EVHOE,4,FR,35HT,GOV,100,D,-9,W0651,117,2018,11,21,0800,4,31,D,49.7552,-10.4999,49.7246,-10.4999,28D9,137,V,W0651,1,1,C,4.0000,-9,,3391,421,26,,4.5000,1300,85.7,18.7,145,0.7000,250,173,3.5000,3.9000,,,,,79,10,,,13.0,,35.49,,,,,,,,,,,
HH,EVHOE,4,FR,35HT,GOV,100,D,-9,W0652,118,2018,11,21,1007,4,31,D,49.5617,-10.7071,49.5482,-10.7482,28D9,151,V,W0652,1,1,C,3.9000,-9,,3322,451,26,,4.5000,1300,87.9,19.0,145,0.7000,250,242,3.5000,3.8000,,,,,72,6,,,13.0,,35.49,,,,,,,,,,,
HH,EVHOE,4,FR,35HT,GOV,100,D,-9,W0653,119,2018,11,21,1215,5,22,D,49.5046,-10.9931,49.4926,-11.0217,28D9,187,V,W0653,1,1,C,3.7000,-9,,2459,562,26,,4.5000,1300,93.0,19.6,145,0.7000,250,234,3.6000,4.0000,,,,,170,5,,,13.1,,35.49,,,,,,,,,,,
HH,EVHOE,4,FR,35HT,GOV,100,D,-9,W0654,120,2018,11,21,1415,6,30,D,49.5323,-11.2582,49.5031,-11.2774,28D8,300,V,W0654,1,1,C,3.2000,-9,,3526,902,26,,4.5000,1300,105.6,21.4,145,0.7000,250,200,3.7000,4.3000,,,,,145,6,,,13.2,,35.51,,,,,,,,,,,
HH,EVHOE,4,FR,35HT,GOV,100,D,-9,W0655,121,2018,11,22,0817,7,31,D,49.8834,-11.2177,49.9072,-11.1853,28D8,518,V,W0655,1,1,C,3.2000,-9,,3518,1404,26,,4.5000,1300,109.7,21.9,145,0.7000,250,47,3.6000,3.9000,,,,,151,5,,,13.1,,35.50,,,,,,,,,,,
HH,EVHOE,4,FR,35HT,GOV,100,D,-9,W0656,122,2018,11,22,1032,6,30,D,49.8981,-10.9578,49.9292,-10.9461,28D9,259,V,W0656,1,1,C,3.4000,-9,,3555,750,26,,4.5000,1300,101.9,20.9,145,0.7000,250,18,3.8000,4.4000,,,,,238,13,,,13.1,,35.50,,,,,,,,,,,
HH,EVHOE,4,FR,35HT,GOV,100,D,-9,W0657,123,2018,11,22,1239,5,31,D,50.0925,-10.9398,50.0714,-10.9021,29D9,175,V,W0657,1,1,C,3.3000,-9,,3558,539,26,,4.5000,1300,101.0,20.8,145,0.7000,250,131,3.7000,4.1000,,,,,224,9,,,12.8,,35.36,,,,,,,,,,,
HH,EVHOE,4,FR,35HT,GOV,100,D,-9,T0687,51,2015,10,30,0919,4,31,D,46.8001,-4.1050,46.8224,-4.1446,22E5,136,V,,1,1,R,3.2000,-9,,3905,468,26,,,1300,90.0,20.0,,,,318,3.7000,,,,,,,,,,,,,,,,,,,,,,,
HH,EVHOE,4,FR,35HT,GOV,50,D,-9,T0689,53,2015,10,30,1341,3,31,D,46.8902,-3.5815,46.9240,-3.5948,22E6,116,V,,1,1,R,3.7000,-9,,3885,397,26,,,1300,70.0,20.0,,,,340,3.4000,,,,,,,,,,,,,,,,,,,,,,,
HH,EVHOE,4,FR,35HT,GOV,100,D,-9,T0688,52,2015,10,30,1137,4,31,D,46.9280,-3.8611,46.9426,-3.8182,22E6,121,V,,1,1,R,3.2000,-9,,3633,428,26,,,1300,93.0,21.0,,,,72,3.8000,,,,,,,,,,,,,,,,,,,,,,,
HH,EVHOE,4,FR,35HT,GOV,100,D,-9,T0710,74,2015,11,6,1351,5,30,D,46.9616,-5.2610,46.9803,-5.2984,22E4,208,V,,1,1,R,3.4000,-9,,3527,631,26,,,1300,99.0,30.0,,,,299,3.9000,,,,,,,,,,,,,,,,,,,,,,,
HH,EVHOE,4,FR,35HT,GOV,100,D,-9,T0711,75,2015,11,6,1548,6,31,D,46.9831,-5.3999,47.0150,-5.4008,22E4,201,V,,1,1,R,3.4000,-9,,3554,641,26,,,1300,95.0,20.0,,,,74,3.8000,,,,,,,,,,,,,,,,,,,,,,,
HH,EVHOE,4,FR,35HT,GOV,100,D,-9,T0709,73,2015,11,6,1135,6,31,D,47.0061,-5.2924,47.0051,-5.3379,23E4,159,V,,1,1,R,3.3000,-9,,3450,518,26,,,1300,93.0,21.0,,,,264,3.6000,,,,,,,,,,,,,,,,,,,,,,,
HH,EVHOE,4,FR,35HT,GOV,50,D,-9,T0692,56,2015,10,31,1224,3,30,D,47.0671,-3.1970,47.1021,-3.2023,23E6,79,V,,1,1,R,3.5000,-9,,3903,309,26,,,1300,66.0,,,,,77,3.2000,,,,,,,,,,,,,,,,,,,,,,,
HH,EVHOE,4,FR,35HT,GOV,100,D,-9,T0708,72,2015,11,6,0711,4,31,D,47.1700,-4.7807,47.1777,-4.8243,23E5,128,V,,1,1,R,3.6000,-9,,3405,450,26,,,1300,96.0,21.0,,,,260,3.7000,,,,,,,,,,,,,,,,,,,,,,,
HH,EVHOE,4,FR,35HT,GOV,50,D,-9,T0693,57,2015,10,31,1530,3,31,D,47.2001,-3.7911,47.2248,-3.8244,23E6,110,V,,1,1,R,3.6000,-9,,3723,397,26,,,1300,69.0,19.0,,,,306,3.7000,,,,,,,,,,,,,,,,,,,,,,,
HH,EVHOE,4,FR,35HT,GOV,50,D,-9,T0694,58,2015,11,1,0658,3,31,D,47.2504,-3.4583,47.2846,-3.4562,23E6,92,V,,1,1,R,3.5000,-9,,3802,353,26,,,1300,66.0,19.0,,,,5,3.8000,,,,,,,,,,,,,,,,,,,,,,,
HH,EVHOE,4,FR,35HT,GOV,50,D,-9,T0696,60,2015,11,3,0703,3,30,D,47.2544,-4.0107,47.2857,-3.9909,23E5,109,V,,1,1,R,3.5000,-9,,3779,397,26,,,1300,71.0,20.0,,,,29,3.6000,,,,,,,,,,,,,,,,,,,,,,,
HH,EVHOE,4,FR,35HT,GOV,50,D,-9,T0691,55,2015,10,31,0840,2,22,D,47.3038,-2.7780,47.2786,-2.7808,23E7,45,V,,1,1,R,3.9000,-9,,2808,198,26,,,1300,56.0,17.0,,,,172,3.4000,,,,,,,,,,,,,,,,,,,,,,,
HH,EVHOE,4,FR,35HT,GOV,100,D,-9,T0712,76,2015,11,7,0722,6,31,D,47.3168,-6.1679,47.3436,-6.1982,23E3,231,V,,1,1,R,3.2000,-9,,3773,745,26,,,1300,108.0,21.0,,,,315,3.8000,,,,,,,,,,,,,,,,,,,,,,,
HH,EVHOE,4,FR,35HT,GOV,50,D,-9,T0690,54,2015,10,31,0701,1,31,D,47.3360,-2.6009,47.3341,-2.6494,23E7,28,V,,1,1,R,4.2000,-9,,3664,141,26,,,1300,48.0,15.0,,,,265,3.7000,,,,,,,,,,,,,,,,,,,,,,,
HH,EVHOE,4,FR,35HT,GOV,100,D,-9,T0714,78,2015,11,7,1202,4,30,D,47.3433,-5.8107,47.3418,-5.7597,23E4,148,V,,1,1,R,3.3000,-9,,3843,508,26,,,1300,97.0,21.0,,,,99,2.8000,,,,,,,,,,,,,,,,,,,,,,,
HH,EVHOE,4,FR,35HT,GOV,100,D,-9,T0713,77,2015,11,7,0921,5,31,D,47.3588,-6.1921,47.3816,-6.2265,23E3,166,V,,1,1,R,3.0000,-9,,3624,555,26,,,1300,100.0,21.0,,,,297,3.3000,,,,,,,,,,,,,,,,,,,,,,,
HH,EVHOE,4,FR,35HT,GOV,100,D,-9,T0707,71,2015,11,5,1420,4,30,D,47.3816,-4.9099,47.3513,-4.9187,23E5,127,V,,1,1,R,4.0000,-9,,3499,437,26,,,1300,93.0,20.0,,,,199,3.2000,,,,,,,,,,,,,,,,,,,,,,,
HH,EVHOE,4,FR,35HT,GOV,100,D,-9,T0704,68,2015,11,5,0715,4,27,D,47.3871,-5.2450,47.4165,-5.2348,23E4,138,V,,1,1,R,3.2000,-9,,3354,477,26,,,1300,95.0,21.0,,,,51,3.3000,,,,,,,,,,,,,,,,,,,,,,,
HH,EVHOE,4,FR,35HT,GOV,50,D,-9,T0697,61,2015,11,3,0853,3,30,D,47.4312,-3.8904,47.4655,-3.8779,23E6,99,V,,1,1,R,3.5000,-9,,3922,368,26,,,1300,67.0,19.0,,,,23,3.4000,,,,,,,,,,,,,,,,,,,,,,,
HH,EVHOE,4,FR,35HT,GOV,50,D,-9,T0695,59,2015,11,1,0900,2,30,D,47.4984,-3.5918,47.5273,-3.6182,23E6,81,V,,1,1,R,3.6000,-9,,3770,318,26,,,1300,66.0,19.0,,,,331,3.7000,,,,,,,,,,,,,,,,,,,,,,,
HH,EVHOE,4,FR,35HT,GOV,100,D,-9,T0705,69,2015,11,5,0938,4,30,D,47.5001,-5.3570,47.5000,-5.3088,24E4,137,V,,1,1,R,3.1000,-9,,3621,468,26,,,1300,93.0,22.0,,,,105,3.5000,,,,,,,,,,,,,,,,,,,,,,,
HH,EVHOE,4,FR,35HT,GOV,100,D,-9,T0716,80,2015,11,8,0723,6,31,D,47.5022,-6.6345,47.5134,-6.6803,24E3,287,V,,1,1,R,3.3000,-9,,3671,865,26,,,1300,107.0,,,,,281,3.8000,,,,,,,,,,,,,,,,,,,,,,,
HH,EVHOE,4,FR,35HT,GOV,100,D,-9,T0706,70,2015,11,5,1201,4,31,D,47.5219,-5.1500,47.4908,-5.1503,24E4,133,V,,1,1,R,3.4000,-9,,3451,448,26,,,1300,95.0,23.0,,,,194,3.4000,,,,,,,,,,,,,,,,,,,,,,,
HH,EVHOE,4,FR,35HT,GOV,100,D,-9,T0715,79,2015,11,7,1430,4,31,D,47.5276,-5.8476,47.5550,-5.8216,24E4,141,V,,1,1,R,3.3000,-9,,3610,489,26,,,1300,93.0,20.0,,,,24,4.0000,,,,,,,,,,,,,,,,,,,,,,,
HH,EVHOE,4,FR,35HT,GOV,50,D,-9,T0699,63,2015,11,3,1422,3,31,D,47.5722,-4.8164,47.6057,-4.8096,24E5,119,V,,1,1,R,3.5000,-9,,3767,417,26,,,1300,70.0,20.0,,,,16,3.7000,,,,,,,,,,,,,,,,,,,,,,,
HH,EVHOE,4,FR,35HT,GOV,50,D,-9,U0502,1,2016,10,18,1233,3,30,D,47.5423,-4.5398,47.5170,-4.5702,24E5,111,V,U0502,1,1,R,3.9000,-9,,3618,,26,,4.5000,1300,71.3,20.1,,,210,,,,,,,,,,,,,,,,,,,,,,,,,
HH,EVHOE,4,FR,35HT,GOV,100,D,-9,U0503,2,2016,10,19,0651,5,21,D,46.5671,-4.7289,46.5439,-4.7260,22E5,182,V,U0503,1,1,R,3.2000,-9,,2590,,26,,4.5000,1300,90.8,19.6,,,210,,,,,,,,,,,,,,,,,,,,,,,,,
HH,EVHOE,4,FR,35HT,GOV,100,D,-9,U0504,3,2016,10,19,0859,4,30,D,46.4454,-4.4978,46.4381,-4.4538,21E5,152,V,U0504,1,1,R,4.1000,-9,,3473,,26,,4.5000,1300,89.6,19.1,,,210,,,,,,,,,,,,,,,,,,,,,,,,,
HH,EVHOE,4,FR,35HT,GOV,100,D,-9,U0505,4,2016,10,19,1103,4,31,D,46.3244,-4.2368,46.3072,-4.1994,21E5,171,V,U0505,1,1,R,4.0000,-9,,3441,,26,,4.5000,1300,90.0,19.6,,,210,,,,,,,,,,,,,,,,,,,,,,,,,
HH,EVHOE,4,FR,35HT,GOV,100,D,-9,U0506,5,2016,10,19,1252,5,30,D,46.2517,-4.1506,46.2206,-4.1515,21E5,172,V,U0506,1,1,R,4.0000,-9,,3464,,26,,4.5000,1300,90.2,19.5,,,210,,,,,,,,,,,,,,,,,,,,,,,,,
HH,EVHOE,4,FR,35HT,GOV,100,D,-9,U0507,6,2016,10,19,1456,4,30,D,46.1072,-3.8953,46.0741,-3.8928,21E6,147,V,U0507,1,1,R,4.0000,-9,,3682,,26,,4.5000,1300,89.7,19.6,,,210,,,,,,,,,,,,,,,,,,,,,,,,,
HH,EVHOE,4,FR,35HT,GOV,100,D,-9,U0509,7,2016,10,20,0646,4,30,D,45.9377,-3.7509,45.9108,-3.7211,20E6,168,V,U0509,1,1,R,4.0000,-9,,3778,,26,,4.5000,1300,92.1,20.1,,,210,,,,,,,,,,,,,,,,,,,,,,,,,
HH,EVHOE,4,FR,35HT,GOV,100,D,-9,U0510,8,2016,10,20,0845,4,31,D,46.0567,-3.5962,46.0827,-3.5701,21E6,144,V,U0510,1,1,R,4.2000,-9,,3517,,26,,4.5000,1300,89.3,19.4,,,210,,,,,,,,,,,,,,,,,,,,,,,,,
HH,EVHOE,4,FR,35HT,GOV,100,D,-9,U0511,9,2016,10,20,1103,4,30,D,46.1259,-3.2737,46.0947,-3.2561,21E6,132,V,U0511,1,1,R,4.0000,-9,,3728,,26,,4.5000,1300,90.8,19.7,,,210,,,,,,,,,,,,,,,,,,,,,,,,,
HH,EVHOE,4,FR,35HT,GOV,100,D,-9,U0512,10,2016,10,20,1304,4,30,D,45.8818,-3.2428,45.8543,-3.2183,20E6,134,V,U0512,1,1,R,4.3000,-9,,3595,,26,,4.5000,1300,87.3,19.1,,,210,,,,,,,,,,,,,,,,,,,,,,,,,
HH,EVHOE,4,FR,35HT,GOV,100,D,-9,U0513,11,2016,10,20,1453,4,31,D,45.7771,-3.3913,45.7439,-3.3836,20E6,148,V,U0513,1,1,R,4.2000,-9,,3731,,26,,4.5000,1300,88.3,19.3,,,210,,,,,,,,,,,,,,,,,,,,,,,,,
HH,EVHOE,4,FR,35HT,GOV,100,D,-9,U0515,12,2016,10,21,0640,4,30,D,45.6534,-3.2208,45.6200,-3.2293,20E6,140,V,U0515,1,1,R,4.2000,-9,,3768,,26,,4.5000,1300,89.6,19.5,,,210,,,,,,,,,,,,,,,,,,,,,,,,,
HH,EVHOE,4,FR,35HT,GOV,100,D,-9,U0516,13,2016,10,21,1013,4,31,D,45.3773,-2.6415,45.3439,-2.6298,19E7,128,V,U0516,1,1,R,3.9000,-9,,3811,,26,,4.5000,1300,87.7,19.7,,,210,,,,,,,,,,,,,,,,,,,,,,,,,
HH,EVHOE,4,FR,35HT,GOV,100,D,-9,U0517,14,2016,10,21,1204,4,30,D,45.2613,-2.7553,45.2861,-2.7902,19E7,134,V,U0517,1,1,R,3.9000,-9,,3880,,26,,4.5000,1300,92.3,19.9,,,210,,,,,,,,,,,,,,,,,,,,,,,,,
HH,EVHOE,4,FR,35HT,GOV,100,D,-9,U0518,15,2016,10,21,1500,7,30,D,45.2648,-3.2647,45.2950,-3.2812,19E6,500,V,U0518,1,1,R,3.6000,-9,,3738,,26,,4.5000,1300,77.3,21.9,,,210,,,,,,,,,,,,,,,,,,,,,,,,,
HH,EVHOE,4,FR,35HT,GOV,50,D,-9,U0520,16,2016,10,22,0722,3,30,D,45.4182,-2.4114,45.3848,-2.3982,19E7,116,V,U0520,1,1,R,3.6000,-9,,3862,,26,,4.5000,1300,76.9,21.0,,,210,,,,,,,,,,,,,,,,,,,,,,,,,
HH,EVHOE,4,FR,35HT,GOV,50,D,-9,U0521,17,2016,10,22,0944,3,30,D,45.1618,-2.2062,45.1393,-2.1723,19E7,116,V,U0521,1,1,R,3.8000,-9,,3651,,26,,4.5000,1300,75.1,20.5,,,210,,,,,,,,,,,,,,,,,,,,,,,,,
HH,EVHOE,4,FR,35HT,GOV,100,D,-9,U0522,18,2016,10,22,1149,4,25,D,44.9474,-2.2242,44.9206,-2.2158,18E7,145,I,U0522,1,1,R,3.5000,-9,,3050,,26,,4.5000,1300,95.5,20.2,,,210,,,,,,,,,,,,,,,,,,,,,,,,,
HH,EVHOE,4,FR,35HT,GOV,50,D,-9,U0523,19,2016,10,22,1531,3,21,D,44.8792,-1.8529,44.8564,-1.8488,18E8,111,V,U0523,1,1,R,3.3000,-9,,2553,,26,,4.5000,1300,71.8,20.2,,,210,,,,,,,,,,,,,,,,,,,,,,,,,
HH,EVHOE,4,FR,35HT,GOV,50,D,-9,U0525,20,2016,10,23,0636,1,30,D,44.0915,-1.3786,44.0603,-1.3906,17E8,32,V,U0525,1,1,R,4.9000,-9,,3589,,26,,4.5000,1300,54.6,20.4,,,210,,,,,,,,,,,,,,,,,,,,,,,,,
HH,EVHOE,4,FR,35HT,GOV,50,D,-9,U0526,21,2016,10,23,0851,3,31,D,44.0950,-1.7440,44.0794,-1.7831,17E8,121,V,U0526,1,1,R,4.0000,-9,,3567,,26,,4.5000,1300,72.3,20.0,,,210,,,,,,,,,,,,,,,,,,,,,,,,,
HH,EVHOE,4,FR,35HT,GOV,50,D,-9,U0527,22,2016,10,23,1053,3,30,D,43.9331,-1.7255,43.9013,-1.7361,16E8,118,V,U0527,1,1,R,3.9000,-9,,3635,,26,,4.5000,1300,72.7,20.1,,,210,,,,,,,,,,,,,,,,,,,,,,,,,
HH,EVHOE,4,FR,35HT,GOV,50,D,-9,U0528,23,2016,10,23,1254,2,31,D,43.7823,-1.4934,43.7483,-1.5010,16E8,45,V,U0528,1,1,R,4.5000,-9,,3824,,26,,4.5000,1300,59.4,15.7,,,210,,,,,,,,,,,,,,,,,,,,,,,,,
HH,EVHOE,4,FR,35HT,GOV,50,D,-9,U0529,24,2016,10,23,1441,2,30,D,43.7208,-1.4902,43.6868,-1.4890,16E8,36,V,U0529,1,1,R,4.5000,-9,,3799,,26,,4.5000,1300,58.6,16.7,,,210,,,,,,,,,,,,,,,,,,,,,,,,,
HH,EVHOE,4,FR,35HT,GOV,100,D,-9,W0615,82,2018,11,10,0734,5,30,D,48.3361,-8.3141,48.3233,-8.3561,25E1,178,V,W0615,1,1,C,3.1000,-9,,3415,520,26,,4.5000,1300,104.0,21.9,145,0.7000,250,249,3.6000,4.2000,,,,,230,26,,,13.6,,35.45,,,,,,,,,,,
HH,EVHOE,4,FR,35HT,GOV,100,D,-9,W0616,83,2018,11,10,1042,5,30,D,48.3300,-8.7803,48.3251,-8.8278,25E1,180,V,W0616,1,1,C,3.2000,-9,,3550,523,26,,4.5000,1300,111.6,23.0,145,0.7000,250,270,3.8000,3.4000,,,,,243,22,,,13.5,,35.47,,,,,,,,,,,
HH,EVHOE,4,FR,35HT,GOV,100,D,-9,W0617,84,2018,11,10,1300,5,30,D,48.3447,-9.1230,48.3224,-9.1554,25E0,179,V,W0617,1,1,C,3.3000,-9,,3443,530,26,,4.5000,1300,104.3,21.5,145,0.7000,250,216,3.6000,3.9000,,,,,223,17,,,13.7,,35.47,,,,,,,,,,,
HH,EVHOE,4,FR,35HT,GOV,100,D,-9,U0531,25,2016,10,24,0642,4,31,D,43.8062,-1.9932,43.8401,-1.9934,16E8,145,V,U0531,1,1,R,3.5000,-9,,3761,,26,,4.5000,1300,91.2,19.7,,,210,,,,,,,,,,,,,,,,,,,,,,,,,
HH,EVHOE,4,FR,35HT,GOV,100,D,-9,U0532,26,2016,10,24,0821,5,30,D,43.9096,-2.0821,43.9419,-2.0799,16E7,166,V,U0532,1,1,R,3.1000,-9,,3589,,26,,4.5000,1300,96.3,20.5,,,210,,,,,,,,,,,,,,,,,,,,,,,,,
HH,EVHOE,4,FR,35HT,GOV,100,D,-9,U0533,27,2016,10,24,1013,7,31,D,43.9699,-2.1584,44.0010,-2.1509,16E7,501,V,U0533,1,1,R,3.5000,-9,,3523,,26,,4.5000,1300,99.1,22.8,,,210,,,,,,,,,,,,,,,,,,,,,,,,,
HH,EVHOE,4,FR,35HT,GOV,100,D,-9,U0534,28,2016,10,24,1227,6,31,D,44.0952,-2.0658,44.0651,-2.0820,17E7,211,V,U0534,1,1,R,3.6000,-9,,3594,,26,,4.5000,1300,96.6,20.8,,,210,,,,,,,,,,,,,,,,,,,,,,,,,
HH,EVHOE,4,FR,35HT,GOV,100,D,-9,U0535,29,2016,10,24,1451,4,30,D,44.2196,-1.8662,44.2500,-1.8861,17E8,127,V,U0535,1,1,R,3.5000,-9,,3731,,26,,4.5000,1300,91.6,20.0,,,210,,,,,,,,,,,,,,,,,,,,,,,,,
HH,EVHOE,4,FR,35HT,GOV,100,D,-9,U0537,30,2016,10,25,0645,4,31,D,44.3949,-2.0419,44.4292,-2.0459,17E7,153,V,U0537,1,1,R,3.7000,-9,,3820,,26,,4.5000,1300,92.4,20.0,,,210,,,,,,,,,,,,,,,,,,,,,,,,,
HH,EVHOE,4,FR,35HT,GOV,100,D,-9,U0538,31,2016,10,25,0839,6,30,D,44.5641,-2.1298,44.5960,-2.1382,18E7,341,V,U0538,1,1,R,3.6000,-9,,3626,,26,,4.5000,1300,99.8,21.6,,,210,,,,,,,,,,,,,,,,,,,,,,,,,
HH,EVHOE,4,FR,35HT,GOV,100,D,-9,U0539,32,2016,10,25,1029,7,31,D,44.5995,-2.1617,44.5685,-2.1489,18E7,440,V,U0539,1,1,R,3.6000,-9,,3618,,26,,4.5000,1300,96.6,22.5,,,210,,,,,,,,,,,,,,,,,,,,,,,,,
HH,EVHOE,4,FR,35HT,GOV,100,D,-9,U0540,33,2016,10,25,1251,5,30,D,44.6086,-2.0184,44.6330,-1.9888,18E7,165,V,U0540,1,1,R,3.5000,-9,,3580,,26,,4.5000,1300,88.7,19.5,,,210,,,,,,,,,,,,,,,,,,,,,,,,,
HH,EVHOE,4,FR,35HT,GOV,50,D,-9,U0542,34,2016,10,26,0642,1,30,D,44.5261,-1.3099,44.5577,-1.3191,18E8,28,V,U0542,1,1,R,4.8000,-9,,3574,,26,,4.5000,1300,55.2,19.9,,,210,,,,,,,,,,,,,,,,,,,,,,,,,
HH,EVHOE,4,FR,35HT,GOV,50,D,-9,U0543,35,2016,10,26,0811,2,30,D,44.5855,-1.3490,44.6178,-1.3568,18E8,37,V,U0543,1,1,R,4.9000,-9,,3649,,26,,4.5000,1300,36.1,29.5,,,210,,,,,,,,,,,,,,,,,,,,,,,,,
HH,EVHOE,4,FR,35HT,GOV,50,D,-9,U0544,36,2016,10,26,0947,2,31,D,44.7323,-1.3754,44.7652,-1.3740,18E8,32,V,U0544,1,1,R,4.7000,-9,,3661,,26,,4.5000,1300,56.2,19.0,,,210,,,,,,,,,,,,,,,,,,,,,,,,,
HH,EVHOE,4,FR,35HT,GOV,50,D,-9,U0545,37,2016,10,26,1130,1,30,D,44.8632,-1.2864,44.8935,-1.2793,18E8,28,V,U0545,1,1,R,5.0000,-9,,3417,,26,,4.5000,1300,54.7,21.9,,,210,,,,,,,,,,,,,,,,,,,,,,,,,
HH,EVHOE,4,FR,35HT,GOV,100,D,-9,U0546,38,2016,10,26,1335,2,30,D,45.1038,-1.4298,45.1355,-1.4304,19E8,43,V,U0546,1,1,R,3.8000,-9,,3519,,26,,4.5000,1300,58.8,18.7,,,210,,,,,,,,,,,,,,,,,,,,,,,,,
HH,EVHOE,4,FR,35HT,GOV,50,D,-9,U0547,39,2016,10,27,0636,2,30,D,45.5306,-1.4195,45.5647,-1.4272,20E8,34,V,U0547,1,1,R,4.5000,-9,,3838,,26,,4.5000,1300,58.7,17.4,,,210,,,,,,,,,,,,,,,,,,,,,,,,,
HH,EVHOE,4,FR,35HT,GOV,100,D,-9,U0584,76,2016,11,6,1252,4,30,D,47.8079,-6.4263,47.7767,-6.4332,24E3,139,V,U0584,1,1,R,3.7000,-9,,3505,,26,,4.5000,1300,85.0,20.7,,,210,,,,,,,,,,,,,,,,,,,,,,,,,
HH,EVHOE,4,FR,35HT,GOV,100,D,-9,U0585,77,2016,11,6,1556,6,30,D,47.5029,-6.6381,47.5138,-6.6819,24E3,274,V,U0585,1,1,R,3.1000,-9,,3517,,26,,4.5000,1300,98.9,,,,210,,,,,,,,,,,,,,,,,,,,,,,,,
HH,EVHOE,4,FR,35HT,GOV,100,D,-9,U0586,78,2016,11,7,0731,6,30,D,47.7791,-7.5156,47.8083,-7.5275,24E2,253,V,U0586,1,1,R,2.8000,-9,,3365,,26,,4.5000,1300,98.9,22.0,,,210,,,,,,,,,,,,,,,,,,,,,,,,,
HH,EVHOE,4,FR,35HT,GOV,100,D,-9,U0587,79,2016,11,7,1154,5,22,D,47.9497,-7.4143,47.9562,-7.4462,24E2,157,V,U0587,1,1,R,3.9000,-9,,2490,,26,,4.5000,1300,94.7,18.8,,,210,,,,,,,,,,,,,,,,,,,,,,,,,
HH,EVHOE,4,FR,35HT,GOV,100,D,-9,U0588,80,2016,11,7,1528,6,30,D,48.0436,-8.1123,48.0698,-8.1434,25E1,332,V,U0588,1,1,R,3.4000,-9,,3714,,26,,4.5000,1300,99.0,22.8,,,210,,,,,,,,,,,,,,,,,,,,,,,,,
HH,EVHOE,4,FR,35HT,GOV,100,D,-9,U0589,81,2016,11,8,0728,5,30,D,48.3365,-8.3130,48.3238,-8.3572,25E1,178,V,U0589,1,1,R,3.2000,-9,,3548,,26,,4.5000,1300,97.5,21.5,,,210,,,,,,,,,,,,,,,,,,,,,,,,,
HH,EVHOE,4,FR,35HT,GOV,100,D,-9,U0590,82,2016,11,8,1017,5,31,D,48.6148,-8.5275,48.6316,-8.4853,26E1,162,V,U0590,1,1,R,3.8000,-9,,3609,,26,,4.5000,1300,93.2,20.1,,,210,,,,,,,,,,,,,,,,,,,,,,,,,
HH,EVHOE,4,FR,35HT,GOV,100,D,-9,U0591,83,2016,11,8,1225,4,30,D,48.7617,-8.2390,48.7881,-8.2116,26E1,161,V,U0591,1,1,R,3.6000,-9,,3548,,26,,4.5000,1300,94.0,19.9,,,210,,,,,,,,,,,,,,,,,,,,,,,,,
HH,EVHOE,4,FR,35HT,GOV,100,D,-9,U0592,84,2016,11,8,1524,4,30,D,49.0267,-8.0586,49.0283,-8.0090,27E1,148,V,U0592,1,1,R,3.6000,-9,,3614,,26,,4.5000,1300,95.2,20.5,,,210,,,,,,,,,,,,,,,,,,,,,,,,,
HH,EVHOE,4,FR,35HT,GOV,100,D,-9,U0593,85,2016,11,9,0728,4,30,D,49.2583,-9.4901,49.2832,-9.4586,27E0,144,V,U0593,1,1,R,3.5000,-9,,3585,,26,,4.5000,1300,96.2,23.1,,,210,,,,,,,,,,,,,,,,,,,,,,,,,
HH,EVHOE,4,FR,35HT,GOV,100,D,-9,U0594,86,2016,11,9,1028,4,31,D,48.9892,-9.1496,48.9665,-9.1823,26E0,137,V,U0594,1,1,R,3.3000,-9,,3482,,26,,4.5000,1300,,22.2,,,210,,,,,,,,,,,,,,,,,,,,,,,,,
HH,EVHOE,4,FR,35HT,GOV,100,D,-9,R0424,76,2013,11,8,1331,5,29,D,47.6429,-6.8047,47.6109,-6.8066,24E3,173,V,,1,1,R,4.1000,-9,,3556,547,24,,,1300,100.0,22.0,,,,175,,,,,,,291,25,,,,,,,,,,,,,,,,
HH,EVHOE,4,FR,35HT,GOV,50,D,-9,W0558,27,2018,10,26,0931,2,30,D,43.7188,-1.4874,43.6870,-1.4882,16E8,35,V,W0558,1,1,C,4.8000,-9,,3532,139,26,,4.5000,1300,52.5,16.1,145,0.7000,250,180,3.7000,3.9000,,,,,177,10,,,17.0,,34.88,,,,,,,,,,,
HH,EVHOE,4,FR,35HT,GOV,50,D,-9,W0559,28,2018,10,26,1057,2,31,D,43.7539,-1.4995,43.7857,-1.4925,16E8,44,V,W0559,1,1,C,4.3000,-9,,3581,171,26,,4.5000,1300,58.4,17.3,145,0.7000,250,11,3.8000,3.7000,,,,,312,4,,,17.2,,35.08,,,,,,,,,,,
HH,EVHOE,4,FR,35HT,GOV,50,D,-9,W0560,29,2018,10,26,1305,3,25,D,43.8996,-1.7367,43.9253,-1.7283,16E8,116,V,W0560,1,1,C,3.3000,-9,,2931,370,26,,4.5000,1300,78.1,21.0,145,0.7000,250,14,3.7000,3.8000,,,,,265,5,,,16.7,,35.13,,,,,,,,,,,
HH,EVHOE,4,FR,35HT,GOV,100,D,-9,W0561,30,2018,10,26,1514,4,30,D,43.8388,-1.9937,43.8081,-1.9940,16E8,146,V,W0561,1,1,C,3.6000,-9,,3409,439,26,,4.5000,1300,88.8,19.4,145,0.7000,250,180,3.6000,3.3000,,,,,329,11,,,16.7,,35.07,,,,,,,,,,,
HH,EVHOE,4,FR,35HT,GOV,100,D,-9,W0563,31,2018,10,27,0732,7,31,D,44.0166,-2.1489,43.9864,-2.1482,17E7,510,V,W0563,1,1,C,3.1000,-9,,3431,1261,26,,4.5000,1300,112.1,22.3,145,0.7000,250,181,3.6000,3.8000,,,,,94,11,,,16.1,,35.14,,,,,,,,,,,
HH,EVHOE,4,FR,35HT,GOV,100,D,-9,W0564,32,2018,10,27,0925,5,25,D,43.9068,-2.0820,43.9330,-2.0833,16E7,165,V,W0564,1,1,C,2.9000,-9,,2946,508,26,,4.5000,1300,102.6,21.5,145,0.7000,250,305,3.7000,4.5000,,,,,343,18,,,16.0,,35.15,,,,,,,,,,,
HH,EVHOE,4,FR,35HT,GOV,100,D,-9,W0565,33,2018,10,27,1117,6,30,D,44.0688,-2.0779,44.0982,-2.0665,17E7,229,V,W0565,1,1,C,3.0000,-9,,3431,657,26,,4.5000,1300,112.5,22.9,145,0.7000,250,15,3.6000,4.5000,,,,,37,11,,,15.9,,35.18,,,,,,,,,,,
HH,EVHOE,4,FR,35HT,GOV,50,D,-9,W0566,34,2018,10,27,1330,3,30,D,44.0762,-1.7911,44.0910,-1.7538,17E8,119,V,W0566,1,1,C,3.3000,-9,,3404,369,26,,4.5000,1300,80.1,21.5,145,0.7000,250,57,3.6000,4.3000,,,,,140,6,,,15.9,,35.16,,,,,,,,,,,
HH,EVHOE,4,FR,35HT,GOV,100,D,-9,W0567,35,2018,10,27,1525,4,30,D,44.2115,-1.8612,44.2394,-1.8794,17E8,128,V,W0567,1,1,C,3.3000,-9,,3423,389,26,,4.5000,1300,98.1,21.0,145,0.7000,250,337,3.6000,4.4000,,,,,38,11,,,16.2,,35.09,,,,,,,,,,,
HH,EVHOE,4,FR,35HT,GOV,100,D,-9,W0569,36,2018,10,28,0704,4,31,D,44.3870,-2.0407,44.4181,-2.0445,17E7,154,V,W0569,1,1,C,3.2000,-9,,3477,457,26,,4.5000,1300,104.0,21.7,145,0.7000,250,16,3.6000,4.2000,,,,,18,25,,,15.7,,35.15,,,,,,,,,,,
HH,EVHOE,4,FR,35HT,GOV,100,D,-9,W0570,37,2018,10,28,0908,7,31,D,44.5657,-2.1479,44.5980,-2.1614,18E7,439,V,W0570,1,1,C,2.8000,-9,,3770,1195,26,,4.5000,1300,120.7,23.7,145,0.7000,250,267,3.9000,4.7000,,,,,23,23,,,15.5,,35.20,,,,,,,,,,,
HH,EVHOE,4,FR,35HT,GOV,100,D,-9,R0446,98,2013,11,15,0747,5,30,D,48.6157,-8.5256,48.6328,-8.4824,26E1,160,V,,1,1,R,4.5000,-9,,3704,559,24,,,1300,98.0,21.0,,,,48,,,,,,,47,17,,,,,,,,,,,,,,,,
HH,EVHOE,4,FR,35HT,GOV,100,D,-9,W0571,38,2018,10,28,1103,6,30,D,44.6043,-2.1399,44.5734,-2.1336,18E7,341,V,W0571,1,1,C,2.9000,-9,,3466,949,26,,4.5000,1300,110.8,22.4,145,0.7000,250,166,3.7000,4.4000,,,,,86,13,,,15.4,,35.20,,,,,,,,,,,
HH,EVHOE,4,FR,35HT,GOV,100,D,-9,W0572,39,2018,10,28,1246,5,31,D,44.6132,-2.0167,44.6370,-1.9884,18E7,165,V,W0572,1,1,C,3.2000,-9,,3497,487,26,,4.5000,1300,101.6,21.1,145,0.7000,250,33,3.6000,4.1000,,,,,94,23,,,15.5,,35.19,,,,,,,,,,,
HH,EVHOE,4,FR,35HT,GOV,50,D,-9,W0573,40,2018,10,28,1617,2,30,D,44.9076,-1.5365,44.9379,-1.5399,18E8,64,V,W0573,1,1,C,4.0000,-9,,3371,198,26,,4.5000,1300,63.4,18.4,145,0.7000,250,4,3.6000,4.4000,,,,,27,32,,,15.2,,35.10,,,,,,,,,,,
HH,EVHOE,4,FR,35HT,GOV,50,D,-9,W0574,41,2018,10,29,0655,2,31,D,45.7307,-1.9661,45.7322,-1.9232,20E8,73,V,W0574,1,1,C,3.5000,-9,,3331,258,26,,4.5000,1300,68.6,19.2,145,0.7000,250,73,3.5000,4.3000,,,,,25,21,,,14.9,,35.22,,,,,,,,,,,
HH,EVHOE,4,FR,35HT,GOV,50,D,-9,W0575,42,2018,10,29,0959,2,30,D,45.5331,-1.4198,45.5640,-1.4270,20E8,36,V,W0575,1,1,C,4.2000,-9,,3480,148,26,,4.5000,1300,58.5,17.4,145,0.7000,250,121,3.7000,4.4000,,,,,30,16,,,13.2,,35.05,,,,,,,,,,,
HH,EVHOE,4,FR,35HT,GOV,50,D,-9,W0576,43,2018,10,29,1149,2,30,D,45.7490,-1.4250,45.7819,-1.4202,20E8,26,V,W0576,1,1,C,4.6000,-9,,3675,127,26,,4.5000,1300,55.3,16.6,145,0.7000,250,7,3.9000,3.9000,,,,,47,16,,,13.6,,35.26,,,,,,,,,,,
HH,EVHOE,4,FR,35HT,GOV,100,D,-9,W0577,44,2018,10,29,1428,1,30,D,46.0869,-1.6392,46.0782,-1.6813,21E8,27,V,W0577,1,1,C,4.4000,-9,,3388,124,26,,4.5000,1300,0.0,15.5,145,0.7000,250,258,3.6000,4.9000,,,,,324,19,,,14.3,,35.32,,,,,,,,,,,
HH,EVHOE,4,FR,35HT,GOV,50,D,-9,W0578,45,2018,10,30,0648,1,26,D,47.2429,-2.5898,47.2288,-2.6228,23E7,30,V,W0578,1,1,C,0.0000,-9,,2938,133,26,,4.5000,1300,0.0,16.5,145,0.7000,250,239,3.7000,3.7000,,,,,250,1,,,13.0,,35.08,,,,,,,,,,,
HH,EVHOE,4,FR,35HT,GOV,50,D,-9,W0579,46,2018,10,30,1103,1,30,D,47.5594,-3.2268,47.5807,-3.2645,24E6,29,V,W0579,1,1,C,4.4000,-9,,3686,133,26,,4.5000,1300,53.4,16.3,145,0.7000,250,312,3.9000,3.7000,,,,,90,5,,,13.2,,35.26,,,,,,,,,,,
HH,EVHOE,4,FR,35HT,GOV,50,D,-9,W0580,47,2018,11,1,0653,2,30,D,47.0877,-3.0487,47.0564,-3.0509,23E6,60,V,W0580,1,1,C,3.7000,-9,,3472,200,26,,4.5000,1300,62.1,13.6,145,0.7000,250,189,3.7000,4.2000,,,,,296,14,,,13.8,,35.34,,,,,,,,,,,
HH,EVHOE,4,FR,35HT,GOV,50,D,-9,W0581,48,2018,11,1,0922,3,30,D,46.7551,-2.9488,46.7388,-2.9866,22E7,83,V,W0581,1,1,C,3.7000,-9,,3400,269,26,,4.5000,1300,66.9,18.9,145,0.7000,250,241,3.6000,3.8000,,,,,267,8,,,14.8,,35.35,,,,,,,,,,,
HH,EVHOE,4,FR,35HT,GOV,50,D,-9,W0582,49,2018,11,1,1325,2,31,D,46.5862,-2.6074,46.6165,-2.5937,22E7,66,V,W0582,1,1,C,3.8000,-9,,3528,220,26,,4.5000,1300,65.0,18.4,145,0.7000,250,18,3.7000,4.2000,,,,,271,7,,,14.8,,35.31,,,,,,,,,,,
HH,EVHOE,4,FR,35HT,GOV,100,D,-9,R0436,88,2013,11,12,0750,7,30,D,48.6332,-10.1213,48.6322,-10.0720,26D9,493,V,,1,1,R,4.5000,-9,,3630,1302,24,,,1300,113.0,23.0,,,,86,,,,,,,347,17,,,,,,,,,,,,,,,,
HH,EVHOE,4,FR,35HT,GOV,100,D,-9,R0449,101,2013,11,15,1415,4,30,D,48.6525,-7.9117,48.6431,-7.9598,26E2,169,V,,1,1,R,,-9,,3685,534,24,,,1300,102.0,22.0,,,,255,,,,,,,66,17,,,,,,,,,,,,,,,,
HH,EVHOE,4,FR,35HT,GOV,50,D,-9,T0662,26,2015,10,24,1112,2,30,D,43.6900,-1.4887,43.7224,-1.4872,16E8,38,V,,1,1,R,3.9000,-9,,3596,179,26,,,1300,56.0,17.0,,,,3,3.7000,,,,,,,,,,,,,,,,,,,,,,,
HH,EVHOE,4,FR,35HT,GOV,100,D,-9,T0661,25,2015,10,24,0811,4,31,D,43.7953,-1.9688,43.7603,-1.9618,16E8,150,V,,1,1,R,2.9000,-9,,3928,487,26,,,1300,93.0,20.0,,,,179,3.6000,,,,,,,,,,,,,,,,,,,,,,,
HH,EVHOE,4,FR,35HT,GOV,100,D,-9,T0660,24,2015,10,24,0637,4,30,D,43.8343,-1.9946,43.8015,-1.9934,16E8,144,V,,1,1,R,3.0000,-9,,3645,479,26,,,1300,93.0,20.0,,,,186,3.6000,,,,,,,,,,,,,,,,,,,,,,,
HH,EVHOE,4,FR,35HT,GOV,50,D,-9,T0663,27,2015,10,24,1433,3,31,D,43.9015,-1.7361,43.9338,-1.7253,16E8,117,V,,1,1,R,3.1000,-9,,3687,417,26,,,1300,72.0,20.0,,,,16,3.6000,,,,,,,,,,,,,,,,,,,,,,,
HH,EVHOE,4,FR,35HT,GOV,100,D,-9,T0658,22,2015,10,23,1054,5,31,D,43.9226,-2.0989,43.8903,-2.0943,16E7,184,V,,1,1,R,3.1000,-9,,3611,596,26,,,1300,91.0,20.0,,,,168,3.4000,,,,,,,,,,,,,,,,,,,,,,,
HH,EVHOE,4,FR,35HT,GOV,100,D,-9,T0659,23,2015,10,23,1401,7,30,D,44.0195,-2.1491,43.9889,-2.1541,17E7,505,V,,1,1,R,3.6000,-9,,3434,1340,26,,,1300,103.0,22.0,,,,183,3.6000,,,,,,,,,,,,,,,,,,,,,,,
HH,EVHOE,4,FR,35HT,GOV,100,D,-9,T0657,21,2015,10,23,0811,6,30,D,44.0955,-2.0658,44.0649,-2.0832,17E7,237,V,,1,1,R,3.4000,-9,,3698,724,26,,,1300,93.0,20.0,,,,200,3.7000,,,,,,,,,,,,,,,,,,,,,,,
HH,EVHOE,4,FR,35HT,GOV,100,D,-9,T0656,20,2015,10,23,0632,4,30,D,44.1875,-1.9850,44.1553,-1.9910,17E8,146,V,,1,1,R,3.1000,-9,,3613,487,26,,,1300,87.0,19.0,,,,183,3.7000,,,,,,,,,,,,,,,,,,,,,,,
HH,EVHOE,4,FR,35HT,GOV,50,D,-9,T0664,28,2015,10,25,0632,3,30,D,44.2181,-1.5991,44.2509,-1.5865,17E8,94,V,,1,1,R,3.2000,-9,,3777,368,26,,,1300,70.0,20.0,,,,21,3.8000,,,,,,,,,,,,,,,,,,,,,,,
HH,EVHOE,4,FR,35HT,GOV,50,D,-9,T0665,29,2015,10,25,0826,1,31,D,44.2579,-1.3609,44.2892,-1.3415,17E8,31,V,,1,1,R,4.0000,-9,,3811,154,26,,,1300,56.0,,,,,27,3.5000,,,,,,,,,,,,,,,,,,,,,,,
HH,EVHOE,4,FR,35HT,GOV,100,D,-9,Y0408,115,2020,11,24,1307,4,30,D,50.7498,-9.2722,50.7531,-9.2237,30E0,126,V,Y0408,1,1,R,3.5000,-9,,3427,,26,,4.5000,1300,100.9,21.8,145,0.7000,210,,,,,,,,,,,,11.6,,35.13,,,,,,,,,,,
HH,EVHOE,4,FR,35HT,GOV,50,D,-9,Y0430,135,2020,11,29,1229,3,30,D,50.7827,-7.5615,50.7559,-7.5874,30E2,105,V,Y0430,1,1,R,3.3000,-9,,3496,,26,,4.5000,1300,77.4,21.2,145,0.7000,210,,,,,,,,,,,,11.8,,34.98,,,,,,,,,,,
HH,EVHOE,4,FR,35HT,GOV,50,D,-9,Y0422,128,2020,11,27,1511,3,31,D,50.8540,-5.5910,50.8744,-5.5537,30E4,83,V,Y0422,1,1,R,3.4000,-9,,3466,,26,,4.5000,1300,71.4,20.3,145,0.7000,210,,,,,,,,,,,,12.5,,35.09,,,,,,,,,,,
HH,EVHOE,4,FR,35HT,GOV,100,D,-9,Y0434,138,2020,11,30,1005,4,30,D,50.4319,-8.5843,50.4128,-8.6249,29E1,124,V,Y0434,1,1,R,3.5000,-9,,3576,,26,,4.5000,1300,102.2,22.0,145,0.7000,210,,,,,,,,,,,,11.8,,35.06,,,,,,,,,,,
HH,EVHOE,4,FR,35HT,GOV,50,D,-9,Y0428,133,2020,11,29,0759,3,30,D,50.4339,-7.1906,50.4041,-7.2062,29E2,110,V,Y0428,1,1,R,3.6000,-9,,3499,,26,,4.5000,1300,80.6,21.8,145,0.7000,210,,,,,,,,,,,,12.0,,35.06,,,,,,,,,,,
HH,EVHOE,4,FR,35HT,GOV,50,D,-9,Y0433,137,2020,11,30,0800,3,30,D,50.4520,-8.1995,50.4311,-8.2379,29E1,117,V,Y0433,1,1,R,3.5000,-9,,3575,,26,,4.5000,1300,81.4,22.0,145,0.7000,210,,,,,,,,,,,,11.7,,35.05,,,,,,,,,,,
HH,EVHOE,4,FR,35HT,GOV,50,D,-9,Y0431,136,2020,11,29,1421,3,30,D,50.6479,-7.7888,50.6614,-7.8344,30E2,111,V,Y0431,1,1,R,3.5000,-9,,3546,,26,,4.5000,1300,74.9,20.6,145,0.7000,210,,,,,,,,,,,,11.9,,35.05,,,,,,,,,,,
HH,EVHOE,4,FR,35HT,GOV,50,D,-9,Y0429,134,2020,11,29,1030,3,31,D,50.6650,-7.2984,50.6661,-7.3498,30E2,105,V,Y0429,1,1,R,3.4000,-9,,3621,,26,,4.5000,1300,89.7,24.3,145,0.7000,210,,,,,,,,,,,,11.8,,34.99,,,,,,,,,,,
HH,EVHOE,4,FR,35HT,GOV,100,D,-9,Y0402,109,2020,11,23,0821,6,29,D,50.7055,-11.0107,50.7236,-11.0493,30D8,286,V,Y0402,1,1,R,3.1000,-9,,3377,,26,,4.5000,1300,109.2,22.2,145,0.7000,210,,,,,,,,,,,,13.0,,35.51,,,,,,,,,,,
HH,EVHOE,4,FR,35HT,GOV,100,D,-9,Y0398,106,2020,11,22,0758,4,30,D,50.0655,-10.2095,50.0955,-10.1963,29D9,126,V,Y0398,1,1,R,3.4000,-9,,3456,,26,,4.5000,1300,99.2,21.2,145,0.7000,210,,,,,,,,,,,,12.8,,35.48,,,,,,,,,,,
HH,EVHOE,4,FR,35HT,GOV,100,D,-9,Y0396,105,2020,11,21,1607,5,30,D,50.0686,-10.8937,50.0878,-10.9312,29D9,165,V,Y0396,1,1,R,3.4000,-9,,3417,,26,,4.5000,1300,102.5,21.5,145,0.7000,210,,,,,,,,,,,,13.1,,35.52,,,,,,,,,,,
HH,EVHOE,4,FR,35HT,GOV,50,D,-9,Y0436,140,2020,11,30,1425,3,30,D,50.1578,-8.4425,50.1289,-8.4624,29E1,106,V,Y0436,1,1,R,3.4000,-9,,3511,,26,,4.5000,1300,74.4,20.5,145,0.7000,210,,,,,,,,,,,,11.9,,35.11,,,,,,,,,,,
HH,EVHOE,4,FR,35HT,GOV,100,D,-9,Y0399,107,2020,11,22,1028,4,30,D,50.2997,-10.0256,50.3037,-10.0757,29D9,129,V,Y0399,1,1,R,3.4000,-9,,3577,,26,,4.5000,1300,101.4,21.5,145,0.7000,210,,,,,,,,,,,,12.3,,35.40,,,,,,,,,,,
HH,EVHOE,4,FR,35HT,GOV,100,D,-9,Y0435,139,2020,11,30,1214,4,30,D,50.3282,-8.7369,50.3194,-8.6889,29E1,120,V,Y0435,1,1,R,3.5000,-9,,3545,,26,,4.5000,1300,77.7,20.9,145,0.7000,210,,,,,,,,,,,,11.8,,35.08,,,,,,,,,,,
HH,EVHOE,4,FR,35HT,GOV,100,D,-9,Y0400,108,2020,11,22,1342,5,20,D,50.3700,-10.5992,50.3517,-10.6196,29D9,163,V,Y0400,1,1,R,3.4000,-9,,2490,,26,,4.5000,1300,97.0,20.8,145,0.7000,210,,,,,,,,,,,,13.0,,35.51,,,,,,,,,,,
HH,EVHOE,4,FR,35HT,GOV,100,D,-9,Y0438,142,2020,12,1,1016,4,30,D,49.7452,-8.4683,49.7334,-8.4236,28E1,139,V,Y0438,1,1,R,3.5000,-9,,3466,,26,,4.5000,1300,95.3,20.6,145,0.7000,210,,,,,,,,,,,,12.1,,35.19,,,,,,,,,,,
HH,EVHOE,4,FR,35HT,GOV,100,D,-9,Y0389,99,2020,11,20,1034,4,30,D,49.7685,-9.5322,49.7660,-9.4819,28E0,151,V,Y0389,1,1,R,3.4000,-9,,3618,,26,,4.5000,1300,97.5,20.8,145,0.7000,210,,,,,,,,,,,,12.5,,35.28,,,,,,,,,,,
HH,EVHOE,4,FR,35HT,GOV,100,D,-9,Y0395,104,2020,11,21,1413,6,30,D,49.9007,-10.9567,49.9315,-10.9460,28D9,262,V,Y0395,1,1,R,3.4000,-9,,3514,,26,,4.5000,1300,107.7,22.1,145,0.7000,210,,,,,,,,,,,,13.2,,35.52,,,,,,,,,,,
HH,EVHOE,4,FR,35HT,GOV,100,D,-9,Y0390,100,2020,11,20,1227,4,30,D,49.9099,-9.4694,49.9397,-9.4572,28E0,136,V,Y0390,1,1,R,3.4000,-9,,3429,,26,,4.5000,1300,96.1,20.8,145,0.7000,210,,,,,,,,,,,,12.3,,35.20,,,,,,,,,,,
HH,EVHOE,4,FR,35HT,GOV,100,D,-9,Y0391,101,2020,11,20,1544,4,26,D,49.9397,-9.8991,49.9258,-9.9340,28E0,135,V,Y0391,1,1,R,3.0000,-9,,2937,,26,,4.5000,1300,104.7,23.4,145,0.7000,210,,,,,,,,,,,,12.3,,35.29,,,,,,,,,,,
HH,EVHOE,4,FR,35HT,GOV,100,D,-9,Y0437,141,2020,12,1,0759,4,31,D,49.9557,-8.7241,49.9532,-8.6733,28E1,121,V,Y0437,1,1,R,3.6000,-9,,3642,,26,,4.5000,1300,93.6,20.1,145,0.7000,210,,,,,,,,,,,,12.0,,35.11,,,,,,,,,,,
HH,EVHOE,4,FR,35HT,GOV,100,D,-9,Y0440,144,2020,12,1,1406,4,31,D,49.4869,-8.0627,49.4552,-8.0656,27E1,135,V,Y0440,1,1,R,3.4000,-9,,3526,,26,,4.5000,1300,93.9,20.3,145,0.7000,210,,,,,,,,,,,,12.2,,35.26,,,,,,,,,,,
HH,EVHOE,4,FR,35HT,GOV,100,D,-9,T0655,19,2015,10,22,1542,4,30,D,44.4207,-2.0447,44.3868,-2.0411,17E7,152,V,,1,1,R,3.1000,-9,,3769,507,26,,,1300,89.0,19.0,,,,173,3.8000,,,,,,,,,,,,,,,,,,,,,,,
HH,EVHOE,4,FR,35HT,GOV,50,D,-9,T0666,30,2015,10,25,1118,1,31,D,44.5337,-1.3122,44.5663,-1.3219,18E8,30,V,,1,1,R,4.7000,-9,,3702,154,26,,,1300,50.0,16.0,,,,345,3.8000,,,,,,,,,,,,,,,,,,,,,,,
HH,EVHOE,4,FR,35HT,GOV,100,D,-9,T0654,18,2015,10,22,1334,6,31,D,44.5593,-2.1270,44.5908,-2.1368,18E7,337,V,,1,1,R,3.7000,-9,,3598,989,26,,,1300,100.0,21.0,,,,346,3.7000,,,,,,,,,,,,,,,,,,,,,,,
HH,EVHOE,4,FR,35HT,GOV,50,D,-9,T0667,31,2015,10,25,1348,3,31,D,44.5706,-1.7088,44.6045,-1.7077,18E8,112,V,,1,1,R,3.8000,-9,,3770,403,26,,,1300,69.0,19.0,,,,22,3.5000,,,,,,,,,,,,,,,,,,,,,,,
HH,EVHOE,4,FR,35HT,GOV,100,D,-9,T0653,17,2015,10,22,1103,7,31,D,44.6039,-2.1613,44.5725,-2.1510,18E7,436,V,,1,1,R,3.5000,-9,,3606,1271,26,,,1300,100.0,21.0,,,,168,3.3000,,,,,,,,,,,,,,,,,,,,,,,
HH,EVHOE,4,FR,35HT,GOV,100,D,-9,T0652,16,2015,10,22,0850,5,31,D,44.6355,-1.9869,44.6094,-2.0170,18E8,164,V,,1,1,R,3.0000,-9,,3757,537,26,,,1300,89.0,20.0,,,,224,3.3000,,,,,,,,,,,,,,,,,,,,,,,
HH,EVHOE,4,FR,35HT,GOV,50,D,-9,T0651,15,2015,10,22,0642,3,31,D,44.8831,-1.8537,44.8499,-1.8474,18E8,111,V,,1,1,R,3.6000,-9,,3725,407,26,,,1300,67.0,19.0,,,,177,3.6000,,,,,,,,,,,,,,,,,,,,,,,
HH,EVHOE,4,FR,35HT,GOV,100,D,-9,T0673,37,2015,10,27,0644,4,31,D,45.1964,-2.5354,45.2265,-2.5498,19E7,128,V,,1,1,R,3.8000,-9,,3529,457,26,,,1300,89.0,20.0,,,,348,3.8000,,,,,,,,,,,,,,,,,,,,,,,
HH,EVHOE,4,FR,35HT,GOV,50,D,-9,T0668,32,2015,10,26,0637,1,31,D,45.2120,-1.2790,45.2458,-1.2772,19E8,28,V,,1,1,R,4.2000,-9,,3757,140,26,,,1300,52.0,,,,,8,3.7000,,,,,,,,,,,,,,,,,,,,,,,
HH,EVHOE,4,FR,35HT,GOV,100,D,-9,T0649,13,2015,10,21,1225,4,30,D,45.2826,-2.7871,45.2608,-2.7548,19E7,132,V,,1,1,R,4.0000,-9,,3503,470,26,,,1300,82.0,18.0,,,,127,3.5000,,,,,,,,,,,,,,,,,,,,,,,
HH,EVHOE,4,FR,35HT,GOV,100,D,-9,T0648,12,2015,10,21,0927,7,30,D,45.2880,-3.2814,45.2625,-3.2598,19E6,500,V,,1,1,R,3.7000,-9,,3460,1337,26,,,1300,97.0,21.0,,,,144,3.7000,,,,,,,,,,,,,,,,,,,,,,,
HH,EVHOE,4,FR,35HT,GOV,100,D,-9,T0650,14,2015,10,21,1414,4,30,D,45.3498,-2.6308,45.3815,-2.6422,19E7,124,V,,1,1,R,3.7000,-9,,3639,442,26,,,1300,85.0,19.0,,,,346,3.7000,,,,,,,,,,,,,,,,,,,,,,,
HH,EVHOE,4,FR,35HT,GOV,50,D,-9,T0674,38,2015,10,27,0846,3,31,D,45.3830,-2.3946,45.4153,-2.4095,19E7,113,V,,1,1,R,3.8000,-9,,3774,388,26,,,1300,70.0,,,,,341,3.7000,,,,,,,,,,,,,,,,,,,,,,,
HH,EVHOE,4,FR,35HT,GOV,50,D,-9,T0669,33,2015,10,26,0836,2,30,D,45.4000,-1.5187,45.4314,-1.4928,19E8,44,V,,1,1,R,3.8000,-9,,4034,200,26,,,1300,62.0,18.0,,,,41,3.5000,,,,,,,,,,,,,,,,,,,,,,,
HH,EVHOE,4,FR,35HT,GOV,50,D,-9,T0675,39,2015,10,27,1052,3,30,D,45.4571,-2.1164,45.4918,-2.1160,19E7,90,V,,1,1,R,4.0000,-9,,3862,337,26,,,1300,66.0,19.0,,,,344,3.4000,,,,,,,,,,,,,,,,,,,,,,,
HH,EVHOE,4,FR,35HT,GOV,50,D,-9,T0670,34,2015,10,26,0956,2,30,D,45.5367,-1.4206,45.5724,-1.4267,20E8,35,V,,1,1,R,3.8000,-9,,3996,170,26,,,1300,57.0,17.0,,,,269,3.3000,,,,,,,,,,,,,,,,,,,,,,,
HH,EVHOE,4,FR,35HT,GOV,100,D,-9,T0647,11,2015,10,21,0638,4,31,D,45.5516,-3.2109,45.5386,-3.1682,20E6,143,V,,1,1,R,3.9000,-9,,3623,476,26,,,1300,84.0,19.0,,,,108,3.3000,,,,,,,,,,,,,,,,,,,,,,,
HH,EVHOE,4,FR,35HT,GOV,50,D,-9,T0672,36,2015,10,26,1435,2,31,D,45.7326,-1.9183,45.7305,-1.9664,20E8,73,V,,1,1,R,4.0000,-9,,3735,294,26,,,1300,64.0,,,,,264,3.7000,,,,,,,,,,,,,,,,,,,,,,,
HH,EVHOE,4,FR,35HT,GOV,100,D,-9,T0646,10,2015,10,20,1604,4,30,D,45.7772,-3.3913,45.7449,-3.3843,20E6,144,V,,1,1,R,3.7000,-9,,3624,492,26,,,1300,85.0,19.0,,,,171,4.0000,,,,,,,,,,,,,,,,,,,,,,,
HH,EVHOE,4,FR,35HT,GOV,50,D,-9,T0671,35,2015,10,26,1154,1,30,D,45.7904,-1.4198,45.7568,-1.4229,20E8,29,V,,1,1,R,4.2000,-9,,3741,144,26,,,1300,51.0,,,,,181,3.9000,,,,,,,,,,,,,,,,,,,,,,,
HH,EVHOE,4,FR,35HT,GOV,50,D,-9,T0676,40,2015,10,27,1354,3,31,D,45.8456,-2.3967,45.8763,-2.4122,20E7,103,V,,1,1,R,3.9000,-9,,3611,378,26,,,1300,70.0,20.0,,,,338,3.9000,,,,,,,,,,,,,,,,,,,,,,,
HH,EVHOE,4,FR,35HT,GOV,100,D,-9,T0644,8,2015,10,20,1146,4,30,D,45.8809,-3.2420,45.8544,-3.2181,20E6,132,V,,1,1,R,3.9000,-9,,3480,467,26,,,1300,86.0,19.0,,,,135,3.5000,,,,,,,,,,,,,,,,,,,,,,,
HH,EVHOE,4,FR,35HT,GOV,100,D,-9,T0643,7,2015,10,20,0854,4,30,D,45.9380,-3.7513,45.9120,-3.7234,20E6,163,V,,1,1,R,3.6000,-9,,3600,516,26,,,1300,90.0,20.0,,,,131,3.3000,,,,,,,,,,,,,,,,,,,,,,,
HH,EVHOE,4,FR,35HT,GOV,100,D,-9,T0645,9,2015,10,20,1342,4,31,D,45.9580,-3.0947,45.9281,-3.0780,20E6,121,V,,1,1,R,3.7000,-9,,3562,437,26,,,1300,87.0,19.0,,,,151,3.7000,,,,,,,,,,,,,,,,,,,,,,,
HH,EVHOE,4,FR,35HT,GOV,100,D,-9,T0642,6,2015,10,20,0637,5,30,D,46.0526,-3.9595,46.0642,-4.0022,21E6,174,V,,1,1,R,2.7000,-9,,3547,578,26,,,1300,92.0,20.0,,,,299,3.6000,,,,,,,,,,,,,,,,,,,,,,,
HH,EVHOE,4,FR,35HT,GOV,50,D,-9,T0678,42,2015,10,28,0640,1,31,D,46.0735,-1.7053,46.0821,-1.6611,21E8,31,V,,1,1,R,3.9000,-9,,3534,163,26,,,1300,55.0,,,,,73,4.4000,,,,,,,,,,,,,,,,,,,,,,,
HH,EVHOE,4,FR,35HT,GOV,50,D,-9,T0677,41,2015,10,27,1558,3,30,D,46.0804,-2.4616,46.0948,-2.5080,21E7,89,V,,1,1,R,3.5000,-9,,3914,318,26,,,1300,68.0,19.0,,,,294,3.7000,,,,,,,,,,,,,,,,,,,,,,,
HH,EVHOE,4,FR,35HT,GOV,50,D,-9,T0681,45,2015,10,29,0647,3,31,D,46.1943,-2.9227,46.2275,-2.9241,21E7,113,V,,1,1,R,3.6000,-9,,3690,415,26,,,1300,69.0,19.0,,,,3,3.6000,,,,,,,,,,,,,,,,,,,,,,,
HH,EVHOE,4,FR,35HT,GOV,50,D,-9,T0680,44,2015,10,28,1501,3,30,D,46.2284,-2.8084,46.2004,-2.8318,21E7,113,V,,1,1,R,3.5000,-9,,3606,398,26,,,1300,73.0,20.0,,,,221,3.6000,,,,,,,,,,,,,,,,,,,,,,,
HH,EVHOE,4,FR,35HT,GOV,100,D,-9,T0682,46,2015,10,29,0901,4,31,D,46.2841,-3.2160,46.3151,-3.2353,21E6,121,V,,1,1,R,3.7000,-9,,3750,425,26,,,1300,86.0,20.0,,,,333,3.5000,,,,,,,,,,,,,,,,,,,,,,,
HH,EVHOE,4,FR,35HT,GOV,100,D,-9,T0641,5,2015,10,19,1618,4,30,D,46.4345,-4.1222,46.4165,-4.0848,21E5,147,V,,1,1,R,3.8000,-9,,3493,496,26,,,1300,93.0,20.0,,,,116,3.5000,,,,,,,,,,,,,,,,,,,,,,,
HH,EVHOE,4,FR,35HT,GOV,50,D,-9,T0679,43,2015,10,28,1007,2,30,D,46.4733,-2.0366,46.5043,-2.0576,21E7,33,V,,1,1,R,4.1000,-9,,3800,153,26,,,1300,55.0,,,,,325,3.3000,,,,,,,,,,,,,,,,,,,,,,,
HH,EVHOE,4,FR,35HT,GOV,100,D,-9,T0639,3,2015,10,19,1111,4,30,D,46.5178,-4.5076,46.5062,-4.4671,22E5,150,V,,1,1,R,3.7000,-9,,3363,496,26,,,1300,91.0,20.0,,,,100,3.7000,,,,,,,,,,,,,,,,,,,,,,,
HH,EVHOE,4,FR,35HT,GOV,50,D,-9,T0683,47,2015,10,29,1105,3,31,D,46.5533,-3.2044,46.5874,-3.1916,22E6,111,V,,1,1,R,3.5000,-9,,3912,397,26,,,1300,69.0,20.0,,,,12,3.4000,,,,,,,,,,,,,,,,,,,,,,,
HH,EVHOE,4,FR,35HT,GOV,100,D,-9,T0638,2,2015,10,19,0901,5,30,D,46.5711,-4.7287,46.5408,-4.7215,22E5,181,V,,1,1,R,3.4000,-9,,3498,575,26,,,1300,94.0,20.0,,,,150,3.6000,,,,,,,,,,,,,,,,,,,,,,,
HH,EVHOE,4,FR,35HT,GOV,100,D,-9,T0684,48,2015,10,29,1402,4,31,D,46.5903,-3.6091,46.6241,-3.6079,22E6,125,V,,1,1,R,3.5000,-9,,3753,447,26,,,1300,85.0,19.0,,,,355,3.7000,,,,,,,,,,,,,,,,,,,,,,,
HH,EVHOE,4,FR,35HT,GOV,100,D,-9,T0640,4,2015,10,19,1321,4,31,D,46.6195,-4.3696,46.6350,-4.4107,22E5,144,V,,1,1,R,3.2000,-9,,3596,486,26,,,1300,89.0,19.0,,,,312,3.6000,,,,,,,,,,,,,,,,,,,,,,,
HH,EVHOE,4,FR,35HT,GOV,100,D,-9,T0637,1,2015,10,19,0647,7,26,D,46.6320,-4.9274,46.6060,-4.9282,22E5,487,V,,1,1,R,3.3000,-9,,3017,1301,26,,,1300,110.0,23.0,,,,173,3.6000,,,,,,,,,,,,,,,,,,,,,,,
HH,EVHOE,4,FR,35HT,GOV,100,D,-9,T0686,50,2015,10,30,0704,4,30,D,46.6889,-4.3189,46.7161,-4.3408,22E5,141,V,,1,1,R,3.5000,-9,,3454,487,26,,,1300,87.0,19.0,,,,337,4.2000,,,,,,,,,,,,,,,,,,,,,,,
HH,EVHOE,4,FR,35HT,GOV,100,D,-9,T0685,49,2015,10,29,1539,4,30,D,46.7085,-3.6689,46.7114,-3.7159,22E6,128,V,,1,1,R,3.2000,-9,,3590,447,26,,,1300,86.0,19.0,,,,275,3.9000,,,,,,,,,,,,,,,,,,,,,,,
HH,EVHOE,4,FR,35HT,GOV,50,D,-9,T0698,62,2015,11,3,1153,3,30,D,47.6327,-4.3985,47.6024,-4.4205,24E5,105,V,,1,1,R,3.3000,-9,,3756,367,26,,,1300,67.0,19.0,,,,195,3.5000,,,,,,,,,,,,,,,,,,,,,,,
HH,EVHOE,4,FR,35HT,GOV,100,D,-9,T0717,81,2015,11,8,1035,5,30,D,47.6444,-6.8058,47.6168,-6.8075,24E3,171,V,,1,1,R,3.1000,-9,,3106,562,26,,,1300,98.0,22.0,,,,187,4.2000,,,,,,,,,,,,,,,,,,,,,,,
HH,EVHOE,4,FR,35HT,GOV,100,D,-9,T0703,67,2015,11,4,1617,4,30,D,47.6463,-5.6191,47.6146,-5.6247,24E4,135,V,,1,1,R,3.4000,-9,,3545,476,26,,,1300,90.0,20.0,,,,184,3.8000,,,,,,,,,,,,,,,,,,,,,,,
HH,EVHOE,4,FR,35HT,GOV,100,D,-9,T0702,66,2015,11,4,1400,4,30,D,47.7639,-5.9127,47.7417,-5.8762,24E4,139,V,,1,1,R,3.3000,-9,,3670,477,26,,,1300,89.0,20.0,,,,132,3.3000,,,,,,,,,,,,,,,,,,,,,,,
HH,EVHOE,4,FR,35HT,GOV,100,D,-9,T0718,82,2015,11,8,1238,4,30,D,47.8096,-6.6664,47.8407,-6.6362,24E3,130,V,,1,1,R,3.4000,-9,,4122,452,26,,,1300,93.0,20.0,,,,27,3.2000,,,,,,,,,,,,,,,,,,,,,,,
HH,EVHOE,4,FR,35HT,GOV,50,D,-9,T0700,64,2015,11,4,0706,3,31,D,47.8191,-4.7425,47.8283,-4.7937,24E5,84,V,,1,1,R,3.6000,-9,,3952,337,26,,,1300,65.0,19.0,,,,279,3.5000,,,,,,,,,,,,,,,,,,,,,,,
HH,EVHOE,4,FR,35HT,GOV,100,D,-9,T0719,83,2015,11,8,1554,4,30,D,47.8365,-6.3213,47.8029,-6.3321,24E3,159,V,,1,1,R,3.2000,-9,,3812,524,26,,,1300,100.0,23.0,,,,206,3.3000,,,,,,,,,,,,,,,,,,,,,,,
HH,EVHOE,4,FR,35HT,GOV,100,D,-9,T0701,65,2015,11,4,1131,4,30,D,47.9406,-5.7458,47.9161,-5.7802,24E4,134,V,,1,1,R,5.0000,-9,,3732,468,26,,,1300,87.0,19.0,,,,226,3.4000,,,,,,,,,,,,,,,,,,,,,,,
HH,EVHOE,4,FR,35HT,GOV,100,D,-9,T0720,84,2015,11,9,0727,4,30,D,47.9459,-6.1758,47.9764,-6.1656,24E3,139,V,,1,1,R,3.2000,-9,,3469,507,26,,,1300,93.0,20.0,,,,13,4.1000,,,,,,,,,,,,,,,,,,,,,,,
HH,EVHOE,4,FR,35HT,GOV,100,D,-9,T0722,86,2015,11,9,1547,5,30,D,47.9499,-7.4144,47.9588,-7.4579,24E2,166,V,,1,1,R,3.2000,-9,,3385,547,26,,,1300,97.0,,,,,286,3.8000,,,,,,,,,,,,,,,,,,,,,,,
HH,EVHOE,4,FR,35HT,GOV,100,D,-9,T0721,85,2015,11,9,1138,5,31,D,47.9580,-6.8582,47.9942,-6.8633,24E3,160,V,,1,1,R,3.3000,-9,,4041,531,26,,,1300,101.0,22.0,,,,335,3.3000,,,,,,,,,,,,,,,,,,,,,,,
HH,EVHOE,4,FR,35HT,GOV,100,D,-9,T0723,87,2015,11,10,0736,6,31,D,48.0413,-8.1094,48.0668,-8.1404,25E1,329,V,,1,1,R,3.4000,-9,,3655,971,26,,,1300,109.0,24.0,,,,316,3.6000,,,,,,,,,,,,,,,,,,,,,,,
HH,EVHOE,4,FR,35HT,GOV,100,D,-9,T0724,88,2015,11,10,1042,7,30,D,48.0707,-8.4747,48.0973,-8.4504,25E1,490,V,,1,1,R,3.4000,-9,,3470,1375,26,,,1300,108.0,22.0,,,,34,3.8000,,,,,,,,,,,,,,,,,,,,,,,
HH,EVHOE,4,FR,35HT,GOV,100,D,-9,T0727,91,2015,11,11,0733,5,31,D,48.3165,-9.1648,48.3381,-9.1325,25E0,177,V,,1,1,R,3.1000,-9,,3389,598,26,,,1300,97.0,21.0,,,,37,4.1000,,,,,,,,,,,,,,,,,,,,,,,
HH,EVHOE,4,FR,35HT,GOV,100,D,-9,T0726,90,2015,11,10,1621,5,30,D,48.3313,-8.7721,48.3256,-8.8213,25E1,182,V,,1,1,R,3.0000,-9,,3695,576,26,,,1300,102.0,22.0,,,,258,3.8000,,,,,,,,,,,,,,,,,,,,,,,
HH,EVHOE,4,FR,35HT,GOV,100,D,-9,S0880,60,2014,11,3,1211,4,31,D,46.7995,-4.1027,46.8200,-4.1402,22E5,139,V,S0880,1,1,R,4.3000,-9,,3653,477,26,,4.5000,1300,87.0,,145,0.7000,210,308,3.8000,4.1000,,,,,318,10,,,,,,,,,,,,,,,,
HH,EVHOE,4,FR,35HT,GOV,100,D,-9,S0881,61,2014,11,3,1453,4,31,D,46.7484,-4.4710,46.7786,-4.4907,22E5,148,V,S0881,1,1,R,3.8000,-9,,3682,502,26,,4.5000,1300,89.0,,145,0.7000,210,336,3.8000,4.0000,,,,,260,12,,,,,,,,,,,,,,,,
HH,EVHOE,4,FR,35HT,GOV,100,D,-9,S0883,62,2014,11,4,0759,7,31,D,46.6204,-4.9300,46.5890,-4.9283,22E5,484,V,S0883,1,1,R,4.0000,-9,,3515,1351,26,,4.5000,1300,105.0,,145,0.7000,210,176,3.7000,3.5000,,,,,315,15,,,,,,,,,,,,,,,,
HH,EVHOE,4,FR,35HT,GOV,100,D,-9,S0884,63,2014,11,4,1101,6,30,D,46.7625,-4.9888,46.7344,-4.9686,22E5,219,V,S0884,1,1,R,3.9000,-9,,3515,661,26,,4.5000,1300,89.0,,145,0.7000,210,161,3.7000,3.6000,,,,,330,16,,,,,,,,,,,,,,,,
HH,EVHOE,4,FR,35HT,GOV,100,D,-9,T0725,89,2015,11,10,1324,5,30,D,48.3358,-8.3154,48.3240,-8.3556,25E1,177,V,,1,1,R,3.4000,-9,,3242,596,26,,,1300,101.0,22.0,,,,236,3.8000,,,,,,,,,,,,,,,,,,,,,,,
HH,EVHOE,4,FR,35HT,GOV,100,D,-9,T0747,111,2015,11,18,1007,4,21,D,48.3725,-6.5935,48.3732,-6.6253,25E3,145,V,,1,1,R,6.2000,-9,,2344,477,26,,,1300,95.0,18.0,,,,272,3.6000,,,,,,,,,,,,,,,,,,,,,,,
HH,EVHOE,4,FR,35HT,GOV,100,D,-9,T0744,108,2015,11,15,1535,5,30,D,48.3734,-7.9563,48.3546,-7.9880,25E2,182,V,,1,1,R,3.2000,-9,,3141,572,26,,,1300,100.0,22.0,,,,220,4.0000,,,,,,,,,,,,,,,,,,,,,,,
HH,EVHOE,4,FR,35HT,GOV,100,D,-9,T0746,110,2015,11,18,0734,4,30,D,48.4109,-6.3499,48.3890,-6.3136,25E3,140,V,,1,1,R,3.3000,-9,,3619,479,26,,,1300,100.0,22.0,,,,159,3.6000,,,,,,,,,,,,,,,,,,,,,,,
HH,EVHOE,4,FR,35HT,GOV,100,D,-9,T0748,112,2015,11,18,1504,4,30,D,48.4355,-7.4523,48.4616,-7.4213,25E2,133,V,,1,1,R,3.5000,-9,,3691,467,26,,,1300,93.0,20.0,,,,43,3.7000,,,,,,,,,,,,,,,,,,,,,,,
HH,EVHOE,4,FR,35HT,GOV,100,D,-9,T0742,106,2015,11,15,0958,5,30,D,48.6152,-8.5263,48.6310,-8.4863,26E1,160,V,,1,1,R,3.3000,-9,,3429,576,26,,,1300,97.0,21.0,,,,50,4.0000,,,,,,,,,,,,,,,,,,,,,,,
HH,EVHOE,4,FR,35HT,GOV,100,D,-9,T0729,93,2015,11,11,1510,7,30,D,48.6333,-10.0888,48.6340,-10.1369,26D9,476,V,,1,1,R,3.1000,-9,,3531,1334,26,,,1300,111.0,23.0,,,,264,3.1000,,,,,,,,,,,,,,,,,,,,,,,
HH,EVHOE,4,FR,35HT,GOV,100,D,-9,T0728,92,2015,11,11,1040,5,31,D,48.6755,-9.2981,48.6652,-9.3480,26E0,166,V,,1,1,R,3.6000,-9,,3835,560,26,,,1300,98.0,21.0,,,,244,3.2000,,,,,,,,,,,,,,,,,,,,,,,
HH,EVHOE,4,FR,35HT,GOV,100,D,-9,T0743,107,2015,11,15,1204,5,30,D,48.7627,-8.2386,48.7885,-8.2112,26E1,159,V,,1,1,R,2.7000,-9,,3505,576,26,,,1300,102.0,21.0,,,,40,4.2000,,,,,,,,,,,,,,,,,,,,,,,
HH,EVHOE,4,FR,35HT,GOV,100,D,-9,T0741,105,2015,11,15,0745,4,31,D,48.7673,-8.5786,48.7905,-8.5445,26E1,152,V,,1,1,R,3.2000,-9,,3584,522,26,,,1300,96.0,21.0,,,,32,3.7000,,,,,,,,,,,,,,,,,,,,,,,
HH,EVHOE,4,FR,35HT,GOV,100,D,-9,T0740,104,2015,11,14,1622,4,30,D,48.9856,-9.1538,48.9650,-9.1829,26E0,160,V,,1,1,R,3.3000,-9,,3131,534,26,,,1300,99.0,21.0,,,,229,3.7000,,,,,,,,,,,,,,,,,,,,,,,
HH,EVHOE,4,FR,35HT,GOV,100,D,-9,T0739,103,2015,11,14,1359,4,30,D,49.1181,-9.3841,49.1144,-9.3356,27E0,154,V,,1,1,R,3.2000,-9,,3553,527,26,,,1300,101.0,22.0,,,,112,3.6000,,,,,,,,,,,,,,,,,,,,,,,
HH,EVHOE,4,FR,35HT,GOV,100,D,-9,T0749,113,2015,11,19,0750,4,30,D,49.2479,-8.3283,49.2533,-8.3740,27E1,143,V,,1,1,R,3.6000,-9,,3378,464,26,,,1300,94.0,20.0,,,,265,3.7000,,,,,,,,,,,,,,,,,,,,,,,
HH,EVHOE,4,FR,35HT,GOV,100,D,-9,T0738,102,2015,11,14,1038,4,30,D,49.2582,-9.4905,49.2818,-9.4608,27E0,150,V,,1,1,R,3.2000,-9,,3390,527,26,,,1300,98.0,21.0,,,,38,3.8000,,,,,,,,,,,,,,,,,,,,,,,
HH,EVHOE,4,FR,35HT,GOV,100,D,-9,T0733,97,2015,11,12,1546,4,30,D,49.3381,-10.5109,49.3095,-10.5274,27D9,149,V,,1,1,R,3.4000,-9,,3395,492,26,,,1300,96.0,21.0,,,,217,3.8000,,,,,,,,,,,,,,,,,,,,,,,
HH,EVHOE,4,FR,35HT,GOV,100,D,-9,T0737,101,2015,11,14,0747,4,30,D,49.4265,-9.8919,49.4105,-9.8496,27E0,172,V,,1,1,R,3.3000,-9,,3546,498,26,,,1300,106.0,19.0,,,,137,3.6000,,,,,,,,,,,,,,,,,,,,,,,
HH,EVHOE,4,FR,35HT,GOV,100,D,-9,T0750,114,2015,11,19,1035,4,30,D,49.4879,-8.6351,49.4992,-8.6813,27E1,146,V,,1,1,R,3.3000,-9,,3556,496,26,,,1300,98.0,21.0,,,,279,3.7000,,,,,,,,,,,,,,,,,,,,,,,
HH,EVHOE,4,FR,35HT,GOV,100,D,-9,T0730,94,2015,11,12,0756,6,30,D,49.5019,-11.2780,49.5320,-11.2574,28D8,297,V,,1,1,R,4.3000,-9,,3668,891,26,,,1300,102.0,21.0,,,,11,3.3000,,,,,,,,,,,,,,,,,,,,,,,
HH,EVHOE,4,FR,35HT,GOV,100,D,-9,T0731,95,2015,11,12,1043,5,30,D,49.5227,-10.8802,49.5144,-10.8326,28D9,163,V,,1,1,R,3.3000,-9,,3558,535,26,,,1300,99.0,22.0,,,,118,3.6000,,,,,,,,,,,,,,,,,,,,,,,
HH,EVHOE,4,FR,35HT,GOV,100,D,-9,T0752,116,2015,11,19,1552,4,31,D,49.5242,-9.3189,49.5505,-9.2891,28E0,137,V,,1,1,R,3.5000,-9,,3623,477,26,,,1300,95.0,20.0,,,,34,3.8000,,,,,,,,,,,,,,,,,,,,,,,
HH,EVHOE,4,FR,35HT,GOV,100,D,-9,T0751,115,2015,11,19,1254,4,31,D,49.5396,-8.9364,49.5684,-8.9595,28E1,138,V,,1,1,R,3.5000,-9,,3600,467,26,,,1300,95.0,20.0,,,,331,3.7000,,,,,,,,,,,,,,,,,,,,,,,
HH,EVHOE,4,FR,35HT,GOV,100,D,-9,T0732,96,2015,11,12,1251,4,30,D,49.5440,-10.7598,49.5601,-10.7121,28D9,151,V,,1,1,R,3.6000,-9,,3870,530,26,,,1300,97.0,21.0,,,,64,3.4000,,,,,,,,,,,,,,,,,,,,,,,
HH,EVHOE,4,FR,35HT,GOV,100,D,-9,T0736,100,2015,11,13,1411,4,30,D,49.7576,-10.1670,49.7365,-10.1283,28D9,142,V,,1,1,R,3.4000,-9,,3649,504,26,,,1300,101.0,21.0,,,,141,3.7000,,,,,,,,,,,,,,,,,,,,,,,
HH,EVHOE,4,FR,35HT,GOV,100,D,-9,T0755,119,2015,11,20,1236,4,30,D,49.7685,-9.5348,49.7662,-9.4839,28E0,149,V,,1,1,R,3.3000,-9,,3657,509,26,,,1300,101.0,21.0,,,,83,3.5000,,,,,,,,,,,,,,,,,,,,,,,
HH,EVHOE,4,FR,35HT,GOV,100,D,-9,T0734,98,2015,11,13,0759,7,30,D,49.8753,-11.2268,49.8984,-11.1959,28D8,416,V,,1,1,R,3.2000,-9,,3397,1422,26,,,1300,118.0,23.0,,,,24,3.5000,,,,,,,,,,,,,,,,,,,,,,,
HH,EVHOE,4,FR,35HT,GOV,100,D,-9,T0735,99,2015,11,13,1116,4,30,D,49.9073,-10.6447,49.9158,-10.5950,28D9,148,V,,1,1,R,3.3000,-9,,3677,526,26,,,1300,99.0,21.0,,,,71,3.7000,,,,,,,,,,,,,,,,,,,,,,,
HH,EVHOE,4,FR,35HT,GOV,100,D,-9,T0754,118,2015,11,20,1003,4,30,D,49.9435,-9.8898,49.9267,-9.9319,28E0,135,V,,1,1,R,3.2000,-9,,3546,489,26,,,1300,103.0,22.0,,,,252,3.5000,,,,,,,,,,,,,,,,,,,,,,,
HH,EVHOE,4,FR,35HT,GOV,100,D,-9,R0434,86,2013,11,11,1019,5,30,D,48.6853,-9.2033,48.7136,-9.1790,26E0,173,V,,1,1,R,3.7000,-9,,3611,549,24,,,1300,98.0,22.0,,,,17,,,,,,,248,16,,,,,,,,,,,,,,,,
HH,EVHOE,4,FR,35HT,GOV,50,D,-9,S0820,1,2014,10,19,0915,3,30,D,46.7342,-2.9985,46.7521,-2.9572,22E7,83,V,S0820,1,1,R,3.3000,-9,,3723,327,26,,4.5000,1300,70.0,,145,0.7000,210,67,3.9000,3.7000,,,,,235,13,,,,,,,,,,,,,,,,
HH,EVHOE,4,FR,35HT,GOV,50,D,-9,S0821,2,2014,10,19,1213,2,31,D,46.5877,-2.6054,46.6190,-2.5927,22E7,67,V,S0821,1,1,R,3.0000,-9,,3611,279,26,,4.5000,1300,65.0,,145,0.7000,210,9,3.8000,3.5000,,,,,232,12,,,,,,,,,,,,,,,,
HH,EVHOE,4,FR,35HT,GOV,50,D,-9,S0822,3,2014,10,19,1459,3,30,D,46.5213,-2.9792,46.4888,-2.9746,22E7,107,V,S0822,1,1,R,3.4000,-9,,3634,394,26,,4.5000,1300,73.0,,145,0.7000,210,178,3.8000,3.4000,,,,,263,11,,,,,,,,,,,,,,,,
HH,EVHOE,4,FR,35HT,GOV,50,D,-9,S0823,4,2014,10,19,1810,3,32,D,46.2262,-2.8112,46.1975,-2.8348,21E7,110,V,S0823,1,1,R,3.3000,-9,,3681,403,26,,4.5000,1300,77.0,,145,0.7000,210,213,3.7000,3.6000,,,,,256,3,,,,,,,,,,,,,,,,
HH,EVHOE,4,FR,35HT,GOV,50,D,-9,S0824,5,2014,10,20,0840,3,32,D,46.5112,-3.3498,46.4781,-3.3642,22E6,120,V,S0824,1,1,R,3.4000,-9,,3839,422,26,,4.5000,1300,70.0,,145,0.7000,210,193,3.8000,3.7000,,,,,128,5,,,,,,,,,,,,,,,,
HH,EVHOE,4,FR,35HT,GOV,100,D,-9,S0825,6,2014,10,20,1103,4,29,D,46.4448,-3.4061,46.4720,-3.3890,21E6,123,V,S0825,1,1,R,3.4000,-9,,3289,424,26,,4.5000,1300,89.0,,145,0.7000,210,27,3.7000,3.4000,,,,,32,5,,,,,,,,,,,,,,,,
HH,EVHOE,4,FR,35HT,GOV,100,D,-9,S0826,7,2014,10,20,1323,4,31,D,46.3134,-3.2342,46.2831,-3.2160,21E6,124,V,S0826,1,1,R,3.0000,-9,,3650,428,26,,4.5000,1300,90.0,,145,0.7000,210,160,3.8000,3.8000,,,,,42,6,,,,,,,,,,,,,,,,
HH,EVHOE,4,FR,35HT,GOV,100,D,-9,S0827,8,2014,10,20,1517,4,31,D,46.1280,-3.2753,46.0985,-3.2583,21E6,132,V,S0827,1,1,R,3.5000,-9,,3523,458,26,,4.5000,1300,88.0,,145,0.7000,210,154,3.7000,3.8000,,,,,28,7,,,,,,,,,,,,,,,,
HH,EVHOE,4,FR,35HT,GOV,100,D,-9,S0828,9,2014,10,20,1741,4,31,D,46.0828,-3.5683,46.0571,-3.5956,21E6,141,V,S0828,1,1,R,3.4000,-9,,3545,483,26,,4.5000,1300,90.0,,145,0.7000,210,214,3.7000,3.2000,,,,,73,5,,,,,,,,,,,,,,,,
HH,EVHOE,4,FR,35HT,GOV,100,D,-9,S0829,10,2014,10,21,0853,4,31,D,46.4340,-4.1213,46.4145,-4.0831,21E5,147,V,S0829,1,1,R,3.0000,-9,,3645,502,26,,4.5000,1300,92.0,,145,0.7000,210,123,3.8000,3.7000,,,,,278,24,,,,,,,,,,,,,,,,
HH,EVHOE,4,FR,35HT,GOV,100,D,-9,S0830,11,2014,10,21,1104,5,31,D,46.2503,-4.1510,46.2181,-4.1517,21E5,174,V,S0830,1,1,R,3.1000,-9,,3575,563,26,,4.5000,1300,89.0,,145,0.7000,210,195,3.7000,3.8000,,,,,283,29,,,,,,,,,,,,,,,,
HH,EVHOE,4,FR,35HT,GOV,100,D,-9,S0831,12,2014,10,21,1419,4,31,D,45.9301,-3.7413,45.9032,-3.7130,20E6,166,V,S0831,1,1,R,3.6000,-9,,3698,512,26,,4.5000,1300,81.0,,145,0.7000,210,147,3.8000,3.5000,,,,,309,27,,,,,,,,,,,,,,,,
HH,EVHOE,4,FR,35HT,GOV,100,D,-9,S0832,13,2014,10,21,1751,4,31,D,45.7720,-3.3909,45.7378,-3.3835,20E6,145,V,S0832,1,1,R,4.2000,-9,,3848,503,26,,4.5000,1300,84.0,,145,0.7000,210,170,4.0000,3.1000,,,,,324,24,,,,,,,,,,,,,,,,
HH,EVHOE,4,FR,35HT,GOV,100,D,-9,S0833,14,2014,10,22,0837,4,31,D,45.6584,-3.2198,45.6256,-3.2284,20E6,134,V,S0833,1,1,R,4.0000,-9,,3711,483,26,,4.5000,1300,85.0,,145,0.7000,210,184,3.8000,3.8000,,,,,211,10,,,,,,,,,,,,,,,,
HH,EVHOE,4,FR,35HT,GOV,100,D,-9,S0834,15,2014,10,22,1035,4,31,D,45.5073,-3.1210,45.4999,-3.0761,20E6,145,V,S0834,1,1,R,4.2000,-9,,3586,503,26,,4.5000,1300,84.0,,145,0.7000,210,109,3.8000,3.6000,,,,,111,8,,,,,,,,,,,,,,,,
HH,EVHOE,4,FR,35HT,GOV,100,D,-9,S0835,16,2014,10,22,1320,4,31,D,45.3912,-2.6439,45.3581,-2.6327,19E7,124,V,S0835,1,1,R,4.0000,-9,,3781,443,26,,4.5000,1300,83.0,,145,0.7000,210,172,3.9000,4.0000,,,,,229,4,,,,,,,,,,,,,,,,
HH,EVHOE,4,FR,35HT,GOV,50,D,-9,S0836,17,2014,10,22,1629,3,31,D,45.5021,-2.1160,45.4674,-2.1163,20E7,92,V,S0836,1,1,R,4.0000,-9,,3849,342,26,,4.5000,1300,64.0,,145,0.7000,210,180,4.0000,3.6000,,,,,310,6,,,,,,,,,,,,,,,,
HH,EVHOE,4,FR,35HT,GOV,100,D,-9,S0837,18,2014,10,23,0908,6,30,D,44.5971,-2.1382,44.5643,-2.1292,18E7,338,V,S0837,1,1,R,3.9000,-9,,3737,1004,26,,4.5000,1300,98.0,,145,0.7000,210,164,3.9000,3.4000,,,,,139,11,,,,,,,,,,,,,,,,
HH,EVHOE,4,FR,35HT,GOV,100,D,-9,S0838,19,2014,10,23,1111,7,30,D,44.5693,-2.1493,44.6016,-2.1618,18E7,438,V,S0838,1,1,R,3.9000,-9,,3755,1289,26,,4.5000,1300,100.0,,145,0.7000,210,313,3.9000,4.1000,,,,,135,12,,,,,,,,,,,,,,,,
HH,EVHOE,4,FR,35HT,GOV,100,D,-9,S0839,20,2014,10,23,1336,4,30,D,44.4238,-2.0453,44.3905,-2.0412,17E7,153,V,S0839,1,1,R,3.9000,-9,,3718,512,26,,4.5000,1300,86.0,,145,0.7000,210,166,3.9000,3.6000,,,,,115,13,,,,,,,,,,,,,,,,
HH,EVHOE,4,FR,35HT,GOV,100,D,-9,S0840,21,2014,10,23,1538,4,31,D,44.2438,-1.8822,44.2130,-1.8611,17E8,128,V,S0840,1,1,R,2.6000,-9,,3805,452,26,,4.5000,1300,81.0,,145,0.7000,210,151,4.0000,4.1000,,,,,87,10,,,,,,,,,,,,,,,,
HH,EVHOE,4,FR,35HT,GOV,100,D,-9,S0841,22,2014,10,23,1746,6,31,D,44.0890,-2.0683,44.0615,-2.0953,17E7,155,V,S0841,1,1,R,3.0000,-9,,3783,855,26,,4.5000,1300,93.0,,145,0.7000,210,217,4.0000,4.5000,,,,,72,6,,,,,,,,,,,,,,,,
HH,EVHOE,4,FR,35HT,GOV,100,D,-9,S0842,23,2014,10,24,0851,7,30,D,43.6024,-2.2949,43.5973,-2.2543,16E7,557,V,S0842,1,1,R,5.0000,-9,,3313,1359,26,,4.5000,1300,101.0,,145,0.7000,210,105,3.5000,3.1000,,,,,129,10,,,,,,,,,,,,,,,,
HH,EVHOE,4,FR,35HT,GOV,100,D,-9,S0843,24,2014,10,24,1119,6,31,D,43.5582,-2.2091,43.5586,-2.2527,16E7,364,V,S0843,1,1,R,3.3000,-9,,3506,1003,26,,4.5000,1300,98.0,,145,0.7000,210,269,3.6000,4.4000,,,,,161,2,,,,,,,,,,,,,,,,
HH,EVHOE,4,FR,35HT,GOV,100,D,-9,S0844,25,2014,10,24,1335,5,31,D,43.5060,-2.1744,43.5025,-2.2203,16E7,156,V,S0844,1,1,R,3.7000,-9,,3718,502,26,,4.5000,1300,83.0,,145,0.7000,210,267,3.9000,4.5000,,,,,118,7,,,,,,,,,,,,,,,,
HH,EVHOE,4,FR,35HT,GOV,100,D,-9,S0845,26,2014,10,24,1623,4,31,D,43.4392,-2.1861,43.4412,-2.2326,15E7,139,V,S0845,1,1,R,2.6000,-9,,3753,483,26,,4.5000,1300,83.0,,145,0.7000,210,276,3.9000,4.4000,,,,,301,4,,,,,,,,,,,,,,,,
HH,EVHOE,4,FR,35HT,GOV,50,D,-9,S0846,27,2014,10,24,1816,3,29,D,43.3938,-2.3032,43.3917,-2.2588,15E7,182,V,S0846,1,1,R,3.4000,-9,,3590,372,26,,4.5000,1300,62.0,,145,0.7000,210,96,4.0000,4.3000,,,,,299,2,,,,,,,,,,,,,,,,
HH,EVHOE,4,FR,35HT,GOV,100,D,-9,S0847,28,2014,10,25,0837,7,31,D,44.0147,-2.1490,43.9824,-2.1540,17E7,507,V,S0847,1,1,R,3.7000,-9,,3637,1356,26,,4.5000,1300,102.0,,145,0.7000,210,185,3.8000,3.5000,,,,,143,2,,,,,,,,,,,,,,,,
HH,EVHOE,4,FR,35HT,GOV,100,D,-9,S0848,29,2014,10,25,1107,5,31,D,43.9087,-2.0822,43.9419,-2.0797,16E7,164,V,S0848,1,1,R,3.0000,-9,,3692,563,26,,4.5000,1300,88.0,,145,0.7000,210,5,3.8000,4.4000,,,,,114,3,,,,,,,,,,,,,,,,
HH,EVHOE,4,FR,35HT,GOV,100,D,-9,S0849,30,2014,10,25,1320,5,30,D,43.9218,-2.0988,43.8882,-2.0942,16E7,182,V,S0849,1,1,R,3.1000,-9,,3751,601,26,,4.5000,1300,89.0,,145,0.7000,210,166,3.9000,3.8000,,,,,56,3,,,,,,,,,,,,,,,,
HH,EVHOE,4,FR,35HT,GOV,50,D,-9,S0850,31,2014,10,25,1626,3,30,D,43.9023,-1.7359,43.9347,-1.7269,16E8,117,V,S0850,1,1,R,3.4000,-9,,3685,421,26,,4.5000,1300,66.0,,145,0.7000,210,8,3.9000,3.7000,,,,,23,9,,,,,,,,,,,,,,,,
HH,EVHOE,4,FR,35HT,GOV,50,D,-9,S0851,32,2014,10,25,1839,3,31,D,43.6995,-1.6895,43.6990,-1.6419,16E8,114,V,S0851,1,1,R,3.6000,-9,,3827,417,26,,4.5000,1300,65.0,,145,0.7000,210,96,3.9000,3.8000,,,,,14,6,,,,,,,,,,,,,,,,
HH,EVHOE,4,FR,35HT,GOV,50,D,-9,S0852,33,2014,10,26,0731,2,31,D,43.7444,-1.5014,43.7778,-1.4943,16E8,46,V,S0852,1,1,R,3.8000,-9,,3751,212,26,,4.5000,1300,59.0,,145,0.7000,210,11,3.9000,4.0000,,,,,97,10,,,,,,,,,,,,,,,,
HH,EVHOE,4,FR,35HT,GOV,50,D,-9,S0853,34,2014,10,26,0852,1,31,D,43.7813,-1.4527,43.8150,-1.4434,16E8,25,V,S0853,1,1,R,4.7000,-9,,3821,136,26,,4.5000,1300,50.0,,145,0.7000,210,16,4.0000,4.2000,,,,,94,10,,,,,,,,,,,,,,,,
HH,EVHOE,4,FR,35HT,GOV,50,D,-9,S0854,35,2014,10,26,1144,2,31,D,44.2003,-1.4206,44.2330,-1.4157,17E8,42,V,S0854,1,1,R,4.4000,-9,,3657,187,26,,4.5000,1300,56.0,,145,0.7000,210,21,3.8000,3.7000,,,,,80,8,,,,,,,,,,,,,,,,
HH,EVHOE,4,FR,35HT,GOV,50,D,-9,S0855,36,2014,10,26,1259,1,31,D,44.2555,-1.3615,44.2871,-1.3425,17E8,31,V,S0855,1,1,R,4.6000,-9,,3818,156,26,,4.5000,1300,53.0,,145,0.7000,210,21,4.0000,4.0000,,,,,222,5,,,,,,,,,,,,,,,,
HH,EVHOE,4,FR,35HT,GOV,50,D,-9,S0856,37,2014,10,26,1536,1,30,D,44.5499,-1.3281,44.5233,-1.2970,18E8,30,V,S0856,1,1,R,4.7000,-9,,3844,156,26,,4.5000,1300,51.0,,145,0.7000,210,139,4.0000,3.8000,,,,,28,10,,,,,,,,,,,,,,,,
HH,EVHOE,4,FR,35HT,GOV,100,D,-9,S0857,38,2014,10,27,0742,4,31,D,44.7660,-2.0066,44.7712,-1.9602,18E7,135,V,S0857,1,1,R,4.1000,-9,,3707,456,26,,4.5000,1300,83.0,,145,0.7000,210,82,3.9000,4.0000,,,,,103,12,,,,,,,,,,,,,,,,
HH,EVHOE,4,FR,35HT,GOV,50,D,-9,S0858,39,2014,10,27,1003,3,31,D,45.0311,-1.9450,45.0652,-1.9458,19E8,104,V,S0858,1,1,R,3.4000,-9,,3785,402,26,,4.5000,1300,68.0,,145,0.7000,210,10,3.9000,3.9000,,,,,108,11,,,,,,,,,,,,,,,,
HH,EVHOE,4,FR,35HT,GOV,50,D,-9,S0859,40,2014,10,27,1208,2,31,D,45.0511,-1.6987,45.0856,-1.6998,19E8,73,V,S0859,1,1,R,3.9000,-9,,3825,312,26,,4.5000,1300,65.0,,145,0.7000,210,3,3.9000,3.3000,,,,,95,9,,,,,,,,,,,,,,,,
HH,EVHOE,4,FR,35HT,GOV,50,D,-9,S0860,41,2014,10,27,1512,2,31,D,45.4023,-1.5157,45.4315,-1.4924,19E8,46,V,S0860,1,1,R,4.2000,-9,,3717,212,26,,4.5000,1300,61.0,,145,0.7000,210,30,3.9000,3.4000,,,,,44,7,,,,,,,,,,,,,,,,
HH,EVHOE,4,FR,35HT,GOV,50,D,-9,S0861,42,2014,10,28,0744,3,31,D,45.9613,-2.7024,45.9286,-2.6910,20E7,110,V,S0861,1,1,R,4.0000,-9,,3740,411,26,,4.5000,1300,72.0,,145,0.7000,210,162,3.9000,3.3000,,,,,121,13,,,,,,,,,,,,,,,,
HH,EVHOE,4,FR,35HT,GOV,50,D,-9,S0862,43,2014,10,28,1001,3,31,D,45.8474,-2.3982,45.8792,-2.4140,20E7,101,V,S0862,1,1,R,3.6000,-9,,3731,381,26,,4.5000,1300,66.0,,145,0.7000,210,345,3.9000,3.7000,,,,,136,12,,,,,,,,,,,,,,,,
HH,EVHOE,4,FR,35HT,GOV,50,D,-9,S0863,44,2014,10,28,1226,2,31,D,46.0512,-2.1136,46.0533,-2.0668,21E7,62,V,S0863,1,1,R,4.5000,-9,,3615,266,26,,4.5000,1300,63.0,,145,0.7000,210,92,3.8000,3.8000,,,,,137,10,,,,,,,,,,,,,,,,
HH,EVHOE,4,FR,35HT,GOV,50,D,-9,S0864,45,2014,10,28,1445,2,30,D,45.9290,-2.0387,45.9403,-1.9927,20E7,66,V,S0864,1,1,R,4.2000,-9,,3768,282,26,,4.5000,1300,66.0,,145,0.7000,210,80,4.0000,3.7000,,,,,188,6,,,,,,,,,,,,,,,,
HH,EVHOE,4,FR,35HT,GOV,50,D,-9,S0865,46,2014,10,29,0749,1,30,D,46.2786,-1.4593,46.2974,-1.4997,21E8,30,V,S0865,1,1,R,4.8000,-9,,3738,157,26,,4.5000,1300,49.0,,145,0.7000,210,304,3.9000,4.0000,,,,,115,12,,,,,,,,,,,,,,,,
HH,EVHOE,4,FR,35HT,GOV,50,D,-9,S0866,47,2014,10,29,1154,1,30,D,46.6066,-2.0366,46.5900,-1.9963,22E7,26,V,S0866,1,1,R,4.4000,-9,,3585,142,26,,4.5000,1300,50.0,,145,0.7000,210,122,3.8000,4.0000,,,,,131,17,,,,,,,,,,,,,,,,
HH,EVHOE,4,FR,35HT,GOV,50,D,-9,S0867,48,2014,10,29,1544,2,30,D,46.3339,-2.5268,46.3658,-2.5421,21E7,76,V,S0867,1,1,R,3.9000,-9,,3733,302,26,,4.5000,1300,62.0,,145,0.7000,210,340,3.9000,3.4000,,,,,138,13,,,,,,,,,,,,,,,,
HH,EVHOE,4,FR,35HT,GOV,50,D,-9,S0868,49,2014,10,30,0756,3,31,D,47.2512,-3.4581,47.2844,-3.4562,23E6,92,V,S0868,1,1,R,4.4000,-9,,3693,341,26,,4.5000,1300,62.0,,145,0.7000,210,91,3.9000,3.8000,,,,,161,10,,,,,,,,,,,,,,,,
HH,EVHOE,4,FR,35HT,GOV,50,D,-9,S0869,50,2014,10,30,1033,3,31,D,47.4091,-3.8242,47.4409,-3.8405,23E6,97,V,S0869,1,1,R,3.9000,-9,,3742,371,26,,4.5000,1300,64.0,,145,0.7000,210,342,3.9000,3.9000,,,,,160,11,,,,,,,,,,,,,,,,
HH,EVHOE,4,FR,35HT,GOV,100,D,-9,S0870,51,2014,11,1,0800,5,30,D,46.3134,-4.2419,46.3466,-4.2440,21E5,172,V,S0870,1,1,R,3.9000,-9,,3698,552,26,,4.5000,1300,86.0,,145,0.7000,210,350,3.9000,4.1000,,,,,311,12,,,,,,,,,,,,,,,,
HH,EVHOE,4,FR,35HT,GOV,100,D,-9,S0871,52,2014,11,1,1105,4,31,D,46.6185,-4.3680,46.6342,-4.4087,22E5,147,V,S0871,1,1,R,3.3000,-9,,3567,483,26,,4.5000,1300,83.0,,145,0.7000,210,292,3.7000,3.9000,,,,,249,11,,,,,,,,,,,,,,,,
HH,EVHOE,4,FR,35HT,GOV,100,D,-9,S0872,53,2014,11,1,1424,4,30,D,46.5797,-3.8979,46.6111,-3.9056,22E6,135,V,S0872,1,1,R,4.0000,-9,,3541,482,26,,4.5000,1300,80.0,,145,0.7000,210,354,3.7000,3.7000,,,,,243,12,,,,,,,,,,,,,,,,
HH,EVHOE,4,FR,35HT,GOV,100,D,-9,S0873,54,2014,11,1,1626,4,30,D,46.7121,-3.7223,46.7091,-3.6760,22E6,125,V,S0873,1,1,R,4.1000,-9,,3549,452,26,,4.5000,1300,78.0,,145,0.7000,210,99,3.7000,3.9000,,,,,234,16,,,,,,,,,,,,,,,,
HH,EVHOE,4,FR,35HT,GOV,100,D,-9,S0942,118,2014,11,20,0855,4,30,D,49.9152,-10.5973,49.9075,-10.6465,28D9,149,V,S0942,1,1,R,4.5000,-9,,3616,518,26,,4.5000,1300,92.0,,145,0.7000,210,250,3.8000,3.4000,,,,,87,10,,,,,,,,,,,,,,,,
HH,EVHOE,4,FR,35HT,GOV,100,D,-9,S0943,119,2014,11,20,1106,6,30,D,49.9418,-10.9421,49.9122,-10.9522,28D9,258,V,S0943,1,1,R,4.3000,-9,,3373,769,26,,4.5000,1300,96.0,,145,0.7000,210,183,3.6000,3.6000,,,,,99,22,,,,,,,,,,,,,,,,
HH,EVHOE,4,FR,35HT,GOV,100,D,-9,S0944,120,2014,11,20,1340,7,30,D,49.8768,-11.2253,49.9004,-11.1934,28D8,522,V,S0944,1,1,R,4.4000,-9,,3475,1354,26,,4.5000,1300,103.0,,145,0.7000,210,61,3.7000,3.7000,,,,,100,26,,,,,,,,,,,,,,,,
HH,EVHOE,4,FR,35HT,GOV,100,D,-9,S0945,121,2014,11,20,1630,5,30,D,50.0710,-10.8988,50.0918,-10.9405,29D9,176,V,S0945,1,1,R,4.6000,-9,,3763,592,26,,4.5000,1300,92.0,,145,0.7000,210,312,4.0000,3.6000,,,,,102,22,,,,,,,,,,,,,,,,
HH,EVHOE,4,FR,35HT,GOV,100,D,-9,S0946,122,2014,11,21,0900,4,30,D,50.0630,-10.2105,50.0935,-10.1967,29D9,127,V,S0946,1,1,R,4.6000,-9,,3523,466,26,,4.5000,1300,89.0,,145,0.7000,210,24,3.7000,3.8000,,,,,181,21,,,,,,,,,,,,,,,,
HH,EVHOE,4,FR,35HT,GOV,100,D,-9,S0947,123,2014,11,21,1103,4,31,D,50.2278,-10.3473,50.2320,-10.3970,29D9,146,V,S0947,1,1,R,4.6000,-9,,3568,490,26,,4.5000,1300,89.0,,145,0.7000,210,264,3.7000,3.6000,,,,,194,21,,,,,,,,,,,,,,,,
HH,EVHOE,4,FR,35HT,GOV,100,D,-9,S0948,124,2014,11,21,1322,4,31,D,50.3029,-10.0726,50.2990,-10.0209,29D9,130,V,S0948,1,1,R,4.5000,-9,,3693,472,26,,4.5000,1300,96.0,,145,0.7000,210,109,3.9000,3.3000,,,,,194,20,,,,,,,,,,,,,,,,
HH,EVHOE,4,FR,35HT,GOV,100,D,-9,S0949,125,2014,11,21,1528,4,30,D,50.4967,-10.0235,50.5243,-10.0484,29D9,144,V,S0949,1,1,R,4.7000,-9,,3552,496,26,,4.5000,1300,87.0,,145,0.7000,210,318,3.8000,4.0000,,,,,184,12,,,,,,,,,,,,,,,,
HH,EVHOE,4,FR,35HT,GOV,100,D,-9,S0950,126,2014,11,22,0905,5,31,D,50.3350,-10.8306,50.3659,-10.8203,29D9,210,V,S0950,1,1,R,4.3000,-9,,3509,651,26,,4.5000,1300,99.0,,145,0.7000,210,5,3.7000,3.9000,,,,,306,21,,,,,,,,,,,,,,,,
HH,EVHOE,4,FR,35HT,GOV,100,D,-9,S0951,127,2014,11,22,1215,7,31,D,50.6347,-11.0819,50.6635,-11.0971,30D8,417,V,S0951,1,1,R,4.1000,-9,,3376,1155,26,,4.5000,1300,110.0,,145,0.7000,210,340,3.5000,3.4000,,,,,294,16,,,,,,,,,,,,,,,,
HH,EVHOE,4,FR,35HT,GOV,100,D,-9,S0952,128,2014,11,22,1418,6,31,D,50.6985,-10.9923,50.7156,-11.0344,30D9,277,V,S0952,1,1,R,4.4000,-9,,3530,852,26,,4.5000,1300,98.0,,145,0.7000,210,300,3.7000,3.6000,,,,,316,14,,,,,,,,,,,,,,,,
HH,EVHOE,4,FR,35HT,GOV,100,D,-9,S0953,129,2014,11,23,0903,4,31,D,50.4461,-9.3564,50.4775,-9.3553,29E0,129,V,S0953,1,1,R,5.0000,-9,,3482,469,26,,4.5000,1300,83.0,,145,0.7000,210,75,3.6000,3.9000,,,,,283,11,,,,,,,,,,,,,,,,
HH,EVHOE,4,FR,35HT,GOV,100,D,-9,S0954,130,2014,11,23,1115,4,31,D,50.6165,-9.6143,50.6488,-9.6204,30E0,130,V,S0954,1,1,R,4.9000,-9,,3611,463,26,,4.5000,1300,85.0,,145,0.7000,210,218,3.7000,3.9000,,,,,323,8,,,,,,,,,,,,,,,,
HH,EVHOE,4,FR,35HT,GOV,50,D,-9,S0955,131,2014,11,23,1340,3,30,D,50.9080,-9.6487,50.9353,-9.6189,30E0,121,V,S0955,1,1,R,4.6000,-9,,3677,438,26,,4.5000,1300,72.0,,145,0.7000,210,38,3.8000,3.8000,,,,,313,5,,,,,,,,,,,,,,,,
HH,EVHOE,4,FR,35HT,GOV,50,D,-9,S0956,132,2014,11,23,1525,3,30,D,51.0289,-9.6522,51.0482,-9.6081,31E0,120,V,S0956,1,1,R,4.7000,-9,,3749,421,26,,4.5000,1300,71.0,,145,0.7000,210,52,4.0000,3.6000,,,,,301,6,,,,,,,,,,,,,,,,
HH,EVHOE,4,FR,35HT,GOV,50,D,-9,S0957,133,2014,11,24,0906,3,30,D,51.1613,-9.9230,51.1427,-9.8824,31E0,122,V,S0957,1,1,R,4.8000,-9,,3510,428,26,,4.5000,1300,69.0,,145,0.7000,210,129,3.7000,3.6000,,,,,204,19,,,,,,,,,,,,,,,,
HH,EVHOE,4,FR,35HT,GOV,50,D,-9,S0958,134,2014,11,24,1123,3,31,D,51.1562,-9.4768,51.1254,-9.4578,31E0,117,V,S0958,1,1,R,4.9000,-9,,3666,438,26,,4.5000,1300,66.0,,145,0.7000,210,155,3.8000,3.9000,,,,,195,19,,,,,,,,,,,,,,,,
HH,EVHOE,4,FR,35HT,GOV,50,D,-9,S0959,135,2014,11,24,1408,3,31,D,51.1464,-8.9447,51.1175,-8.9219,31E1,113,V,S0959,1,1,R,4.9000,-9,,3583,439,26,,4.5000,1300,71.0,,145,0.7000,210,158,3.7000,3.8000,,,,,202,17,,,,,,,,,,,,,,,,
HH,EVHOE,4,FR,35HT,GOV,50,D,-9,S0960,136,2014,11,24,1618,3,30,D,51.1869,-8.5683,51.2078,-8.5277,31E1,104,V,S0960,1,1,R,4.8000,-9,,3654,392,26,,4.5000,1300,71.0,,145,0.7000,210,52,3.9000,3.4000,,,,,205,14,,,,,,,,,,,,,,,,
HH,EVHOE,4,FR,35HT,GOV,50,D,-9,S0961,137,2014,11,25,0902,2,31,D,51.6929,-8.0262,51.7170,-7.9868,32E1,72,V,S0961,1,1,R,4.8000,-9,,3812,311,26,,4.5000,1300,64.0,,145,0.7000,210,44,3.9000,3.7000,,,,,144,10,,,,,,,,,,,,,,,,
HH,EVHOE,4,FR,35HT,GOV,50,D,-9,S0962,138,2014,11,25,1144,2,30,D,51.6178,-7.4528,51.6360,-7.4117,32E2,77,V,S0962,1,1,R,4.5000,-9,,3479,321,26,,4.5000,1300,66.0,,145,0.7000,210,56,3.7000,4.0000,,,,,139,8,,,,,,,,,,,,,,,,
HH,EVHOE,4,FR,35HT,GOV,50,D,-9,S0963,139,2014,11,25,1500,2,31,D,51.7702,-6.7236,51.7918,-6.6897,32E3,70,V,S0963,1,1,R,5.2000,-9,,3339,327,26,,4.5000,1300,60.0,,145,0.7000,210,48,3.4000,4.2000,,,,,106,8,,,,,,,,,,,,,,,,
HH,EVHOE,4,FR,35HT,GOV,50,D,-9,S0964,140,2014,11,25,1632,2,32,D,51.7860,-6.5494,51.7589,-6.5142,32E3,70,V,S0964,1,1,R,5.1000,-9,,3860,305,26,,4.5000,1300,61.0,,145,0.7000,210,126,3.9000,4.1000,,,,,102,7,,,,,,,,,,,,,,,,
HH,EVHOE,4,FR,35HT,GOV,50,D,-9,S0965,141,2014,11,26,0903,3,31,D,51.4426,-5.7829,51.4127,-5.7765,31E4,86,V,S0965,1,1,R,4.9000,-9,,3393,359,26,,4.5000,1300,58.0,,145,0.7000,210,174,3.5000,4.5000,,,,,70,8,,,,,,,,,,,,,,,,
HH,EVHOE,4,FR,35HT,GOV,50,D,-9,S0966,142,2014,11,26,1152,2,30,D,51.4565,-5.2647,51.4247,-5.2659,31E4,68,V,S0966,1,1,R,4.8000,-9,,3534,321,26,,4.5000,1300,63.0,,145,0.7000,210,160,3.7000,4.9000,,,,,47,7,,,,,,,,,,,,,,,,
HH,EVHOE,4,FR,35HT,GOV,50,D,-9,S0967,143,2014,11,26,1354,2,31,D,51.2798,-5.5280,51.2508,-5.5004,31E4,74,V,S0967,1,1,R,4.3000,-9,,3747,311,26,,4.5000,1300,57.0,,145,0.7000,210,138,3.9000,4.1000,,,,,38,8,,,,,,,,,,,,,,,,
HH,EVHOE,4,FR,35HT,GOV,50,D,-9,S0968,144,2014,11,26,1610,2,31,D,51.0964,-5.1412,51.0900,-5.0847,31E4,70,V,S0968,1,1,R,4.7000,-9,,4005,301,26,,4.5000,1300,61.0,,145,0.7000,210,93,4.2000,3.8000,,,,,108,10,,,,,,,,,,,,,,,,
HH,EVHOE,4,FR,35HT,GOV,100,D,-9,S0885,64,2014,11,4,1300,4,30,D,46.7693,-4.7744,46.7618,-4.7278,22E5,159,V,S0885,1,1,R,4.0000,-9,,3639,511,26,,4.5000,1300,85.0,,145,0.7000,210,98,3.9000,3.3000,,,,,332,16,,,,,,,,,,,,,,,,
HH,EVHOE,4,FR,35HT,GOV,100,D,-9,T0756,120,2015,11,20,1513,4,31,D,49.9654,-9.1874,49.9651,-9.1345,28E0,138,V,,1,1,R,3.3000,-9,,3778,479,26,,,1300,96.0,20.0,,,,79,3.9000,,,,,,,,,,,,,,,,,,,,,,,
HH,EVHOE,4,FR,35HT,GOV,100,D,-9,T0757,121,2015,11,21,0803,4,30,D,50.0615,-10.2120,50.0927,-10.1971,29D9,126,V,,1,1,R,3.4000,-9,,3631,449,26,,,1300,100.0,20.0,,,,23,3.5000,,,,,,,,,,,,,,,,,,,,,,,
HH,EVHOE,4,FR,35HT,GOV,100,D,-9,T0753,117,2015,11,20,0753,4,30,D,50.1316,-9.6575,50.1367,-9.7087,29E0,135,V,,1,1,R,3.3000,-9,,3685,477,26,,,1300,98.0,21.0,,,,283,3.7000,,,,,,,,,,,,,,,,,,,,,,,
HH,EVHOE,4,FR,35HT,GOV,100,D,-9,T0758,122,2015,11,21,1031,4,31,D,50.2282,-10.3538,50.2328,-10.4023,29D9,147,V,,1,1,R,3.3000,-9,,3493,500,26,,,1300,101.0,21.0,,,,295,3.7000,,,,,,,,,,,,,,,,,,,,,,,
HH,EVHOE,4,FR,35HT,GOV,100,D,-9,T0760,124,2015,11,21,1527,6,31,D,50.3372,-10.8294,50.3689,-10.8180,29D9,209,V,,1,1,R,3.1000,-9,,3611,649,26,,,1300,105.0,22.0,,,,123,3.7000,,,,,,,,,,,,,,,,,,,,,,,
HH,EVHOE,4,FR,35HT,GOV,100,D,-9,T0759,123,2015,11,21,1320,5,30,D,50.3660,-10.6042,50.3375,-10.6341,29D9,164,V,,1,1,R,3.4000,-9,,3812,540,26,,,1300,104.0,22.0,,,,232,3.6000,,,,,,,,,,,,,,,,,,,,,,,
HH,EVHOE,4,FR,35HT,GOV,100,D,-9,T0772,136,2015,11,24,1512,4,31,D,50.4166,-8.6150,50.4379,-8.5719,29E1,127,V,,1,1,R,3.2000,-9,,3863,454,26,,,1300,106.0,22.0,,,,30,3.7000,,,,,,,,,,,,,,,,,,,,,,,
HH,EVHOE,4,FR,35HT,GOV,50,D,-9,T0771,135,2015,11,24,1322,3,31,D,50.5348,-8.5979,50.5110,-8.6294,30E1,120,V,,1,1,R,3.4000,-9,,3455,420,26,,,1300,78.0,16.0,,,,239,4.0000,,,,,,,,,,,,,,,,,,,,,,,
HH,EVHOE,4,FR,35HT,GOV,100,D,-9,T0761,125,2015,11,22,0817,7,30,D,50.6679,-11.0992,50.6369,-11.0836,30D8,413,V,,1,1,R,3.2000,-9,,3615,1181,26,,,1300,108.0,22.0,,,,157,3.6000,,,,,,,,,,,,,,,,,,,,,,,
HH,EVHOE,4,FR,35HT,GOV,100,D,-9,T0763,127,2015,11,22,1247,5,30,D,50.7168,-10.7644,50.7170,-10.7118,30D9,170,V,,1,1,R,3.3000,-9,,3701,569,26,,,1300,104.0,22.0,,,,72,3.7000,,,,,,,,,,,,,,,,,,,,,,,
HH,EVHOE,4,FR,35HT,GOV,100,D,-9,T0764,128,2015,11,22,1446,4,31,D,50.7174,-10.5070,50.7173,-10.4555,30D9,157,V,,1,1,R,3.3000,-9,,3625,529,26,,,1300,98.0,21.0,,,,76,3.8000,,,,,,,,,,,,,,,,,,,,,,,
HH,EVHOE,4,FR,35HT,GOV,100,D,-9,T0762,126,2015,11,22,1048,6,30,D,50.7224,-11.0500,50.7037,-11.0081,30D8,284,V,,1,1,R,3.2000,-9,,3607,857,26,,,1300,109.0,22.0,,,,117,3.5000,,,,,,,,,,,,,,,,,,,,,,,
HH,EVHOE,4,FR,35HT,GOV,100,D,-9,T0770,134,2015,11,24,0946,4,30,D,50.7538,-9.2168,50.7494,-9.2724,30E0,136,V,,1,1,R,3.4000,-9,,3939,440,26,,,1300,97.0,19.0,,,,273,3.5000,,,,,,,,,,,,,,,,,,,,,,,
HH,EVHOE,4,FR,35HT,GOV,100,D,-9,T0769,133,2015,11,24,0801,3,31,D,50.9075,-9.1147,50.8773,-9.0888,30E0,116,V,,1,1,R,3.3000,-9,,3817,419,26,,,1300,78.0,22.0,,,,148,3.6000,,,,,,,,,,,,,,,,,,,,,,,
HH,EVHOE,4,FR,35HT,GOV,50,D,-9,T0786,150,2015,11,28,1015,3,26,D,51.0929,-6.3890,51.1094,-6.3554,31E3,107,V,,1,1,R,,-9,,2970,409,26,,,1300,73.0,20.0,,,,48,3.7000,,,,,,,,,,,,,,,,,,,,,,,
HH,EVHOE,4,FR,35HT,GOV,50,D,-9,T0783,147,2015,11,27,1213,2,30,D,51.0963,-5.1395,51.0901,-5.0840,31E4,69,V,,1,1,R,3.6000,-9,,3926,290,26,,,1300,67.0,19.0,,,,97,3.9000,,,,,,,,,,,,,,,,,,,,,,,
HH,EVHOE,4,FR,35HT,GOV,50,D,-9,T0773,137,2015,11,25,0803,3,30,D,51.1137,-8.9196,51.1436,-8.9417,31E1,112,V,,1,1,R,3.3000,-9,,3661,419,26,,,1300,82.0,22.0,,,,331,3.8000,,,,,,,,,,,,,,,,,,,,,,,
HH,EVHOE,4,FR,35HT,GOV,100,D,-9,T0767,131,2015,11,23,1239,3,30,D,51.1255,-9.4582,51.1563,-9.4769,31E0,119,V,,1,1,R,3.6000,-9,,3671,429,26,,,1300,75.0,21.0,,,,321,3.6000,,,,,,,,,,,,,,,,,,,,,,,
HH,EVHOE,4,FR,35HT,GOV,50,D,-9,T0787,151,2015,11,28,1533,3,30,D,51.1617,-6.1385,51.1936,-6.1299,31E3,105,V,,1,1,R,3.1000,-9,,3605,399,26,,,1300,84.0,23.0,,,,348,4.0000,,,,,,,,,,,,,,,,,,,,,,,
HH,EVHOE,4,FR,35HT,GOV,100,D,-9,T0766,130,2015,11,23,1018,3,30,D,51.1630,-9.9271,51.1430,-9.8853,31E0,121,V,,1,1,R,3.2000,-9,,3664,440,26,,,1300,97.0,,,,,134,3.6000,,,,,,,,,,,,,,,,,,,,,,,
HH,EVHOE,4,FR,35HT,GOV,50,D,-9,T0774,138,2015,11,25,1015,3,30,D,51.1850,-8.5719,51.2053,-8.5309,31E1,101,V,,1,1,R,3.3000,-9,,3636,399,26,,,1300,76.0,20.0,,,,47,3.8000,,,,,,,,,,,,,,,,,,,,,,,
HH,EVHOE,4,FR,35HT,GOV,100,D,-9,T0765,129,2015,11,23,0803,4,30,D,51.2349,-10.3615,51.2390,-10.3103,31D9,137,V,,1,1,R,3.4000,-9,,3584,490,26,,,1300,95.0,20.0,,,,86,4.0000,,,,,,,,,,,,,,,,,,,,,,,
HH,EVHOE,4,FR,35HT,GOV,50,D,-9,T0785,149,2015,11,28,0759,3,31,D,51.2656,-6.5637,51.2455,-6.5241,31E3,114,V,,1,1,R,3.3000,-9,,3546,408,26,,,1300,80.0,16.0,,,,154,3.7000,,,,,,,,,,,,,,,,,,,,,,,
HH,EVHOE,4,FR,35HT,GOV,50,D,-9,T0782,146,2015,11,27,1002,2,11,D,51.2815,-5.5308,51.2718,-5.5215,31E4,75,I,,1,1,R,4.6000,-9,,1253,300,26,,,1300,65.0,19.0,,,,148,4.4000,,,,,,,,,,,,,,,,,,,,,,,
HH,EVHOE,4,FR,35HT,GOV,100,D,-9,T0768,132,2015,11,23,1503,3,30,D,51.2970,-9.2249,51.2875,-9.2740,31E0,112,V,,1,1,R,3.4000,-9,,3571,408,26,,,1300,77.0,22.0,,,,253,4.2000,,,,,,,,,,,,,,,,,,,,,,,
HH,EVHOE,4,FR,35HT,GOV,50,D,-9,W0527,1,2018,10,20,1121,3,26,D,47.8189,-4.7403,47.8244,-4.7772,24E5,85,V,W0527,1,1,C,0.0000,-9,,2823,324,26,,4.5000,1300,0.0,20.6,145,0.7000,250,278,3.4000,3.8000,,,,,38,8,,,15.1,,35.29,,,,,,,,,,,
HH,EVHOE,4,FR,35HT,GOV,100,D,-9,W0529,2,2018,10,21,0728,4,30,D,46.8808,-4.7817,46.9066,-4.7611,22E5,147,V,W0529,1,1,C,3.4000,-9,,3263,487,26,,4.5000,1300,0.0,21.2,145,0.7000,250,35,3.4000,4.0000,,,,,67,11,,,15.5,,35.42,,,,,,,,,,,
HH,EVHOE,4,FR,35HT,GOV,100,D,-9,W0530,3,2018,10,21,0945,6,30,D,46.7644,-4.9915,46.7388,-4.9729,22E5,219,V,W0530,1,1,C,3.6000,-9,,3180,645,26,,4.5000,1300,94.8,19.9,145,0.7000,250,156,3.3000,4.0000,,,,,46,11,,,16.7,,35.56,,,,,,,,,,,
HH,EVHOE,4,FR,35HT,GOV,100,D,-9,W0531,4,2018,10,21,1157,7,31,D,46.6199,-4.9310,46.5917,-4.9288,22E5,300,V,W0531,1,1,C,2.8000,-9,,3184,1321,26,,4.5000,1300,120.7,23.7,145,0.7000,250,170,3.3000,4.0000,,,,,52,11,,,17.2,,35.57,,,,,,,,,,,
HH,EVHOE,4,FR,35HT,GOV,100,D,-9,W0532,5,2018,10,21,1403,5,21,D,46.5725,-4.7288,46.5512,-4.7270,22E5,182,V,W0532,1,1,C,3.4000,-9,,2369,553,26,,4.5000,1300,97.3,20.5,145,0.7000,250,163,3.7000,4.0000,,,,,38,12,,,16.6,,35.56,,,,,,,,,,,
HH,EVHOE,4,FR,35HT,GOV,100,D,-9,W0533,6,2018,10,21,1601,4,30,D,46.4456,-4.5001,46.4382,-4.4591,21E5,153,V,W0533,1,1,C,3.5000,-9,,3239,490,26,,4.5000,1300,93.2,19.8,145,0.7000,250,95,3.4000,4.8000,,,,,28,16,,,16.5,,35.52,,,,,,,,,,,
HH,EVHOE,4,FR,35HT,GOV,100,D,-9,W0535,7,2018,10,22,0709,4,30,D,46.3277,-4.2452,46.3117,-4.2099,21E5,173,V,W0535,1,1,C,3.2000,-9,,3246,542,26,,4.5000,1300,94.7,20.0,145,0.7000,250,110,3.4000,5.1000,,,,,41,22,,,16.5,,35.45,,,,,,,,,,,
HH,EVHOE,4,FR,35HT,GOV,100,D,-9,W0536,8,2018,10,22,0903,5,20,D,46.2572,-4.1509,46.2381,-4.1505,21E5,170,V,W0536,1,1,C,3.3000,-9,,2116,518,26,,4.5000,1300,91.2,19.6,145,0.7000,250,171,3.3000,4.6000,,,,,47,16,,,16.5,,35.54,,,,,,,,,,,
HH,EVHOE,4,FR,35HT,GOV,100,D,-9,W0537,9,2018,10,22,1111,4,20,D,46.1078,-3.8952,46.0879,-3.8938,21E6,146,V,W0537,1,1,C,3.4000,-9,,2209,447,26,,4.5000,1300,90.2,19.4,145,0.7000,250,180,3.5000,4.3000,,,,,65,11,,,17.5,,35.28,,,,,,,,,,,
HH,EVHOE,4,FR,35HT,GOV,100,D,-9,W0538,10,2018,10,22,1316,4,30,D,46.0564,-3.5959,46.0803,-3.5715,21E6,141,V,W0538,1,1,C,3.8000,-9,,3255,439,26,,4.5000,1300,88.7,19.1,145,0.7000,250,33,3.4000,3.6000,,,,,36,25,,,17.1,,35.41,,,,,,,,,,,
HH,EVHOE,4,FR,35HT,GOV,100,D,-9,W0539,11,2018,10,22,1519,4,30,D,45.9387,-3.7500,45.9128,-3.7239,20E6,163,V,W0539,1,1,C,3.5000,-9,,3521,500,26,,4.5000,1300,96.4,20.3,145,0.7000,250,133,3.7000,4.6000,,,,,31,22,,,17.5,,35.30,,,,,,,,,,,
HH,EVHOE,4,FR,35HT,GOV,100,D,-9,W0541,12,2018,10,23,0648,4,30,D,45.8821,-3.2429,45.8585,-3.2223,20E6,131,V,W0541,1,1,C,3.7000,-9,,3068,430,26,,4.5000,1300,92.2,19.5,145,0.7000,250,135,3.2000,4.3000,,,,,54,20,,,17.2,,35.37,,,,,,,,,,,
HH,EVHOE,4,FR,35HT,GOV,100,D,-9,W0542,13,2018,10,23,0932,4,30,D,45.7746,-3.3908,45.7455,-3.3840,20E6,144,V,W0542,1,1,C,3.7000,-9,,3279,441,26,,4.5000,1300,87.5,19.1,145,0.7000,250,171,3.5000,5.0000,,,,,61,15,,,17.5,,35.32,,,,,,,,,,,
HH,EVHOE,4,FR,35HT,GOV,100,D,-9,W0543,14,2018,10,23,1133,4,20,D,45.6602,-3.2193,45.6414,-3.2238,20E6,134,V,W0543,1,1,C,3.8000,-9,,2124,429,26,,4.5000,1300,81.9,18.2,145,0.7000,250,200,3.4000,4.3000,,,,,111,7,,,17.4,,35.31,,,,,,,,,,,
HH,EVHOE,4,FR,35HT,GOV,100,D,-9,W0544,15,2018,10,23,1420,7,29,D,45.2815,-3.2790,45.2597,-3.2549,19E6,502,V,W0544,1,1,C,3.0000,-9,,3192,1301,26,,4.5000,1300,117.7,23.2,145,0.7000,250,132,3.5000,4.1000,,,,,47,16,,,17.1,,35.14,,,,,,,,,,,
HH,EVHOE,4,FR,35HT,GOV,100,D,-9,W0546,16,2018,10,24,0648,4,30,D,45.2823,-2.7855,45.2617,-2.7557,19E7,132,V,W0546,1,1,C,3.5000,-9,,3276,430,26,,4.5000,1300,87.8,19.1,145,0.7000,250,123,3.4000,3.6000,,,,,33,10,,,16.7,,35.17,,,,,,,,,,,
HH,EVHOE,4,FR,35HT,GOV,100,D,-9,W0547,17,2018,10,24,0832,4,30,D,45.3462,-2.6300,45.3787,-2.6417,19E7,123,V,W0547,1,1,C,3.5000,-9,,3722,403,26,,4.5000,1300,93.1,19.9,145,0.7000,250,351,3.9000,4.3000,,,,,42,8,,,16.9,,35.17,,,,,,,,,,,
HH,EVHOE,4,FR,35HT,GOV,50,D,-9,W0548,18,2018,10,24,1028,3,30,D,45.4227,-2.4136,45.3934,-2.4010,19E7,113,V,W0548,1,1,C,3.8000,-9,,3401,379,26,,4.5000,1300,68.8,19.1,145,0.7000,250,163,3.6000,4.0000,,,,,32,7,,,16.5,,35.17,,,,,,,,,,,
HH,EVHOE,4,FR,35HT,GOV,50,D,-9,W0549,19,2018,10,24,1244,3,30,D,45.1617,-2.2044,45.1390,-2.1719,19E7,115,V,W0549,1,1,C,3.8000,-9,,3584,372,26,,4.5000,1300,70.4,19.6,145,0.7000,250,140,3.8000,3.9000,,,,,29,10,,,16.5,,35.13,,,,,,,,,,,
HH,EVHOE,4,FR,35HT,GOV,100,D,-9,W0550,20,2018,10,24,1453,4,30,D,44.9425,-2.2224,44.9109,-2.2129,18E7,150,V,W0550,1,1,C,3.7000,-9,,3583,440,26,,4.5000,1300,90.3,19.7,145,0.7000,250,162,3.8000,4.2000,,,,,72,6,,,16.5,,35.11,,,,,,,,,,,
HH,EVHOE,4,FR,35HT,GOV,50,D,-9,W0552,21,2018,10,25,0648,3,31,D,44.8823,-1.8531,44.8499,-1.8475,18E8,111,V,W0552,1,1,C,3.6000,-9,,3624,360,26,,4.5000,1300,71.0,19.6,145,0.7000,250,172,3.8000,4.0000,,,,,39,6,,,15.5,,35.13,,,,,,,,,,,
HH,EVHOE,4,FR,35HT,GOV,50,D,-9,W0553,22,2018,10,25,1019,1,30,D,44.8969,-1.2679,44.8679,-1.2819,18E8,25,V,W0553,1,1,C,4.9000,-9,,3397,109,26,,4.5000,1300,46.3,14.8,145,0.7000,250,198,3.6000,4.0000,,,,,48,6,,,15.7,,35.12,,,,,,,,,,,
HH,EVHOE,4,FR,35HT,GOV,50,D,-9,W0554,23,2018,10,25,1143,2,30,D,44.7694,-1.3733,44.7391,-1.3751,18E8,31,V,W0554,1,1,C,5.2000,-9,,3368,129,26,,4.5000,1300,49.6,15.2,145,0.7000,250,186,3.6000,3.9000,,,,,39,7,,,16.2,,35.05,,,,,,,,,,,
HH,EVHOE,4,FR,35HT,GOV,50,D,-9,W0555,24,2018,10,25,1336,2,30,D,44.6208,-1.3579,44.5885,-1.3496,18E8,39,V,W0555,1,1,C,4.2000,-9,,3651,145,26,,4.5000,1300,54.5,16.9,145,0.7000,250,171,3.9000,3.9000,,,,,307,7,,,16.1,,35.15,,,,,,,,,,,
HH,EVHOE,4,FR,35HT,GOV,50,D,-9,W0557,26,2018,10,26,0643,1,30,D,44.0964,-1.3768,44.0659,-1.3878,17E8,32,V,W0557,1,1,C,4.6000,-9,,3507,130,26,,4.5000,1300,52.0,16.1,145,0.7000,250,190,3.7000,4.1000,,,,,208,3,,,16.5,,35.00,,,,,,,,,,,
HH,EVHOE,4,FR,35HT,GOV,50,D,-9,U0548,40,2016,10,27,0831,1,14,D,45.7453,-1.4259,45.7611,-1.4235,20E8,27,I,U0548,1,1,R,2.8000,-9,,1771,,26,,4.5000,1300,54.3,19.7,,,210,,,,,,,,,,,,,,,,,,,,,,,,,
HH,EVHOE,4,FR,35HT,GOV,50,D,-9,U0549,41,2016,10,27,1105,1,30,D,46.0749,-1.6990,46.0839,-1.6524,21E8,30,V,U0549,1,1,R,4.2000,-9,,3726,,26,,4.5000,1300,55.9,18.7,,,210,,,,,,,,,,,,,,,,,,,,,,,,,
HH,EVHOE,4,FR,35HT,GOV,50,D,-9,U0550,42,2016,10,27,1352,2,30,D,46.0534,-2.0663,46.0510,-2.1144,21E7,61,V,U0550,1,1,R,4.0000,-9,,3724,,26,,4.5000,1300,68.5,20.7,,,210,,,,,,,,,,,,,,,,,,,,,,,,,
HH,EVHOE,4,FR,35HT,GOV,50,D,-9,U0551,43,2016,10,27,1608,3,30,D,45.8820,-2.4158,45.8512,-2.3993,20E7,101,V,U0551,1,1,R,3.5000,-9,,3646,,26,,4.5000,1300,75.6,20.8,,,210,,,,,,,,,,,,,,,,,,,,,,,,,
HH,EVHOE,4,FR,35HT,GOV,50,D,-9,U0552,44,2016,10,28,0639,2,30,D,45.7328,-1.9165,45.7308,-1.9648,20E8,69,V,U0552,1,1,R,4.0000,-9,,3749,,26,,4.5000,1300,70.9,18.7,,,210,,,,,,,,,,,,,,,,,,,,,,,,,
HH,EVHOE,4,FR,35HT,GOV,50,D,-9,U0553,45,2016,10,28,1019,3,30,D,45.9253,-2.6897,45.9592,-2.7016,20E7,108,V,U0553,1,1,R,3.1000,-9,,3880,,26,,4.5000,1300,76.8,21.2,,,210,,,,,,,,,,,,,,,,,,,,,,,,,
HH,EVHOE,4,FR,35HT,GOV,50,D,-9,U0554,46,2016,10,28,1302,3,30,D,46.1987,-2.8328,46.2278,-2.8089,21E7,112,V,U0554,1,1,R,3.6000,-9,,3720,,26,,4.5000,1300,76.8,20.9,,,210,,,,,,,,,,,,,,,,,,,,,,,,,
HH,EVHOE,4,FR,35HT,GOV,100,D,-9,U0555,47,2016,10,28,1531,4,30,D,46.2847,-3.2164,46.3154,-3.2356,21E6,125,V,U0555,1,1,R,3.6000,-9,,3721,,26,,4.5000,1300,96.0,21.0,,,210,,,,,,,,,,,,,,,,,,,,,,,,,
HH,EVHOE,4,FR,35HT,GOV,50,D,-9,U0556,48,2016,10,29,0640,2,31,D,46.4724,-2.0383,46.5037,-2.0577,21E7,34,V,U0556,1,1,R,4.6000,-9,,3779,,26,,4.5000,1300,55.2,15.6,,,210,,,,,,,,,,,,,,,,,,,,,,,,,
HH,EVHOE,4,FR,35HT,GOV,50,D,-9,U0557,49,2016,10,29,0852,1,30,D,46.7018,-2.2294,46.6841,-2.1894,22E7,14,V,U0557,1,1,R,4.3000,-9,,3623,,26,,4.5000,1300,51.1,15.2,,,210,,,,,,,,,,,,,,,,,,,,,,,,,
HH,EVHOE,4,FR,35HT,GOV,50,D,-9,U0558,50,2016,10,29,1130,2,30,D,46.5955,-2.6033,46.6292,-2.5876,22E7,65,V,U0558,1,1,R,3.8000,-9,,3919,,26,,4.5000,1300,70.6,19.3,,,210,,,,,,,,,,,,,,,,,,,,,,,,,
HH,EVHOE,4,FR,35HT,GOV,50,D,-9,U0559,51,2016,10,29,1407,3,30,D,46.7330,-3.0017,46.7501,-2.9617,22E6,86,V,U0559,1,1,R,3.4000,-9,,3587,,26,,4.5000,1300,70.1,19.9,,,210,,,,,,,,,,,,,,,,,,,,,,,,,
HH,EVHOE,4,FR,35HT,GOV,100,D,-9,U0560,52,2016,10,30,0654,4,30,D,46.4570,-3.8444,46.4841,-3.8726,21E6,138,V,U0560,1,1,R,3.7000,-9,,3708,,26,,4.5000,1300,96.5,21.2,,,210,,,,,,,,,,,,,,,,,,,,,,,,,
HH,EVHOE,4,FR,35HT,GOV,100,D,-9,U0561,53,2016,10,30,0834,4,30,D,46.5788,-3.8978,46.6125,-3.9062,22E6,133,V,U0561,1,1,R,3.8000,-9,,3805,,26,,4.5000,1300,93.6,20.2,,,210,,,,,,,,,,,,,,,,,,,,,,,,,
HH,EVHOE,4,FR,35HT,GOV,100,D,-9,U0562,54,2016,10,30,1047,4,31,D,46.7085,-3.6702,46.7115,-3.7174,22E6,125,V,U0562,1,1,R,3.7000,-9,,3614,,26,,4.5000,1300,92.4,20.1,,,210,,,,,,,,,,,,,,,,,,,,,,,,,
HH,EVHOE,4,FR,35HT,GOV,100,D,-9,U0563,55,2016,10,30,1347,4,30,D,46.9155,-4.2128,46.9322,-4.2535,22E5,135,V,U0563,1,1,R,3.8000,-9,,3603,,26,,4.5000,1300,90.3,19.8,,,210,,,,,,,,,,,,,,,,,,,,,,,,,
HH,EVHOE,4,FR,35HT,GOV,50,D,-9,U0564,56,2016,10,31,0650,1,30,D,47.3355,-2.5999,47.3338,-2.6497,23E7,26,V,U0564,1,1,R,4.5000,-9,,3762,,26,,4.5000,1300,51.4,16.4,,,210,,,,,,,,,,,,,,,,,,,,,,,,,
HH,EVHOE,4,FR,35HT,GOV,50,D,-9,U0565,57,2016,10,31,1117,2,25,D,47.0835,-3.0503,47.0574,-3.0509,23E6,56,V,U0565,1,1,R,4.4000,-9,,2892,,26,,4.5000,1300,39.2,8.9,,,210,,,,,,,,,,,,,,,,,,,,,,,,,
HH,EVHOE,4,FR,35HT,GOV,50,D,-9,U0566,58,2016,10,31,1402,3,30,D,47.1073,-3.2031,47.0748,-3.1988,23E6,82,V,U0566,1,1,R,4.1000,-9,,3625,,26,,4.5000,1300,64.9,23.5,,,210,,,,,,,,,,,,,,,,,,,,,,,,,
HH,EVHOE,4,FR,35HT,GOV,50,D,-9,U0567,59,2016,10,31,1543,3,30,D,47.0083,-3.3919,46.9974,-3.4376,23E6,106,V,U0567,1,1,R,3.7000,-9,,3664,,26,,4.5000,1300,74.1,20.2,,,210,,,,,,,,,,,,,,,,,,,,,,,,,
HH,EVHOE,4,FR,35HT,GOV,50,D,-9,U0568,60,2016,11,1,0701,3,30,D,47.4046,-3.8228,47.4362,-3.8394,23E6,98,V,U0568,1,1,R,3.6000,-9,,3723,,26,,4.5000,1300,73.5,20.3,,,210,,,,,,,,,,,,,,,,,,,,,,,,,
HH,EVHOE,4,FR,35HT,GOV,50,D,-9,U0569,61,2016,11,1,1032,1,30,D,47.5614,-3.2302,47.5833,-3.2686,24E6,28,V,U0569,1,1,R,4.7000,-9,,3763,,26,,4.5000,1300,51.9,22.9,,,210,,,,,,,,,,,,,,,,,,,,,,,,,
HH,EVHOE,4,FR,35HT,GOV,100,D,-9,U0570,62,2016,11,3,0707,4,30,D,47.1795,-4.8357,47.1717,-4.7900,23E5,130,V,U0570,1,1,R,3.8000,-9,,3554,,26,,4.5000,1300,93.3,,,,210,,,,,,,,,,,,,,,,,,,,,,,,,
HH,EVHOE,4,FR,35HT,GOV,100,D,-9,U0571,63,2016,11,3,0927,4,30,D,46.9212,-4.7510,46.8915,-4.7742,22E5,148,V,U0571,1,1,R,3.8000,-9,,3744,,26,,4.5000,1300,92.7,20.3,,,210,,,,,,,,,,,,,,,,,,,,,,,,,
HH,EVHOE,4,FR,35HT,GOV,100,D,-9,Q0957,112,2012,11,24,1344,6,30,D,51.1160,-11.3010,51.1357,-11.2586,31D8,218,V,,1,1,R,,-9,,,666,24,,,1300,,,,,,52,3.9000,,,,,,320,10,,,,,,,,,,,,,,,,
HH,EVHOE,4,FR,35HT,GOV,50,D,-9,Q0960,115,2012,11,25,1352,3,30,D,51.1435,-8.9421,51.1143,-8.9204,31E1,117,V,,1,1,R,,-9,,,416,24,,,1300,,,,,,175,4.0000,,,,,,255,21,,,,,,,,,,,,,,,,
HH,EVHOE,4,FR,35HT,GOV,50,D,-9,Q0959,114,2012,11,25,1126,3,31,D,51.2533,-9.4507,51.2561,-9.3957,31E0,152,V,,1,1,R,,-9,,,368,24,,,1300,,,,,,88,4.0000,,,,,,280,6,,,,,,,,,,,,,,,,
HH,EVHOE,4,FR,35HT,GOV,50,D,-9,Q0973,128,2012,11,29,0757,3,30,D,51.2656,-6.5629,51.2461,-6.5240,31E3,112,V,,1,1,R,,-9,,,400,24,,,1300,,,,,,121,3.6000,,,,,,347,10,,,,,,,,,,,,,,,,
HH,EVHOE,4,FR,35HT,GOV,50,D,-9,Q0972,127,2012,11,28,1544,2,30,D,51.2820,-5.5298,51.2542,-5.5030,31E4,80,V,,1,1,R,,-9,,,308,24,,,1300,,,,,,149,3.7000,,,,,,22,20,,,,,,,,,,,,,,,,
HH,EVHOE,4,FR,35HT,GOV,50,D,-9,Q0964,119,2012,11,26,1603,3,30,D,51.3405,-7.4790,51.3068,-7.4824,31E2,93,V,,1,1,R,,-9,,,340,24,,,1300,,,,,,191,3.8000,,,,,,360,34,,,,,,,,,,,,,,,,
HH,EVHOE,4,FR,35HT,GOV,50,D,-9,Q0970,125,2012,11,28,1114,2,30,D,51.3890,-4.7831,51.3789,-4.8323,31E5,60,V,,1,1,R,,-9,,,250,24,,,1300,,,,,,256,3.7000,,,,,,22,12,,,,,,,,,,,,,,,,
HH,EVHOE,4,FR,35HT,GOV,50,D,-9,Q0971,126,2012,11,28,1339,2,30,D,51.4548,-5.2643,51.4225,-5.2662,31E4,69,V,,1,1,R,,-9,,,270,24,,,1300,,,,,,199,3.8000,,,,,,22,16,,,,,,,,,,,,,,,,
HH,EVHOE,4,FR,35HT,GOV,50,D,-9,Q0967,122,2012,11,27,1222,3,30,D,51.4738,-6.1227,51.4404,-6.1411,31E3,113,V,,1,1,R,,-9,,,414,24,,,1300,,,,,,198,4.0000,,,,,,7,32,,,,,,,,,,,,,,,,
HH,EVHOE,4,FR,35HT,GOV,50,D,-9,Q0961,116,2012,11,26,0810,3,30,D,51.5230,-8.3637,51.5252,-8.3111,32E1,88,V,,1,1,R,,-9,,,330,24,,,1300,,,,,,71,4.0000,,,,,,336,22,,,,,,,,,,,,,,,,
HH,EVHOE,4,FR,35HT,GOV,50,D,-9,Q0963,118,2012,11,26,1328,2,30,D,51.6197,-7.4481,51.6381,-7.4043,32E2,81,V,,1,1,R,,-9,,,310,24,,,1300,,,,,,42,4.2000,,,,,,335,34,,,,,,,,,,,,,,,,
HH,EVHOE,4,FR,35HT,GOV,50,D,-9,Q0962,117,2012,11,26,1043,2,30,D,51.6924,-8.0274,51.7157,-7.9906,32E1,72,V,,1,1,R,,-9,,,300,24,,,1300,,,,,,31,4.0000,,,,,,322,36,,,,,,,,,,,,,,,,
HH,EVHOE,4,FR,35HT,GOV,50,D,-9,Q0966,121,2012,11,27,0932,2,30,D,51.7846,-6.5470,51.7597,-6.5153,32E3,71,V,,1,1,R,,-9,,,285,24,,,1300,,,,,,116,3.6000,,,,,,2,32,,,,,,,,,,,,,,,,
HH,EVHOE,4,FR,35HT,GOV,100,D,-9,Q0931,86,2012,11,15,0800,4,30,D,49.1124,-9.7853,49.0909,-9.7465,27E0,163,V,,1,1,R,,-9,,,531,24,,,1300,,,,,,116,4.0000,,,,,,34,10,,,,,,,,,,,,,,,,
HH,EVHOE,4,FR,35HT,GOV,100,D,-9,Q0932,87,2012,11,15,1208,4,30,D,49.3359,-10.5126,49.3061,-10.5290,27D9,149,V,,1,1,R,,-9,,,500,24,,,1300,,,,,,186,3.8000,,,,,,57,12,,,,,,,,,,,,,,,,
HH,EVHOE,4,FR,35HT,GOV,100,D,-9,Q0939,94,2012,11,19,1230,4,30,D,49.3668,-7.2254,49.3939,-7.1946,27E2,127,V,,1,1,R,,-9,,,456,24,,,1300,,,,,,36,4.3000,,,,,,212,15,,,,,,,,,,,,,,,,
HH,EVHOE,4,FR,35HT,GOV,100,D,-9,Q0942,97,2012,11,20,1035,4,30,D,49.4897,-8.6423,49.5012,-8.6876,27E1,151,V,,1,1,R,,-9,,,490,24,,,1300,,,,,,287,4.0000,,,,,,233,27,,,,,,,,,,,,,,,,
HH,EVHOE,4,FR,35HT,GOV,100,D,-9,Q0952,107,2012,11,23,0814,6,30,D,49.5011,-11.2790,49.5310,-11.2586,28D8,304,V,,1,1,R,,-9,,,890,24,,,1300,,,,,,18,3.7000,,,,,,283,19,,,,,,,,,,,,,,,,
HH,EVHOE,4,FR,35HT,GOV,100,D,-9,Q0951,106,2012,11,22,1555,5,30,D,49.5053,-10.7791,49.5132,-10.8258,28D9,161,V,,1,1,R,,-9,,,519,24,,,1300,,,,,,284,3.5000,,,,,,269,29,,,,,,,,,,,,,,,,
HH,EVHOE,4,FR,35HT,GOV,100,D,-9,Q0941,96,2012,11,20,0758,4,30,D,49.5618,-8.3088,49.5307,-8.3122,28E1,140,V,,1,1,R,,-9,,,460,24,,,1300,,,,,,191,3.9000,,,,,,232,18,,,,,,,,,,,,,,,,
HH,EVHOE,4,FR,35HT,GOV,100,D,-9,Q0940,95,2012,11,19,1445,4,30,D,49.5879,-7.3292,49.6162,-7.3058,28E2,126,V,,1,1,R,,-9,,,435,24,,,1300,,,,,,38,3.8000,,,,,,207,17,,,,,,,,,,,,,,,,
HH,EVHOE,4,FR,35HT,GOV,100,D,-9,Q0944,99,2012,11,20,1530,4,30,D,49.6185,-9.3368,49.6462,-9.3611,28E0,148,V,,1,1,R,,-9,,,490,24,,,1300,,,,,,327,3.5000,,,,,,227,17,,,,,,,,,,,,,,,,
HH,EVHOE,4,FR,35HT,GOV,100,D,-9,Q0949,104,2012,11,22,0805,4,30,D,49.7497,-10.1551,49.7299,-10.1148,28D9,144,V,,1,1,R,,-9,,,485,24,,,1300,,,,,,136,4.0000,,,,,,290,17,,,,,,,,,,,,,,,,
HH,EVHOE,4,FR,35HT,GOV,100,D,-9,Q0950,105,2012,11,22,1144,4,30,D,49.9179,-10.5794,49.9103,-10.6269,28D9,153,V,,1,1,R,,-9,,,480,24,,,1300,,,,,,252,3.9000,,,,,,232,25,,,,,,,,,,,,,,,,
HH,EVHOE,4,FR,35HT,GOV,100,D,-9,Q0946,101,2012,11,21,1013,4,31,D,49.9439,-9.4551,49.9118,-9.4681,28E0,129,V,,1,1,R,,-9,,,446,24,,,1300,,,,,,204,3.6000,,,,,,216,25,,,,,,,,,,,,,,,,
HH,EVHOE,4,FR,35HT,GOV,100,D,-9,Q0945,100,2012,11,21,0754,4,31,D,49.9654,-9.1181,49.9656,-9.1647,28E0,143,V,,1,1,R,,-9,,,480,24,,,1300,,,,,,266,3.7000,,,,,,250,26,,,,,,,,,,,,,,,,
HH,EVHOE,4,FR,35HT,GOV,100,D,-9,Q0947,102,2012,11,21,1249,4,30,D,50.1316,-9.6562,50.1368,-9.7060,29E0,137,V,,1,1,R,,-9,,,470,24,,,1300,,,,,,270,3.8000,,,,,,196,29,,,,,,,,,,,,,,,,
HH,EVHOE,4,FR,35HT,GOV,100,D,-9,Q0948,103,2012,11,21,1519,4,30,D,50.2993,-10.0154,50.3046,-10.0701,29D9,132,V,,1,1,R,,-9,,,460,24,,,1300,,,,,,261,3.7000,,,,,,201,26,,,,,,,,,,,,,,,,
HH,EVHOE,4,FR,35HT,GOV,100,D,-9,Q0954,109,2012,11,23,1522,5,30,D,50.3393,-10.8295,50.3707,-10.8193,29D9,215,V,,1,1,R,,-9,,,655,24,,,1300,,,,,,15,3.9000,,,,,,290,12,,,,,,,,,,,,,,,,
HH,EVHOE,4,FR,35HT,GOV,100,D,-9,Q0955,110,2012,11,24,0819,7,30,D,50.6381,-11.0842,50.6699,-11.1000,30D8,416,V,,1,1,R,,-9,,,1200,24,,,1300,,,,,,349,3.7000,,,,,,29,14,,,,,,,,,,,,,,,,
HH,EVHOE,4,FR,35HT,GOV,50,D,-9,Q0976,131,2012,11,30,0807,3,30,D,50.6627,-8.0797,50.6420,-8.1200,30E1,121,V,,1,1,R,,-9,,,420,24,,,1300,,,,,,244,4.1000,,,,,,320,14,,,,,,,,,,,,,,,,
HH,EVHOE,4,FR,35HT,GOV,50,D,-9,Q0975,130,2012,11,29,1230,3,30,D,50.7477,-6.2667,50.7185,-6.2913,30E3,98,V,,1,1,R,,-9,,,361,24,,,1300,,,,,,206,3.9000,,,,,,352,6,,,,,,,,,,,,,,,,
HH,EVHOE,4,FR,35HT,GOV,50,D,-9,Q0969,124,2012,11,28,0758,2,30,D,51.0968,-5.1423,51.0910,-5.0924,31E4,75,V,,1,1,R,,-9,,,301,24,,,1300,,,,,,87,3.9000,,,,,,19,26,,,,,,,,,,,,,,,,
HH,EVHOE,4,FR,35HT,GOV,50,D,-9,Q0974,129,2012,11,29,0953,3,30,D,51.1148,-6.3450,51.0937,-6.3866,31E3,108,V,,1,1,R,,-9,,,400,24,,,1300,,,,,,231,4.0000,,,,,,15,10,,,,,,,,,,,,,,,,
HH,EVHOE,4,FR,35HT,GOV,100,D,-9,Q0906,65,2012,11,9,1302,4,30,D,47.1020,-5.1697,47.0724,-5.1895,23E4,157,V,,1,1,R,,-9,,,511,24,,,1300,,,,,,206,3.8000,,,,,,251,6,,,,,,,,,,,,,,,,
HH,EVHOE,4,FR,35HT,GOV,50,D,-9,Q0899,58,2012,11,7,1245,2,30,D,47.1034,-3.2026,47.0711,-3.1969,23E6,79,V,,1,1,R,,-9,,,320,24,,,1300,,,,,,166,3.7000,,,,,,107,6,,,,,,,,,,,,,,,,
HH,EVHOE,4,FR,35HT,GOV,50,D,-9,Q0897,56,2012,11,7,0709,1,31,D,47.1582,-2.4008,47.1473,-2.4466,23E7,29,V,,1,1,R,,-9,,,146,24,,,1300,,,,,,252,3.9000,,,,,,162,6,,,,,,,,,,,,,,,,
HH,EVHOE,4,FR,35HT,GOV,50,D,-9,Q0901,60,2012,11,8,0713,3,30,D,47.2489,-3.4580,47.2816,-3.4570,23E6,94,V,,1,1,R,,-9,,,346,24,,,1300,,,,,,7,3.9000,,,,,,76,11,,,,,,,,,,,,,,,,
HH,EVHOE,4,FR,35HT,GOV,100,D,-9,Q0905,64,2012,11,9,1004,5,30,D,47.2841,-5.6169,47.2524,-5.6238,23E4,164,V,,1,1,R,,-9,,,536,24,,,1300,,,,,,194,3.8000,,,,,,245,1,,,,,,,,,,,,,,,,
HH,EVHOE,4,FR,35HT,GOV,50,D,-9,Q0898,57,2012,11,7,0958,2,30,D,47.3034,-2.7780,47.2703,-2.7814,23E7,37,V,,1,1,R,,-9,,,201,24,,,1300,,,,,,182,3.8000,,,,,,129,9,,,,,,,,,,,,,,,,
HH,EVHOE,4,FR,35HT,GOV,100,D,-9,Q0911,69,2012,11,10,1123,6,30,D,47.3424,-6.1981,47.3170,-6.1661,23E3,236,V,,1,1,R,,-9,,,751,24,,,1300,,,,,,152,4.0000,,,,,,292,20,,,,,,,,,,,,,,,,
HH,EVHOE,4,FR,35HT,GOV,100,D,-9,Q0912,70,2012,11,10,1342,4,30,D,47.3430,-5.8128,47.3421,-5.7654,23E4,153,V,,1,1,R,,-9,,,501,24,,,1300,,,,,,71,4.1000,,,,,,261,18,,,,,,,,,,,,,,,,
HH,EVHOE,4,FR,35HT,GOV,50,D,-9,Q0902,61,2012,11,8,0942,3,30,D,47.4073,-3.8231,47.4381,-3.8391,23E6,101,V,,1,1,R,,-9,,,371,24,,,1300,,,,,,346,3.8000,,,,,,77,13,,,,,,,,,,,,,,,,
HH,EVHOE,4,FR,35HT,GOV,100,D,-9,Q0904,63,2012,11,9,0730,4,30,D,47.4923,-5.3210,47.4598,-5.3135,23E4,139,V,,1,1,R,,-9,,,482,24,,,1300,,,,,,175,4.0000,,,,,,133,1,,,,,,,,,,,,,,,,
HH,EVHOE,4,FR,35HT,GOV,100,D,-9,Q0909,67,2012,11,10,0732,4,30,D,47.5953,-6.0873,47.5671,-6.1115,24E3,145,V,,1,1,R,,-9,,,483,24,,,1300,,,,,,215,3.9000,,,,,,289,30,,,,,,,,,,,,,,,,
HH,EVHOE,4,FR,35HT,GOV,100,D,-9,Q0915,73,2012,11,11,1249,5,30,D,47.6043,-6.9181,47.5783,-6.9448,24E3,180,V,,1,1,R,,-9,,,560,24,,,1300,,,,,,219,3.9000,,,,,,342,16,,,,,,,,,,,,,,,,
HH,EVHOE,4,FR,35HT,GOV,50,D,-9,Q0903,62,2012,11,8,1250,3,30,D,47.6269,-4.1638,47.6054,-4.1283,24E5,99,V,,1,1,R,,-9,,,371,24,,,1300,,,,,,131,3.9000,,,,,,3,7,,,,,,,,,,,,,,,,
HH,EVHOE,4,FR,35HT,GOV,50,D,-9,Q0887,46,2012,11,4,1418,3,31,D,47.8250,-4.7953,47.8197,-4.7463,24E5,85,V,,1,1,R,,-9,,,331,24,,,1300,,,,,,105,4.0000,,,,,,267,25,,,,,,,,,,,,,,,,
HH,EVHOE,4,FR,35HT,GOV,100,D,-9,Q0914,72,2012,11,11,1016,4,29,D,47.8367,-6.6396,47.8105,-6.6632,24E3,136,V,,1,1,R,,-9,,,475,24,,,1300,,,,,,215,3.9000,,,,,,336,19,,,,,,,,,,,,,,,,
HH,EVHOE,4,FR,35HT,GOV,100,D,-9,Q0921,78,2012,11,12,1459,5,30,D,47.8869,-7.2667,47.8996,-7.2248,24E2,190,V,,1,1,R,,-9,,,509,24,,,1300,,,,,,55,3.9000,,,,,,227,15,,,,,,,,,,,,,,,,
HH,EVHOE,4,FR,35HT,GOV,100,D,-9,Q0919,76,2012,11,12,1034,5,29,D,48.0455,-7.4492,48.0203,-7.4814,25E2,183,V,,1,1,R,,-9,,,568,24,,,1300,,,,,,215,3.8000,,,,,,235,19,,,,,,,,,,,,,,,,
HH,EVHOE,4,FR,35HT,GOV,100,D,-9,Q0924,81,2012,11,13,1533,7,30,D,48.1570,-8.2533,48.1261,-8.2572,25E1,427,V,,1,1,R,,-9,,,1202,24,,,1300,,,,,,203,3.8000,,,,,,180,19,,,,,,,,,,,,,,,,
HH,EVHOE,4,FR,35HT,GOV,100,D,-9,Q0979,134,2012,12,1,0809,4,21,D,48.3049,-6.0547,48.3043,-6.0222,25E3,136,V,,1,1,R,,-9,,,470,24,,,1300,,,,,,78,3.6000,,,,,,11,6,,,,,,,,,,,,,,,,
HH,EVHOE,4,FR,35HT,GOV,100,D,-9,Q0927,83,2012,11,14,1059,7,29,D,48.3177,-9.6490,48.2885,-9.6742,25E0,429,V,,1,1,R,,-9,,,1231,24,,,1300,,,,,,206,3.7000,,,,,,115,14,,,,,,,,,,,,,,,,
HH,EVHOE,4,FR,35HT,GOV,100,D,-9,Q0923,80,2012,11,13,1104,5,30,D,48.3257,-8.8228,48.3310,-8.7744,25E1,186,V,,1,1,R,,-9,,,580,24,,,1300,,,,,,95,3.9000,,,,,,176,26,,,,,,,,,,,,,,,,
RecordType,Quarter,Country,Ship,Gear,Survey,Reserved1,Reserved2,StNo,HaulNo,Year,LTREF,PARAM,LTSZC,UnitWgt,LT_Weight,UnitItem,LT_Items,LTSRC,TYPPL,LTPRP
LT,4,FR,35HT,GOV,EVHOE,,,W0637,104,2018,C-TS-REV,C6,B,g/haul,100.0000,items/haul,1,UNK,-9,-9
LT,4,FR,35HT,GOV,EVHOE,,,W0596,63,2018,C-TS-REV,C6,A,g/haul,2.0000,items/haul,1,UNK,-9,-9
LT,4,FR,35HT,GOV,EVHOE,,,W0559,28,2018,C-TS-REV,C6,A,g/haul,48.0000,items/haul,2,UNK,-9,-9
LT,4,FR,35HT,GOV,EVHOE,,,W0560,29,2018,C-TS-REV,C6,A,g/haul,13.0000,items/haul,2,UNK,-9,-9
LT,4,FR,35HT,GOV,EVHOE,,,W0587,54,2018,C-TS-REV,C6,A,g/haul,17.0000,items/haul,1,UNK,-9,-9
LT,4,FR,35HT,GOV,EVHOE,,,W0591,58,2018,C-TS-REV,C6,A,g/haul,3.0000,items/haul,1,UNK,-9,-9
LT,4,FR,35HT,GOV,EVHOE,,,W0595,62,2018,C-TS-REV,C6,A,g/haul,2.0000,items/haul,1,UNK,-9,-9
LT,4,FR,35HT,GOV,EVHOE,,,W0594,61,2018,C-TS-REV,C6,A,g/haul,11.0000,items/haul,2,UNK,-9,-9
LT,4,FR,35HT,GOV,EVHOE,,,Y0298,10,2020,C-TS-REV,B3,C,g/haul,484.0000,items/haul,1,UNK,-9,-9
LT,4,FR,35HT,GOV,EVHOE,,,X0517,71,2019,C-TS-REV,B3,A,g/haul,15.0000,items/haul,3,UNK,-9,-9
LT,4,FR,35HT,GOV,EVHOE,,,X0522,76,2019,C-TS-REV,B3,A,g/haul,1.0000,items/haul,1,UNK,-9,-9
LT,4,FR,35HT,GOV,EVHOE,,,X0478,32,2019,C-TS-REV,B3,-9,g/haul,1.0000,items/haul,1,UNK,-9,-9
LT,4,FR,35HT,GOV,EVHOE,,,X0474,29,2019,C-TS-REV,B3,-9,g/haul,2.0000,items/haul,1,UNK,-9,-9
LT,4,FR,35HT,GOV,EVHOE,,,Y0350,62,2020,C-TS-REV,B3,-9,g/haul,1.0000,items/haul,1,UNK,-9,-9
LT,4,FR,35HT,GOV,EVHOE,,,Y0346,58,2020,C-TS-REV,B3,-9,g/haul,1.0000,items/haul,1,UNK,-9,-9
LT,4,FR,35HT,GOV,EVHOE,,,X0590,144,2019,C-TS-REV,B3,-9,g/haul,2.0000,items/haul,1,UNK,-9,-9
LT,4,FR,35HT,GOV,EVHOE,,,X0570,124,2019,C-TS-REV,B3,-9,g/haul,2.0000,items/haul,1,UNK,-9,-9
LT,4,FR,35HT,GOV,EVHOE,,,X0556,110,2019,C-TS-REV,B3,-9,g/haul,1.0000,items/haul,1,UNK,-9,-9
LT,4,FR,35HT,GOV,EVHOE,,,X0542,96,2019,C-TS-REV,B3,A,g/haul,2.0000,items/haul,1,UNK,-9,-9
LT,4,FR,35HT,GOV,EVHOE,,,Y0428,133,2020,C-TS-REV,B3,A,g/haul,5.0000,items/haul,1,UNK,-9,-9
LT,4,FR,35HT,GOV,EVHOE,,,Y0439,143,2020,C-TS-REV,B3,A,g/haul,10.0000,items/haul,25,UNK,-9,-9
LT,4,FR,35HT,GOV,EVHOE,,,X0520,74,2019,C-TS-REV,A10,C,g/haul,1.0000,items/haul,1,UNK,-9,-9
LT,4,FR,35HT,GOV,EVHOE,,,X0538,92,2019,C-TS-REV,A10,C,g/haul,38.0000,items/haul,1,UNK,-9,-9
LT,4,FR,35HT,GOV,EVHOE,,,Y0342,54,2020,C-TS-REV,A10,C,g/haul,4.0000,items/haul,1,UNK,-9,-9
LT,4,FR,35HT,GOV,EVHOE,,,W0599,66,2018,C-TS-REV,A10,A,g/haul,3.0000,items/haul,2,UNK,-9,-9
LT,4,FR,35HT,GOV,EVHOE,,,W0620,87,2018,C-TS-REV,A10,A,g/haul,4.0000,items/haul,1,UNK,-9,-9
LT,4,FR,35HT,GOV,EVHOE,,,X0487,41,2019,C-TS-REV,A10,A,g/haul,2.0000,items/haul,1,UNK,-9,-9
LT,4,FR,35HT,GOV,EVHOE,,,W0692,158,2018,C-TS-REV,A10,-9,g/haul,3.0000,items/haul,1,UNK,-9,-9
LT,4,FR,35HT,GOV,EVHOE,,,X0592,146,2019,C-TS-REV,A10,-9,g/haul,3.0000,items/haul,1,UNK,-9,-9
LT,4,FR,35HT,GOV,EVHOE,,,X0589,143,2019,C-TS-REV,A10,-9,g/haul,14.0000,items/haul,1,UNK,-9,-9
LT,4,FR,35HT,GOV,EVHOE,,,X0561,115,2019,C-TS-REV,A10,-9,g/haul,2.0000,items/haul,1,UNK,-9,-9
LT,4,FR,35HT,GOV,EVHOE,,,X0448,7,2019,C-TS-REV,A10,-9,g/haul,1.0000,items/haul,1,UNK,-9,-9
LT,4,FR,35HT,GOV,EVHOE,,,X0449,8,2019,C-TS-REV,A10,-9,g/haul,79.0000,items/haul,1,UNK,-9,-9
LT,4,FR,35HT,GOV,EVHOE,,,X0444,4,2019,C-TS-REV,A10,-9,g/haul,21.0000,items/haul,1,UNK,-9,-9
LT,4,FR,35HT,GOV,EVHOE,,,W0642,109,2018,C-TS-REV,A10,D,g/haul,254.0000,items/haul,1,UNK,-9,-9
LT,4,FR,35HT,GOV,EVHOE,,,W0604,71,2018,C-TS-REV,A10,-9,g/haul,43.0000,items/haul,1,UNK,-9,-9
LT,4,FR,35HT,GOV,EVHOE,,,W0542,13,2018,C-TS-REV,A10,-9,g/haul,13.0000,items/haul,1,UNK,-9,-9
LT,4,FR,35HT,GOV,EVHOE,,,Y0448,152,2020,C-TS-REV,A10,-9,g/haul,24.0000,items/haul,1,UNK,-9,-9
LT,4,FR,35HT,GOV,EVHOE,,,Y0429,134,2020,C-TS-REV,A10,-9,g/haul,6.0000,items/haul,1,UNK,-9,-9
LT,4,FR,35HT,GOV,EVHOE,,,Y0357,69,2020,C-TS-REV,A10,-9,g/haul,2.0000,items/haul,1,UNK,-9,-9
LT,4,FR,35HT,GOV,EVHOE,,,Y0330,42,2020,C-TS-REV,A10,A,g/haul,1.0000,items/haul,1,UNK,-9,-9
LT,4,FR,35HT,GOV,EVHOE,,,Y0396,105,2020,C-TS-REV,A10,A,g/haul,38.0000,items/haul,2,UNK,-9,-9
LT,4,FR,35HT,GOV,EVHOE,,,Y0398,106,2020,C-TS-REV,A10,A,g/haul,1.0000,items/haul,1,UNK,-9,-9
LT,4,FR,35HT,GOV,EVHOE,,,Y0406,113,2020,C-TS-REV,A10,A,g/haul,2.0000,items/haul,1,UNK,-9,-9
LT,4,FR,35HT,GOV,EVHOE,,,Y0434,138,2020,C-TS-REV,A10,A,g/haul,4.0000,items/haul,1,UNK,-9,-9
LT,4,FR,35HT,GOV,EVHOE,,,W0647,114,2018,C-TS-REV,A10,-9,g/haul,13.0000,items/haul,1,UNK,-9,-9
LT,4,FR,35HT,GOV,EVHOE,,,W0594,61,2018,C-TS-REV,F1,C,g/haul,285.0000,items/haul,1,UNK,-9,-9
LT,4,FR,35HT,GOV,EVHOE,,,W0611,78,2018,C-TS-REV,F1,C,g/haul,256.0000,items/haul,1,UNK,-9,-9
LT,4,FR,35HT,GOV,EVHOE,,,W0657,123,2018,C-TS-REV,F1,C,g/haul,171.0000,items/haul,2,UNK,-9,-9
LT,4,FR,35HT,GOV,EVHOE,,,W0662,128,2018,C-TS-REV,F1,C,g/haul,182.0000,items/haul,1,UNK,-9,-9
LT,4,FR,35HT,GOV,EVHOE,,,W0660,126,2018,C-TS-REV,F1,C,g/haul,326.0000,items/haul,2,UNK,-9,-9
LT,4,FR,35HT,GOV,EVHOE,,,W0656,122,2018,C-TS-REV,F1,C,g/haul,598.0000,items/haul,3,UNK,-9,-9
LT,4,FR,35HT,GOV,EVHOE,,,W0665,131,2018,C-TS-REV,F1,-9,g/haul,175.0000,items/haul,1,UNK,-9,-9
LT,4,FR,35HT,GOV,EVHOE,,,X0528,82,2019,C-TS-REV,A7,B,g/haul,30.0000,items/haul,5,UNK,-9,-9
LT,4,FR,35HT,GOV,EVHOE,,,Y0299,11,2020,C-TS-REV,A7,B,g/haul,4.0000,items/haul,2,UNK,-9,-9
LT,4,FR,35HT,GOV,EVHOE,,,Y0303,15,2020,C-TS-REV,A7,B,g/haul,6.0000,items/haul,3,UNK,-9,-9
LT,4,FR,35HT,GOV,EVHOE,,,W0552,21,2018,C-TS-REV,A7,B,g/haul,80.0000,items/haul,11,UNK,-9,-9
LT,4,FR,35HT,GOV,EVHOE,,,W0571,38,2018,C-TS-REV,A7,B,g/haul,69.0000,items/haul,21,UNK,-9,-9
LT,4,FR,35HT,GOV,EVHOE,,,W0600,67,2018,C-TS-REV,A7,B,g/haul,43.0000,items/haul,4,UNK,-9,-9
LT,4,FR,35HT,GOV,EVHOE,,,W0626,93,2018,C-TS-REV,A7,B,g/haul,11.0000,items/haul,1,UNK,-9,-9
LT,4,FR,35HT,GOV,EVHOE,,,W0634,101,2018,C-TS-REV,A7,B,g/haul,46.0000,items/haul,8,UNK,-9,-9
LT,4,FR,35HT,GOV,EVHOE,,,X0482,36,2019,C-TS-REV,A7,B,g/haul,13.5000,items/haul,10,UNK,-9,-9
LT,4,FR,35HT,GOV,EVHOE,,,Y0433,137,2020,C-TS-REV,A7,A,g/haul,7.0000,items/haul,11,UNK,-9,-9
LT,4,FR,35HT,GOV,EVHOE,,,Y0445,149,2020,C-TS-REV,A7,A,g/haul,2.0000,items/haul,2,UNK,-9,-9
LT,4,FR,35HT,GOV,EVHOE,,,W0535,7,2018,C-TS-REV,A7,B,g/haul,22.0000,items/haul,7,UNK,-9,-9
LT,4,FR,35HT,GOV,EVHOE,,,W0546,16,2018,C-TS-REV,A7,B,g/haul,153.0000,items/haul,16,UNK,-9,-9
LT,4,FR,35HT,GOV,EVHOE,,,W0542,13,2018,C-TS-REV,A7,B,g/haul,166.0000,items/haul,9,UNK,-9,-9
LT,4,FR,35HT,GOV,EVHOE,,,W0539,11,2018,C-TS-REV,A7,B,g/haul,44.0000,items/haul,7,UNK,-9,-9
LT,4,FR,35HT,GOV,EVHOE,,,Y0408,115,2020,C-TS-REV,A7,A,g/haul,6.0000,items/haul,1,UNK,-9,-9
LT,4,FR,35HT,GOV,EVHOE,,,Y0406,113,2020,C-TS-REV,A7,A,g/haul,7.0000,items/haul,3,UNK,-9,-9
LT,4,FR,35HT,GOV,EVHOE,,,Y0411,118,2020,C-TS-REV,A7,A,g/haul,44.0000,items/haul,18,UNK,-9,-9
LT,4,FR,35HT,GOV,EVHOE,,,Y0422,128,2020,C-TS-REV,A7,A,g/haul,22.0000,items/haul,3,UNK,-9,-9
LT,4,FR,35HT,GOV,EVHOE,,,Y0425,131,2020,C-TS-REV,A7,A,g/haul,13.0000,items/haul,12,UNK,-9,-9
LT,4,FR,35HT,GOV,EVHOE,,,Y0430,135,2020,C-TS-REV,A7,A,g/haul,1.0000,items/haul,6,UNK,-9,-9
LT,4,FR,35HT,GOV,EVHOE,,,Y0389,99,2020,C-TS-REV,A7,A,g/haul,48.0000,items/haul,2,UNK,-9,-9
LT,4,FR,35HT,GOV,EVHOE,,,Y0386,97,2020,C-TS-REV,A7,A,g/haul,3.0000,items/haul,1,UNK,-9,-9
LT,4,FR,35HT,GOV,EVHOE,,,Y0395,104,2020,C-TS-REV,A7,A,g/haul,61.0000,items/haul,2,UNK,-9,-9
LT,4,FR,35HT,GOV,EVHOE,,,Y0396,105,2020,C-TS-REV,A7,A,g/haul,10.0000,items/haul,1,UNK,-9,-9
LT,4,FR,35HT,GOV,EVHOE,,,Y0403,110,2020,C-TS-REV,A7,A,g/haul,3.0000,items/haul,1,UNK,-9,-9
LT,4,FR,35HT,GOV,EVHOE,,,Y0398,106,2020,C-TS-REV,A7,A,g/haul,28.0000,items/haul,2,UNK,-9,-9
LT,4,FR,35HT,GOV,EVHOE,,,Y0384,95,2020,C-TS-REV,A7,A,g/haul,34.0000,items/haul,2,UNK,-9,-9
LT,4,FR,35HT,GOV,EVHOE,,,Y0382,93,2020,C-TS-REV,A7,A,g/haul,4.0000,items/haul,1,UNK,-9,-9
LT,4,FR,35HT,GOV,EVHOE,,,Y0377,89,2020,C-TS-REV,A7,A,g/haul,1.0000,items/haul,1,UNK,-9,-9
LT,4,FR,35HT,GOV,EVHOE,,,Y0379,90,2020,C-TS-REV,A7,A,g/haul,7.0000,items/haul,2,UNK,-9,-9
LT,4,FR,35HT,GOV,EVHOE,,,Y0385,96,2020,C-TS-REV,A7,A,g/haul,20.0000,items/haul,4,UNK,-9,-9
LT,4,FR,35HT,GOV,EVHOE,,,Y0383,94,2020,C-TS-REV,A7,A,g/haul,38.0000,items/haul,4,UNK,-9,-9
LT,4,FR,35HT,GOV,EVHOE,,,Y0312,24,2020,C-TS-REV,A7,A,g/haul,20.0000,items/haul,10,UNK,-9,-9
LT,4,FR,35HT,GOV,EVHOE,,,Y0370,82,2020,C-TS-REV,A7,A,g/haul,5.0000,items/haul,3,UNK,-9,-9
LT,4,FR,35HT,GOV,EVHOE,,,Y0375,87,2020,C-TS-REV,A7,A,g/haul,10.0000,items/haul,3,UNK,-9,-9
LT,4,FR,35HT,GOV,EVHOE,,,Y0371,83,2020,C-TS-REV,A7,A,g/haul,1.0000,items/haul,3,UNK,-9,-9
LT,4,FR,35HT,GOV,EVHOE,,,Y0376,88,2020,C-TS-REV,A7,A,g/haul,94.0000,items/haul,2,UNK,-9,-9
LT,4,FR,35HT,GOV,EVHOE,,,Y0373,85,2020,C-TS-REV,A7,A,g/haul,15.0000,items/haul,7,UNK,-9,-9
LT,4,FR,35HT,GOV,EVHOE,,,X0541,95,2019,C-TS-REV,A7,A,g/haul,5.0000,items/haul,1,UNK,-9,-9
LT,4,FR,35HT,GOV,EVHOE,,,X0539,93,2019,C-TS-REV,A7,A,g/haul,10.0000,items/haul,2,UNK,-9,-9
LT,4,FR,35HT,GOV,EVHOE,,,X0535,89,2019,C-TS-REV,A7,A,g/haul,5.0000,items/haul,2,UNK,-9,-9
LT,4,FR,35HT,GOV,EVHOE,,,X0543,97,2019,C-TS-REV,A7,A,g/haul,2.0000,items/haul,1,UNK,-9,-9
LT,4,FR,35HT,GOV,EVHOE,,,X0544,98,2019,C-TS-REV,A7,A,g/haul,3.0000,items/haul,1,UNK,-9,-9
LT,4,FR,35HT,GOV,EVHOE,,,X0548,102,2019,C-TS-REV,A7,A,g/haul,27.0000,items/haul,4,UNK,-9,-9
LT,4,FR,35HT,GOV,EVHOE,,,X0523,77,2019,C-TS-REV,A7,A,g/haul,3.0000,items/haul,1,UNK,-9,-9
LT,4,FR,35HT,GOV,EVHOE,,,X0525,79,2019,C-TS-REV,A7,A,g/haul,2.0000,items/haul,1,UNK,-9,-9
LT,4,FR,35HT,GOV,EVHOE,,,X0534,88,2019,C-TS-REV,A7,A,g/haul,5.0000,items/haul,1,UNK,-9,-9
LT,4,FR,35HT,GOV,EVHOE,,,X0530,84,2019,C-TS-REV,A7,A,g/haul,44.0000,items/haul,3,UNK,-9,-9
LT,4,FR,35HT,GOV,EVHOE,,,X0533,87,2019,C-TS-REV,A7,A,g/haul,20.0000,items/haul,2,UNK,-9,-9
LT,4,FR,35HT,GOV,EVHOE,,,X0540,94,2019,C-TS-REV,A7,A,g/haul,17.0000,items/haul,1,UNK,-9,-9
LT,4,FR,35HT,GOV,EVHOE,,,X0511,65,2019,C-TS-REV,A7,A,g/haul,6.0000,items/haul,3,UNK,-9,-9
LT,4,FR,35HT,GOV,EVHOE,,,X0508,62,2019,C-TS-REV,A7,A,g/haul,20.0000,items/haul,5,UNK,-9,-9
LT,4,FR,35HT,GOV,EVHOE,,,X0519,73,2019,C-TS-REV,A7,A,g/haul,5.0000,items/haul,2,UNK,-9,-9
LT,4,FR,35HT,GOV,EVHOE,,,X0522,76,2019,C-TS-REV,A7,A,g/haul,13.0000,items/haul,3,UNK,-9,-9
LT,4,FR,35HT,GOV,EVHOE,,,X0517,71,2019,C-TS-REV,A7,A,g/haul,34.0000,items/haul,3,UNK,-9,-9
LT,4,FR,35HT,GOV,EVHOE,,,X0524,78,2019,C-TS-REV,A7,A,g/haul,10.0000,items/haul,2,UNK,-9,-9
LT,4,FR,35HT,GOV,EVHOE,,,W0631,98,2018,C-TS-REV,A7,A,g/haul,2.0000,items/haul,2,UNK,-9,-9
LT,4,FR,35HT,GOV,EVHOE,,,W0629,96,2018,C-TS-REV,A7,A,g/haul,16.0000,items/haul,2,UNK,-9,-9
LT,4,FR,35HT,GOV,EVHOE,,,W0635,102,2018,C-TS-REV,A7,A,g/haul,54.0000,items/haul,14,UNK,-9,-9
LT,4,FR,35HT,GOV,EVHOE,,,W0633,100,2018,C-TS-REV,A7,A,g/haul,2.0000,items/haul,2,UNK,-9,-9
LT,4,FR,35HT,GOV,EVHOE,,,X0481,35,2019,C-TS-REV,A7,A,g/haul,1.5000,items/haul,1,UNK,-9,-9
LT,4,FR,35HT,GOV,EVHOE,,,X0488,42,2019,C-TS-REV,A7,A,g/haul,20.0000,items/haul,1,UNK,-9,-9
LT,4,FR,35HT,GOV,EVHOE,,,W0612,79,2018,C-TS-REV,A7,A,g/haul,0.5000,items/haul,1,UNK,-9,-9
LT,4,FR,35HT,GOV,EVHOE,,,W0625,92,2018,C-TS-REV,A7,A,g/haul,27.0000,items/haul,1,UNK,-9,-9
LT,4,FR,35HT,GOV,EVHOE,,,W0622,89,2018,C-TS-REV,A7,A,g/haul,3.0000,items/haul,1,UNK,-9,-9
LT,4,FR,35HT,GOV,EVHOE,,,W0619,86,2018,C-TS-REV,A7,A,g/haul,10.0000,items/haul,1,UNK,-9,-9
LT,4,FR,35HT,GOV,EVHOE,,,W0627,94,2018,C-TS-REV,A7,A,g/haul,673.0000,items/haul,3,UNK,-9,-9
LT,4,FR,35HT,GOV,EVHOE,,,W0630,97,2018,C-TS-REV,A7,A,g/haul,3.0000,items/haul,1,UNK,-9,-9
LT,4,FR,35HT,GOV,EVHOE,,,W0601,68,2018,C-TS-REV,A7,A,g/haul,3.0000,items/haul,1,UNK,-9,-9
LT,4,FR,35HT,GOV,EVHOE,,,W0606,73,2018,C-TS-REV,A7,A,g/haul,9.0000,items/haul,1,UNK,-9,-9
LT,4,FR,35HT,GOV,EVHOE,,,W0608,75,2018,C-TS-REV,A7,A,g/haul,8.0000,items/haul,2,UNK,-9,-9
LT,4,FR,35HT,GOV,EVHOE,,,W0605,72,2018,C-TS-REV,A7,A,g/haul,14.0000,items/haul,1,UNK,-9,-9
LT,4,FR,35HT,GOV,EVHOE,,,W0610,77,2018,C-TS-REV,A7,A,g/haul,8.0000,items/haul,1,UNK,-9,-9
LT,4,FR,35HT,GOV,EVHOE,,,W0620,87,2018,C-TS-REV,A7,A,g/haul,1.0000,items/haul,1,UNK,-9,-9
LT,4,FR,35HT,GOV,EVHOE,,,W0589,56,2018,C-TS-REV,A7,A,g/haul,82.0000,items/haul,8,UNK,-9,-9
LT,4,FR,35HT,GOV,EVHOE,,,W0587,54,2018,C-TS-REV,A7,A,g/haul,115.0000,items/haul,20,UNK,-9,-9
LT,4,FR,35HT,GOV,EVHOE,,,W0591,58,2018,C-TS-REV,A7,A,g/haul,288.0000,items/haul,8,UNK,-9,-9
LT,4,FR,35HT,GOV,EVHOE,,,W0593,60,2018,C-TS-REV,A7,A,g/haul,10.0000,items/haul,2,UNK,-9,-9
LT,4,FR,35HT,GOV,EVHOE,,,W0594,61,2018,C-TS-REV,A7,A,g/haul,17.0000,items/haul,4,UNK,-9,-9
LT,4,FR,35HT,GOV,EVHOE,,,W0597,64,2018,C-TS-REV,A7,A,g/haul,14.0000,items/haul,2,UNK,-9,-9
LT,4,FR,35HT,GOV,EVHOE,,,W0575,42,2018,C-TS-REV,A7,A,g/haul,28.0000,items/haul,5,UNK,-9,-9
LT,4,FR,35HT,GOV,EVHOE,,,W0572,39,2018,C-TS-REV,A7,A,g/haul,55.0000,items/haul,6,UNK,-9,-9
LT,4,FR,35HT,GOV,EVHOE,,,W0576,43,2018,C-TS-REV,A7,A,g/haul,4.0000,items/haul,5,UNK,-9,-9
LT,4,FR,35HT,GOV,EVHOE,,,W0578,45,2018,C-TS-REV,A7,A,g/haul,23.0000,items/haul,5,UNK,-9,-9
LT,4,FR,35HT,GOV,EVHOE,,,W0573,40,2018,C-TS-REV,A7,A,g/haul,1.0000,items/haul,1,UNK,-9,-9
LT,4,FR,35HT,GOV,EVHOE,,,W0574,41,2018,C-TS-REV,A7,A,g/haul,9.0000,items/haul,2,UNK,-9,-9
LT,4,FR,35HT,GOV,EVHOE,,,W0563,31,2018,C-TS-REV,A7,A,g/haul,10.0000,items/haul,4,UNK,-9,-9
LT,4,FR,35HT,GOV,EVHOE,,,W0564,32,2018,C-TS-REV,A7,A,g/haul,2.0000,items/haul,2,UNK,-9,-9
LT,4,FR,35HT,GOV,EVHOE,,,W0561,30,2018,C-TS-REV,A7,A,g/haul,4.0000,items/haul,5,UNK,-9,-9
LT,4,FR,35HT,GOV,EVHOE,,,W0569,36,2018,C-TS-REV,A7,A,g/haul,3.0000,items/haul,2,UNK,-9,-9
LT,4,FR,35HT,GOV,EVHOE,,,W0570,37,2018,C-TS-REV,A7,A,g/haul,9.0000,items/haul,2,UNK,-9,-9
LT,4,FR,35HT,GOV,EVHOE,,,W0566,34,2018,C-TS-REV,A7,A,g/haul,8.0000,items/haul,4,UNK,-9,-9
LT,4,FR,35HT,GOV,EVHOE,,,W0550,20,2018,C-TS-REV,A7,A,g/haul,5.0000,items/haul,1,UNK,-9,-9
LT,4,FR,35HT,GOV,EVHOE,,,W0558,27,2018,C-TS-REV,A7,A,g/haul,8.0000,items/haul,4,UNK,-9,-9
LT,4,FR,35HT,GOV,EVHOE,,,W0553,22,2018,C-TS-REV,A7,A,g/haul,280.0000,items/haul,3,UNK,-9,-9
LT,4,FR,35HT,GOV,EVHOE,,,W0554,23,2018,C-TS-REV,A7,A,g/haul,2.0000,items/haul,2,UNK,-9,-9
LT,4,FR,35HT,GOV,EVHOE,,,W0555,24,2018,C-TS-REV,A7,A,g/haul,18.0000,items/haul,4,UNK,-9,-9
LT,4,FR,35HT,GOV,EVHOE,,,W0560,29,2018,C-TS-REV,A7,A,g/haul,31.0000,items/haul,11,UNK,-9,-9
LT,4,FR,35HT,GOV,EVHOE,,,W0537,9,2018,C-TS-REV,A7,A,g/haul,1.0000,items/haul,1,UNK,-9,-9
LT,4,FR,35HT,GOV,EVHOE,,,W0541,12,2018,C-TS-REV,A7,A,g/haul,25.5000,items/haul,10,UNK,-9,-9
LT,4,FR,35HT,GOV,EVHOE,,,W0544,15,2018,C-TS-REV,A7,A,g/haul,35.0000,items/haul,2,UNK,-9,-9
LT,4,FR,35HT,GOV,EVHOE,,,W0547,17,2018,C-TS-REV,A7,A,g/haul,190.0000,items/haul,12,UNK,-9,-9
LT,4,FR,35HT,GOV,EVHOE,,,W0548,18,2018,C-TS-REV,A7,A,g/haul,35.0000,items/haul,6,UNK,-9,-9
LT,4,FR,35HT,GOV,EVHOE,,,W0549,19,2018,C-TS-REV,A7,A,g/haul,9.0000,items/haul,1,UNK,-9,-9
LT,4,FR,35HT,GOV,EVHOE,,,Y0337,49,2020,C-TS-REV,A7,C,g/haul,2.0000,items/haul,1,UNK,-9,-9
LT,4,FR,35HT,GOV,EVHOE,,,Y0338,50,2020,C-TS-REV,A7,C,g/haul,7.0000,items/haul,2,UNK,-9,-9
LT,4,FR,35HT,GOV,EVHOE,,,Y0342,54,2020,C-TS-REV,A7,C,g/haul,7.0000,items/haul,4,UNK,-9,-9
LT,4,FR,35HT,GOV,EVHOE,,,Y0339,51,2020,C-TS-REV,A7,C,g/haul,2.0000,items/haul,2,UNK,-9,-9
LT,4,FR,35HT,GOV,EVHOE,,,Y0439,143,2020,C-TS-REV,A7,C,g/haul,555.0000,items/haul,5,UNK,-9,-9
LT,4,FR,35HT,GOV,EVHOE,,,Y0440,144,2020,C-TS-REV,A7,C,g/haul,164.0000,items/haul,1,UNK,-9,-9
LT,4,FR,35HT,GOV,EVHOE,,,Y0307,19,2020,C-TS-REV,A7,C,g/haul,7.0000,items/haul,1,UNK,-9,-9
LT,4,FR,35HT,GOV,EVHOE,,,Y0319,31,2020,C-TS-REV,A7,C,g/haul,16.0000,items/haul,2,UNK,-9,-9
LT,4,FR,35HT,GOV,EVHOE,,,Y0315,27,2020,C-TS-REV,A7,C,g/haul,9.0000,items/haul,2,UNK,-9,-9
LT,4,FR,35HT,GOV,EVHOE,,,Y0323,35,2020,C-TS-REV,A7,C,g/haul,1.0000,items/haul,1,UNK,-9,-9
LT,4,FR,35HT,GOV,EVHOE,,,Y0332,44,2020,C-TS-REV,A7,C,g/haul,25.0000,items/haul,1,UNK,-9,-9
LT,4,FR,35HT,GOV,EVHOE,,,Y0333,45,2020,C-TS-REV,A7,C,g/haul,2.0000,items/haul,1,UNK,-9,-9
LT,4,FR,35HT,GOV,EVHOE,,,X0542,96,2019,C-TS-REV,A7,C,g/haul,45.0000,items/haul,5,UNK,-9,-9
LT,4,FR,35HT,GOV,EVHOE,,,Y0302,14,2020,C-TS-REV,A7,C,g/haul,36.0000,items/haul,3,UNK,-9,-9
LT,4,FR,35HT,GOV,EVHOE,,,Y0304,16,2020,C-TS-REV,A7,C,g/haul,8.0000,items/haul,2,UNK,-9,-9
LT,4,FR,35HT,GOV,EVHOE,,,Y0303,15,2020,C-TS-REV,A7,C,g/haul,28.0000,items/haul,5,UNK,-9,-9
LT,4,FR,35HT,GOV,EVHOE,,,Y0305,17,2020,C-TS-REV,A7,C,g/haul,300.0000,items/haul,1,UNK,-9,-9
LT,4,FR,35HT,GOV,EVHOE,,,Y0306,18,2020,C-TS-REV,A7,C,g/haul,13.0000,items/haul,3,UNK,-9,-9
LT,4,FR,35HT,GOV,EVHOE,,,W0628,95,2018,C-TS-REV,A7,C,g/haul,218.0000,items/haul,12,UNK,-9,-9
LT,4,FR,35HT,GOV,EVHOE,,,X0480,34,2019,C-TS-REV,A7,C,g/haul,10.5000,items/haul,2,UNK,-9,-9
LT,4,FR,35HT,GOV,EVHOE,,,X0491,45,2019,C-TS-REV,A7,C,g/haul,3.0000,items/haul,3,UNK,-9,-9
LT,4,FR,35HT,GOV,EVHOE,,,X0506,60,2019,C-TS-REV,A7,C,g/haul,402.0000,items/haul,2,UNK,-9,-9
LT,4,FR,35HT,GOV,EVHOE,,,X0510,64,2019,C-TS-REV,A7,C,g/haul,168.0000,items/haul,8,UNK,-9,-9
LT,4,FR,35HT,GOV,EVHOE,,,X0521,75,2019,C-TS-REV,A7,C,g/haul,3.5000,items/haul,1,UNK,-9,-9
LT,4,FR,35HT,GOV,EVHOE,,,W0537,9,2018,C-TS-REV,A14,C,g/haul,151.0000,items/haul,1,UNK,-9,-9
LT,4,FR,35HT,GOV,EVHOE,,,W0564,32,2018,C-TS-REV,A14,C,g/haul,57.0000,items/haul,1,UNK,-9,-9
LT,4,FR,35HT,GOV,EVHOE,,,W0632,99,2018,C-TS-REV,A14,C,g/haul,41.0000,items/haul,2,UNK,-9,-9
LT,4,FR,35HT,GOV,EVHOE,,,W0657,123,2018,C-TS-REV,A14,C,g/haul,42.0000,items/haul,1,UNK,-9,-9
LT,4,FR,35HT,GOV,EVHOE,,,X0482,36,2019,C-TS-REV,A14,C,g/haul,25.5000,items/haul,1,UNK,-9,-9
LT,4,FR,35HT,GOV,EVHOE,,,X0505,59,2019,C-TS-REV,A14,C,g/haul,600.0000,items/haul,1,UNK,-9,-9
LT,4,FR,35HT,GOV,EVHOE,,,W0673,139,2018,C-TS-REV,A14,-9,g/haul,13.0000,items/haul,1,UNK,-9,-9
LT,4,FR,35HT,GOV,EVHOE,,,W0665,131,2018,C-TS-REV,A14,-9,g/haul,1.0000,items/haul,1,UNK,-9,-9
LT,4,FR,35HT,GOV,EVHOE,,,W0663,129,2018,C-TS-REV,A14,-9,g/haul,2.0000,items/haul,1,UNK,-9,-9
LT,4,FR,35HT,GOV,EVHOE,,,W0664,130,2018,C-TS-REV,A14,-9,g/haul,7.0000,items/haul,1,UNK,-9,-9
LT,4,FR,35HT,GOV,EVHOE,,,W0689,155,2018,C-TS-REV,A14,-9,g/haul,4.0000,items/haul,1,UNK,-9,-9
LT,4,FR,35HT,GOV,EVHOE,,,W0685,151,2018,C-TS-REV,A14,-9,g/haul,54.0000,items/haul,1,UNK,-9,-9
LT,4,FR,35HT,GOV,EVHOE,,,W0684,150,2018,C-TS-REV,A14,-9,g/haul,17.0000,items/haul,1,UNK,-9,-9
LT,4,FR,35HT,GOV,EVHOE,,,W0680,146,2018,C-TS-REV,A14,-9,g/haul,440.0000,items/haul,1,UNK,-9,-9
LT,4,FR,35HT,GOV,EVHOE,,,W0680,146,2018,C-TS-REV,A14,-9,g/haul,18.0000,items/haul,1,UNK,-9,-9
LT,4,FR,35HT,GOV,EVHOE,,,W0679,145,2018,C-TS-REV,A14,-9,g/haul,12.0000,items/haul,3,UNK,-9,-9
LT,4,FR,35HT,GOV,EVHOE,,,X0561,115,2019,C-TS-REV,A14,-9,g/haul,47.0000,items/haul,1,UNK,-9,-9
LT,4,FR,35HT,GOV,EVHOE,,,X0526,80,2019,C-TS-REV,A14,-9,g/haul,10.0000,items/haul,1,UNK,-9,-9
LT,4,FR,35HT,GOV,EVHOE,,,X0472,27,2019,C-TS-REV,A14,-9,g/haul,355.0000,items/haul,1,UNK,-9,-9
LT,4,FR,35HT,GOV,EVHOE,,,X0460,17,2019,C-TS-REV,A14,-9,g/haul,57.0000,items/haul,1,UNK,-9,-9
LT,4,FR,35HT,GOV,EVHOE,,,X0452,11,2019,C-TS-REV,A14,-9,g/haul,580.0000,items/haul,3,UNK,-9,-9
LT,4,FR,35HT,GOV,EVHOE,,,W0692,158,2018,C-TS-REV,A14,-9,g/haul,23.0000,items/haul,1,UNK,-9,-9
LT,4,FR,35HT,GOV,EVHOE,,,Y0299,11,2020,C-TS-REV,A14,-9,g/haul,5.0000,items/haul,1,UNK,-9,-9
LT,4,FR,35HT,GOV,EVHOE,,,Y0297,9,2020,C-TS-REV,A14,-9,g/haul,2.0000,items/haul,1,UNK,-9,-9
LT,4,FR,35HT,GOV,EVHOE,,,Y0295,7,2020,C-TS-REV,A14,D,g/haul,152.0000,items/haul,1,UNK,-9,-9
LT,4,FR,35HT,GOV,EVHOE,,,Y0296,8,2020,C-TS-REV,A14,-9,g/haul,52.0000,items/haul,1,UNK,-9,-9
LT,4,FR,35HT,GOV,EVHOE,,,Y0293,5,2020,C-TS-REV,A14,-9,g/haul,68.0000,items/haul,1,UNK,-9,-9
LT,4,FR,35HT,GOV,EVHOE,,,X0563,117,2019,C-TS-REV,A14,-9,g/haul,5.0000,items/haul,1,UNK,-9,-9
LT,4,FR,35HT,GOV,EVHOE,,,Y0369,81,2020,C-TS-REV,A14,-9,g/haul,41.0000,items/haul,1,UNK,-9,-9
LT,4,FR,35HT,GOV,EVHOE,,,Y0363,75,2020,C-TS-REV,A14,-9,g/haul,1.0000,items/haul,1,UNK,-9,-9
LT,4,FR,35HT,GOV,EVHOE,,,Y0322,34,2020,C-TS-REV,A14,D,g/haul,68.0000,items/haul,1,UNK,-9,-9
LT,4,FR,35HT,GOV,EVHOE,,,Y0310,22,2020,C-TS-REV,A14,-9,g/haul,22.0000,items/haul,1,UNK,-9,-9
LT,4,FR,35HT,GOV,EVHOE,,,Y0302,14,2020,C-TS-REV,A14,D,g/haul,133.0000,items/haul,1,UNK,-9,-9
LT,4,FR,35HT,GOV,EVHOE,,,Y0300,12,2020,C-TS-REV,A14,-9,g/haul,10.0000,items/haul,2,UNK,-9,-9
LT,4,FR,35HT,GOV,EVHOE,,,W0617,84,2018,C-TS-REV,A14,-9,g/haul,36.0000,items/haul,1,UNK,-9,-9
LT,4,FR,35HT,GOV,EVHOE,,,Y0450,154,2020,C-TS-REV,A14,-9,g/haul,179.0000,items/haul,1,UNK,-9,-9
LT,4,FR,35HT,GOV,EVHOE,,,Y0416,122,2020,C-TS-REV,A14,-9,g/haul,2.0000,items/haul,1,UNK,-9,-9
LT,4,FR,35HT,GOV,EVHOE,,,Y0386,97,2020,C-TS-REV,A14,-9,g/haul,22.0000,items/haul,1,UNK,-9,-9
LT,4,FR,35HT,GOV,EVHOE,,,Y0369,81,2020,C-TS-REV,A14,-9,g/haul,4.0000,items/haul,2,UNK,-9,-9
LT,4,FR,35HT,GOV,EVHOE,,,Y0367,79,2020,C-TS-REV,A14,-9,g/haul,100.0000,items/haul,1,UNK,-9,-9
LT,4,FR,35HT,GOV,EVHOE,,,W0661,127,2018,C-TS-REV,A14,-9,g/haul,67.0000,items/haul,3,UNK,-9,-9
LT,4,FR,35HT,GOV,EVHOE,,,W0659,125,2018,C-TS-REV,A14,-9,g/haul,9.0000,items/haul,1,UNK,-9,-9
LT,4,FR,35HT,GOV,EVHOE,,,Y0355,67,2020,C-TS-REV,A2,A,g/haul,1.0000,items/haul,2,UNK,-9,-9
LT,4,FR,35HT,GOV,EVHOE,,,Y0349,61,2020,C-TS-REV,A2,A,g/haul,0.5000,items/haul,1,UNK,-9,-9
LT,4,FR,35HT,GOV,EVHOE,,,Y0336,48,2020,C-TS-REV,A2,A,g/haul,2.0000,items/haul,2,UNK,-9,-9
LT,4,FR,35HT,GOV,EVHOE,,,Y0303,15,2020,C-TS-REV,A2,A,g/haul,1.0000,items/haul,1,UNK,-9,-9
LT,4,FR,35HT,GOV,EVHOE,,,Y0293,5,2020,C-TS-REV,A2,A,g/haul,2.0000,items/haul,1,UNK,-9,-9
LT,4,FR,35HT,GOV,EVHOE,,,Y0305,17,2020,C-TS-REV,A2,A,g/haul,1.0000,items/haul,1,UNK,-9,-9
LT,4,FR,35HT,GOV,EVHOE,,,Y0318,30,2020,C-TS-REV,A2,A,g/haul,7.0000,items/haul,85,UNK,-9,-9
LT,4,FR,35HT,GOV,EVHOE,,,Y0313,25,2020,C-TS-REV,A2,A,g/haul,3.0000,items/haul,6,UNK,-9,-9
LT,4,FR,35HT,GOV,EVHOE,,,Y0330,42,2020,C-TS-REV,A2,A,g/haul,1.0000,items/haul,1,UNK,-9,-9
LT,4,FR,35HT,GOV,EVHOE,,,X0536,90,2019,C-TS-REV,A2,A,g/haul,2.0000,items/haul,1,UNK,-9,-9
LT,4,FR,35HT,GOV,EVHOE,,,X0546,100,2019,C-TS-REV,A2,A,g/haul,13.0000,items/haul,2,UNK,-9,-9
LT,4,FR,35HT,GOV,EVHOE,,,X0539,93,2019,C-TS-REV,A2,A,g/haul,2.0000,items/haul,1,UNK,-9,-9
LT,4,FR,35HT,GOV,EVHOE,,,X0548,102,2019,C-TS-REV,A2,A,g/haul,1.0000,items/haul,1,UNK,-9,-9
LT,4,FR,35HT,GOV,EVHOE,,,X0549,103,2019,C-TS-REV,A2,A,g/haul,1.0000,items/haul,1,UNK,-9,-9
LT,4,FR,35HT,GOV,EVHOE,,,Y0291,3,2020,C-TS-REV,A2,A,g/haul,1.0000,items/haul,1,UNK,-9,-9
LT,4,FR,35HT,GOV,EVHOE,,,X0526,80,2019,C-TS-REV,A2,A,g/haul,2.0000,items/haul,1,UNK,-9,-9
LT,4,FR,35HT,GOV,EVHOE,,,X0525,79,2019,C-TS-REV,A2,A,g/haul,0.5000,items/haul,2,UNK,-9,-9
LT,4,FR,35HT,GOV,EVHOE,,,X0529,83,2019,C-TS-REV,A2,A,g/haul,2.0000,items/haul,1,UNK,-9,-9
LT,4,FR,35HT,GOV,EVHOE,,,X0528,82,2019,C-TS-REV,A2,A,g/haul,1.0000,items/haul,2,UNK,-9,-9
LT,4,FR,35HT,GOV,EVHOE,,,X0531,85,2019,C-TS-REV,A2,A,g/haul,2.0000,items/haul,2,UNK,-9,-9
LT,4,FR,35HT,GOV,EVHOE,,,X0535,89,2019,C-TS-REV,A2,A,g/haul,1.0000,items/haul,1,UNK,-9,-9
LT,4,FR,35HT,GOV,EVHOE,,,X0479,33,2019,C-TS-REV,A2,A,g/haul,1.0000,items/haul,1,UNK,-9,-9
LT,4,FR,35HT,GOV,EVHOE,,,X0499,53,2019,C-TS-REV,A2,A,g/haul,0.5000,items/haul,1,UNK,-9,-9
LT,4,FR,35HT,GOV,EVHOE,,,X0495,49,2019,C-TS-REV,A2,A,g/haul,0.5000,items/haul,1,UNK,-9,-9
LT,4,FR,35HT,GOV,EVHOE,,,X0488,42,2019,C-TS-REV,A2,A,g/haul,7.0000,items/haul,6,UNK,-9,-9
LT,4,FR,35HT,GOV,EVHOE,,,X0514,68,2019,C-TS-REV,A2,A,g/haul,0.5000,items/haul,1,UNK,-9,-9
LT,4,FR,35HT,GOV,EVHOE,,,X0512,66,2019,C-TS-REV,A2,A,g/haul,1.0000,items/haul,1,UNK,-9,-9
LT,4,FR,35HT,GOV,EVHOE,,,W0654,120,2018,C-TS-REV,A2,A,g/haul,6.0000,items/haul,1,UNK,-9,-9
LT,4,FR,35HT,GOV,EVHOE,,,W0653,119,2018,C-TS-REV,A2,A,g/haul,2.0000,items/haul,2,UNK,-9,-9
LT,4,FR,35HT,GOV,EVHOE,,,Y0290,2,2020,C-TS-REV,A6,A,g/haul,9.0000,items/haul,1,UNK,-9,-9
LT,4,FR,35HT,GOV,EVHOE,,,Y0312,24,2020,C-TS-REV,A6,A,g/haul,12.0000,items/haul,1,UNK,-9,-9
LT,4,FR,35HT,GOV,EVHOE,,,Y0341,53,2020,C-TS-REV,A6,A,g/haul,1.0000,items/haul,1,UNK,-9,-9
LT,4,FR,35HT,GOV,EVHOE,,,Y0376,88,2020,C-TS-REV,A6,A,g/haul,1.0000,items/haul,1,UNK,-9,-9
LT,4,FR,35HT,GOV,EVHOE,,,Y0388,98,2020,C-TS-REV,A6,A,g/haul,1.0000,items/haul,1,UNK,-9,-9
LT,4,FR,35HT,GOV,EVHOE,,,Y0419,125,2020,C-TS-REV,A6,A,g/haul,16.0000,items/haul,1,UNK,-9,-9
LT,4,FR,35HT,GOV,EVHOE,,,W0565,33,2018,C-TS-REV,A6,A,g/haul,3.0000,items/haul,3,UNK,-9,-9
LT,4,FR,35HT,GOV,EVHOE,,,W0591,58,2018,C-TS-REV,A6,A,g/haul,24.0000,items/haul,19,UNK,-9,-9
LT,4,FR,35HT,GOV,EVHOE,,,W0596,63,2018,C-TS-REV,A6,A,g/haul,8.0000,items/haul,2,UNK,-9,-9
LT,4,FR,35HT,GOV,EVHOE,,,X0461,18,2019,C-TS-REV,A6,A,g/haul,6.0000,items/haul,1,UNK,-9,-9
LT,4,FR,35HT,GOV,EVHOE,,,X0507,61,2019,C-TS-REV,A6,A,g/haul,10.0000,items/haul,3,UNK,-9,-9
LT,4,FR,35HT,GOV,EVHOE,,,X0508,62,2019,C-TS-REV,A6,A,g/haul,1.0000,items/haul,2,UNK,-9,-9
LT,4,FR,35HT,GOV,EVHOE,,,W0539,11,2018,C-TS-REV,A6,A,g/haul,3.0000,items/haul,1,UNK,-9,-9
LT,4,FR,35HT,GOV,EVHOE,,,W0542,13,2018,C-TS-REV,A6,A,g/haul,9.0000,items/haul,1,UNK,-9,-9
LT,4,FR,35HT,GOV,EVHOE,,,W0546,16,2018,C-TS-REV,A6,A,g/haul,14.0000,items/haul,4,UNK,-9,-9
LT,4,FR,35HT,GOV,EVHOE,,,W0548,18,2018,C-TS-REV,A6,A,g/haul,7.0000,items/haul,1,UNK,-9,-9
LT,4,FR,35HT,GOV,EVHOE,,,W0557,26,2018,C-TS-REV,A6,A,g/haul,10.0000,items/haul,3,UNK,-9,-9
LT,4,FR,35HT,GOV,EVHOE,,,W0559,28,2018,C-TS-REV,A6,A,g/haul,8.0000,items/haul,3,UNK,-9,-9
LT,4,FR,35HT,GOV,EVHOE,,,Y0303,15,2020,C-TS-REV,A6,C,g/haul,3.0000,items/haul,1,UNK,-9,-9
LT,4,FR,35HT,GOV,EVHOE,,,Y0306,18,2020,C-TS-REV,A6,C,g/haul,40.0000,items/haul,1,UNK,-9,-9
LT,4,FR,35HT,GOV,EVHOE,,,Y0305,17,2020,C-TS-REV,A6,C,g/haul,13.0000,items/haul,1,UNK,-9,-9
LT,4,FR,35HT,GOV,EVHOE,,,Y0384,95,2020,C-TS-REV,A6,C,g/haul,485.0000,items/haul,1,UNK,-9,-9
LT,4,FR,35HT,GOV,EVHOE,,,Y0403,110,2020,C-TS-REV,A6,C,g/haul,210.0000,items/haul,1,UNK,-9,-9
LT,4,FR,35HT,GOV,EVHOE,,,W0531,4,2018,C-TS-REV,A6,A,g/haul,2.0000,items/haul,1,UNK,-9,-9
LT,4,FR,35HT,GOV,EVHOE,,,W0530,3,2018,C-TS-REV,A3,C,g/haul,24.0000,items/haul,2,UNK,-9,-9
LT,4,FR,35HT,GOV,EVHOE,,,W0591,58,2018,C-TS-REV,A3,C,g/haul,540.0000,items/haul,7,UNK,-9,-9
LT,4,FR,35HT,GOV,EVHOE,,,W0595,62,2018,C-TS-REV,A3,C,g/haul,86.0000,items/haul,5,UNK,-9,-9
LT,4,FR,35HT,GOV,EVHOE,,,W0609,76,2018,C-TS-REV,A3,C,g/haul,215.0000,items/haul,3,UNK,-9,-9
LT,4,FR,35HT,GOV,EVHOE,,,W0629,96,2018,C-TS-REV,A3,C,g/haul,260.0000,items/haul,1,UNK,-9,-9
LT,4,FR,35HT,GOV,EVHOE,,,W0623,90,2018,C-TS-REV,A3,C,g/haul,53.0000,items/haul,1,UNK,-9,-9
LT,4,FR,35HT,GOV,EVHOE,,,W0663,129,2018,C-TS-REV,A3,D,g/haul,37.0000,items/haul,1,UNK,-9,-9
LT,4,FR,35HT,GOV,EVHOE,,,X0451,10,2019,C-TS-REV,A3,-9,g/haul,316.0000,items/haul,1,UNK,-9,-9
LT,4,FR,35HT,GOV,EVHOE,,,X0452,11,2019,C-TS-REV,A3,-9,g/haul,48.0000,items/haul,9,UNK,-9,-9
LT,4,FR,35HT,GOV,EVHOE,,,X0443,3,2019,C-TS-REV,A3,-9,g/haul,2.5000,items/haul,1,UNK,-9,-9
LT,4,FR,35HT,GOV,EVHOE,,,W0678,144,2018,C-TS-REV,A3,-9,g/haul,190.0000,items/haul,1,UNK,-9,-9
LT,4,FR,35HT,GOV,EVHOE,,,W0670,136,2018,C-TS-REV,A3,D,g/haul,244.0000,items/haul,2,UNK,-9,-9
LT,4,FR,35HT,GOV,EVHOE,,,W0671,137,2018,C-TS-REV,A3,D,g/haul,81.0000,items/haul,1,UNK,-9,-9
LT,4,FR,35HT,GOV,EVHOE,,,X0525,79,2019,C-TS-REV,A3,D,g/haul,476.0000,items/haul,2,UNK,-9,-9
LT,4,FR,35HT,GOV,EVHOE,,,X0516,70,2019,C-TS-REV,A3,-9,g/haul,30.0000,items/haul,3,UNK,-9,-9
LT,4,FR,35HT,GOV,EVHOE,,,X0490,44,2019,C-TS-REV,A3,D,g/haul,40.0000,items/haul,1,UNK,-9,-9
LT,4,FR,35HT,GOV,EVHOE,,,X0472,27,2019,C-TS-REV,A3,-9,g/haul,15.0000,items/haul,6,UNK,-9,-9
LT,4,FR,35HT,GOV,EVHOE,,,X0457,15,2019,C-TS-REV,A3,-9,g/haul,41.0000,items/haul,1,UNK,-9,-9
LT,4,FR,35HT,GOV,EVHOE,,,X0454,12,2019,C-TS-REV,A3,-9,g/haul,35.0000,items/haul,7,UNK,-9,-9
LT,4,FR,35HT,GOV,EVHOE,,,X0560,114,2019,C-TS-REV,A3,-9,g/haul,33.0000,items/haul,2,UNK,-9,-9
LT,4,FR,35HT,GOV,EVHOE,,,X0561,115,2019,C-TS-REV,A3,-9,g/haul,157.0000,items/haul,2,UNK,-9,-9
LT,4,FR,35HT,GOV,EVHOE,,,X0558,112,2019,C-TS-REV,A3,-9,g/haul,133.0000,items/haul,4,UNK,-9,-9
LT,4,FR,35HT,GOV,EVHOE,,,X0553,107,2019,C-TS-REV,A3,-9,g/haul,4.0000,items/haul,1,UNK,-9,-9
LT,4,FR,35HT,GOV,EVHOE,,,X0542,96,2019,C-TS-REV,A3,D,g/haul,190.0000,items/haul,3,UNK,-9,-9
LT,4,FR,35HT,GOV,EVHOE,,,X0540,94,2019,C-TS-REV,A3,D,g/haul,247.0000,items/haul,1,UNK,-9,-9
LT,4,FR,35HT,GOV,EVHOE,,,Y0296,8,2020,C-TS-REV,A3,-9,g/haul,309.0000,items/haul,1,UNK,-9,-9
LT,4,FR,35HT,GOV,EVHOE,,,Y0295,7,2020,C-TS-REV,A3,D,g/haul,135.0000,items/haul,7,UNK,-9,-9
LT,4,FR,35HT,GOV,EVHOE,,,X0592,146,2019,C-TS-REV,A3,-9,g/haul,12.0000,items/haul,1,UNK,-9,-9
LT,4,FR,35HT,GOV,EVHOE,,,X0568,122,2019,C-TS-REV,A3,-9,g/haul,120.0000,items/haul,1,UNK,-9,-9
LT,4,FR,35HT,GOV,EVHOE,,,X0566,120,2019,C-TS-REV,A3,-9,g/haul,78.0000,items/haul,3,UNK,-9,-9
LT,4,FR,35HT,GOV,EVHOE,,,X0565,119,2019,C-TS-REV,A3,-9,g/haul,82.0000,items/haul,1,UNK,-9,-9
LT,4,FR,35HT,GOV,EVHOE,,,Y0375,87,2020,C-TS-REV,A3,D,g/haul,68.0000,items/haul,1,UNK,-9,-9
LT,4,FR,35HT,GOV,EVHOE,,,Y0327,39,2020,C-TS-REV,A3,D,g/haul,17.0000,items/haul,1,UNK,-9,-9
LT,4,FR,35HT,GOV,EVHOE,,,Y0324,36,2020,C-TS-REV,A3,D,g/haul,97.0000,items/haul,1,UNK,-9,-9
LT,4,FR,35HT,GOV,EVHOE,,,Y0315,27,2020,C-TS-REV,A3,D,g/haul,71.0000,items/haul,1,UNK,-9,-9
LT,4,FR,35HT,GOV,EVHOE,,,Y0305,17,2020,C-TS-REV,A3,D,g/haul,35.0000,items/haul,8,UNK,-9,-9
LT,4,FR,35HT,GOV,EVHOE,,,Y0298,10,2020,C-TS-REV,A3,-9,g/haul,648.0000,items/haul,1,UNK,-9,-9
LT,4,FR,35HT,GOV,EVHOE,,,Y0440,144,2020,C-TS-REV,A3,D,g/haul,592.0000,items/haul,9,UNK,-9,-9
LT,4,FR,35HT,GOV,EVHOE,,,Y0400,108,2020,C-TS-REV,A3,-9,g/haul,31.0000,items/haul,2,UNK,-9,-9
LT,4,FR,35HT,GOV,EVHOE,,,Y0402,109,2020,C-TS-REV,A3,-9,g/haul,13.0000,items/haul,1,UNK,-9,-9
LT,4,FR,35HT,GOV,EVHOE,,,Y0396,105,2020,C-TS-REV,A3,D,g/haul,14.0000,items/haul,5,UNK,-9,-9
LT,4,FR,35HT,GOV,EVHOE,,,Y0390,100,2020,C-TS-REV,A3,-9,g/haul,20.0000,items/haul,5,UNK,-9,-9
LT,4,FR,35HT,GOV,EVHOE,,,Y0380,91,2020,C-TS-REV,A3,-9,g/haul,14.0000,items/haul,2,UNK,-9,-9
LT,4,FR,35HT,GOV,EVHOE,,,W0656,122,2018,C-TS-REV,A3,D,g/haul,395.0000,items/haul,2,UNK,-9,-9
LT,4,FR,35HT,GOV,EVHOE,,,W0654,120,2018,C-TS-REV,A3,-9,g/haul,49.0000,items/haul,1,UNK,-9,-9
LT,4,FR,35HT,GOV,EVHOE,,,W0617,84,2018,C-TS-REV,A3,D,g/haul,55.0000,items/haul,1,UNK,-9,-9
LT,4,FR,35HT,GOV,EVHOE,,,W0605,72,2018,C-TS-REV,A3,D,g/haul,200.0000,items/haul,1,UNK,-9,-9
LT,4,FR,35HT,GOV,EVHOE,,,W0590,57,2018,C-TS-REV,A3,D,g/haul,57.0000,items/haul,1,UNK,-9,-9
LT,4,FR,35HT,GOV,EVHOE,,,Y0444,148,2020,C-TS-REV,A3,-9,g/haul,8.0000,items/haul,4,UNK,-9,-9
LT,4,FR,35HT,GOV,EVHOE,,,X0506,60,2019,C-TS-REV,A3,E,g/haul,203.0000,items/haul,1,UNK,-9,-9
LT,4,FR,35HT,GOV,EVHOE,,,Y0314,26,2020,C-TS-REV,A3,E,g/haul,140.0000,items/haul,3,UNK,-9,-9
LT,4,FR,35HT,GOV,EVHOE,,,Y0415,121,2020,C-TS-REV,A3,E,g/haul,172.0000,items/haul,5,UNK,-9,-9
LT,4,FR,35HT,GOV,EVHOE,,,Y0389,99,2020,C-TS-REV,A3,E,g/haul,365.0000,items/haul,7,UNK,-9,-9
LT,4,FR,35HT,GOV,EVHOE,,,Y0376,88,2020,C-TS-REV,A3,E,g/haul,603.0000,items/haul,1,UNK,-9,-9
LT,4,FR,35HT,GOV,EVHOE,,,W0660,126,2018,C-TS-REV,A3,D,g/haul,168.0000,items/haul,1,UNK,-9,-9
LT,4,FR,35HT,GOV,EVHOE,,,Y0445,149,2020,C-TS-REV,A3,B,g/haul,5.0000,items/haul,3,UNK,-9,-9
LT,4,FR,35HT,GOV,EVHOE,,,W0570,37,2018,C-TS-REV,A3,E,g/haul,228.0000,items/haul,1,UNK,-9,-9
LT,4,FR,35HT,GOV,EVHOE,,,W0665,131,2018,C-TS-REV,A3,E,g/haul,211.0000,items/haul,1,UNK,-9,-9
LT,4,FR,35HT,GOV,EVHOE,,,W0631,98,2018,C-TS-REV,A3,E,g/haul,145.0000,items/haul,3,UNK,-9,-9
LT,4,FR,35HT,GOV,EVHOE,,,Y0311,23,2020,C-TS-REV,A3,E,g/haul,20.0000,items/haul,2,UNK,-9,-9
LT,4,FR,35HT,GOV,EVHOE,,,Y0310,22,2020,C-TS-REV,A3,E,g/haul,209.0000,items/haul,3,UNK,-9,-9
LT,4,FR,35HT,GOV,EVHOE,,,Y0384,95,2020,C-TS-REV,A3,B,g/haul,38.0000,items/haul,2,UNK,-9,-9
LT,4,FR,35HT,GOV,EVHOE,,,Y0403,110,2020,C-TS-REV,A3,B,g/haul,46.0000,items/haul,1,UNK,-9,-9
LT,4,FR,35HT,GOV,EVHOE,,,Y0419,125,2020,C-TS-REV,A3,B,g/haul,146.0000,items/haul,9,UNK,-9,-9
LT,4,FR,35HT,GOV,EVHOE,,,Y0422,128,2020,C-TS-REV,A3,B,g/haul,10.0000,items/haul,1,UNK,-9,-9
LT,4,FR,35HT,GOV,EVHOE,,,Y0433,137,2020,C-TS-REV,A3,B,g/haul,6.0000,items/haul,1,UNK,-9,-9
LT,4,FR,35HT,GOV,EVHOE,,,Y0441,145,2020,C-TS-REV,A3,B,g/haul,9.0000,items/haul,2,UNK,-9,-9
LT,4,FR,35HT,GOV,EVHOE,,,W0592,59,2018,C-TS-REV,A3,B,g/haul,133.0000,items/haul,5,UNK,-9,-9
LT,4,FR,35HT,GOV,EVHOE,,,W0599,66,2018,C-TS-REV,A3,B,g/haul,5.0000,items/haul,1,UNK,-9,-9
LT,4,FR,35HT,GOV,EVHOE,,,W0603,70,2018,C-TS-REV,A3,B,g/haul,23.0000,items/haul,3,UNK,-9,-9
LT,4,FR,35HT,GOV,EVHOE,,,X0517,71,2019,C-TS-REV,A3,B,g/haul,17.0000,items/haul,2,UNK,-9,-9
LT,4,FR,35HT,GOV,EVHOE,,,X0532,86,2019,C-TS-REV,A3,B,g/haul,50.0000,items/haul,2,UNK,-9,-9
LT,4,FR,35HT,GOV,EVHOE,,,Y0307,19,2020,C-TS-REV,A3,B,g/haul,23.0000,items/haul,3,UNK,-9,-9
LT,4,FR,35HT,GOV,EVHOE,,,Y0437,141,2020,C-TS-REV,A3,A,g/haul,1.0000,items/haul,1,UNK,-9,-9
LT,4,FR,35HT,GOV,EVHOE,,,Y0442,146,2020,C-TS-REV,A3,A,g/haul,80.0000,items/haul,3,UNK,-9,-9
LT,4,FR,35HT,GOV,EVHOE,,,Y0450,154,2020,C-TS-REV,A3,A,g/haul,2.0000,items/haul,1,UNK,-9,-9
LT,4,FR,35HT,GOV,EVHOE,,,Y0438,142,2020,C-TS-REV,A3,F,g/haul,239.0000,items/haul,3,UNK,-9,-9
LT,4,FR,35HT,GOV,EVHOE,,,W0535,7,2018,C-TS-REV,A3,B,g/haul,53.0000,items/haul,3,UNK,-9,-9
LT,4,FR,35HT,GOV,EVHOE,,,W0565,33,2018,C-TS-REV,A3,B,g/haul,64.0000,items/haul,1,UNK,-9,-9
LT,4,FR,35HT,GOV,EVHOE,,,Y0372,84,2020,C-TS-REV,A3,A,g/haul,1.0000,items/haul,1,UNK,-9,-9
LT,4,FR,35HT,GOV,EVHOE,,,Y0379,90,2020,C-TS-REV,A3,A,g/haul,4.0000,items/haul,2,UNK,-9,-9
LT,4,FR,35HT,GOV,EVHOE,,,Y0399,107,2020,C-TS-REV,A3,A,g/haul,10.0000,items/haul,1,UNK,-9,-9
LT,4,FR,35HT,GOV,EVHOE,,,Y0398,106,2020,C-TS-REV,A3,A,g/haul,4.0000,items/haul,1,UNK,-9,-9
LT,4,FR,35HT,GOV,EVHOE,,,Y0410,117,2020,C-TS-REV,A3,A,g/haul,1.0000,items/haul,1,UNK,-9,-9
LT,4,FR,35HT,GOV,EVHOE,,,Y0431,136,2020,C-TS-REV,A3,A,g/haul,2.0000,items/haul,1,UNK,-9,-9
LT,4,FR,35HT,GOV,EVHOE,,,X0505,59,2019,C-TS-REV,A3,A,g/haul,10.0000,items/haul,1,UNK,-9,-9
LT,4,FR,35HT,GOV,EVHOE,,,X0511,65,2019,C-TS-REV,A3,A,g/haul,17.0000,items/haul,3,UNK,-9,-9
LT,4,FR,35HT,GOV,EVHOE,,,X0513,67,2019,C-TS-REV,A3,A,g/haul,1.0000,items/haul,1,UNK,-9,-9
LT,4,FR,35HT,GOV,EVHOE,,,X0526,80,2019,C-TS-REV,A3,A,g/haul,9.0000,items/haul,2,UNK,-9,-9
LT,4,FR,35HT,GOV,EVHOE,,,X0541,95,2019,C-TS-REV,A3,A,g/haul,3.0000,items/haul,1,UNK,-9,-9
LT,4,FR,35HT,GOV,EVHOE,,,X0548,102,2019,C-TS-REV,A3,A,g/haul,1.0000,items/haul,1,UNK,-9,-9
LT,4,FR,35HT,GOV,EVHOE,,,W0622,89,2018,C-TS-REV,A3,A,g/haul,5.0000,items/haul,1,UNK,-9,-9
LT,4,FR,35HT,GOV,EVHOE,,,W0612,79,2018,C-TS-REV,A3,A,g/haul,5.0000,items/haul,3,UNK,-9,-9
LT,4,FR,35HT,GOV,EVHOE,,,W0625,92,2018,C-TS-REV,A3,A,g/haul,14.0000,items/haul,1,UNK,-9,-9
LT,4,FR,35HT,GOV,EVHOE,,,W0628,95,2018,C-TS-REV,A3,A,g/haul,2.0000,items/haul,2,UNK,-9,-9
LT,4,FR,35HT,GOV,EVHOE,,,W0634,101,2018,C-TS-REV,A3,A,g/haul,2.0000,items/haul,2,UNK,-9,-9
LT,4,FR,35HT,GOV,EVHOE,,,X0507,61,2019,C-TS-REV,A3,A,g/haul,6.0000,items/haul,3,UNK,-9,-9
LT,4,FR,35HT,GOV,EVHOE,,,W0589,56,2018,C-TS-REV,A3,A,g/haul,3.0000,items/haul,3,UNK,-9,-9
LT,4,FR,35HT,GOV,EVHOE,,,W0594,61,2018,C-TS-REV,A3,A,g/haul,22.0000,items/haul,5,UNK,-9,-9
LT,4,FR,35HT,GOV,EVHOE,,,W0597,64,2018,C-TS-REV,A3,A,g/haul,2.0000,items/haul,1,UNK,-9,-9
LT,4,FR,35HT,GOV,EVHOE,,,W0596,63,2018,C-TS-REV,A3,A,g/haul,3.0000,items/haul,2,UNK,-9,-9
LT,4,FR,35HT,GOV,EVHOE,,,W0600,67,2018,C-TS-REV,A3,A,g/haul,3.0000,items/haul,2,UNK,-9,-9
LT,4,FR,35HT,GOV,EVHOE,,,W0610,77,2018,C-TS-REV,A3,A,g/haul,1.0000,items/haul,1,UNK,-9,-9
LT,4,FR,35HT,GOV,EVHOE,,,Y0412,119,2020,C-TS-REV,A3,C,g/haul,12.0000,items/haul,1,UNK,-9,-9
LT,4,FR,35HT,GOV,EVHOE,,,Y0428,133,2020,C-TS-REV,A3,C,g/haul,53.0000,items/haul,1,UNK,-9,-9
LT,4,FR,35HT,GOV,EVHOE,,,Y0434,138,2020,C-TS-REV,A3,C,g/haul,116.0000,items/haul,3,UNK,-9,-9
LT,4,FR,35HT,GOV,EVHOE,,,Y0446,150,2020,C-TS-REV,A3,C,g/haul,7.0000,items/haul,1,UNK,-9,-9
LT,4,FR,35HT,GOV,EVHOE,,,W0553,22,2018,C-TS-REV,A3,A,g/haul,30.0000,items/haul,4,UNK,-9,-9
LT,4,FR,35HT,GOV,EVHOE,,,W0575,42,2018,C-TS-REV,A3,A,g/haul,15.0000,items/haul,1,UNK,-9,-9
LT,4,FR,35HT,GOV,EVHOE,,,Y0309,21,2020,C-TS-REV,A3,C,g/haul,15.0000,items/haul,2,UNK,-9,-9
LT,4,FR,35HT,GOV,EVHOE,,,Y0388,98,2020,C-TS-REV,A3,C,g/haul,24.0000,items/haul,3,UNK,-9,-9
LT,4,FR,35HT,GOV,EVHOE,,,Y0394,103,2020,C-TS-REV,A3,C,g/haul,93.0000,items/haul,7,UNK,-9,-9
LT,4,FR,35HT,GOV,EVHOE,,,Y0391,101,2020,C-TS-REV,A3,C,g/haul,185.0000,items/haul,4,UNK,-9,-9
LT,4,FR,35HT,GOV,EVHOE,,,Y0395,104,2020,C-TS-REV,A3,C,g/haul,230.0000,items/haul,3,UNK,-9,-9
LT,4,FR,35HT,GOV,EVHOE,,,Y0404,111,2020,C-TS-REV,A3,C,g/haul,58.0000,items/haul,6,UNK,-9,-9
LT,4,FR,35HT,GOV,EVHOE,,,X0510,64,2019,C-TS-REV,A3,C,g/haul,50.0000,items/haul,3,UNK,-9,-9
LT,4,FR,35HT,GOV,EVHOE,,,X0524,78,2019,C-TS-REV,A3,C,g/haul,181.0000,items/haul,1,UNK,-9,-9
LT,4,FR,35HT,GOV,EVHOE,,,X0530,84,2019,C-TS-REV,A3,C,g/haul,15.0000,items/haul,3,UNK,-9,-9
LT,4,FR,35HT,GOV,EVHOE,,,X0538,92,2019,C-TS-REV,A3,C,g/haul,100.0000,items/haul,1,UNK,-9,-9
LT,4,FR,35HT,GOV,EVHOE,,,X0534,88,2019,C-TS-REV,A3,C,g/haul,28.0000,items/haul,1,UNK,-9,-9
LT,4,FR,35HT,GOV,EVHOE,,,X0531,85,2019,C-TS-REV,A3,C,g/haul,88.0000,items/haul,2,UNK,-9,-9
LT,4,FR,35HT,GOV,EVHOE,,,W0530,3,2018,C-TS-REV,C3,A,g/haul,32.0000,items/haul,2,UNK,-9,-9
LT,4,FR,35HT,GOV,EVHOE,,,W0535,7,2018,C-TS-REV,C3,B,g/haul,56.0000,items/haul,1,UNK,-9,-9
LT,4,FR,35HT,GOV,EVHOE,,,X0507,61,2019,C-TS-REV,C3,B,g/haul,124.0000,items/haul,1,UNK,-9,-9
LT,4,FR,35HT,GOV,EVHOE,,,X0506,60,2019,C-TS-REV,C3,B,g/haul,170.0000,items/haul,1,UNK,-9,-9
LT,4,FR,35HT,GOV,EVHOE,,,W0688,154,2018,C-TS-REV,C3,-9,g/haul,41.0000,items/haul,1,UNK,-9,-9
LT,4,FR,35HT,GOV,EVHOE,,,W0671,137,2018,C-TS-REV,C3,-9,g/haul,1434.0000,items/haul,1,UNK,-9,-9
LT,4,FR,35HT,GOV,EVHOE,,,Y0343,55,2020,C-TS-REV,A9,-9,g/haul,1.0000,items/haul,1,UNK,-9,-9
LT,4,FR,35HT,GOV,EVHOE,,,X0446,6,2019,C-TS-REV,A9,-9,g/haul,0.5000,items/haul,1,UNK,-9,-9
LT,4,FR,35HT,GOV,EVHOE,,,W0530,3,2018,C-TS-REV,E2,C,g/haul,854.0000,items/haul,25,UNK,-9,-9
LT,4,FR,35HT,GOV,EVHOE,,,Y0305,17,2020,C-TS-REV,E2,C,g/haul,104.0000,items/haul,1,UNK,-9,-9
LT,4,FR,35HT,GOV,EVHOE,,,Y0307,19,2020,C-TS-REV,E2,C,g/haul,220.0000,items/haul,3,UNK,-9,-9
LT,4,FR,35HT,GOV,EVHOE,,,W0535,7,2018,C-TS-REV,E2,A,g/haul,9.0000,items/haul,2,UNK,-9,-9
LT,4,FR,35HT,GOV,EVHOE,,,W0537,9,2018,C-TS-REV,E2,A,g/haul,205.0000,items/haul,4,UNK,-9,-9
LT,4,FR,35HT,GOV,EVHOE,,,W0538,10,2018,C-TS-REV,E2,A,g/haul,20.0000,items/haul,2,UNK,-9,-9
LT,4,FR,35HT,GOV,EVHOE,,,Y0311,23,2020,C-TS-REV,E2,D,g/haul,333.0000,items/haul,1,UNK,-9,-9
LT,4,FR,35HT,GOV,EVHOE,,,Y0310,22,2020,C-TS-REV,E2,-9,g/haul,16.0000,items/haul,2,UNK,-9,-9
LT,4,FR,35HT,GOV,EVHOE,,,Y0306,18,2020,C-TS-REV,E2,D,g/haul,165.0000,items/haul,2,UNK,-9,-9
LT,4,FR,35HT,GOV,EVHOE,,,Y0297,9,2020,C-TS-REV,E2,-9,g/haul,186.0000,items/haul,7,UNK,-9,-9
LT,4,FR,35HT,GOV,EVHOE,,,X0450,9,2019,C-TS-REV,E2,-9,g/haul,190.0000,items/haul,1,UNK,-9,-9
LT,4,FR,35HT,GOV,EVHOE,,,W0641,108,2018,C-TS-REV,E2,A,g/haul,77.0000,items/haul,2,UNK,-9,-9
LT,4,FR,35HT,GOV,EVHOE,,,X0444,4,2019,C-TS-REV,E2,A,g/haul,142.0000,items/haul,20,UNK,-9,-9
LT,4,FR,35HT,GOV,EVHOE,,,Y0312,24,2020,C-TS-REV,E2,A,g/haul,62.0000,items/haul,2,UNK,-9,-9
LT,4,FR,35HT,GOV,EVHOE,,,Y0309,21,2020,C-TS-REV,E2,A,g/haul,10.0000,items/haul,1,UNK,-9,-9
LT,4,FR,35HT,GOV,EVHOE,,,W0531,4,2018,C-TS-REV,E2,B,g/haul,116.0000,items/haul,27,UNK,-9,-9
LT,4,FR,35HT,GOV,EVHOE,,,Y0442,146,2020,C-TS-REV,E2,-9,g/haul,7.0000,items/haul,1,UNK,-9,-9
LT,4,FR,35HT,GOV,EVHOE,,,Y0303,15,2020,C-TS-REV,C6,C,g/haul,17.0000,items/haul,1,UNK,-9,-9
LT,4,FR,35HT,GOV,EVHOE,,,Y0439,143,2020,C-TS-REV,C6,C,g/haul,109.0000,items/haul,1,UNK,-9,-9
LT,4,FR,35HT,GOV,EVHOE,,,W0535,7,2018,C-TS-REV,C6,A,g/haul,9.0000,items/haul,1,UNK,-9,-9
LT,4,FR,35HT,GOV,EVHOE,,,W0558,27,2018,C-TS-REV,C6,A,g/haul,7.0000,items/haul,1,UNK,-9,-9
LT,4,FR,35HT,GOV,EVHOE,,,X0454,12,2019,C-TS-REV,C6,-9,g/haul,16.0000,items/haul,1,UNK,-9,-9
LT,4,FR,35HT,GOV,EVHOE,,,Y0289,1,2020,C-TS-REV,C6,-9,g/haul,1926.0000,items/haul,1,UNK,-9,-9
LT,4,FR,35HT,GOV,EVHOE,,,X0566,120,2019,C-TS-REV,C6,-9,g/haul,313.0000,items/haul,1,UNK,-9,-9
LT,4,FR,35HT,GOV,EVHOE,,,X0555,109,2019,C-TS-REV,C6,-9,g/haul,277.0000,items/haul,2,UNK,-9,-9
LT,4,FR,35HT,GOV,EVHOE,,,X0526,80,2019,C-TS-REV,C6,-9,g/haul,12.0000,items/haul,1,UNK,-9,-9
LT,4,FR,35HT,GOV,EVHOE,,,X0482,36,2019,C-TS-REV,C6,-9,g/haul,9.0000,items/haul,1,UNK,-9,-9
LT,4,FR,35HT,GOV,EVHOE,,,X0456,14,2019,C-TS-REV,C6,-9,g/haul,31.0000,items/haul,1,UNK,-9,-9
LT,4,FR,35HT,GOV,EVHOE,,,Y0426,132,2020,C-TS-REV,C6,D,g/haul,837.0000,items/haul,1,UNK,-9,-9
LT,4,FR,35HT,GOV,EVHOE,,,Y0422,128,2020,C-TS-REV,C6,D,g/haul,3980.0000,items/haul,1,UNK,-9,-9
LT,4,FR,35HT,GOV,EVHOE,,,Y0345,57,2020,C-TS-REV,C6,-9,g/haul,64.0000,items/haul,1,UNK,-9,-9
LT,4,FR,35HT,GOV,EVHOE,,,Y0298,10,2020,C-TS-REV,C6,-9,g/haul,42.0000,items/haul,1,UNK,-9,-9
LT,4,FR,35HT,GOV,EVHOE,,,Y0296,8,2020,C-TS-REV,C6,-9,g/haul,100.0000,items/haul,1,UNK,-9,-9
LT,4,FR,35HT,GOV,EVHOE,,,Y0293,5,2020,C-TS-REV,C6,-9,g/haul,19.0000,items/haul,1,UNK,-9,-9
LT,4,FR,35HT,GOV,EVHOE,,,W0689,155,2018,C-TS-REV,C6,B,g/haul,8.0000,items/haul,1,UNK,-9,-9
LT,4,FR,35HT,GOV,EVHOE,,,Y0307,19,2020,C-TS-REV,C6,B,g/haul,44.0000,items/haul,1,UNK,-9,-9
LT,4,FR,35HT,GOV,EVHOE,,,Y0307,19,2020,C-TS-REV,C6,B,g/haul,29.0000,items/haul,1,UNK,-9,-9
LT,4,FR,35HT,GOV,EVHOE,,,Y0326,38,2020,C-TS-REV,C6,B,g/haul,278.0000,items/haul,1,UNK,-9,-9
LT,4,FR,35HT,GOV,EVHOE,,,X0461,18,2019,C-TS-REV,C6,A,g/haul,30.0000,items/haul,2,UNK,-9,-9
LT,4,FR,35HT,GOV,EVHOE,,,Y0393,102,2020,C-TS-REV,C6,A,g/haul,8.0000,items/haul,1,UNK,-9,-9
LT,4,FR,35HT,GOV,EVHOE,,,W0531,4,2018,C-TS-REV,C6,B,g/haul,72.0000,items/haul,5,UNK,-9,-9
LT,4,FR,35HT,GOV,EVHOE,,,W0542,13,2018,C-TS-REV,C6,B,g/haul,133.0000,items/haul,1,UNK,-9,-9
LT,4,FR,35HT,GOV,EVHOE,,,W0652,118,2018,C-TS-REV,A14,D,g/haul,146.0000,items/haul,1,UNK,-9,-9
LT,4,FR,35HT,GOV,EVHOE,,,W0649,116,2018,C-TS-REV,A14,-9,g/haul,282.0000,items/haul,3,UNK,-9,-9
LT,4,FR,35HT,GOV,EVHOE,,,W0651,117,2018,C-TS-REV,A14,-9,g/haul,45.0000,items/haul,2,UNK,-9,-9
LT,4,FR,35HT,GOV,EVHOE,,,W0648,115,2018,C-TS-REV,A14,-9,g/haul,74.0000,items/haul,2,UNK,-9,-9
LT,4,FR,35HT,GOV,EVHOE,,,X0509,63,2019,C-TS-REV,A14,B,g/haul,17.0000,items/haul,1,UNK,-9,-9
LT,4,FR,35HT,GOV,EVHOE,,,Y0290,2,2020,C-TS-REV,A14,B,g/haul,24.0000,items/haul,5,UNK,-9,-9
LT,4,FR,35HT,GOV,EVHOE,,,Y0327,39,2020,C-TS-REV,A14,B,g/haul,5.0000,items/haul,1,UNK,-9,-9
LT,4,FR,35HT,GOV,EVHOE,,,Y0350,62,2020,C-TS-REV,A14,B,g/haul,24.0000,items/haul,1,UNK,-9,-9
LT,4,FR,35HT,GOV,EVHOE,,,W0561,30,2018,C-TS-REV,A14,E,g/haul,1471.0000,items/haul,1,UNK,-9,-9
LT,4,FR,35HT,GOV,EVHOE,,,Y0336,48,2020,C-TS-REV,A14,E,g/haul,1230.0000,items/haul,1,UNK,-9,-9
LT,4,FR,35HT,GOV,EVHOE,,,Y0305,17,2020,C-TS-REV,A14,A,g/haul,6.0000,items/haul,1,UNK,-9,-9
LT,4,FR,35HT,GOV,EVHOE,,,Y0335,47,2020,C-TS-REV,A14,A,g/haul,4.0000,items/haul,1,UNK,-9,-9
LT,4,FR,35HT,GOV,EVHOE,,,Y0376,88,2020,C-TS-REV,A14,A,g/haul,6.0000,items/haul,3,UNK,-9,-9
LT,4,FR,35HT,GOV,EVHOE,,,W0635,102,2018,C-TS-REV,A14,B,g/haul,32.0000,items/haul,2,UNK,-9,-9
LT,4,FR,35HT,GOV,EVHOE,,,W0640,107,2018,C-TS-REV,A14,B,g/haul,152.0000,items/haul,1,UNK,-9,-9
LT,4,FR,35HT,GOV,EVHOE,,,X0482,36,2019,C-TS-REV,A14,B,g/haul,17.0000,items/haul,1,UNK,-9,-9
LT,4,FR,35HT,GOV,EVHOE,,,W0661,127,2018,C-TS-REV,A14,A,g/haul,29.0000,items/haul,1,UNK,-9,-9
LT,4,FR,35HT,GOV,EVHOE,,,X0518,72,2019,C-TS-REV,A14,A,g/haul,86.0000,items/haul,1,UNK,-9,-9
LT,4,FR,35HT,GOV,EVHOE,,,X0513,67,2019,C-TS-REV,A14,A,g/haul,2.0000,items/haul,1,UNK,-9,-9
LT,4,FR,35HT,GOV,EVHOE,,,X0523,77,2019,C-TS-REV,A14,A,g/haul,9.0000,items/haul,2,UNK,-9,-9
LT,4,FR,35HT,GOV,EVHOE,,,X0530,84,2019,C-TS-REV,A14,A,g/haul,8.0000,items/haul,1,UNK,-9,-9
LT,4,FR,35HT,GOV,EVHOE,,,X0546,100,2019,C-TS-REV,A14,A,g/haul,39.0000,items/haul,1,UNK,-9,-9
LT,4,FR,35HT,GOV,EVHOE,,,W0594,61,2018,C-TS-REV,A14,A,g/haul,22.0000,items/haul,1,UNK,-9,-9
LT,4,FR,35HT,GOV,EVHOE,,,W0596,63,2018,C-TS-REV,A14,A,g/haul,2.0000,items/haul,1,UNK,-9,-9
LT,4,FR,35HT,GOV,EVHOE,,,W0605,72,2018,C-TS-REV,A14,A,g/haul,39.0000,items/haul,1,UNK,-9,-9
LT,4,FR,35HT,GOV,EVHOE,,,W0624,91,2018,C-TS-REV,A14,A,g/haul,4.0000,items/haul,1,UNK,-9,-9
LT,4,FR,35HT,GOV,EVHOE,,,W0629,96,2018,C-TS-REV,A14,A,g/haul,8.0000,items/haul,2,UNK,-9,-9
LT,4,FR,35HT,GOV,EVHOE,,,W0638,105,2018,C-TS-REV,A14,A,g/haul,2.0000,items/haul,3,UNK,-9,-9
LT,4,FR,35HT,GOV,EVHOE,,,Y0301,13,2020,C-TS-REV,A14,C,g/haul,65.0000,items/haul,1,UNK,-9,-9
LT,4,FR,35HT,GOV,EVHOE,,,Y0319,31,2020,C-TS-REV,A14,C,g/haul,1.0000,items/haul,406,UNK,-9,-9
LT,4,FR,35HT,GOV,EVHOE,,,Y0336,48,2020,C-TS-REV,A14,C,g/haul,8.0000,items/haul,1,UNK,-9,-9
LT,4,FR,35HT,GOV,EVHOE,,,Y0404,111,2020,C-TS-REV,A14,C,g/haul,161.0000,items/haul,2,UNK,-9,-9
LT,4,FR,35HT,GOV,EVHOE,,,W0552,21,2018,C-TS-REV,A14,A,g/haul,2.0000,items/haul,1,UNK,-9,-9
LT,4,FR,35HT,GOV,EVHOE,,,W0590,57,2018,C-TS-REV,A14,A,g/haul,37.0000,items/haul,1,UNK,-9,-9
LT,4,FR,35HT,GOV,EVHOE,,,W0609,76,2018,C-TS-REV,A6,C,g/haul,80.0000,items/haul,1,UNK,-9,-9
LT,4,FR,35HT,GOV,EVHOE,,,W0607,74,2018,C-TS-REV,A6,C,g/haul,24.0000,items/haul,20,UNK,-9,-9
LT,4,FR,35HT,GOV,EVHOE,,,W0619,86,2018,C-TS-REV,A6,C,g/haul,45.0000,items/haul,2,UNK,-9,-9
LT,4,FR,35HT,GOV,EVHOE,,,X0542,96,2019,C-TS-REV,A6,C,g/haul,90.0000,items/haul,1,UNK,-9,-9
LT,4,FR,35HT,GOV,EVHOE,,,Y0297,9,2020,C-TS-REV,A6,C,g/haul,13.0000,items/haul,1,UNK,-9,-9
LT,4,FR,35HT,GOV,EVHOE,,,Y0301,13,2020,C-TS-REV,A6,C,g/haul,8.0000,items/haul,1,UNK,-9,-9
LT,4,FR,35HT,GOV,EVHOE,,,W0680,146,2018,C-TS-REV,A6,-9,g/haul,54.0000,items/haul,1,UNK,-9,-9
LT,4,FR,35HT,GOV,EVHOE,,,X0465,21,2019,C-TS-REV,A6,-9,g/haul,40.0000,items/haul,1,UNK,-9,-9
LT,4,FR,35HT,GOV,EVHOE,,,X0460,17,2019,C-TS-REV,A6,-9,g/haul,5.0000,items/haul,1,UNK,-9,-9
LT,4,FR,35HT,GOV,EVHOE,,,X0459,16,2019,C-TS-REV,A6,-9,g/haul,9.0000,items/haul,1,UNK,-9,-9
LT,4,FR,35HT,GOV,EVHOE,,,X0456,14,2019,C-TS-REV,A6,-9,g/haul,93.0000,items/haul,3,UNK,-9,-9
LT,4,FR,35HT,GOV,EVHOE,,,X0454,12,2019,C-TS-REV,A6,-9,g/haul,13.0000,items/haul,2,UNK,-9,-9
LT,4,FR,35HT,GOV,EVHOE,,,X0450,9,2019,C-TS-REV,A6,-9,g/haul,232.0000,items/haul,1,UNK,-9,-9
LT,4,FR,35HT,GOV,EVHOE,,,Y0302,14,2020,C-TS-REV,A6,-9,g/haul,40.0000,items/haul,1,UNK,-9,-9
LT,4,FR,35HT,GOV,EVHOE,,,Y0296,8,2020,C-TS-REV,A6,-9,g/haul,59.0000,items/haul,1,UNK,-9,-9
LT,4,FR,35HT,GOV,EVHOE,,,Y0295,7,2020,C-TS-REV,A6,-9,g/haul,14.0000,items/haul,1,UNK,-9,-9
LT,4,FR,35HT,GOV,EVHOE,,,X0595,149,2019,C-TS-REV,A6,-9,g/haul,1.0000,items/haul,2,UNK,-9,-9
LT,4,FR,35HT,GOV,EVHOE,,,X0590,144,2019,C-TS-REV,A6,-9,g/haul,1.0000,items/haul,1,UNK,-9,-9
LT,4,FR,35HT,GOV,EVHOE,,,X0473,28,2019,C-TS-REV,A6,-9,g/haul,9.5000,items/haul,1,UNK,-9,-9
LT,4,FR,35HT,GOV,EVHOE,,,Y0338,50,2020,C-TS-REV,A6,D,g/haul,221.0000,items/haul,1,UNK,-9,-9
LT,4,FR,35HT,GOV,EVHOE,,,Y0329,41,2020,C-TS-REV,A6,-9,g/haul,3.0000,items/haul,1,UNK,-9,-9
LT,4,FR,35HT,GOV,EVHOE,,,Y0315,27,2020,C-TS-REV,A6,D,g/haul,138.0000,items/haul,1,UNK,-9,-9
LT,4,FR,35HT,GOV,EVHOE,,,Y0313,25,2020,C-TS-REV,A6,-9,g/haul,3.0000,items/haul,1,UNK,-9,-9
LT,4,FR,35HT,GOV,EVHOE,,,Y0310,22,2020,C-TS-REV,A6,-9,g/haul,10.0000,items/haul,1,UNK,-9,-9
LT,4,FR,35HT,GOV,EVHOE,,,Y0308,20,2020,C-TS-REV,A6,D,g/haul,716.0000,items/haul,1,UNK,-9,-9
LT,4,FR,35HT,GOV,EVHOE,,,X0504,58,2019,C-TS-REV,A6,E,g/haul,5.5000,items/haul,2,UNK,-9,-9
LT,4,FR,35HT,GOV,EVHOE,,,W0581,48,2018,C-TS-REV,A6,-9,g/haul,2.0000,items/haul,2,UNK,-9,-9
LT,4,FR,35HT,GOV,EVHOE,,,Y0439,143,2020,C-TS-REV,A6,D,g/haul,400.0000,items/haul,1,UNK,-9,-9
LT,4,FR,35HT,GOV,EVHOE,,,Y0363,75,2020,C-TS-REV,A6,-9,g/haul,2.0000,items/haul,1,UNK,-9,-9
LT,4,FR,35HT,GOV,EVHOE,,,Y0355,67,2020,C-TS-REV,A6,-9,g/haul,1.0000,items/haul,2,UNK,-9,-9
LT,4,FR,35HT,GOV,EVHOE,,,Y0350,62,2020,C-TS-REV,A6,-9,g/haul,3.0000,items/haul,2,UNK,-9,-9
LT,4,FR,35HT,GOV,EVHOE,,,X0487,41,2019,C-TS-REV,A6,B,g/haul,42.0000,items/haul,2,UNK,-9,-9
LT,4,FR,35HT,GOV,EVHOE,,,Y0309,21,2020,C-TS-REV,A6,B,g/haul,24.0000,items/haul,3,UNK,-9,-9
LT,4,FR,35HT,GOV,EVHOE,,,Y0325,37,2020,C-TS-REV,A6,B,g/haul,4.0000,items/haul,2,UNK,-9,-9
LT,4,FR,35HT,GOV,EVHOE,,,Y0372,84,2020,C-TS-REV,A6,B,g/haul,78.0000,items/haul,2,UNK,-9,-9
LT,4,FR,35HT,GOV,EVHOE,,,Y0391,101,2020,C-TS-REV,A6,B,g/haul,97.0000,items/haul,1,UNK,-9,-9
LT,4,FR,35HT,GOV,EVHOE,,,Y0395,104,2020,C-TS-REV,A6,B,g/haul,79.0000,items/haul,1,UNK,-9,-9
LT,4,FR,35HT,GOV,EVHOE,,,W0660,126,2018,C-TS-REV,A6,F,g/haul,6630.0000,items/haul,1,UNK,-9,-9
LT,4,FR,35HT,GOV,EVHOE,,,W0627,94,2018,C-TS-REV,A6,F,g/haul,175.0000,items/haul,1,UNK,-9,-9
LT,4,FR,35HT,GOV,EVHOE,,,W0552,21,2018,C-TS-REV,A6,B,g/haul,40.0000,items/haul,2,UNK,-9,-9
LT,4,FR,35HT,GOV,EVHOE,,,W0597,64,2018,C-TS-REV,A6,B,g/haul,25.0000,items/haul,1,UNK,-9,-9
LT,4,FR,35HT,GOV,EVHOE,,,W0610,77,2018,C-TS-REV,A6,B,g/haul,12.0000,items/haul,2,UNK,-9,-9
LT,4,FR,35HT,GOV,EVHOE,,,X0480,34,2019,C-TS-REV,A6,B,g/haul,2.5000,items/haul,1,UNK,-9,-9
LT,4,FR,35HT,GOV,EVHOE,,,W0661,127,2018,C-TS-REV,F1,-9,g/haul,836.0000,items/haul,1,UNK,-9,-9
LT,4,FR,35HT,GOV,EVHOE,,,X0450,9,2019,C-TS-REV,F1,-9,g/haul,101.0000,items/haul,1,UNK,-9,-9
LT,4,FR,35HT,GOV,EVHOE,,,X0442,2,2019,C-TS-REV,F1,-9,g/haul,4.0000,items/haul,1,UNK,-9,-9
LT,4,FR,35HT,GOV,EVHOE,,,W0692,158,2018,C-TS-REV,F1,-9,g/haul,5.0000,items/haul,1,UNK,-9,-9
LT,4,FR,35HT,GOV,EVHOE,,,W0680,146,2018,C-TS-REV,F1,-9,g/haul,58.0000,items/haul,1,UNK,-9,-9
LT,4,FR,35HT,GOV,EVHOE,,,W0675,141,2018,C-TS-REV,F1,-9,g/haul,604.0000,items/haul,2,UNK,-9,-9
LT,4,FR,35HT,GOV,EVHOE,,,W0668,134,2018,C-TS-REV,F1,-9,g/haul,5.0000,items/haul,1,UNK,-9,-9
LT,4,FR,35HT,GOV,EVHOE,,,X0562,116,2019,C-TS-REV,F1,-9,g/haul,162.0000,items/haul,1,UNK,-9,-9
LT,4,FR,35HT,GOV,EVHOE,,,X0555,109,2019,C-TS-REV,F1,-9,g/haul,26.0000,items/haul,1,UNK,-9,-9
LT,4,FR,35HT,GOV,EVHOE,,,X0553,107,2019,C-TS-REV,F1,-9,g/haul,59.0000,items/haul,1,UNK,-9,-9
LT,4,FR,35HT,GOV,EVHOE,,,X0550,104,2019,C-TS-REV,F1,-9,g/haul,4.0000,items/haul,1,UNK,-9,-9
LT,4,FR,35HT,GOV,EVHOE,,,X0521,75,2019,C-TS-REV,F1,D,g/haul,27.0000,items/haul,1,UNK,-9,-9
LT,4,FR,35HT,GOV,EVHOE,,,X0478,32,2019,C-TS-REV,F1,-9,g/haul,553.0000,items/haul,3,UNK,-9,-9
LT,4,FR,35HT,GOV,EVHOE,,,Y0376,88,2020,C-TS-REV,F1,-9,g/haul,15.0000,items/haul,1,UNK,-9,-9
LT,4,FR,35HT,GOV,EVHOE,,,Y0368,80,2020,C-TS-REV,F1,-9,g/haul,135.0000,items/haul,2,UNK,-9,-9
LT,4,FR,35HT,GOV,EVHOE,,,Y0366,78,2020,C-TS-REV,F1,D,g/haul,186.0000,items/haul,2,UNK,-9,-9
LT,4,FR,35HT,GOV,EVHOE,,,Y0350,62,2020,C-TS-REV,F1,-9,g/haul,142.0000,items/haul,1,UNK,-9,-9
LT,4,FR,35HT,GOV,EVHOE,,,Y0300,12,2020,C-TS-REV,F1,D,g/haul,171.0000,items/haul,2,UNK,-9,-9
LT,4,FR,35HT,GOV,EVHOE,,,X0567,121,2019,C-TS-REV,F1,-9,g/haul,132.0000,items/haul,1,UNK,-9,-9
LT,4,FR,35HT,GOV,EVHOE,,,Y0449,153,2020,C-TS-REV,F1,B,g/haul,24.0000,items/haul,1,UNK,-9,-9
LT,4,FR,35HT,GOV,EVHOE,,,W0659,125,2018,C-TS-REV,F1,-9,g/haul,21.0000,items/haul,1,UNK,-9,-9
LT,4,FR,35HT,GOV,EVHOE,,,W0596,63,2018,C-TS-REV,F1,D,g/haul,469.0000,items/haul,1,UNK,-9,-9
LT,4,FR,35HT,GOV,EVHOE,,,W0552,21,2018,C-TS-REV,F1,D,g/haul,315.0000,items/haul,1,UNK,-9,-9
LT,4,FR,35HT,GOV,EVHOE,,,Y0451,155,2020,C-TS-REV,F1,-9,g/haul,22.0000,items/haul,1,UNK,-9,-9
LT,4,FR,35HT,GOV,EVHOE,,,Y0442,146,2020,C-TS-REV,F1,-9,g/haul,25.0000,items/haul,1,UNK,-9,-9
LT,4,FR,35HT,GOV,EVHOE,,,W0565,33,2018,C-TS-REV,F1,B,g/haul,101.0000,items/haul,1,UNK,-9,-9
LT,4,FR,35HT,GOV,EVHOE,,,W0566,34,2018,C-TS-REV,F1,B,g/haul,100.0000,items/haul,1,UNK,-9,-9
LT,4,FR,35HT,GOV,EVHOE,,,W0591,58,2018,C-TS-REV,F1,B,g/haul,48.0000,items/haul,1,UNK,-9,-9
LT,4,FR,35HT,GOV,EVHOE,,,W0632,99,2018,C-TS-REV,F1,B,g/haul,60.0000,items/haul,1,UNK,-9,-9
LT,4,FR,35HT,GOV,EVHOE,,,X0444,4,2019,C-TS-REV,F1,B,g/haul,187.0000,items/haul,3,UNK,-9,-9
LT,4,FR,35HT,GOV,EVHOE,,,X0509,63,2019,C-TS-REV,F1,B,g/haul,36.0000,items/haul,1,UNK,-9,-9
LT,4,FR,35HT,GOV,EVHOE,,,W0559,28,2018,C-TS-REV,F1,A,g/haul,31.0000,items/haul,3,UNK,-9,-9
LT,4,FR,35HT,GOV,EVHOE,,,W0610,77,2018,C-TS-REV,F1,A,g/haul,33.0000,items/haul,2,UNK,-9,-9
LT,4,FR,35HT,GOV,EVHOE,,,W0627,94,2018,C-TS-REV,F1,A,g/haul,8.0000,items/haul,1,UNK,-9,-9
LT,4,FR,35HT,GOV,EVHOE,,,Y0396,105,2020,C-TS-REV,F1,A,g/haul,20.0000,items/haul,2,UNK,-9,-9
LT,4,FR,35HT,GOV,EVHOE,,,Y0446,150,2020,C-TS-REV,F1,A,g/haul,11.0000,items/haul,1,UNK,-9,-9
LT,4,FR,35HT,GOV,EVHOE,,,W0531,4,2018,C-TS-REV,F1,B,g/haul,345.0000,items/haul,4,UNK,-9,-9
LT,4,FR,35HT,GOV,EVHOE,,,Y0389,99,2020,C-TS-REV,F1,C,g/haul,76.0000,items/haul,1,UNK,-9,-9
LT,4,FR,35HT,GOV,EVHOE,,,Y0415,121,2020,C-TS-REV,F1,C,g/haul,117.0000,items/haul,1,UNK,-9,-9
LT,4,FR,35HT,GOV,EVHOE,,,Y0452,156,2020,C-TS-REV,F1,C,g/haul,256.0000,items/haul,2,UNK,-9,-9
LT,4,FR,35HT,GOV,EVHOE,,,W0539,11,2018,C-TS-REV,F1,A,g/haul,4.0000,items/haul,1,UNK,-9,-9
LT,4,FR,35HT,GOV,EVHOE,,,W0546,16,2018,C-TS-REV,F1,A,g/haul,76.0000,items/haul,1,UNK,-9,-9
LT,4,FR,35HT,GOV,EVHOE,,,W0543,14,2018,C-TS-REV,F1,A,g/haul,130.0000,items/haul,1,UNK,-9,-9
LT,4,FR,35HT,GOV,EVHOE,,,X0487,41,2019,C-TS-REV,F1,C,g/haul,138.0000,items/haul,1,UNK,-9,-9
LT,4,FR,35HT,GOV,EVHOE,,,X0530,84,2019,C-TS-REV,F1,C,g/haul,142.0000,items/haul,1,UNK,-9,-9
LT,4,FR,35HT,GOV,EVHOE,,,Y0306,18,2020,C-TS-REV,F1,C,g/haul,178.0000,items/haul,1,UNK,-9,-9
LT,4,FR,35HT,GOV,EVHOE,,,Y0308,20,2020,C-TS-REV,F1,C,g/haul,208.0000,items/haul,2,UNK,-9,-9
LT,4,FR,35HT,GOV,EVHOE,,,Y0313,25,2020,C-TS-REV,F1,C,g/haul,191.0000,items/haul,2,UNK,-9,-9
LT,4,FR,35HT,GOV,EVHOE,,,Y0377,89,2020,C-TS-REV,F1,C,g/haul,250.0000,items/haul,1,UNK,-9,-9
LT,4,FR,35HT,GOV,EVHOE,,,W0595,62,2018,C-TS-REV,C5,C,g/haul,125.0000,items/haul,1,UNK,-9,-9
LT,4,FR,35HT,GOV,EVHOE,,,X0510,64,2019,C-TS-REV,C5,C,g/haul,71.0000,items/haul,1,UNK,-9,-9
LT,4,FR,35HT,GOV,EVHOE,,,Y0307,19,2020,C-TS-REV,C5,C,g/haul,42.0000,items/haul,1,UNK,-9,-9
LT,4,FR,35HT,GOV,EVHOE,,,Y0415,121,2020,C-TS-REV,C5,C,g/haul,110.0000,items/haul,1,UNK,-9,-9
LT,4,FR,35HT,GOV,EVHOE,,,Y0425,131,2020,C-TS-REV,C5,C,g/haul,116.0000,items/haul,1,UNK,-9,-9
LT,4,FR,35HT,GOV,EVHOE,,,W0560,29,2018,C-TS-REV,C5,A,g/haul,35.0000,items/haul,1,UNK,-9,-9
LT,4,FR,35HT,GOV,EVHOE,,,X0560,114,2019,C-TS-REV,C5,-9,g/haul,63.0000,items/haul,1,UNK,-9,-9
LT,4,FR,35HT,GOV,EVHOE,,,W0687,153,2018,C-TS-REV,C5,-9,g/haul,156.0000,items/haul,1,UNK,-9,-9
LT,4,FR,35HT,GOV,EVHOE,,,W0671,137,2018,C-TS-REV,C5,-9,g/haul,83.0000,items/haul,1,UNK,-9,-9
LT,4,FR,35HT,GOV,EVHOE,,,W0662,128,2018,C-TS-REV,C5,-9,g/haul,79.0000,items/haul,1,UNK,-9,-9
LT,4,FR,35HT,GOV,EVHOE,,,W0653,119,2018,C-TS-REV,C5,-9,g/haul,61.0000,items/haul,1,UNK,-9,-9
LT,4,FR,35HT,GOV,EVHOE,,,W0648,115,2018,C-TS-REV,C5,-9,g/haul,32.0000,items/haul,1,UNK,-9,-9
LT,4,FR,35HT,GOV,EVHOE,,,W0644,111,2018,C-TS-REV,C5,-9,g/haul,75.0000,items/haul,1,UNK,-9,-9
LT,4,FR,35HT,GOV,EVHOE,,,Y0404,111,2020,C-TS-REV,C5,-9,g/haul,12.0000,items/haul,1,UNK,-9,-9
LT,4,FR,35HT,GOV,EVHOE,,,Y0300,12,2020,C-TS-REV,C5,-9,g/haul,67.0000,items/haul,1,UNK,-9,-9
LT,4,FR,35HT,GOV,EVHOE,,,Y0295,7,2020,C-TS-REV,C5,-9,g/haul,1.0000,items/haul,1,UNK,-9,-9
LT,4,FR,35HT,GOV,EVHOE,,,Y0306,18,2020,C-TS-REV,C5,A,g/haul,4.0000,items/haul,1,UNK,-9,-9
LT,4,FR,35HT,GOV,EVHOE,,,W0535,7,2018,C-TS-REV,C5,B,g/haul,47.0000,items/haul,1,UNK,-9,-9
LT,4,FR,35HT,GOV,EVHOE,,,W0587,54,2018,C-TS-REV,C5,B,g/haul,130.0000,items/haul,1,UNK,-9,-9
LT,4,FR,35HT,GOV,EVHOE,,,W0609,76,2018,C-TS-REV,C5,B,g/haul,65.0000,items/haul,1,UNK,-9,-9
LT,4,FR,35HT,GOV,EVHOE,,,X0509,63,2019,C-TS-REV,C5,B,g/haul,34.0000,items/haul,1,UNK,-9,-9
LT,4,FR,35HT,GOV,EVHOE,,,W0654,120,2018,C-TS-REV,C5,-9,g/haul,93.0000,items/haul,1,UNK,-9,-9
LT,4,FR,35HT,GOV,EVHOE,,,Y0390,100,2020,C-TS-REV,E3,-9,g/haul,68.0000,items/haul,4,UNK,-9,-9
LT,4,FR,35HT,GOV,EVHOE,,,X0553,107,2019,C-TS-REV,E3,-9,g/haul,49.0000,items/haul,1,UNK,-9,-9
LT,4,FR,35HT,GOV,EVHOE,,,W0681,147,2018,C-TS-REV,E3,-9,g/haul,5.0000,items/haul,1,UNK,-9,-9
LT,4,FR,35HT,GOV,EVHOE,,,X0549,103,2019,C-TS-REV,E1,C,g/haul,2927.0000,items/haul,1,UNK,-9,-9
LT,4,FR,35HT,GOV,EVHOE,,,W0552,21,2018,C-TS-REV,E1,A,g/haul,6.0000,items/haul,1,UNK,-9,-9
LT,4,FR,35HT,GOV,EVHOE,,,Y0417,123,2020,C-TS-REV,E1,B,g/haul,51.0000,items/haul,1,UNK,-9,-9
LT,4,FR,35HT,GOV,EVHOE,,,Y0315,27,2020,C-TS-REV,B2,C,g/haul,17.0000,items/haul,1,UNK,-9,-9
LT,4,FR,35HT,GOV,EVHOE,,,W0567,35,2018,C-TS-REV,B2,A,g/haul,3.0000,items/haul,1,UNK,-9,-9
LT,4,FR,35HT,GOV,EVHOE,,,W0642,109,2018,C-TS-REV,B2,A,g/haul,15.0000,items/haul,1,UNK,-9,-9
LT,4,FR,35HT,GOV,EVHOE,,,X0465,21,2019,C-TS-REV,B2,A,g/haul,33.0000,items/haul,1,UNK,-9,-9
LT,4,FR,35HT,GOV,EVHOE,,,Y0293,5,2020,C-TS-REV,B2,A,g/haul,2.0000,items/haul,1,UNK,-9,-9
LT,4,FR,35HT,GOV,EVHOE,,,Y0310,22,2020,C-TS-REV,B2,A,g/haul,7.0000,items/haul,1,UNK,-9,-9
LT,4,FR,35HT,GOV,EVHOE,,,W0663,129,2018,C-TS-REV,B2,-9,g/haul,4.0000,items/haul,1,UNK,-9,-9
LT,4,FR,35HT,GOV,EVHOE,,,W0661,127,2018,C-TS-REV,B2,-9,g/haul,20.0000,items/haul,1,UNK,-9,-9
LT,4,FR,35HT,GOV,EVHOE,,,W0662,128,2018,C-TS-REV,B2,-9,g/haul,14.0000,items/haul,1,UNK,-9,-9
LT,4,FR,35HT,GOV,EVHOE,,,W0660,126,2018,C-TS-REV,B2,-9,g/haul,23.0000,items/haul,1,UNK,-9,-9
LT,4,FR,35HT,GOV,EVHOE,,,X0454,12,2019,C-TS-REV,B2,-9,g/haul,26.0000,items/haul,1,UNK,-9,-9
LT,4,FR,35HT,GOV,EVHOE,,,X0450,9,2019,C-TS-REV,B2,-9,g/haul,11.0000,items/haul,1,UNK,-9,-9
LT,4,FR,35HT,GOV,EVHOE,,,W0684,150,2018,C-TS-REV,B2,-9,g/haul,16.0000,items/haul,1,UNK,-9,-9
LT,4,FR,35HT,GOV,EVHOE,,,W0675,141,2018,C-TS-REV,B2,-9,g/haul,3.0000,items/haul,1,UNK,-9,-9
LT,4,FR,35HT,GOV,EVHOE,,,W0666,132,2018,C-TS-REV,B2,-9,g/haul,20.0000,items/haul,1,UNK,-9,-9
LT,4,FR,35HT,GOV,EVHOE,,,W0668,134,2018,C-TS-REV,B2,-9,g/haul,16.0000,items/haul,1,UNK,-9,-9
LT,4,FR,35HT,GOV,EVHOE,,,Y0296,8,2020,C-TS-REV,B2,-9,g/haul,5.0000,items/haul,2,UNK,-9,-9
LT,4,FR,35HT,GOV,EVHOE,,,X0577,131,2019,C-TS-REV,B2,-9,g/haul,16.0000,items/haul,1,UNK,-9,-9
LT,4,FR,35HT,GOV,EVHOE,,,X0580,134,2019,C-TS-REV,B2,-9,g/haul,2.0000,items/haul,1,UNK,-9,-9
LT,4,FR,35HT,GOV,EVHOE,,,X0564,118,2019,C-TS-REV,B2,-9,g/haul,4.0000,items/haul,1,UNK,-9,-9
LT,4,FR,35HT,GOV,EVHOE,,,X0563,117,2019,C-TS-REV,B2,-9,g/haul,16.0000,items/haul,1,UNK,-9,-9
LT,4,FR,35HT,GOV,EVHOE,,,W0531,4,2018,C-TS-REV,B2,-9,g/haul,4.0000,items/haul,1,UNK,-9,-9
LT,4,FR,35HT,GOV,EVHOE,,,Y0446,150,2020,C-TS-REV,B2,-9,g/haul,5.0000,items/haul,1,UNK,-9,-9
LT,4,FR,35HT,GOV,EVHOE,,,Y0390,100,2020,C-TS-REV,B2,-9,g/haul,80.0000,items/haul,1,UNK,-9,-9
LT,4,FR,35HT,GOV,EVHOE,,,Y0384,95,2020,C-TS-REV,B2,-9,g/haul,12.0000,items/haul,1,UNK,-9,-9
LT,4,FR,35HT,GOV,EVHOE,,,Y0369,81,2020,C-TS-REV,B2,-9,g/haul,2.0000,items/haul,1,UNK,-9,-9
LT,4,FR,35HT,GOV,EVHOE,,,Y0404,111,2020,C-TS-REV,B2,B,g/haul,10.0000,items/haul,1,UNK,-9,-9
LT,4,FR,35HT,GOV,EVHOE,,,W0656,122,2018,C-TS-REV,B2,-9,g/haul,10.0000,items/haul,1,UNK,-9,-9
LT,4,FR,35HT,GOV,EVHOE,,,W0653,119,2018,C-TS-REV,B2,-9,g/haul,26.0000,items/haul,1,UNK,-9,-9
LT,4,FR,35HT,GOV,EVHOE,,,W0649,116,2018,C-TS-REV,B2,-9,g/haul,14.0000,items/haul,1,UNK,-9,-9
LT,4,FR,35HT,GOV,EVHOE,,,W0640,107,2018,C-TS-REV,B2,-9,g/haul,39.0000,items/haul,1,UNK,-9,-9
LT,4,FR,35HT,GOV,EVHOE,,,W0536,8,2018,C-TS-REV,B2,B,g/haul,15.0000,items/haul,1,UNK,-9,-9
LT,4,FR,35HT,GOV,EVHOE,,,W0623,90,2018,C-TS-REV,B2,B,g/haul,13.0000,items/haul,1,UNK,-9,-9
LT,4,FR,35HT,GOV,EVHOE,,,X0477,31,2019,C-TS-REV,B2,B,g/haul,28.5000,items/haul,1,UNK,-9,-9
LT,4,FR,35HT,GOV,EVHOE,,,X0546,100,2019,C-TS-REV,B2,B,g/haul,13.0000,items/haul,1,UNK,-9,-9
LT,4,FR,35HT,GOV,EVHOE,,,Y0389,99,2020,C-TS-REV,B2,B,g/haul,17.0000,items/haul,1,UNK,-9,-9
LT,4,FR,35HT,GOV,EVHOE,,,Y0394,103,2020,C-TS-REV,B2,B,g/haul,16.0000,items/haul,1,UNK,-9,-9
LT,4,FR,35HT,GOV,EVHOE,,,Y0370,82,2020,C-TS-REV,B2,A,g/haul,3.0000,items/haul,1,UNK,-9,-9
LT,4,FR,35HT,GOV,EVHOE,,,Y0388,98,2020,C-TS-REV,B2,A,g/haul,11.0000,items/haul,1,UNK,-9,-9
LT,4,FR,35HT,GOV,EVHOE,,,Y0393,102,2020,C-TS-REV,B2,A,g/haul,5.0000,items/haul,1,UNK,-9,-9
LT,4,FR,35HT,GOV,EVHOE,,,Y0399,107,2020,C-TS-REV,B2,A,g/haul,6.0000,items/haul,1,UNK,-9,-9
LT,4,FR,35HT,GOV,EVHOE,,,Y0409,116,2020,C-TS-REV,B2,A,g/haul,12.0000,items/haul,1,UNK,-9,-9
LT,4,FR,35HT,GOV,EVHOE,,,W0533,6,2018,C-TS-REV,B2,B,g/haul,13.0000,items/haul,1,UNK,-9,-9
LT,4,FR,35HT,GOV,EVHOE,,,X0482,36,2019,C-TS-REV,E5,B,g/haul,37.5000,items/haul,1,UNK,-9,-9
LT,4,FR,35HT,GOV,EVHOE,,,X0568,122,2019,C-TS-REV,D1,-9,g/haul,180.0000,items/haul,1,UNK,-9,-9
LT,4,FR,35HT,GOV,EVHOE,,,W0530,3,2018,C-TS-REV,A12,C,g/haul,80000.0000,items/haul,1,UNK,-9,-9
LT,4,FR,35HT,GOV,EVHOE,,,W0652,118,2018,C-TS-REV,A12,B,g/haul,68.0000,items/haul,1,UNK,-9,-9
LT,4,FR,35HT,GOV,EVHOE,,,X0448,7,2019,C-TS-REV,A12,-9,g/haul,76.0000,items/haul,1,UNK,-9,-9
LT,4,FR,35HT,GOV,EVHOE,,,X0445,5,2019,C-TS-REV,A12,-9,g/haul,50.0000,items/haul,1,UNK,-9,-9
LT,4,FR,35HT,GOV,EVHOE,,,Y0418,124,2020,C-TS-REV,B5,E,g/haul,2020.0000,items/haul,1,UNK,-9,-9
LT,4,FR,35HT,GOV,EVHOE,,,Y0388,98,2020,C-TS-REV,B5,D,g/haul,860.0000,items/haul,1,UNK,-9,-9
LT,4,FR,35HT,GOV,EVHOE,,,X0517,71,2019,C-TS-REV,B5,D,g/haul,1584.0000,items/haul,1,UNK,-9,-9
LT,4,FR,35HT,GOV,EVHOE,,,W0564,32,2018,C-TS-REV,C2,B,g/haul,7.0000,items/haul,1,UNK,-9,-9
LT,4,FR,35HT,GOV,EVHOE,,,Y0310,22,2020,C-TS-REV,A13,B,g/haul,25.0000,items/haul,1,UNK,-9,-9
LT,4,FR,35HT,GOV,EVHOE,,,Y0367,79,2020,C-TS-REV,A13,-9,g/haul,16.0000,items/haul,1,UNK,-9,-9
LT,4,FR,35HT,GOV,EVHOE,,,X0490,44,2019,C-TS-REV,C4,C,g/haul,87.0000,items/haul,1,UNK,-9,-9
LT,4,FR,35HT,GOV,EVHOE,,,X0543,97,2019,C-TS-REV,C4,B,g/haul,38.0000,items/haul,1,UNK,-9,-9
LT,4,FR,35HT,GOV,EVHOE,,,X0516,70,2019,C-TS-REV,C4,-9,g/haul,528.0000,items/haul,2,UNK,-9,-9
LT,4,FR,35HT,GOV,EVHOE,,,Y0440,144,2020,C-TS-REV,A4,A,g/haul,14.0000,items/haul,1,UNK,-9,-9
LT,4,FR,35HT,GOV,EVHOE,,,X0550,104,2019,C-TS-REV,A4,-9,g/haul,13.0000,items/haul,1,UNK,-9,-9
LT,4,FR,35HT,GOV,EVHOE,,,W0611,78,2018,C-TS-REV,D2,C,g/haul,405.0000,items/haul,2,UNK,-9,-9
LT,4,FR,35HT,GOV,EVHOE,,,X0523,77,2019,C-TS-REV,D2,C,g/haul,326.0000,items/haul,2,UNK,-9,-9
LT,4,FR,35HT,GOV,EVHOE,,,Y0304,16,2020,C-TS-REV,D2,C,g/haul,174.0000,items/haul,1,UNK,-9,-9
LT,4,FR,35HT,GOV,EVHOE,,,Y0302,14,2020,C-TS-REV,D2,C,g/haul,396.0000,items/haul,2,UNK,-9,-9
LT,4,FR,35HT,GOV,EVHOE,,,W0594,61,2018,C-TS-REV,D2,B,g/haul,206.0000,items/haul,1,UNK,-9,-9
LT,4,FR,35HT,GOV,EVHOE,,,X0511,65,2019,C-TS-REV,D2,B,g/haul,212.0000,items/haul,1,UNK,-9,-9
LT,4,FR,35HT,GOV,EVHOE,,,Y0403,110,2020,C-TS-REV,D2,B,g/haul,153.0000,items/haul,1,UNK,-9,-9
LT,4,FR,35HT,GOV,EVHOE,,,X0555,109,2019,C-TS-REV,D2,-9,g/haul,130.0000,items/haul,1,UNK,-9,-9
LT,4,FR,35HT,GOV,EVHOE,,,X0521,75,2019,C-TS-REV,D2,D,g/haul,434.0000,items/haul,1,UNK,-9,-9
LT,4,FR,35HT,GOV,EVHOE,,,X0456,14,2019,C-TS-REV,D2,-9,g/haul,207.0000,items/haul,1,UNK,-9,-9
LT,4,FR,35HT,GOV,EVHOE,,,X0454,12,2019,C-TS-REV,D2,-9,g/haul,307.0000,items/haul,1,UNK,-9,-9
LT,4,FR,35HT,GOV,EVHOE,,,W0616,83,2018,C-TS-REV,A1,C,g/haul,32.0000,items/haul,1,UNK,-9,-9
LT,4,FR,35HT,GOV,EVHOE,,,W0628,95,2018,C-TS-REV,A1,C,g/haul,36.0000,items/haul,1,UNK,-9,-9
LT,4,FR,35HT,GOV,EVHOE,,,X0537,91,2019,C-TS-REV,A1,C,g/haul,41.0000,items/haul,1,UNK,-9,-9
LT,4,FR,35HT,GOV,EVHOE,,,X0540,94,2019,C-TS-REV,A1,C,g/haul,52.0000,items/haul,1,UNK,-9,-9
LT,4,FR,35HT,GOV,EVHOE,,,Y0388,98,2020,C-TS-REV,A1,C,g/haul,64.0000,items/haul,2,UNK,-9,-9
LT,4,FR,35HT,GOV,EVHOE,,,Y0404,111,2020,C-TS-REV,A1,C,g/haul,79.0000,items/haul,2,UNK,-9,-9
LT,4,FR,35HT,GOV,EVHOE,,,X0456,14,2019,C-TS-REV,A1,-9,g/haul,41.0000,items/haul,1,UNK,-9,-9
LT,4,FR,35HT,GOV,EVHOE,,,W0688,154,2018,C-TS-REV,A1,-9,g/haul,51.0000,items/haul,1,UNK,-9,-9
LT,4,FR,35HT,GOV,EVHOE,,,W0680,146,2018,C-TS-REV,A1,-9,g/haul,35.0000,items/haul,1,UNK,-9,-9
LT,4,FR,35HT,GOV,EVHOE,,,W0676,142,2018,C-TS-REV,A1,-9,g/haul,59.0000,items/haul,1,UNK,-9,-9
LT,4,FR,35HT,GOV,EVHOE,,,X0565,119,2019,C-TS-REV,A1,-9,g/haul,48.0000,items/haul,1,UNK,-9,-9
LT,4,FR,35HT,GOV,EVHOE,,,X0564,118,2019,C-TS-REV,A1,-9,g/haul,39.0000,items/haul,1,UNK,-9,-9
LT,4,FR,35HT,GOV,EVHOE,,,X0563,117,2019,C-TS-REV,A1,-9,g/haul,47.0000,items/haul,1,UNK,-9,-9
LT,4,FR,35HT,GOV,EVHOE,,,X0561,115,2019,C-TS-REV,A1,-9,g/haul,17.0000,items/haul,1,UNK,-9,-9
LT,4,FR,35HT,GOV,EVHOE,,,X0557,111,2019,C-TS-REV,A1,-9,g/haul,50.0000,items/haul,1,UNK,-9,-9
LT,4,FR,35HT,GOV,EVHOE,,,X0553,107,2019,C-TS-REV,A1,-9,g/haul,42.0000,items/haul,1,UNK,-9,-9
LT,4,FR,35HT,GOV,EVHOE,,,X0594,148,2019,C-TS-REV,A1,-9,g/haul,55.0000,items/haul,1,UNK,-9,-9
LT,4,FR,35HT,GOV,EVHOE,,,X0572,126,2019,C-TS-REV,A1,-9,g/haul,15.0000,items/haul,1,UNK,-9,-9
LT,4,FR,35HT,GOV,EVHOE,,,X0571,125,2019,C-TS-REV,A1,-9,g/haul,28.0000,items/haul,1,UNK,-9,-9
LT,4,FR,35HT,GOV,EVHOE,,,X0569,123,2019,C-TS-REV,A1,-9,g/haul,48.0000,items/haul,1,UNK,-9,-9
LT,4,FR,35HT,GOV,EVHOE,,,Y0343,55,2020,C-TS-REV,A1,-9,g/haul,38.0000,items/haul,1,UNK,-9,-9
LT,4,FR,35HT,GOV,EVHOE,,,Y0300,12,2020,C-TS-REV,A1,-9,g/haul,54.0000,items/haul,1,UNK,-9,-9
LT,4,FR,35HT,GOV,EVHOE,,,Y0416,122,2020,C-TS-REV,A1,-9,g/haul,90.0000,items/haul,1,UNK,-9,-9
LT,4,FR,35HT,GOV,EVHOE,,,Y0402,109,2020,C-TS-REV,A1,-9,g/haul,21.0000,items/haul,1,UNK,-9,-9
LT,4,FR,35HT,GOV,EVHOE,,,Y0380,91,2020,C-TS-REV,A1,-9,g/haul,32.0000,items/haul,1,UNK,-9,-9
LT,4,FR,35HT,GOV,EVHOE,,,Y0359,71,2020,C-TS-REV,A1,-9,g/haul,1.0000,items/haul,1,UNK,-9,-9
LT,4,FR,35HT,GOV,EVHOE,,,Y0352,64,2020,C-TS-REV,A1,-9,g/haul,52.0000,items/haul,1,UNK,-9,-9
LT,4,FR,35HT,GOV,EVHOE,,,W0655,121,2018,C-TS-REV,A1,-9,g/haul,12.0000,items/haul,1,UNK,-9,-9
LT,4,FR,35HT,GOV,EVHOE,,,W0654,120,2018,C-TS-REV,A1,-9,g/haul,34.0000,items/haul,1,UNK,-9,-9
LT,4,FR,35HT,GOV,EVHOE,,,W0652,118,2018,C-TS-REV,A1,-9,g/haul,121.0000,items/haul,2,UNK,-9,-9
LT,4,FR,35HT,GOV,EVHOE,,,W0639,106,2018,C-TS-REV,A1,-9,g/haul,22.0000,items/haul,1,UNK,-9,-9
LT,4,FR,35HT,GOV,EVHOE,,,W0582,49,2018,C-TS-REV,A1,-9,g/haul,68.0000,items/haul,1,UNK,-9,-9
LT,4,FR,35HT,GOV,EVHOE,,,Y0310,22,2020,C-TS-REV,A1,B,g/haul,22.0000,items/haul,2,UNK,-9,-9
LT,4,FR,35HT,GOV,EVHOE,,,Y0384,95,2020,C-TS-REV,A1,B,g/haul,70.0000,items/haul,1,UNK,-9,-9
LT,4,FR,35HT,GOV,EVHOE,,,Y0395,104,2020,C-TS-REV,A1,B,g/haul,75.0000,items/haul,2,UNK,-9,-9
LT,4,FR,35HT,GOV,EVHOE,,,Y0439,143,2020,C-TS-REV,A1,B,g/haul,13.0000,items/haul,1,UNK,-9,-9
LT,4,FR,35HT,GOV,EVHOE,,,W0660,126,2018,C-TS-REV,A1,-9,g/haul,30.0000,items/haul,1,UNK,-9,-9
LT,4,FR,35HT,GOV,EVHOE,,,Y0372,84,2020,C-TS-REV,A1,A,g/haul,3.0000,items/haul,1,UNK,-9,-9
LT,4,FR,35HT,GOV,EVHOE,,,Y0376,88,2020,C-TS-REV,A1,A,g/haul,20.0000,items/haul,1,UNK,-9,-9
LT,4,FR,35HT,GOV,EVHOE,,,Y0408,115,2020,C-TS-REV,A1,A,g/haul,1.0000,items/haul,1,UNK,-9,-9
LT,4,FR,35HT,GOV,EVHOE,,,Y0445,149,2020,C-TS-REV,A1,A,g/haul,5.0000,items/haul,1,UNK,-9,-9
LT,4,FR,35HT,GOV,EVHOE,,,W0613,80,2018,C-TS-REV,A1,A,g/haul,10.0000,items/haul,1,UNK,-9,-9
LT,4,FR,35HT,GOV,EVHOE,,,W0624,91,2018,C-TS-REV,A1,A,g/haul,23.0000,items/haul,2,UNK,-9,-9
LT,4,FR,35HT,GOV,EVHOE,,,X0546,100,2019,C-TS-REV,A1,A,g/haul,5.0000,items/haul,1,UNK,-9,-9
LT,4,FR,35HT,GOV,EVHOE,,,Y0303,15,2020,C-TS-REV,A1,A,g/haul,1.0000,items/haul,1,UNK,-9,-9
LT,4,FR,35HT,GOV,EVHOE,,,Y0297,9,2020,C-TS-REV,A1,A,g/haul,1.0000,items/haul,1,UNK,-9,-9
LT,4,FR,35HT,GOV,EVHOE,,,Y0312,24,2020,C-TS-REV,A1,A,g/haul,2.0000,items/haul,2,UNK,-9,-9
LT,4,FR,35HT,GOV,EVHOE,,,Y0425,131,2020,C-TS-REV,A1,C,g/haul,50.0000,items/haul,1,UNK,-9,-9
LT,4,FR,35HT,GOV,EVHOE,,,Y0437,141,2020,C-TS-REV,A1,C,g/haul,60.0000,items/haul,1,UNK,-9,-9
LT,4,FR,35HT,GOV,EVHOE,,,Y0440,144,2020,C-TS-REV,A1,C,g/haul,64.0000,items/haul,3,UNK,-9,-9
LT,4,FR,35HT,GOV,EVHOE,,,Y0444,148,2020,C-TS-REV,A1,C,g/haul,51.0000,items/haul,1,UNK,-9,-9
LT,4,FR,35HT,GOV,EVHOE,,,W0533,6,2018,C-TS-REV,A1,A,g/haul,2.0000,items/haul,1,UNK,-9,-9
LT,4,FR,35HT,GOV,EVHOE,,,W0594,61,2018,C-TS-REV,A1,A,g/haul,3.0000,items/haul,1,UNK,-9,-9
LT,4,FR,35HT,GOV,EVHOE,,,Y0365,77,2020,C-TS-REV,B7,-9,g/haul,1.0000,items/haul,1,UNK,-9,-9
LT,4,FR,35HT,GOV,EVHOE,,,Y0447,151,2020,C-TS-REV,B7,-9,g/haul,2.0000,items/haul,1,UNK,-9,-9
LT,4,FR,35HT,GOV,EVHOE,,,W0635,102,2018,C-TS-REV,B7,D,g/haul,8000.0000,items/haul,1,UNK,-9,-9
LT,4,FR,35HT,GOV,EVHOE,,,X0583,137,2019,C-TS-REV,A5,-9,g/haul,2.0000,items/haul,2,UNK,-9,-9
LT,4,FR,35HT,GOV,EVHOE,,,X0578,132,2019,C-TS-REV,A5,-9,g/haul,1.0000,items/haul,1,UNK,-9,-9
LT,4,FR,35HT,GOV,EVHOE,,,X0579,133,2019,C-TS-REV,A5,-9,g/haul,1.0000,items/haul,1,UNK,-9,-9
LT,4,FR,35HT,GOV,EVHOE,,,X0575,129,2019,C-TS-REV,A5,-9,g/haul,2.0000,items/haul,2,UNK,-9,-9
LT,4,FR,35HT,GOV,EVHOE,,,X0572,126,2019,C-TS-REV,A5,-9,g/haul,1.0000,items/haul,1,UNK,-9,-9
LT,4,FR,35HT,GOV,EVHOE,,,X0573,127,2019,C-TS-REV,A5,-9,g/haul,12.0000,items/haul,2,UNK,-9,-9
LT,4,FR,35HT,GOV,EVHOE,,,X0569,123,2019,C-TS-REV,A5,-9,g/haul,1.0000,items/haul,1,UNK,-9,-9
LT,4,FR,35HT,GOV,EVHOE,,,X0570,124,2019,C-TS-REV,A5,-9,g/haul,29.0000,items/haul,2,UNK,-9,-9
LT,4,FR,35HT,GOV,EVHOE,,,X0567,121,2019,C-TS-REV,A5,-9,g/haul,74.0000,items/haul,3,UNK,-9,-9
LT,4,FR,35HT,GOV,EVHOE,,,X0566,120,2019,C-TS-REV,A5,-9,g/haul,19.0000,items/haul,3,UNK,-9,-9
LT,4,FR,35HT,GOV,EVHOE,,,X0566,120,2019,C-TS-REV,A8,-9,g/haul,555.0000,items/haul,2,UNK,-9,-9
LT,4,FR,35HT,GOV,EVHOE,,,X0566,120,2019,C-TS-REV,F3,-9,g/haul,377.0000,items/haul,1,UNK,-9,-9
LT,4,FR,35HT,GOV,EVHOE,,,X0565,119,2019,C-TS-REV,A5,-9,g/haul,4.0000,items/haul,4,UNK,-9,-9
LT,4,FR,35HT,GOV,EVHOE,,,X0564,118,2019,C-TS-REV,A5,-9,g/haul,91.0000,items/haul,1,UNK,-9,-9
LT,4,FR,35HT,GOV,EVHOE,,,X0562,116,2019,C-TS-REV,A5,-9,g/haul,20.0000,items/haul,3,UNK,-9,-9
LT,4,FR,35HT,GOV,EVHOE,,,X0560,114,2019,C-TS-REV,A5,-9,g/haul,1.0000,items/haul,1,UNK,-9,-9
LT,4,FR,35HT,GOV,EVHOE,,,X0561,115,2019,C-TS-REV,A5,-9,g/haul,3.0000,items/haul,1,UNK,-9,-9
LT,4,FR,35HT,GOV,EVHOE,,,X0557,111,2019,C-TS-REV,A5,-9,g/haul,1.0000,items/haul,1,UNK,-9,-9
LT,4,FR,35HT,GOV,EVHOE,,,X0558,112,2019,C-TS-REV,A5,-9,g/haul,2.0000,items/haul,1,UNK,-9,-9
LT,4,FR,35HT,GOV,EVHOE,,,X0556,110,2019,C-TS-REV,A5,-9,g/haul,1.0000,items/haul,1,UNK,-9,-9
LT,4,FR,35HT,GOV,EVHOE,,,X0554,108,2019,C-TS-REV,A8,-9,g/haul,29.0000,items/haul,1,UNK,-9,-9
LT,4,FR,35HT,GOV,EVHOE,,,X0520,74,2019,C-TS-REV,A5,-9,g/haul,22.0000,items/haul,11,UNK,-9,-9
LT,4,FR,35HT,GOV,EVHOE,,,X0521,75,2019,C-TS-REV,A5,D,g/haul,2.5000,items/haul,4,UNK,-9,-9
LT,4,FR,35HT,GOV,EVHOE,,,X0516,70,2019,C-TS-REV,A5,-9,g/haul,7.0000,items/haul,7,UNK,-9,-9
LT,4,FR,35HT,GOV,EVHOE,,,X0512,66,2019,C-TS-REV,A5,D,g/haul,750.0000,items/haul,1,UNK,-9,-9
LT,4,FR,35HT,GOV,EVHOE,,,X0505,59,2019,C-TS-REV,A5,D,g/haul,800.0000,items/haul,1,UNK,-9,-9
LT,4,FR,35HT,GOV,EVHOE,,,X0495,49,2019,C-TS-REV,A5,D,g/haul,1.0000,items/haul,3,UNK,-9,-9
LT,4,FR,35HT,GOV,EVHOE,,,X0492,46,2019,C-TS-REV,A5,D,g/haul,1.0000,items/haul,1,UNK,-9,-9
LT,4,FR,35HT,GOV,EVHOE,,,X0491,45,2019,C-TS-REV,A5,D,g/haul,1.0000,items/haul,1,UNK,-9,-9
LT,4,FR,35HT,GOV,EVHOE,,,X0483,37,2019,C-TS-REV,A8,D,g/haul,5.0000,items/haul,1,UNK,-9,-9
LT,4,FR,35HT,GOV,EVHOE,,,X0484,38,2019,C-TS-REV,A5,D,g/haul,0.5000,items/haul,1,UNK,-9,-9
LT,4,FR,35HT,GOV,EVHOE,,,X0485,39,2019,C-TS-REV,A5,D,g/haul,1.0000,items/haul,1,UNK,-9,-9
LT,4,FR,35HT,GOV,EVHOE,,,X0482,36,2019,C-TS-REV,A5,D,g/haul,1.0000,items/haul,1,UNK,-9,-9
LT,4,FR,35HT,GOV,EVHOE,,,X0480,34,2019,C-TS-REV,A5,D,g/haul,0.5000,items/haul,2,UNK,-9,-9
LT,4,FR,35HT,GOV,EVHOE,,,X0479,33,2019,C-TS-REV,A5,-9,g/haul,1.0000,items/haul,1,UNK,-9,-9
LT,4,FR,35HT,GOV,EVHOE,,,X0478,32,2019,C-TS-REV,A5,-9,g/haul,18.0000,items/haul,6,UNK,-9,-9
LT,4,FR,35HT,GOV,EVHOE,,,X0474,29,2019,C-TS-REV,A5,-9,g/haul,4.0000,items/haul,1,UNK,-9,-9
LT,4,FR,35HT,GOV,EVHOE,,,X0472,27,2019,C-TS-REV,A5,-9,g/haul,9.0000,items/haul,1,UNK,-9,-9
LT,4,FR,35HT,GOV,EVHOE,,,X0473,28,2019,C-TS-REV,A5,-9,g/haul,2.0000,items/haul,4,UNK,-9,-9
LT,4,FR,35HT,GOV,EVHOE,,,X0469,25,2019,C-TS-REV,A5,-9,g/haul,25.0000,items/haul,1,UNK,-9,-9
LT,4,FR,35HT,GOV,EVHOE,,,X0471,26,2019,C-TS-REV,A5,-9,g/haul,21.0000,items/haul,1,UNK,-9,-9
LT,4,FR,35HT,GOV,EVHOE,,,X0466,22,2019,C-TS-REV,A5,-9,g/haul,6.0000,items/haul,1,UNK,-9,-9
LT,4,FR,35HT,GOV,EVHOE,,,X0468,24,2019,C-TS-REV,A5,-9,g/haul,2.0000,items/haul,8,UNK,-9,-9
LT,4,FR,35HT,GOV,EVHOE,,,X0465,21,2019,C-TS-REV,A5,-9,g/haul,1.0000,items/haul,1,UNK,-9,-9
LT,4,FR,35HT,GOV,EVHOE,,,X0462,19,2019,C-TS-REV,A5,-9,g/haul,17.0000,items/haul,3,UNK,-9,-9
LT,4,FR,35HT,GOV,EVHOE,,,X0463,20,2019,C-TS-REV,A5,-9,g/haul,1.5000,items/haul,2,UNK,-9,-9
LT,4,FR,35HT,GOV,EVHOE,,,X0460,17,2019,C-TS-REV,A5,-9,g/haul,5.0000,items/haul,2,UNK,-9,-9
LT,4,FR,35HT,GOV,EVHOE,,,X0460,17,2019,C-TS-REV,A8,-9,g/haul,49.0000,items/haul,1,UNK,-9,-9
LT,4,FR,35HT,GOV,EVHOE,,,X0459,16,2019,C-TS-REV,A5,-9,g/haul,1.0000,items/haul,1,UNK,-9,-9
LT,4,FR,35HT,GOV,EVHOE,,,X0459,16,2019,C-TS-REV,A8,-9,g/haul,13.0000,items/haul,1,UNK,-9,-9
LT,4,FR,35HT,GOV,EVHOE,,,X0457,15,2019,C-TS-REV,A5,-9,g/haul,1.0000,items/haul,1,UNK,-9,-9
LT,4,FR,35HT,GOV,EVHOE,,,X0457,15,2019,C-TS-REV,E4,-9,g/haul,9240.0000,items/haul,1,UNK,-9,-9
LT,4,FR,35HT,GOV,EVHOE,,,X0455,13,2019,C-TS-REV,B8,-9,g/haul,2.0000,items/haul,1,UNK,-9,-9
LT,4,FR,35HT,GOV,EVHOE,,,X0452,11,2019,C-TS-REV,B1,-9,g/haul,12.0000,items/haul,1,UNK,-9,-9
LT,4,FR,35HT,GOV,EVHOE,,,X0454,12,2019,C-TS-REV,A5,-9,g/haul,3.0000,items/haul,7,UNK,-9,-9
LT,4,FR,35HT,GOV,EVHOE,,,X0451,10,2019,C-TS-REV,A5,-9,g/haul,1.0000,items/haul,1,UNK,-9,-9
LT,4,FR,35HT,GOV,EVHOE,,,X0452,11,2019,C-TS-REV,A5,-9,g/haul,2.0000,items/haul,3,UNK,-9,-9
LT,4,FR,35HT,GOV,EVHOE,,,X0450,9,2019,C-TS-REV,A11,-9,g/haul,23.0000,items/haul,1,UNK,-9,-9
LT,4,FR,35HT,GOV,EVHOE,,,X0449,8,2019,C-TS-REV,A5,-9,g/haul,36.0000,items/haul,4,UNK,-9,-9
LT,4,FR,35HT,GOV,EVHOE,,,X0448,7,2019,C-TS-REV,A5,-9,g/haul,13.0000,items/haul,10,UNK,-9,-9
LT,4,FR,35HT,GOV,EVHOE,,,X0448,7,2019,C-TS-REV,A8,-9,g/haul,53.0000,items/haul,3,UNK,-9,-9
LT,4,FR,35HT,GOV,EVHOE,,,X0445,5,2019,C-TS-REV,A8,-9,g/haul,2.5000,items/haul,8,UNK,-9,-9
LT,4,FR,35HT,GOV,EVHOE,,,X0446,6,2019,C-TS-REV,A5,-9,g/haul,4.5000,items/haul,9,UNK,-9,-9
LT,4,FR,35HT,GOV,EVHOE,,,X0444,4,2019,C-TS-REV,A5,-9,g/haul,63.0000,items/haul,93,UNK,-9,-9
LT,4,FR,35HT,GOV,EVHOE,,,X0442,2,2019,C-TS-REV,E4,-9,g/haul,26.0000,items/haul,1,UNK,-9,-9
LT,4,FR,35HT,GOV,EVHOE,,,X0442,2,2019,C-TS-REV,A5,-9,g/haul,0.5000,items/haul,1,UNK,-9,-9
LT,4,FR,35HT,GOV,EVHOE,,,X0443,3,2019,C-TS-REV,A5,-9,g/haul,2.0000,items/haul,6,UNK,-9,-9
LT,4,FR,35HT,GOV,EVHOE,,,X0443,3,2019,C-TS-REV,B8,-9,g/haul,3.0000,items/haul,1,UNK,-9,-9
LT,4,FR,35HT,GOV,EVHOE,,,X0441,1,2019,C-TS-REV,A5,-9,g/haul,0.5000,items/haul,1,UNK,-9,-9
LT,4,FR,35HT,GOV,EVHOE,,,W0685,151,2018,C-TS-REV,F3,-9,g/haul,35.0000,items/haul,1,UNK,-9,-9
LT,4,FR,35HT,GOV,EVHOE,,,W0678,144,2018,C-TS-REV,F3,-9,g/haul,502.0000,items/haul,1,UNK,-9,-9
LT,4,FR,35HT,GOV,EVHOE,,,W0676,142,2018,C-TS-REV,A8,-9,g/haul,157.0000,items/haul,6,UNK,-9,-9
LT,4,FR,35HT,GOV,EVHOE,,,W0673,139,2018,C-TS-REV,A5,-9,g/haul,2.0000,items/haul,2,UNK,-9,-9
LT,4,FR,35HT,GOV,EVHOE,,,W0675,141,2018,C-TS-REV,A5,-9,g/haul,10.0000,items/haul,1,UNK,-9,-9
LT,4,FR,35HT,GOV,EVHOE,,,W0671,137,2018,C-TS-REV,A5,-9,g/haul,1.0000,items/haul,1,UNK,-9,-9
LT,4,FR,35HT,GOV,EVHOE,,,W0672,138,2018,C-TS-REV,A5,-9,g/haul,2.0000,items/haul,1,UNK,-9,-9
LT,4,FR,35HT,GOV,EVHOE,,,W0673,139,2018,C-TS-REV,A8,-9,g/haul,3.0000,items/haul,1,UNK,-9,-9
LT,4,FR,35HT,GOV,EVHOE,,,W0668,134,2018,C-TS-REV,A5,-9,g/haul,2.0000,items/haul,1,UNK,-9,-9
LT,4,FR,35HT,GOV,EVHOE,,,W0669,135,2018,C-TS-REV,F3,-9,g/haul,89.0000,items/haul,1,UNK,-9,-9
LT,4,FR,35HT,GOV,EVHOE,,,W0669,135,2018,C-TS-REV,A5,-9,g/haul,1.0000,items/haul,1,UNK,-9,-9
LT,4,FR,35HT,GOV,EVHOE,,,W0669,135,2018,C-TS-REV,A8,-9,g/haul,750.0000,items/haul,1,UNK,-9,-9
LT,4,FR,35HT,GOV,EVHOE,,,W0665,131,2018,C-TS-REV,B8,-9,g/haul,3.0000,items/haul,3,UNK,-9,-9
LT,4,FR,35HT,GOV,EVHOE,,,W0665,131,2018,C-TS-REV,F2,-9,g/haul,45.0000,items/haul,1,UNK,-9,-9
LT,4,FR,35HT,GOV,EVHOE,,,W0665,131,2018,C-TS-REV,A5,-9,g/haul,48.0000,items/haul,8,UNK,-9,-9
LT,4,FR,35HT,GOV,EVHOE,,,W0664,130,2018,C-TS-REV,A5,-9,g/haul,6.0000,items/haul,6,UNK,-9,-9
LT,4,FR,35HT,GOV,EVHOE,,,W0662,128,2018,C-TS-REV,A5,-9,g/haul,1.0000,items/haul,1,UNK,-9,-9
LT,4,FR,35HT,GOV,EVHOE,,,W0663,129,2018,C-TS-REV,A5,-9,g/haul,9.0000,items/haul,31,UNK,-9,-9
LT,4,FR,35HT,GOV,EVHOE,,,W0661,127,2018,C-TS-REV,F3,-9,g/haul,2.0000,items/haul,2,UNK,-9,-9
LT,4,FR,35HT,GOV,EVHOE,,,W0531,4,2018,C-TS-REV,A5,C,g/haul,52.0000,items/haul,121,UNK,-9,-9
LT,4,FR,35HT,GOV,EVHOE,,,W0552,21,2018,C-TS-REV,F3,C,g/haul,118.0000,items/haul,1,UNK,-9,-9
LT,4,FR,35HT,GOV,EVHOE,,,W0593,60,2018,C-TS-REV,A8,C,g/haul,84.0000,items/haul,1,UNK,-9,-9
LT,4,FR,35HT,GOV,EVHOE,,,W0592,59,2018,C-TS-REV,A8,C,g/haul,62.0000,items/haul,1,UNK,-9,-9
LT,4,FR,35HT,GOV,EVHOE,,,W0598,65,2018,C-TS-REV,A8,C,g/haul,135.0000,items/haul,1,UNK,-9,-9
LT,4,FR,35HT,GOV,EVHOE,,,W0610,77,2018,C-TS-REV,F3,C,g/haul,26.0000,items/haul,1,UNK,-9,-9
LT,4,FR,35HT,GOV,EVHOE,,,W0612,79,2018,C-TS-REV,A8,C,g/haul,8.0000,items/haul,1,UNK,-9,-9
LT,4,FR,35HT,GOV,EVHOE,,,W0619,86,2018,C-TS-REV,A5,C,g/haul,14.0000,items/haul,41,UNK,-9,-9
LT,4,FR,35HT,GOV,EVHOE,,,X0486,40,2019,C-TS-REV,A5,C,g/haul,1.5000,items/haul,3,UNK,-9,-9
LT,4,FR,35HT,GOV,EVHOE,,,X0500,54,2019,C-TS-REV,A5,C,g/haul,1.0000,items/haul,2,UNK,-9,-9
LT,4,FR,35HT,GOV,EVHOE,,,X0517,71,2019,C-TS-REV,A5,C,g/haul,80.0000,items/haul,35,UNK,-9,-9
LT,4,FR,35HT,GOV,EVHOE,,,X0523,77,2019,C-TS-REV,B8,C,g/haul,1028.0000,items/haul,1,UNK,-9,-9
LT,4,FR,35HT,GOV,EVHOE,,,Y0289,1,2020,C-TS-REV,A5,C,g/haul,1.0000,items/haul,3,UNK,-9,-9
LT,4,FR,35HT,GOV,EVHOE,,,Y0298,10,2020,C-TS-REV,A5,C,g/haul,23.0000,items/haul,36,UNK,-9,-9
LT,4,FR,35HT,GOV,EVHOE,,,Y0302,14,2020,C-TS-REV,A8,C,g/haul,8.0000,items/haul,1,UNK,-9,-9
LT,4,FR,35HT,GOV,EVHOE,,,Y0304,16,2020,C-TS-REV,A5,C,g/haul,1.0000,items/haul,1,UNK,-9,-9
LT,4,FR,35HT,GOV,EVHOE,,,Y0303,15,2020,C-TS-REV,A5,C,g/haul,14.0000,items/haul,12,UNK,-9,-9
LT,4,FR,35HT,GOV,EVHOE,,,Y0304,16,2020,C-TS-REV,F3,C,g/haul,180.0000,items/haul,1,UNK,-9,-9
LT,4,FR,35HT,GOV,EVHOE,,,Y0306,18,2020,C-TS-REV,A5,C,g/haul,3.0000,items/haul,8,UNK,-9,-9
LT,4,FR,35HT,GOV,EVHOE,,,Y0307,19,2020,C-TS-REV,A5,C,g/haul,1.0000,items/haul,2,UNK,-9,-9
LT,4,FR,35HT,GOV,EVHOE,,,Y0309,21,2020,C-TS-REV,A5,C,g/haul,6.0000,items/haul,8,UNK,-9,-9
LT,4,FR,35HT,GOV,EVHOE,,,Y0319,31,2020,C-TS-REV,A5,C,g/haul,1.0000,items/haul,2,UNK,-9,-9
LT,4,FR,35HT,GOV,EVHOE,,,Y0316,28,2020,C-TS-REV,A5,C,g/haul,2.0000,items/haul,2,UNK,-9,-9
LT,4,FR,35HT,GOV,EVHOE,,,Y0325,37,2020,C-TS-REV,A5,C,g/haul,1.0000,items/haul,3,UNK,-9,-9
LT,4,FR,35HT,GOV,EVHOE,,,Y0335,47,2020,C-TS-REV,A5,C,g/haul,1.0000,items/haul,1,UNK,-9,-9
LT,4,FR,35HT,GOV,EVHOE,,,Y0341,53,2020,C-TS-REV,A5,C,g/haul,1.0000,items/haul,3,UNK,-9,-9
LT,4,FR,35HT,GOV,EVHOE,,,Y0342,54,2020,C-TS-REV,A5,C,g/haul,0.5000,items/haul,1,UNK,-9,-9
LT,4,FR,35HT,GOV,EVHOE,,,Y0340,52,2020,C-TS-REV,A5,C,g/haul,0.5000,items/haul,1,UNK,-9,-9
LT,4,FR,35HT,GOV,EVHOE,,,Y0415,121,2020,C-TS-REV,A8,C,g/haul,91.0000,items/haul,7,UNK,-9,-9
LT,4,FR,35HT,GOV,EVHOE,,,Y0452,156,2020,C-TS-REV,E4,C,g/haul,660.0000,items/haul,1,UNK,-9,-9
LT,4,FR,35HT,GOV,EVHOE,,,W0531,4,2018,C-TS-REV,B8,A,g/haul,2.0000,items/haul,3,UNK,-9,-9
LT,4,FR,35HT,GOV,EVHOE,,,W0536,8,2018,C-TS-REV,A5,A,g/haul,4.0000,items/haul,5,UNK,-9,-9
LT,4,FR,35HT,GOV,EVHOE,,,W0537,9,2018,C-TS-REV,A5,A,g/haul,1.0000,items/haul,3,UNK,-9,-9
LT,4,FR,35HT,GOV,EVHOE,,,W0535,7,2018,C-TS-REV,B8,A,g/haul,2.0000,items/haul,2,UNK,-9,-9
LT,4,FR,35HT,GOV,EVHOE,,,W0538,10,2018,C-TS-REV,A5,A,g/haul,1.0000,items/haul,1,UNK,-9,-9
LT,4,FR,35HT,GOV,EVHOE,,,W0542,13,2018,C-TS-REV,B8,A,g/haul,15.0000,items/haul,1,UNK,-9,-9
LT,4,FR,35HT,GOV,EVHOE,,,W0542,13,2018,C-TS-REV,A5,A,g/haul,3.0000,items/haul,4,UNK,-9,-9
LT,4,FR,35HT,GOV,EVHOE,,,W0541,12,2018,C-TS-REV,A5,A,g/haul,19.5000,items/haul,2,UNK,-9,-9
LT,4,FR,35HT,GOV,EVHOE,,,W0541,12,2018,C-TS-REV,B8,A,g/haul,2.5000,items/haul,1,UNK,-9,-9
LT,4,FR,35HT,GOV,EVHOE,,,W0544,15,2018,C-TS-REV,A5,A,g/haul,6.0000,items/haul,2,UNK,-9,-9
LT,4,FR,35HT,GOV,EVHOE,,,W0542,13,2018,C-TS-REV,A8,A,g/haul,99.0000,items/haul,1,UNK,-9,-9
LT,4,FR,35HT,GOV,EVHOE,,,W0546,16,2018,C-TS-REV,A5,A,g/haul,2.0000,items/haul,4,UNK,-9,-9
LT,4,FR,35HT,GOV,EVHOE,,,W0547,17,2018,C-TS-REV,A5,A,g/haul,13.0000,items/haul,7,UNK,-9,-9
LT,4,FR,35HT,GOV,EVHOE,,,W0554,23,2018,C-TS-REV,A5,A,g/haul,1.0000,items/haul,1,UNK,-9,-9
LT,4,FR,35HT,GOV,EVHOE,,,W0549,19,2018,C-TS-REV,A5,A,g/haul,1.0000,items/haul,1,UNK,-9,-9
LT,4,FR,35HT,GOV,EVHOE,,,W0552,21,2018,C-TS-REV,A5,A,g/haul,1.0000,items/haul,2,UNK,-9,-9
LT,4,FR,35HT,GOV,EVHOE,,,W0553,22,2018,C-TS-REV,A5,A,g/haul,35.0000,items/haul,1,UNK,-9,-9
LT,4,FR,35HT,GOV,EVHOE,,,W0555,24,2018,C-TS-REV,A5,A,g/haul,1.0000,items/haul,7,UNK,-9,-9
LT,4,FR,35HT,GOV,EVHOE,,,W0560,29,2018,C-TS-REV,A5,A,g/haul,1.0000,items/haul,1,UNK,-9,-9
LT,4,FR,35HT,GOV,EVHOE,,,W0563,31,2018,C-TS-REV,B8,A,g/haul,2.0000,items/haul,2,UNK,-9,-9
LT,4,FR,35HT,GOV,EVHOE,,,W0560,29,2018,C-TS-REV,A8,A,g/haul,20.0000,items/haul,1,UNK,-9,-9
LT,4,FR,35HT,GOV,EVHOE,,,W0564,32,2018,C-TS-REV,A5,A,g/haul,2.0000,items/haul,3,UNK,-9,-9
LT,4,FR,35HT,GOV,EVHOE,,,W0563,31,2018,C-TS-REV,A5,A,g/haul,6.0000,items/haul,4,UNK,-9,-9
LT,4,FR,35HT,GOV,EVHOE,,,W0569,36,2018,C-TS-REV,A5,A,g/haul,4.0000,items/haul,4,UNK,-9,-9
LT,4,FR,35HT,GOV,EVHOE,,,W0570,37,2018,C-TS-REV,A5,A,g/haul,1.0000,items/haul,1,UNK,-9,-9
LT,4,FR,35HT,GOV,EVHOE,,,W0571,38,2018,C-TS-REV,B8,A,g/haul,1.0000,items/haul,1,UNK,-9,-9
LT,4,FR,35HT,GOV,EVHOE,,,W0571,38,2018,C-TS-REV,A5,A,g/haul,16.0000,items/haul,9,UNK,-9,-9
LT,4,FR,35HT,GOV,EVHOE,,,W0572,39,2018,C-TS-REV,A5,A,g/haul,5.0000,items/haul,7,UNK,-9,-9
LT,4,FR,35HT,GOV,EVHOE,,,W0578,45,2018,C-TS-REV,A5,A,g/haul,2.0000,items/haul,2,UNK,-9,-9
LT,4,FR,35HT,GOV,EVHOE,,,W0578,45,2018,C-TS-REV,B8,A,g/haul,1.0000,items/haul,1,UNK,-9,-9
LT,4,FR,35HT,GOV,EVHOE,,,W0592,59,2018,C-TS-REV,B1,A,g/haul,102.0000,items/haul,1,UNK,-9,-9
LT,4,FR,35HT,GOV,EVHOE,,,W0589,56,2018,C-TS-REV,A5,A,g/haul,4.0000,items/haul,3,UNK,-9,-9
LT,4,FR,35HT,GOV,EVHOE,,,W0592,59,2018,C-TS-REV,A5,A,g/haul,140.0000,items/haul,7,UNK,-9,-9
LT,4,FR,35HT,GOV,EVHOE,,,W0595,62,2018,C-TS-REV,A5,A,g/haul,3.0000,items/haul,4,UNK,-9,-9
LT,4,FR,35HT,GOV,EVHOE,,,W0595,62,2018,C-TS-REV,A8,A,g/haul,2.0000,items/haul,1,UNK,-9,-9
LT,4,FR,35HT,GOV,EVHOE,,,W0597,64,2018,C-TS-REV,A5,A,g/haul,5.0000,items/haul,4,UNK,-9,-9
LT,4,FR,35HT,GOV,EVHOE,,,W0596,63,2018,C-TS-REV,A5,A,g/haul,5.0000,items/haul,4,UNK,-9,-9
LT,4,FR,35HT,GOV,EVHOE,,,W0601,68,2018,C-TS-REV,A5,A,g/haul,2.0000,items/haul,1,UNK,-9,-9
LT,4,FR,35HT,GOV,EVHOE,,,W0598,65,2018,C-TS-REV,A5,A,g/haul,2.0000,items/haul,1,UNK,-9,-9
LT,4,FR,35HT,GOV,EVHOE,,,W0604,71,2018,C-TS-REV,A8,A,g/haul,1.0000,items/haul,2,UNK,-9,-9
LT,4,FR,35HT,GOV,EVHOE,,,W0600,67,2018,C-TS-REV,A5,A,g/haul,1.0000,items/haul,1,UNK,-9,-9
LT,4,FR,35HT,GOV,EVHOE,,,W0606,73,2018,C-TS-REV,A5,A,g/haul,4.0000,items/haul,6,UNK,-9,-9
LT,4,FR,35HT,GOV,EVHOE,,,W0608,75,2018,C-TS-REV,A5,A,g/haul,7.0000,items/haul,10,UNK,-9,-9
LT,4,FR,35HT,GOV,EVHOE,,,W0605,72,2018,C-TS-REV,A5,A,g/haul,4.0000,items/haul,4,UNK,-9,-9
LT,4,FR,35HT,GOV,EVHOE,,,W0611,78,2018,C-TS-REV,D3,A,g/haul,25.0000,items/haul,1,UNK,-9,-9
LT,4,FR,35HT,GOV,EVHOE,,,W0610,77,2018,C-TS-REV,A5,A,g/haul,2.0000,items/haul,2,UNK,-9,-9
LT,4,FR,35HT,GOV,EVHOE,,,W0620,87,2018,C-TS-REV,A5,A,g/haul,2.5000,items/haul,2,UNK,-9,-9
LT,4,FR,35HT,GOV,EVHOE,,,W0621,88,2018,C-TS-REV,A5,A,g/haul,3.0000,items/haul,13,UNK,-9,-9
LT,4,FR,35HT,GOV,EVHOE,,,W0622,89,2018,C-TS-REV,A5,A,g/haul,3.0000,items/haul,1,UNK,-9,-9
LT,4,FR,35HT,GOV,EVHOE,,,W0626,93,2018,C-TS-REV,A5,A,g/haul,3.0000,items/haul,3,UNK,-9,-9
LT,4,FR,35HT,GOV,EVHOE,,,W0627,94,2018,C-TS-REV,A5,A,g/haul,12.0000,items/haul,2,UNK,-9,-9
LT,4,FR,35HT,GOV,EVHOE,,,W0629,96,2018,C-TS-REV,A5,A,g/haul,2.0000,items/haul,1,UNK,-9,-9
LT,4,FR,35HT,GOV,EVHOE,,,W0628,95,2018,C-TS-REV,A5,A,g/haul,6.0000,items/haul,2,UNK,-9,-9
LT,4,FR,35HT,GOV,EVHOE,,,W0625,92,2018,C-TS-REV,A5,A,g/haul,2.0000,items/haul,1,UNK,-9,-9
LT,4,FR,35HT,GOV,EVHOE,,,W0630,97,2018,C-TS-REV,A5,A,g/haul,2.0000,items/haul,1,UNK,-9,-9
LT,4,FR,35HT,GOV,EVHOE,,,W0632,99,2018,C-TS-REV,A5,A,g/haul,3.0000,items/haul,3,UNK,-9,-9
LT,4,FR,35HT,GOV,EVHOE,,,W0633,100,2018,C-TS-REV,A5,A,g/haul,2.0000,items/haul,2,UNK,-9,-9
LT,4,FR,35HT,GOV,EVHOE,,,W0643,110,2018,C-TS-REV,A8,A,g/haul,1.0000,items/haul,1,UNK,-9,-9
LT,4,FR,35HT,GOV,EVHOE,,,W0640,107,2018,C-TS-REV,A8,A,g/haul,1.0000,items/haul,1,UNK,-9,-9
LT,4,FR,35HT,GOV,EVHOE,,,X0477,31,2019,C-TS-REV,A5,A,g/haul,0.5000,items/haul,2,UNK,-9,-9
LT,4,FR,35HT,GOV,EVHOE,,,X0461,18,2019,C-TS-REV,A5,A,g/haul,4.0000,items/haul,6,UNK,-9,-9
LT,4,FR,35HT,GOV,EVHOE,,,X0489,43,2019,C-TS-REV,A5,A,g/haul,1.0000,items/haul,2,UNK,-9,-9
LT,4,FR,35HT,GOV,EVHOE,,,X0487,41,2019,C-TS-REV,A5,A,g/haul,3.0000,items/haul,1,UNK,-9,-9
LT,4,FR,35HT,GOV,EVHOE,,,X0504,58,2019,C-TS-REV,A5,A,g/haul,0.5000,items/haul,1,UNK,-9,-9
LT,4,FR,35HT,GOV,EVHOE,,,X0488,42,2019,C-TS-REV,A5,A,g/haul,1.0000,items/haul,5,UNK,-9,-9
LT,4,FR,35HT,GOV,EVHOE,,,X0509,63,2019,C-TS-REV,A5,A,g/haul,4.0000,items/haul,4,UNK,-9,-9
LT,4,FR,35HT,GOV,EVHOE,,,X0508,62,2019,C-TS-REV,A5,A,g/haul,2.0000,items/haul,3,UNK,-9,-9
LT,4,FR,35HT,GOV,EVHOE,,,X0510,64,2019,C-TS-REV,A5,A,g/haul,13.0000,items/haul,4,UNK,-9,-9
LT,4,FR,35HT,GOV,EVHOE,,,X0513,67,2019,C-TS-REV,A5,A,g/haul,3.0000,items/haul,1,UNK,-9,-9
LT,4,FR,35HT,GOV,EVHOE,,,X0522,76,2019,C-TS-REV,A5,A,g/haul,6.0000,items/haul,9,UNK,-9,-9
LT,4,FR,35HT,GOV,EVHOE,,,X0518,72,2019,C-TS-REV,A5,A,g/haul,17.0000,items/haul,7,UNK,-9,-9
LT,4,FR,35HT,GOV,EVHOE,,,X0525,79,2019,C-TS-REV,B8,A,g/haul,0.5000,items/haul,1,UNK,-9,-9
LT,4,FR,35HT,GOV,EVHOE,,,X0523,77,2019,C-TS-REV,A5,A,g/haul,3.0000,items/haul,4,UNK,-9,-9
LT,4,FR,35HT,GOV,EVHOE,,,X0529,83,2019,C-TS-REV,A5,A,g/haul,20.0000,items/haul,3,UNK,-9,-9
LT,4,FR,35HT,GOV,EVHOE,,,X0526,80,2019,C-TS-REV,A5,A,g/haul,2.0000,items/haul,1,UNK,-9,-9
LT,4,FR,35HT,GOV,EVHOE,,,X0534,88,2019,C-TS-REV,A5,A,g/haul,3.0000,items/haul,3,UNK,-9,-9
LT,4,FR,35HT,GOV,EVHOE,,,X0531,85,2019,C-TS-REV,A5,A,g/haul,6.0000,items/haul,1,UNK,-9,-9
LT,4,FR,35HT,GOV,EVHOE,,,X0536,90,2019,C-TS-REV,A5,A,g/haul,1.0000,items/haul,1,UNK,-9,-9
LT,4,FR,35HT,GOV,EVHOE,,,X0532,86,2019,C-TS-REV,A5,A,g/haul,2.0000,items/haul,2,UNK,-9,-9
LT,4,FR,35HT,GOV,EVHOE,,,X0533,87,2019,C-TS-REV,A5,A,g/haul,12.0000,items/haul,3,UNK,-9,-9
LT,4,FR,35HT,GOV,EVHOE,,,X0539,93,2019,C-TS-REV,A5,A,g/haul,1.0000,items/haul,2,UNK,-9,-9
LT,4,FR,35HT,GOV,EVHOE,,,X0548,102,2019,C-TS-REV,A5,A,g/haul,3.0000,items/haul,1,UNK,-9,-9
LT,4,FR,35HT,GOV,EVHOE,,,X0545,99,2019,C-TS-REV,A5,A,g/haul,2.0000,items/haul,1,UNK,-9,-9
LT,4,FR,35HT,GOV,EVHOE,,,Y0302,14,2020,C-TS-REV,B8,A,g/haul,9.0000,items/haul,1,UNK,-9,-9
LT,4,FR,35HT,GOV,EVHOE,,,Y0313,25,2020,C-TS-REV,A5,A,g/haul,1.0000,items/haul,2,UNK,-9,-9
LT,4,FR,35HT,GOV,EVHOE,,,Y0318,30,2020,C-TS-REV,A5,A,g/haul,1.0000,items/haul,3,UNK,-9,-9
LT,4,FR,35HT,GOV,EVHOE,,,Y0381,92,2020,C-TS-REV,A5,A,g/haul,5.0000,items/haul,2,UNK,-9,-9
LT,4,FR,35HT,GOV,EVHOE,,,Y0379,90,2020,C-TS-REV,A5,A,g/haul,1.0000,items/haul,3,UNK,-9,-9
LT,4,FR,35HT,GOV,EVHOE,,,Y0384,95,2020,C-TS-REV,A5,A,g/haul,2.0000,items/haul,2,UNK,-9,-9
LT,4,FR,35HT,GOV,EVHOE,,,Y0385,96,2020,C-TS-REV,A5,A,g/haul,16.0000,items/haul,5,UNK,-9,-9
LT,4,FR,35HT,GOV,EVHOE,,,Y0382,93,2020,C-TS-REV,A5,A,g/haul,4.0000,items/haul,1,UNK,-9,-9
LT,4,FR,35HT,GOV,EVHOE,,,Y0388,98,2020,C-TS-REV,A5,A,g/haul,2.0000,items/haul,1,UNK,-9,-9
LT,4,FR,35HT,GOV,EVHOE,,,Y0395,104,2020,C-TS-REV,A5,A,g/haul,11.0000,items/haul,2,UNK,-9,-9
LT,4,FR,35HT,GOV,EVHOE,,,Y0389,99,2020,C-TS-REV,A5,A,g/haul,2.0000,items/haul,1,UNK,-9,-9
LT,4,FR,35HT,GOV,EVHOE,,,Y0396,105,2020,C-TS-REV,A5,A,g/haul,2.0000,items/haul,2,UNK,-9,-9
LT,4,FR,35HT,GOV,EVHOE,,,Y0403,110,2020,C-TS-REV,A8,A,g/haul,4.0000,items/haul,3,UNK,-9,-9
LT,4,FR,35HT,GOV,EVHOE,,,Y0398,106,2020,C-TS-REV,A5,A,g/haul,1.0000,items/haul,1,UNK,-9,-9
LT,4,FR,35HT,GOV,EVHOE,,,Y0406,113,2020,C-TS-REV,A5,A,g/haul,1.0000,items/haul,1,UNK,-9,-9
LT,4,FR,35HT,GOV,EVHOE,,,Y0410,117,2020,C-TS-REV,A5,A,g/haul,1.0000,items/haul,2,UNK,-9,-9
LT,4,FR,35HT,GOV,EVHOE,,,Y0418,124,2020,C-TS-REV,A5,A,g/haul,2.0000,items/haul,2,UNK,-9,-9
LT,4,FR,35HT,GOV,EVHOE,,,Y0434,138,2020,C-TS-REV,A5,A,g/haul,4.0000,items/haul,2,UNK,-9,-9
LT,4,FR,35HT,GOV,EVHOE,,,Y0430,135,2020,C-TS-REV,A5,A,g/haul,2.0000,items/haul,1,UNK,-9,-9
LT,4,FR,35HT,GOV,EVHOE,,,Y0440,144,2020,C-TS-REV,A5,A,g/haul,22.0000,items/haul,2,UNK,-9,-9
LT,4,FR,35HT,GOV,EVHOE,,,Y0437,141,2020,C-TS-REV,D3,A,g/haul,7.0000,items/haul,2,UNK,-9,-9
LT,4,FR,35HT,GOV,EVHOE,,,Y0444,148,2020,C-TS-REV,A5,A,g/haul,7.0000,items/haul,2,UNK,-9,-9
LT,4,FR,35HT,GOV,EVHOE,,,X0479,33,2019,C-TS-REV,A8,F,g/haul,30000.0000,items/haul,1,UNK,-9,-9
LT,4,FR,35HT,GOV,EVHOE,,,Y0441,145,2020,C-TS-REV,B8,F,g/haul,6130.0000,items/haul,1,UNK,-9,-9
LT,4,FR,35HT,GOV,EVHOE,,,X0493,47,2019,C-TS-REV,A5,F,g/haul,7.0000,items/haul,1,UNK,-9,-9
LT,4,FR,35HT,GOV,EVHOE,,,X0483,37,2019,C-TS-REV,A5,F,g/haul,0.5000,items/haul,2,UNK,-9,-9
LT,4,FR,35HT,GOV,EVHOE,,,W0530,3,2018,C-TS-REV,A5,B,g/haul,25.0000,items/haul,34,UNK,-9,-9
LT,4,FR,35HT,GOV,EVHOE,,,W0529,2,2018,C-TS-REV,A5,B,g/haul,140.0000,items/haul,8,UNK,-9,-9
LT,4,FR,35HT,GOV,EVHOE,,,W0532,5,2018,C-TS-REV,B1,B,g/haul,51.0000,items/haul,1,UNK,-9,-9
LT,4,FR,35HT,GOV,EVHOE,,,W0535,7,2018,C-TS-REV,A5,B,g/haul,14.0000,items/haul,30,UNK,-9,-9
LT,4,FR,35HT,GOV,EVHOE,,,W0547,17,2018,C-TS-REV,A8,B,g/haul,167.0000,items/haul,1,UNK,-9,-9
LT,4,FR,35HT,GOV,EVHOE,,,W0570,37,2018,C-TS-REV,A8,B,g/haul,5230.0000,items/haul,2,UNK,-9,-9
LT,4,FR,35HT,GOV,EVHOE,,,W0564,32,2018,C-TS-REV,B8,B,g/haul,41.0000,items/haul,1,UNK,-9,-9
LT,4,FR,35HT,GOV,EVHOE,,,W0591,58,2018,C-TS-REV,B8,B,g/haul,546.0000,items/haul,1,UNK,-9,-9
LT,4,FR,35HT,GOV,EVHOE,,,W0599,66,2018,C-TS-REV,A5,B,g/haul,3.0000,items/haul,1,UNK,-9,-9
LT,4,FR,35HT,GOV,EVHOE,,,W0608,75,2018,C-TS-REV,A8,B,g/haul,58.0000,items/haul,1,UNK,-9,-9
LT,4,FR,35HT,GOV,EVHOE,,,W0603,70,2018,C-TS-REV,A5,B,g/haul,3.0000,items/haul,3,UNK,-9,-9
LT,4,FR,35HT,GOV,EVHOE,,,W0612,79,2018,C-TS-REV,A5,B,g/haul,2.5000,items/haul,4,UNK,-9,-9
LT,4,FR,35HT,GOV,EVHOE,,,W0611,78,2018,C-TS-REV,A5,B,g/haul,5.0000,items/haul,7,UNK,-9,-9
LT,4,FR,35HT,GOV,EVHOE,,,W0623,90,2018,C-TS-REV,A5,B,g/haul,10.0000,items/haul,4,UNK,-9,-9
LT,4,FR,35HT,GOV,EVHOE,,,W0613,80,2018,C-TS-REV,A5,B,g/haul,8.0000,items/haul,3,UNK,-9,-9
LT,4,FR,35HT,GOV,EVHOE,,,W0613,80,2018,C-TS-REV,F3,B,g/haul,34.0000,items/haul,1,UNK,-9,-9
LT,4,FR,35HT,GOV,EVHOE,,,W0616,83,2018,C-TS-REV,A5,B,g/haul,2.0000,items/haul,1,UNK,-9,-9
LT,4,FR,35HT,GOV,EVHOE,,,W0623,90,2018,C-TS-REV,B8,B,g/haul,12.0000,items/haul,1,UNK,-9,-9
LT,4,FR,35HT,GOV,EVHOE,,,X0477,31,2019,C-TS-REV,B1,B,g/haul,32.0000,items/haul,1,UNK,-9,-9
LT,4,FR,35HT,GOV,EVHOE,,,X0503,57,2019,C-TS-REV,A5,B,g/haul,1.0000,items/haul,6,UNK,-9,-9
LT,4,FR,35HT,GOV,EVHOE,,,X0495,49,2019,C-TS-REV,B8,B,g/haul,36.0000,items/haul,1,UNK,-9,-9
LT,4,FR,35HT,GOV,EVHOE,,,X0507,61,2019,C-TS-REV,A5,B,g/haul,6.0000,items/haul,2,UNK,-9,-9
LT,4,FR,35HT,GOV,EVHOE,,,X0501,55,2019,C-TS-REV,A5,B,g/haul,1.0000,items/haul,3,UNK,-9,-9
LT,4,FR,35HT,GOV,EVHOE,,,X0510,64,2019,C-TS-REV,B1,B,g/haul,63.0000,items/haul,1,UNK,-9,-9
LT,4,FR,35HT,GOV,EVHOE,,,X0519,73,2019,C-TS-REV,A5,B,g/haul,10.0000,items/haul,13,UNK,-9,-9
LT,4,FR,35HT,GOV,EVHOE,,,X0528,82,2019,C-TS-REV,B1,B,g/haul,9.0000,items/haul,1,UNK,-9,-9
LT,4,FR,35HT,GOV,EVHOE,,,X0527,81,2019,C-TS-REV,A5,B,g/haul,56.0000,items/haul,1,UNK,-9,-9
LT,4,FR,35HT,GOV,EVHOE,,,X0528,82,2019,C-TS-REV,A5,B,g/haul,3.0000,items/haul,6,UNK,-9,-9
LT,4,FR,35HT,GOV,EVHOE,,,X0538,92,2019,C-TS-REV,A5,B,g/haul,7.0000,items/haul,3,UNK,-9,-9
LT,4,FR,35HT,GOV,EVHOE,,,X0542,96,2019,C-TS-REV,A5,B,g/haul,20.0000,items/haul,4,UNK,-9,-9
LT,4,FR,35HT,GOV,EVHOE,,,X0542,96,2019,C-TS-REV,A8,B,g/haul,168.0000,items/haul,2,UNK,-9,-9
LT,4,FR,35HT,GOV,EVHOE,,,Y0321,33,2020,C-TS-REV,A5,B,g/haul,3.0000,items/haul,6,UNK,-9,-9
LT,4,FR,35HT,GOV,EVHOE,,,Y0326,38,2020,C-TS-REV,A5,B,g/haul,1.0000,items/haul,2,UNK,-9,-9
LT,4,FR,35HT,GOV,EVHOE,,,Y0337,49,2020,C-TS-REV,A5,B,g/haul,1.0000,items/haul,3,UNK,-9,-9
LT,4,FR,35HT,GOV,EVHOE,,,Y0347,59,2020,C-TS-REV,A5,B,g/haul,2.0000,items/haul,1,UNK,-9,-9
LT,4,FR,35HT,GOV,EVHOE,,,Y0403,110,2020,C-TS-REV,A5,B,g/haul,10.0000,items/haul,3,UNK,-9,-9
LT,4,FR,35HT,GOV,EVHOE,,,Y0428,133,2020,C-TS-REV,A5,B,g/haul,13.0000,items/haul,2,UNK,-9,-9
LT,4,FR,35HT,GOV,EVHOE,,,Y0445,149,2020,C-TS-REV,A8,B,g/haul,87.0000,items/haul,2,UNK,-9,-9
LT,4,FR,35HT,GOV,EVHOE,,,W0627,94,2018,C-TS-REV,A8,E,g/haul,1094.0000,items/haul,1,UNK,-9,-9
LT,4,FR,35HT,GOV,EVHOE,,,W0552,21,2018,C-TS-REV,A8,E,g/haul,1078.0000,items/haul,2,UNK,-9,-9
LT,4,FR,35HT,GOV,EVHOE,,,W0656,122,2018,C-TS-REV,F3,E,g/haul,460.0000,items/haul,1,UNK,-9,-9
LT,4,FR,35HT,GOV,EVHOE,,,X0492,46,2019,C-TS-REV,A8,E,g/haul,1750.0000,items/haul,1,UNK,-9,-9
LT,4,FR,35HT,GOV,EVHOE,,,X0490,44,2019,C-TS-REV,A5,E,g/haul,2.0000,items/haul,1,UNK,-9,-9
LT,4,FR,35HT,GOV,EVHOE,,,Y0305,17,2020,C-TS-REV,A8,E,g/haul,82.0000,items/haul,1,UNK,-9,-9
LT,4,FR,35HT,GOV,EVHOE,,,X0543,97,2019,C-TS-REV,A8,E,g/haul,35000.0000,items/haul,1,UNK,-9,-9
LT,4,FR,35HT,GOV,EVHOE,,,Y0338,50,2020,C-TS-REV,B8,E,g/haul,826.0000,items/haul,1,UNK,-9,-9
LT,4,FR,35HT,GOV,EVHOE,,,Y0314,26,2020,C-TS-REV,A5,E,g/haul,1.0000,items/haul,2,UNK,-9,-9
LT,4,FR,35HT,GOV,EVHOE,,,V0495,14,2017,C-TS,A2,B,g/haul,20.0000,items/haul,1,UNK,-9,-9
LT,4,FR,35HT,GOV,EVHOE,,,V0496,15,2017,C-TS,A7,B,g/haul,76.0000,items/haul,1,UNK,-9,-9
LT,4,FR,35HT,GOV,EVHOE,,,U0621,113,2016,C-TS,A7,B,g/haul,3.0000,items/haul,3,UNK,-9,-9
LT,4,FR,35HT,GOV,EVHOE,,,U0651,143,2016,C-TS,A2,B,g/haul,1000.0000,items/haul,1,UNK,-9,-9
LT,4,FR,35HT,GOV,EVHOE,,,U0517,14,2016,C-TS,A2,B,g/haul,46.0000,items/haul,4,UNK,-9,-9
LT,4,FR,35HT,GOV,EVHOE,,,U0515,12,2016,C-TS,A2,B,g/haul,4.0000,items/haul,1,UNK,-9,-9
LT,4,FR,35HT,GOV,EVHOE,,,U0512,10,2016,C-TS,A2,B,g/haul,3.0000,items/haul,4,UNK,-9,-9
LT,4,FR,35HT,GOV,EVHOE,,,U0551,43,2016,C-TS,A2,B,g/haul,10.0000,items/haul,3,UNK,-9,-9
LT,4,FR,35HT,GOV,EVHOE,,,T0637,1,2015,C-TS,A7,B,g/haul,13.0000,items/haul,1,UNK,-9,-9
LT,4,FR,35HT,GOV,EVHOE,,,U0606,98,2016,C-TS,G1,B,g/haul,2000.0000,items/haul,1,UNK,-9,-9
LT,4,FR,35HT,GOV,EVHOE,,,U0613,105,2016,C-TS,A7,B,g/haul,4.0000,items/haul,4,UNK,-9,-9
LT,4,FR,35HT,GOV,EVHOE,,,U0609,101,2016,C-TS,F5,B,g/haul,408.0000,items/haul,1,UNK,-9,-9
LT,4,FR,35HT,GOV,EVHOE,,,U0629,121,2016,C-TS,A2,B,g/haul,15.0000,items/haul,1,UNK,-9,-9
LT,4,FR,35HT,GOV,EVHOE,,,U0617,109,2016,C-TS,A2,B,g/haul,4.0000,items/haul,4,UNK,-9,-9
LT,4,FR,35HT,GOV,EVHOE,,,R0416,69,2013,C-TS,A7,F,g/haul,180.0000,items/haul,1,UNK,-9,-9
LT,4,FR,35HT,GOV,EVHOE,,,T0700,64,2015,C-TS,A2,F,g/haul,1900.0000,items/haul,1,UNK,-9,-9
LT,4,FR,35HT,GOV,EVHOE,,,T0674,38,2015,C-TS,A12,F,g/haul,120.0000,items/haul,1,UNK,-9,-9
LT,4,FR,35HT,GOV,EVHOE,,,T0748,112,2015,C-TS,A7,B,g/haul,50.0000,items/haul,1,UNK,-9,-9
LT,4,FR,35HT,GOV,EVHOE,,,T0742,106,2015,C-TS,A7,B,g/haul,2.0000,items/haul,1,UNK,-9,-9
LT,4,FR,35HT,GOV,EVHOE,,,T0765,129,2015,C-TS,G1,B,g/haul,30.0000,items/haul,1,UNK,-9,-9
LT,4,FR,35HT,GOV,EVHOE,,,T0719,83,2015,C-TS,A2,A,g/haul,2.0000,items/haul,3,UNK,-9,-9
LT,4,FR,35HT,GOV,EVHOE,,,U0542,34,2016,C-TS,G3,F,g/haul,1000.0000,items/haul,1,UNK,-9,-9
LT,4,FR,35HT,GOV,EVHOE,,,R0341,5,2013,C-TS,A7,F,g/haul,26.0000,items/haul,1,UNK,-9,-9
LT,4,FR,35HT,GOV,EVHOE,,,R0340,4,2013,C-TS,A7,F,g/haul,90.0000,items/haul,1,UNK,-9,-9
LT,4,FR,35HT,GOV,EVHOE,,,R0388,42,2013,C-TS,A7,F,g/haul,8.0000,items/haul,2,UNK,-9,-9
LT,4,FR,35HT,GOV,EVHOE,,,R0366,24,2013,C-TS,A2,F,g/haul,193.0000,items/haul,1,UNK,-9,-9
LT,4,FR,35HT,GOV,EVHOE,,,T0714,78,2015,C-TS,A2,A,g/haul,1.0000,items/haul,1,UNK,-9,-9
LT,4,FR,35HT,GOV,EVHOE,,,T0708,72,2015,C-TS,A7,A,g/haul,2.0000,items/haul,1,UNK,-9,-9
LT,4,FR,35HT,GOV,EVHOE,,,T0701,65,2015,C-TS,A7,A,g/haul,1.0000,items/haul,1,UNK,-9,-9
LT,4,FR,35HT,GOV,EVHOE,,,T0729,93,2015,C-TS,A7,A,g/haul,1.0000,items/haul,1,UNK,-9,-9
LT,4,FR,35HT,GOV,EVHOE,,,T0723,87,2015,C-TS,A7,A,g/haul,1.0000,items/haul,1,UNK,-9,-9
LT,4,FR,35HT,GOV,EVHOE,,,T0726,90,2015,C-TS,A7,A,g/haul,8.0000,items/haul,10,UNK,-9,-9
LT,4,FR,35HT,GOV,EVHOE,,,T0684,48,2015,C-TS,A2,A,g/haul,4.0000,items/haul,2,UNK,-9,-9
LT,4,FR,35HT,GOV,EVHOE,,,T0702,66,2015,C-TS,A7,A,g/haul,2.0000,items/haul,1,UNK,-9,-9
LT,4,FR,35HT,GOV,EVHOE,,,T0698,62,2015,C-TS,A7,A,g/haul,13.0000,items/haul,3,UNK,-9,-9
LT,4,FR,35HT,GOV,EVHOE,,,T0699,63,2015,C-TS,A7,A,g/haul,13.0000,items/haul,3,UNK,-9,-9
LT,4,FR,35HT,GOV,EVHOE,,,T0700,64,2015,C-TS,A7,A,g/haul,1.0000,items/haul,1,UNK,-9,-9
LT,4,FR,35HT,GOV,EVHOE,,,T0711,75,2015,C-TS,A7,A,g/haul,4.0000,items/haul,1,UNK,-9,-9
LT,4,FR,35HT,GOV,EVHOE,,,T0683,47,2015,C-TS,A7,A,g/haul,4.0000,items/haul,3,UNK,-9,-9
LT,4,FR,35HT,GOV,EVHOE,,,T0680,44,2015,C-TS,A7,A,g/haul,3.0000,items/haul,3,UNK,-9,-9
LT,4,FR,35HT,GOV,EVHOE,,,T0675,39,2015,C-TS,A7,A,g/haul,1.0000,items/haul,1,UNK,-9,-9
LT,4,FR,35HT,GOV,EVHOE,,,T0695,59,2015,C-TS,A7,A,g/haul,1.0000,items/haul,2,UNK,-9,-9
LT,4,FR,35HT,GOV,EVHOE,,,T0691,55,2015,C-TS,A7,A,g/haul,20.0000,items/haul,4,UNK,-9,-9
LT,4,FR,35HT,GOV,EVHOE,,,T0694,58,2015,C-TS,A7,A,g/haul,3.0000,items/haul,2,UNK,-9,-9
LT,4,FR,35HT,GOV,EVHOE,,,T0674,38,2015,C-TS,A2,A,g/haul,3.0000,items/haul,3,UNK,-9,-9
LT,4,FR,35HT,GOV,EVHOE,,,T0669,33,2015,C-TS,A2,A,g/haul,1.0000,items/haul,1,UNK,-9,-9
LT,4,FR,35HT,GOV,EVHOE,,,T0670,34,2015,C-TS,A7,A,g/haul,2.0000,items/haul,3,UNK,-9,-9
LT,4,FR,35HT,GOV,EVHOE,,,T0684,48,2015,C-TS,F3,A,g/haul,38.0000,items/haul,2,UNK,-9,-9
LT,4,FR,35HT,GOV,EVHOE,,,T0682,46,2015,C-TS,A7,A,g/haul,24.0000,items/haul,3,UNK,-9,-9
LT,4,FR,35HT,GOV,EVHOE,,,T0682,46,2015,C-TS,A2,A,g/haul,1.0000,items/haul,1,UNK,-9,-9
LT,4,FR,35HT,GOV,EVHOE,,,R0489,141,2013,C-TS,A7,A,g/haul,1.0000,items/haul,1,UNK,-9,-9
LT,4,FR,35HT,GOV,EVHOE,,,R0491,143,2013,C-TS,A7,A,g/haul,1.0000,items/haul,1,UNK,-9,-9
LT,4,FR,35HT,GOV,EVHOE,,,R0486,138,2013,C-TS,A7,A,g/haul,1.0000,items/haul,1,UNK,-9,-9
LT,4,FR,35HT,GOV,EVHOE,,,R0492,144,2013,C-TS,A7,A,g/haul,28.0000,items/haul,9,UNK,-9,-9
LT,4,FR,35HT,GOV,EVHOE,,,R0493,145,2013,C-TS,C4,A,g/haul,3.0000,items/haul,1,UNK,-9,-9
LT,4,FR,35HT,GOV,EVHOE,,,T0670,34,2015,C-TS,A2,A,g/haul,1.0000,items/haul,1,UNK,-9,-9
LT,4,FR,35HT,GOV,EVHOE,,,R0487,139,2013,C-TS,A7,A,g/haul,8.0000,items/haul,2,UNK,-9,-9
LT,4,FR,35HT,GOV,EVHOE,,,R0488,140,2013,C-TS,A7,A,g/haul,10.0000,items/haul,3,UNK,-9,-9
LT,4,FR,35HT,GOV,EVHOE,,,R0484,136,2013,C-TS,A7,A,g/haul,1.0000,items/haul,1,UNK,-9,-9
LT,4,FR,35HT,GOV,EVHOE,,,R0484,136,2013,C-TS,A2,A,g/haul,2.0000,items/haul,1,UNK,-9,-9
LT,4,FR,35HT,GOV,EVHOE,,,R0485,137,2013,C-TS,A7,A,g/haul,17.0000,items/haul,2,UNK,-9,-9
LT,4,FR,35HT,GOV,EVHOE,,,R0493,145,2013,C-TS,A2,A,g/haul,5.0000,items/haul,2,UNK,-9,-9
LT,4,FR,35HT,GOV,EVHOE,,,R0471,123,2013,C-TS,A7,A,g/haul,4.0000,items/haul,3,UNK,-9,-9
LT,4,FR,35HT,GOV,EVHOE,,,R0472,124,2013,C-TS,A7,A,g/haul,6.0000,items/haul,4,UNK,-9,-9
LT,4,FR,35HT,GOV,EVHOE,,,R0467,119,2013,C-TS,A7,A,g/haul,2.0000,items/haul,2,UNK,-9,-9
LT,4,FR,35HT,GOV,EVHOE,,,R0476,128,2013,C-TS,A7,A,g/haul,4.0000,items/haul,3,UNK,-9,-9
LT,4,FR,35HT,GOV,EVHOE,,,R0477,129,2013,C-TS,F5,A,g/haul,17.0000,items/haul,1,UNK,-9,-9
LT,4,FR,35HT,GOV,EVHOE,,,R0475,127,2013,C-TS,A7,A,g/haul,8.0000,items/haul,3,UNK,-9,-9
LT,4,FR,35HT,GOV,EVHOE,,,R0462,114,2013,C-TS,A7,A,g/haul,12.0000,items/haul,8,UNK,-9,-9
LT,4,FR,35HT,GOV,EVHOE,,,R0463,115,2013,C-TS,A7,A,g/haul,15.0000,items/haul,8,UNK,-9,-9
LT,4,FR,35HT,GOV,EVHOE,,,R0468,120,2013,C-TS,A7,A,g/haul,10.0000,items/haul,1,UNK,-9,-9
LT,4,FR,35HT,GOV,EVHOE,,,R0469,121,2013,C-TS,A7,A,g/haul,44.0000,items/haul,7,UNK,-9,-9
LT,4,FR,35HT,GOV,EVHOE,,,R0466,118,2013,C-TS,A7,A,g/haul,1.0000,items/haul,1,UNK,-9,-9
LT,4,FR,35HT,GOV,EVHOE,,,R0465,117,2013,C-TS,A7,A,g/haul,2.0000,items/haul,1,UNK,-9,-9
LT,4,FR,35HT,GOV,EVHOE,,,R0397,51,2013,C-TS,B1,A,g/haul,6.0000,items/haul,1,UNK,-9,-9
LT,4,FR,35HT,GOV,EVHOE,,,R0397,51,2013,C-TS,B7,A,g/haul,1.0000,items/haul,1,UNK,-9,-9
LT,4,FR,35HT,GOV,EVHOE,,,R0412,65,2013,C-TS,A2,A,g/haul,4.0000,items/haul,1,UNK,-9,-9
LT,4,FR,35HT,GOV,EVHOE,,,R0455,107,2013,C-TS,A7,A,g/haul,15.0000,items/haul,5,UNK,-9,-9
LT,4,FR,35HT,GOV,EVHOE,,,R0454,106,2013,C-TS,A7,A,g/haul,46.0000,items/haul,12,UNK,-9,-9
LT,4,FR,35HT,GOV,EVHOE,,,R0427,79,2013,C-TS,G1,A,g/haul,5.0000,items/haul,1,UNK,-9,-9
LT,4,FR,35HT,GOV,EVHOE,,,R0361,20,2013,C-TS,A7,A,g/haul,1.0000,items/haul,1,UNK,-9,-9
LT,4,FR,35HT,GOV,EVHOE,,,R0397,51,2013,C-TS,A7,A,g/haul,3.0000,items/haul,2,UNK,-9,-9
LT,4,FR,35HT,GOV,EVHOE,,,R0395,49,2013,C-TS,A7,A,g/haul,3.0000,items/haul,2,UNK,-9,-9
LT,4,FR,35HT,GOV,EVHOE,,,R0374,30,2013,C-TS,A2,A,g/haul,1.0000,items/haul,1,UNK,-9,-9
LT,4,FR,35HT,GOV,EVHOE,,,R0411,64,2013,C-TS,A2,A,g/haul,2.0000,items/haul,4,UNK,-9,-9
LT,4,FR,35HT,GOV,EVHOE,,,R0406,59,2013,C-TS,G1,A,g/haul,1.0000,items/haul,1,UNK,-9,-9
LT,4,FR,35HT,GOV,EVHOE,,,R0353,13,2013,C-TS,A2,A,g/haul,1.0000,items/haul,3,UNK,-9,-9
LT,4,FR,35HT,GOV,EVHOE,,,R0353,13,2013,C-TS,A7,A,g/haul,5.0000,items/haul,1,UNK,-9,-9
LT,4,FR,35HT,GOV,EVHOE,,,R0370,27,2013,C-TS,A7,A,g/haul,2.0000,items/haul,1,UNK,-9,-9
LT,4,FR,35HT,GOV,EVHOE,,,R0369,26,2013,C-TS,A2,A,g/haul,1.0000,items/haul,1,UNK,-9,-9
LT,4,FR,35HT,GOV,EVHOE,,,R0364,22,2013,C-TS,A2,A,g/haul,1.0000,items/haul,1,UNK,-9,-9
LT,4,FR,35HT,GOV,EVHOE,,,R0365,23,2013,C-TS,A2,A,g/haul,2.0000,items/haul,1,UNK,-9,-9
LT,4,FR,35HT,GOV,EVHOE,,,R0349,11,2013,C-TS,A7,A,g/haul,10.0000,items/haul,3,UNK,-9,-9
LT,4,FR,35HT,GOV,EVHOE,,,R0347,9,2013,C-TS,G3,A,g/haul,2.0000,items/haul,1,UNK,-9,-9
LT,4,FR,35HT,GOV,EVHOE,,,R0347,9,2013,C-TS,F5,A,g/haul,14.0000,items/haul,1,UNK,-9,-9
LT,4,FR,35HT,GOV,EVHOE,,,R0341,5,2013,C-TS,A2,A,g/haul,31.0000,items/haul,5,UNK,-9,-9
LT,4,FR,35HT,GOV,EVHOE,,,R0340,4,2013,C-TS,A2,A,g/haul,3.0000,items/haul,2,UNK,-9,-9
LT,4,FR,35HT,GOV,EVHOE,,,R0358,17,2013,C-TS,B7,A,g/haul,1.0000,items/haul,1,UNK,-9,-9
LT,4,FR,35HT,GOV,EVHOE,,,Q0922,79,2012,C-TS,A7,A,g/haul,6.0000,items/haul,3,UNK,-9,-9
LT,4,FR,35HT,GOV,EVHOE,,,Q0915,73,2012,C-TS,A7,A,g/haul,21.0000,items/haul,7,UNK,-9,-9
LT,4,FR,35HT,GOV,EVHOE,,,R0339,3,2013,C-TS,A7,A,g/haul,3.0000,items/haul,1,UNK,-9,-9
LT,4,FR,35HT,GOV,EVHOE,,,Q0931,86,2012,C-TS,A7,A,g/haul,16.0000,items/haul,3,UNK,-9,-9
LT,4,FR,35HT,GOV,EVHOE,,,Q0932,87,2012,C-TS,C3,A,g/haul,3.0000,items/haul,1,UNK,-9,-9
LT,4,FR,35HT,GOV,EVHOE,,,Q0932,87,2012,C-TS,A7,A,g/haul,3.0000,items/haul,1,UNK,-9,-9
LT,4,FR,35HT,GOV,EVHOE,,,Q0905,64,2012,C-TS,A7,A,g/haul,7.0000,items/haul,3,UNK,-9,-9
LT,4,FR,35HT,GOV,EVHOE,,,Q0902,61,2012,C-TS,A7,A,g/haul,6.0000,items/haul,4,UNK,-9,-9
LT,4,FR,35HT,GOV,EVHOE,,,Q0927,83,2012,C-TS,A7,A,g/haul,18.0000,items/haul,5,UNK,-9,-9
LT,4,FR,35HT,GOV,EVHOE,,,Q0928,84,2012,C-TS,A7,A,g/haul,4.0000,items/haul,2,UNK,-9,-9
LT,4,FR,35HT,GOV,EVHOE,,,Q0924,81,2012,C-TS,C3,A,g/haul,2.0000,items/haul,1,UNK,-9,-9
LT,4,FR,35HT,GOV,EVHOE,,,Q0919,76,2012,C-TS,E2,A,g/haul,26.0000,items/haul,1,UNK,-9,-9
LT,4,FR,35HT,GOV,EVHOE,,,V0499,18,2017,C-TS,A7,A,g/haul,10.0000,items/haul,3,UNK,-9,-9
LT,4,FR,35HT,GOV,EVHOE,,,V0506,25,2017,C-TS,A2,A,g/haul,1.0000,items/haul,1,UNK,-9,-9
LT,4,FR,35HT,GOV,EVHOE,,,Q0900,59,2012,C-TS,A2,A,g/haul,4.0000,items/haul,3,UNK,-9,-9
LT,4,FR,35HT,GOV,EVHOE,,,Q0890,49,2012,C-TS,A7,A,g/haul,8.0000,items/haul,2,UNK,-9,-9
LT,4,FR,35HT,GOV,EVHOE,,,Q0919,76,2012,C-TS,A7,A,g/haul,16.0000,items/haul,7,UNK,-9,-9
LT,4,FR,35HT,GOV,EVHOE,,,Q0909,67,2012,C-TS,A7,A,g/haul,2.0000,items/haul,1,UNK,-9,-9
LT,4,FR,35HT,GOV,EVHOE,,,V0490,10,2017,C-TS,A7,A,g/haul,1000.0000,items/haul,1,UNK,-9,-9
LT,4,FR,35HT,GOV,EVHOE,,,V0490,10,2017,C-TS,A12,A,g/haul,5000.0000,items/haul,1,UNK,-9,-9
LT,4,FR,35HT,GOV,EVHOE,,,V0500,19,2017,C-TS,A2,A,g/haul,4.0000,items/haul,3,UNK,-9,-9
LT,4,FR,35HT,GOV,EVHOE,,,V0501,20,2017,C-TS,A12,A,g/haul,1.0000,items/haul,1,UNK,-9,-9
LT,4,FR,35HT,GOV,EVHOE,,,V0498,17,2017,C-TS,A2,A,g/haul,5.0000,items/haul,5,UNK,-9,-9
LT,4,FR,35HT,GOV,EVHOE,,,V0499,18,2017,C-TS,A2,A,g/haul,10.0000,items/haul,7,UNK,-9,-9
LT,4,FR,35HT,GOV,EVHOE,,,V0492,12,2017,C-TS,A7,A,g/haul,10.0000,items/haul,1,UNK,-9,-9
LT,4,FR,35HT,GOV,EVHOE,,,V0488,9,2017,C-TS,A12,A,g/haul,1000.0000,items/haul,1,UNK,-9,-9
LT,4,FR,35HT,GOV,EVHOE,,,U0547,39,2016,C-TS,A2,A,g/haul,2.0000,items/haul,2,UNK,-9,-9
LT,4,FR,35HT,GOV,EVHOE,,,U0544,36,2016,C-TS,A2,A,g/haul,2.0000,items/haul,2,UNK,-9,-9
LT,4,FR,35HT,GOV,EVHOE,,,U0542,34,2016,C-TS,G3,A,g/haul,32.0000,items/haul,1,UNK,-9,-9
LT,4,FR,35HT,GOV,EVHOE,,,V0493,13,2017,C-TS,A7,A,g/haul,22000.0000,items/haul,3,UNK,-9,-9
LT,4,FR,35HT,GOV,EVHOE,,,U0542,34,2016,C-TS,A2,A,g/haul,1.0000,items/haul,1,UNK,-9,-9
LT,4,FR,35HT,GOV,EVHOE,,,U0533,27,2016,C-TS,A2,A,g/haul,27.0000,items/haul,4,UNK,-9,-9
LT,4,FR,35HT,GOV,EVHOE,,,U0537,30,2016,C-TS,A2,A,g/haul,1.0000,items/haul,1,UNK,-9,-9
LT,4,FR,35HT,GOV,EVHOE,,,U0521,17,2016,C-TS,A2,A,g/haul,1.0000,items/haul,1,UNK,-9,-9
LT,4,FR,35HT,GOV,EVHOE,,,U0518,15,2016,C-TS,A2,A,g/haul,1.0000,items/haul,1,UNK,-9,-9
LT,4,FR,35HT,GOV,EVHOE,,,U0520,16,2016,C-TS,A2,A,g/haul,7.0000,items/haul,5,UNK,-9,-9
LT,4,FR,35HT,GOV,EVHOE,,,U0509,7,2016,C-TS,A2,A,g/haul,1.0000,items/haul,1,UNK,-9,-9
LT,4,FR,35HT,GOV,EVHOE,,,U0510,8,2016,C-TS,A2,A,g/haul,1.0000,items/haul,1,UNK,-9,-9
LT,4,FR,35HT,GOV,EVHOE,,,U0511,9,2016,C-TS,A2,A,g/haul,1.0000,items/haul,5,UNK,-9,-9
LT,4,FR,35HT,GOV,EVHOE,,,U0507,6,2016,C-TS,A2,A,g/haul,2.0000,items/haul,2,UNK,-9,-9
LT,4,FR,35HT,GOV,EVHOE,,,U0502,1,2016,C-TS,A7,A,g/haul,20.0000,items/haul,7,UNK,-9,-9
LT,4,FR,35HT,GOV,EVHOE,,,U0505,4,2016,C-TS,A2,A,g/haul,1.0000,items/haul,1,UNK,-9,-9
LT,4,FR,35HT,GOV,EVHOE,,,U0619,111,2016,C-TS,A12,A,g/haul,2.0000,items/haul,1,UNK,-9,-9
LT,4,FR,35HT,GOV,EVHOE,,,U0612,104,2016,C-TS,A7,A,g/haul,2.0000,items/haul,2,UNK,-9,-9
LT,4,FR,35HT,GOV,EVHOE,,,U0614,106,2016,C-TS,A7,A,g/haul,2.0000,items/haul,1,UNK,-9,-9
LT,4,FR,35HT,GOV,EVHOE,,,U0614,106,2016,C-TS,A12,A,g/haul,2.0000,items/haul,1,UNK,-9,-9
LT,4,FR,35HT,GOV,EVHOE,,,U0610,102,2016,C-TS,A7,A,g/haul,36.0000,items/haul,4,UNK,-9,-9
LT,4,FR,35HT,GOV,EVHOE,,,U0661,153,2016,C-TS,A2,A,g/haul,1.0000,items/haul,1,UNK,-9,-9
LT,4,FR,35HT,GOV,EVHOE,,,U0597,89,2016,C-TS,A7,A,g/haul,20.0000,items/haul,7,UNK,-9,-9
LT,4,FR,35HT,GOV,EVHOE,,,U0598,90,2016,C-TS,A7,A,g/haul,10.0000,items/haul,1,UNK,-9,-9
LT,4,FR,35HT,GOV,EVHOE,,,U0599,91,2016,C-TS,A7,A,g/haul,10.0000,items/haul,3,UNK,-9,-9
LT,4,FR,35HT,GOV,EVHOE,,,U0611,103,2016,C-TS,A7,A,g/haul,4.0000,items/haul,2,UNK,-9,-9
LT,4,FR,35HT,GOV,EVHOE,,,U0611,103,2016,C-TS,A12,A,g/haul,5.0000,items/haul,3,UNK,-9,-9
LT,4,FR,35HT,GOV,EVHOE,,,U0609,101,2016,C-TS,C3,A,g/haul,2.0000,items/haul,1,UNK,-9,-9
LT,4,FR,35HT,GOV,EVHOE,,,U0585,77,2016,C-TS,A7,A,g/haul,3.0000,items/haul,1,UNK,-9,-9
LT,4,FR,35HT,GOV,EVHOE,,,U0586,78,2016,C-TS,G3,A,g/haul,3.0000,items/haul,1,UNK,-9,-9
LT,4,FR,35HT,GOV,EVHOE,,,U0591,83,2016,C-TS,A12,A,g/haul,2.0000,items/haul,1,UNK,-9,-9
LT,4,FR,35HT,GOV,EVHOE,,,U0592,84,2016,C-TS,A7,A,g/haul,1.0000,items/haul,1,UNK,-9,-9
LT,4,FR,35HT,GOV,EVHOE,,,U0593,85,2016,C-TS,A12,A,g/haul,4.0000,items/haul,2,UNK,-9,-9
LT,4,FR,35HT,GOV,EVHOE,,,U0594,86,2016,C-TS,A7,A,g/haul,4.0000,items/haul,4,UNK,-9,-9
LT,4,FR,35HT,GOV,EVHOE,,,U0571,63,2016,C-TS,A7,A,g/haul,2.0000,items/haul,1,UNK,-9,-9
LT,4,FR,35HT,GOV,EVHOE,,,U0572,64,2016,C-TS,A7,A,g/haul,3000.0000,items/haul,6,UNK,-9,-9
LT,4,FR,35HT,GOV,EVHOE,,,U0582,74,2016,C-TS,A7,A,g/haul,2.0000,items/haul,1,UNK,-9,-9
LT,4,FR,35HT,GOV,EVHOE,,,U0584,76,2016,C-TS,A12,A,g/haul,42.0000,items/haul,1,UNK,-9,-9
LT,4,FR,35HT,GOV,EVHOE,,,U0575,67,2016,C-TS,G3,A,g/haul,10.0000,items/haul,1,UNK,-9,-9
LT,4,FR,35HT,GOV,EVHOE,,,U0578,70,2016,C-TS,A12,A,g/haul,1.0000,items/haul,1,UNK,-9,-9
LT,4,FR,35HT,GOV,EVHOE,,,T0652,16,2015,C-TS,A7,A,g/haul,1.0000,items/haul,1,UNK,-9,-9
LT,4,FR,35HT,GOV,EVHOE,,,U0568,60,2016,C-TS,A2,A,g/haul,4.0000,items/haul,1,UNK,-9,-9
LT,4,FR,35HT,GOV,EVHOE,,,U0561,53,2016,C-TS,A2,A,g/haul,1.0000,items/haul,1,UNK,-9,-9
LT,4,FR,35HT,GOV,EVHOE,,,U0557,49,2016,C-TS,A2,A,g/haul,3.0000,items/haul,3,UNK,-9,-9
LT,4,FR,35HT,GOV,EVHOE,,,T0662,26,2015,C-TS,A7,A,g/haul,44.0000,items/haul,2,UNK,-9,-9
LT,4,FR,35HT,GOV,EVHOE,,,T0663,27,2015,C-TS,A12,A,g/haul,10.0000,items/haul,3,UNK,-9,-9
LT,4,FR,35HT,GOV,EVHOE,,,T0651,15,2015,C-TS,A2,A,g/haul,1.0000,items/haul,1,UNK,-9,-9
LT,4,FR,35HT,GOV,EVHOE,,,T0646,10,2015,C-TS,A7,A,g/haul,37.0000,items/haul,2,UNK,-9,-9
LT,4,FR,35HT,GOV,EVHOE,,,T0646,10,2015,C-TS,A2,A,g/haul,1.0000,items/haul,1,UNK,-9,-9
LT,4,FR,35HT,GOV,EVHOE,,,T0657,21,2015,C-TS,A2,A,g/haul,1.0000,items/haul,1,UNK,-9,-9
LT,4,FR,35HT,GOV,EVHOE,,,T0659,23,2015,C-TS,A7,A,g/haul,2.0000,items/haul,2,UNK,-9,-9
LT,4,FR,35HT,GOV,EVHOE,,,T0661,25,2015,C-TS,A2,A,g/haul,5.0000,items/haul,1,UNK,-9,-9
LT,4,FR,35HT,GOV,EVHOE,,,T0640,4,2015,C-TS,A7,A,g/haul,115.0000,items/haul,19,UNK,-9,-9
LT,4,FR,35HT,GOV,EVHOE,,,T0647,11,2015,C-TS,A7,A,g/haul,95.0000,items/haul,2,UNK,-9,-9
LT,4,FR,35HT,GOV,EVHOE,,,T0643,7,2015,C-TS,A7,A,g/haul,3.0000,items/haul,1,UNK,-9,-9
LT,4,FR,35HT,GOV,EVHOE,,,T0644,8,2015,C-TS,A7,A,g/haul,6.0000,items/haul,5,UNK,-9,-9
LT,4,FR,35HT,GOV,EVHOE,,,T0644,8,2015,C-TS,A2,A,g/haul,4.0000,items/haul,1,UNK,-9,-9
LT,4,FR,35HT,GOV,EVHOE,,,T0649,13,2015,C-TS,A7,A,g/haul,2.0000,items/haul,1,UNK,-9,-9
LT,4,FR,35HT,GOV,EVHOE,,,T0638,2,2015,C-TS,A12,A,g/haul,5.0000,items/haul,3,UNK,-9,-9
LT,4,FR,35HT,GOV,EVHOE,,,T0638,2,2015,C-TS,A7,A,g/haul,14.0000,items/haul,18,UNK,-9,-9
LT,4,FR,35HT,GOV,EVHOE,,,T0783,147,2015,C-TS,A7,A,g/haul,340.0000,items/haul,2,UNK,-9,-9
LT,4,FR,35HT,GOV,EVHOE,,,T0641,5,2015,C-TS,G1,A,g/haul,180.0000,items/haul,1,UNK,-9,-9
LT,4,FR,35HT,GOV,EVHOE,,,T0639,3,2015,C-TS,A7,A,g/haul,29.0000,items/haul,8,UNK,-9,-9
LT,4,FR,35HT,GOV,EVHOE,,,T0639,3,2015,C-TS,A2,A,g/haul,4.0000,items/haul,4,UNK,-9,-9
LT,4,FR,35HT,GOV,EVHOE,,,T0776,140,2015,C-TS,A12,A,g/haul,8.0000,items/haul,1,UNK,-9,-9
LT,4,FR,35HT,GOV,EVHOE,,,T0777,141,2015,C-TS,A2,A,g/haul,6.0000,items/haul,1,UNK,-9,-9
LT,4,FR,35HT,GOV,EVHOE,,,T0777,141,2015,C-TS,A7,A,g/haul,7.0000,items/haul,2,UNK,-9,-9
LT,4,FR,35HT,GOV,EVHOE,,,T0785,149,2015,C-TS,A7,A,g/haul,20.0000,items/haul,2,UNK,-9,-9
LT,4,FR,35HT,GOV,EVHOE,,,T0787,151,2015,C-TS,A7,A,g/haul,18.0000,items/haul,1,UNK,-9,-9
LT,4,FR,35HT,GOV,EVHOE,,,T0778,142,2015,C-TS,A7,A,g/haul,156.0000,items/haul,1,UNK,-9,-9
LT,4,FR,35HT,GOV,EVHOE,,,T0760,124,2015,C-TS,A7,A,g/haul,5.0000,items/haul,1,UNK,-9,-9
LT,4,FR,35HT,GOV,EVHOE,,,T0771,135,2015,C-TS,A7,A,g/haul,10.0000,items/haul,1,UNK,-9,-9
LT,4,FR,35HT,GOV,EVHOE,,,T0772,136,2015,C-TS,A7,A,g/haul,18.0000,items/haul,2,UNK,-9,-9
LT,4,FR,35HT,GOV,EVHOE,,,T0774,138,2015,C-TS,A12,A,g/haul,158.0000,items/haul,1,UNK,-9,-9
LT,4,FR,35HT,GOV,EVHOE,,,T0762,126,2015,C-TS,A2,A,g/haul,50.0000,items/haul,1,UNK,-9,-9
LT,4,FR,35HT,GOV,EVHOE,,,T0767,131,2015,C-TS,A7,A,g/haul,8.0000,items/haul,1,UNK,-9,-9
LT,4,FR,35HT,GOV,EVHOE,,,T0750,114,2015,C-TS,A7,A,g/haul,1.0000,items/haul,1,UNK,-9,-9
LT,4,FR,35HT,GOV,EVHOE,,,T0761,125,2015,C-TS,A12,A,g/haul,1.0000,items/haul,1,UNK,-9,-9
LT,4,FR,35HT,GOV,EVHOE,,,T0755,119,2015,C-TS,A7,A,g/haul,12.0000,items/haul,1,UNK,-9,-9
LT,4,FR,35HT,GOV,EVHOE,,,T0757,121,2015,C-TS,A7,A,g/haul,50.0000,items/haul,7,UNK,-9,-9
LT,4,FR,35HT,GOV,EVHOE,,,T0757,121,2015,C-TS,A12,A,g/haul,10.0000,items/haul,1,UNK,-9,-9
LT,4,FR,35HT,GOV,EVHOE,,,T0758,122,2015,C-TS,A12,A,g/haul,5.0000,items/haul,3,UNK,-9,-9
LT,4,FR,35HT,GOV,EVHOE,,,T0744,108,2015,C-TS,A2,C,g/haul,3.0000,items/haul,1,UNK,-9,-9
LT,4,FR,35HT,GOV,EVHOE,,,T0746,110,2015,C-TS,A7,A,g/haul,25.0000,items/haul,7,UNK,-9,-9
LT,4,FR,35HT,GOV,EVHOE,,,T0746,110,2015,C-TS,A2,A,g/haul,3.0000,items/haul,1,UNK,-9,-9
LT,4,FR,35HT,GOV,EVHOE,,,T0734,98,2015,C-TS,A12,A,g/haul,3.0000,items/haul,1,UNK,-9,-9
LT,4,FR,35HT,GOV,EVHOE,,,T0754,118,2015,C-TS,A12,A,g/haul,129.0000,items/haul,2,UNK,-9,-9
LT,4,FR,35HT,GOV,EVHOE,,,T0757,121,2015,C-TS,A2,A,g/haul,25.0000,items/haul,1,UNK,-9,-9
LT,4,FR,35HT,GOV,EVHOE,,,T0716,80,2015,C-TS,A7,C,g/haul,52.0000,items/haul,5,UNK,-9,-9
LT,4,FR,35HT,GOV,EVHOE,,,T0720,84,2015,C-TS,A2,C,g/haul,10.0000,items/haul,3,UNK,-9,-9
LT,4,FR,35HT,GOV,EVHOE,,,T0737,101,2015,C-TS,A2,C,g/haul,12.0000,items/haul,1,UNK,-9,-9
LT,4,FR,35HT,GOV,EVHOE,,,T0738,102,2015,C-TS,A7,C,g/haul,4.0000,items/haul,2,UNK,-9,-9
LT,4,FR,35HT,GOV,EVHOE,,,T0734,98,2015,C-TS,A12,C,g/haul,33.0000,items/haul,1,UNK,-9,-9
LT,4,FR,35HT,GOV,EVHOE,,,T0729,93,2015,C-TS,A2,C,g/haul,1.0000,items/haul,1,UNK,-9,-9
LT,4,FR,35HT,GOV,EVHOE,,,R0479,131,2013,C-TS,A12,C,g/haul,50.0000,items/haul,1,UNK,-9,-9
LT,4,FR,35HT,GOV,EVHOE,,,R0479,131,2013,C-TS,G1,C,g/haul,440.0000,items/haul,1,UNK,-9,-9
LT,4,FR,35HT,GOV,EVHOE,,,R0481,133,2013,C-TS,A7,C,g/haul,173.0000,items/haul,70,UNK,-9,-9
LT,4,FR,35HT,GOV,EVHOE,,,T0701,65,2015,C-TS,F3,C,g/haul,72.0000,items/haul,1,UNK,-9,-9
LT,4,FR,35HT,GOV,EVHOE,,,T0709,73,2015,C-TS,F3,C,g/haul,18.0000,items/haul,2,UNK,-9,-9
LT,4,FR,35HT,GOV,EVHOE,,,T0715,79,2015,C-TS,A2,C,g/haul,8.0000,items/haul,1,UNK,-9,-9
LT,4,FR,35HT,GOV,EVHOE,,,R0428,80,2013,C-TS,F3,C,g/haul,10.0000,items/haul,1,UNK,-9,-9
LT,4,FR,35HT,GOV,EVHOE,,,R0430,82,2013,C-TS,A2,C,g/haul,10.0000,items/haul,1,UNK,-9,-9
LT,4,FR,35HT,GOV,EVHOE,,,R0424,76,2013,C-TS,A2,C,g/haul,2.0000,items/haul,1,UNK,-9,-9
LT,4,FR,35HT,GOV,EVHOE,,,R0473,125,2013,C-TS,A7,C,g/haul,186.0000,items/haul,15,UNK,-9,-9
LT,4,FR,35HT,GOV,EVHOE,,,R0470,122,2013,C-TS,A7,C,g/haul,182.0000,items/haul,3,UNK,-9,-9
LT,4,FR,35HT,GOV,EVHOE,,,R0477,129,2013,C-TS,A7,C,g/haul,64.0000,items/haul,10,UNK,-9,-9
LT,4,FR,35HT,GOV,EVHOE,,,R0405,58,2013,C-TS,A7,C,g/haul,1.0000,items/haul,1,UNK,-9,-9
LT,4,FR,35HT,GOV,EVHOE,,,R0411,64,2013,C-TS,A7,C,g/haul,44.0000,items/haul,4,UNK,-9,-9
LT,4,FR,35HT,GOV,EVHOE,,,S0884,63,2014,C-TS,C3,-9,g/haul,194.0000,items/haul,1,UNK,-9,-9
LT,4,FR,35HT,GOV,EVHOE,,,S0884,63,2014,C-TS,G3,-9,g/haul,437.0000,items/haul,1,UNK,-9,-9
LT,4,FR,35HT,GOV,EVHOE,,,S0875,55,2014,C-TS,A12,-9,g/haul,485.0000,items/haul,5,UNK,-9,-9
LT,4,FR,35HT,GOV,EVHOE,,,S0872,53,2014,C-TS,A12,-9,g/haul,4.0000,items/haul,1,UNK,-9,-9
LT,4,FR,35HT,GOV,EVHOE,,,S0871,52,2014,C-TS,A2,-9,g/haul,50.0000,items/haul,1,UNK,-9,-9
LT,4,FR,35HT,GOV,EVHOE,,,S0871,52,2014,C-TS,A12,-9,g/haul,20.0000,items/haul,1,UNK,-9,-9
LT,4,FR,35HT,GOV,EVHOE,,,S0907,86,2014,C-TS,A12,-9,g/haul,6900.0000,items/haul,1,UNK,-9,-9
LT,4,FR,35HT,GOV,EVHOE,,,S0902,81,2014,C-TS,A12,-9,g/haul,6.0000,items/haul,1,UNK,-9,-9
LT,4,FR,35HT,GOV,EVHOE,,,S0895,74,2014,C-TS,E2,-9,g/haul,238.0000,items/haul,1,UNK,-9,-9
LT,4,FR,35HT,GOV,EVHOE,,,S0895,74,2014,C-TS,A12,-9,g/haul,50.0000,items/haul,1,UNK,-9,-9
LT,4,FR,35HT,GOV,EVHOE,,,S0891,70,2014,C-TS,A2,-9,g/haul,2.0000,items/haul,1,UNK,-9,-9
LT,4,FR,35HT,GOV,EVHOE,,,S0886,65,2014,C-TS,A12,-9,g/haul,1.0000,items/haul,1,UNK,-9,-9
LT,4,FR,35HT,GOV,EVHOE,,,S0928,104,2014,C-TS,A2,-9,g/haul,1.0000,items/haul,1,UNK,-9,-9
LT,4,FR,35HT,GOV,EVHOE,,,S0926,102,2014,C-TS,A2,-9,g/haul,40.0000,items/haul,1,UNK,-9,-9
LT,4,FR,35HT,GOV,EVHOE,,,S0920,96,2014,C-TS,G3,-9,g/haul,1.0000,items/haul,1,UNK,-9,-9
LT,4,FR,35HT,GOV,EVHOE,,,S0912,90,2014,C-TS,A2,-9,g/haul,5.0000,items/haul,1,UNK,-9,-9
LT,4,FR,35HT,GOV,EVHOE,,,S0916,93,2014,C-TS,A2,-9,g/haul,1.0000,items/haul,1,UNK,-9,-9
LT,4,FR,35HT,GOV,EVHOE,,,S0907,86,2014,C-TS,G3,-9,g/haul,1000.0000,items/haul,1,UNK,-9,-9
LT,4,FR,35HT,GOV,EVHOE,,,S0979,155,2014,C-TS,D4,-9,g/haul,484.0000,items/haul,1,UNK,-9,-9
LT,4,FR,35HT,GOV,EVHOE,,,S0954,130,2014,C-TS,A2,-9,g/haul,70.0000,items/haul,2,UNK,-9,-9
LT,4,FR,35HT,GOV,EVHOE,,,S0954,130,2014,C-TS,C3,-9,g/haul,15.0000,items/haul,3,UNK,-9,-9
LT,4,FR,35HT,GOV,EVHOE,,,S0949,125,2014,C-TS,A2,-9,g/haul,1.0000,items/haul,1,UNK,-9,-9
LT,4,FR,35HT,GOV,EVHOE,,,S0947,123,2014,C-TS,A12,-9,g/haul,1.0000,items/haul,1,UNK,-9,-9
LT,4,FR,35HT,GOV,EVHOE,,,S0933,109,2014,C-TS,A2,-9,g/haul,5.0000,items/haul,1,UNK,-9,-9
LT,4,FR,35HT,GOV,EVHOE,,,T0673,37,2015,C-TS,A7,-9,g/haul,1.0000,items/haul,2,UNK,-9,-9
LT,4,FR,35HT,GOV,EVHOE,,,T0673,37,2015,C-TS,A2,-9,g/haul,1.0000,items/haul,1,UNK,-9,-9
LT,4,FR,35HT,GOV,EVHOE,,,T0667,31,2015,C-TS,A7,-9,g/haul,42.0000,items/haul,2,UNK,-9,-9
LT,4,FR,35HT,GOV,EVHOE,,,T0669,33,2015,C-TS,A7,-9,g/haul,5.0000,items/haul,5,UNK,-9,-9
LT,4,FR,35HT,GOV,EVHOE,,,T0666,30,2015,C-TS,A12,-9,g/haul,155.0000,items/haul,1,UNK,-9,-9
LT,4,FR,35HT,GOV,EVHOE,,,T0667,31,2015,C-TS,A2,-9,g/haul,2.0000,items/haul,2,UNK,-9,-9
LT,4,FR,35HT,GOV,EVHOE,,,T0684,48,2015,C-TS,A7,-9,g/haul,8.0000,items/haul,3,UNK,-9,-9
LT,4,FR,35HT,GOV,EVHOE,,,T0678,42,2015,C-TS,A7,-9,g/haul,3.0000,items/haul,3,UNK,-9,-9
LT,4,FR,35HT,GOV,EVHOE,,,T0679,43,2015,C-TS,A7,-9,g/haul,17.0000,items/haul,10,UNK,-9,-9
LT,4,FR,35HT,GOV,EVHOE,,,T0674,38,2015,C-TS,A7,-9,g/haul,4.0000,items/haul,5,UNK,-9,-9
LT,4,FR,35HT,GOV,EVHOE,,,T0676,40,2015,C-TS,A2,-9,g/haul,1.0000,items/haul,1,UNK,-9,-9
LT,4,FR,35HT,GOV,EVHOE,,,T0676,40,2015,C-TS,A7,-9,g/haul,1.0000,items/haul,1,UNK,-9,-9
LT,4,FR,35HT,GOV,EVHOE,,,T0690,54,2015,C-TS,G1,-9,g/haul,873.0000,items/haul,1,UNK,-9,-9
LT,4,FR,35HT,GOV,EVHOE,,,T0690,54,2015,C-TS,A2,-9,g/haul,26.0000,items/haul,1,UNK,-9,-9
LT,4,FR,35HT,GOV,EVHOE,,,T0689,53,2015,C-TS,A7,-9,g/haul,1.0000,items/haul,1,UNK,-9,-9
LT,4,FR,35HT,GOV,EVHOE,,,T0687,51,2015,C-TS,A7,-9,g/haul,4.0000,items/haul,3,UNK,-9,-9
LT,4,FR,35HT,GOV,EVHOE,,,T0685,49,2015,C-TS,A7,-9,g/haul,138.0000,items/haul,2,UNK,-9,-9
LT,4,FR,35HT,GOV,EVHOE,,,T0681,45,2015,C-TS,A7,-9,g/haul,5.0000,items/haul,1,UNK,-9,-9
LT,4,FR,35HT,GOV,EVHOE,,,T0645,9,2015,C-TS,A7,-9,g/haul,48.0000,items/haul,3,UNK,-9,-9
LT,4,FR,35HT,GOV,EVHOE,,,T0737,101,2015,C-TS,A7,D,g/haul,6.0000,items/haul,2,UNK,-9,-9
LT,4,FR,35HT,GOV,EVHOE,,,T0733,97,2015,C-TS,A7,D,g/haul,14.0000,items/haul,4,UNK,-9,-9
LT,4,FR,35HT,GOV,EVHOE,,,T0735,99,2015,C-TS,A2,D,g/haul,132.0000,items/haul,1,UNK,-9,-9
LT,4,FR,35HT,GOV,EVHOE,,,T0696,60,2015,C-TS,A7,-9,g/haul,8.0000,items/haul,2,UNK,-9,-9
LT,4,FR,35HT,GOV,EVHOE,,,T0696,60,2015,C-TS,G3,-9,g/haul,9700.0000,items/haul,1,UNK,-9,-9
LT,4,FR,35HT,GOV,EVHOE,,,T0656,20,2015,C-TS,A7,-9,g/haul,2.0000,items/haul,1,UNK,-9,-9
LT,4,FR,35HT,GOV,EVHOE,,,T0652,16,2015,C-TS,A2,-9,g/haul,8.0000,items/haul,2,UNK,-9,-9
LT,4,FR,35HT,GOV,EVHOE,,,T0654,18,2015,C-TS,A7,-9,g/haul,7.0000,items/haul,2,UNK,-9,-9
LT,4,FR,35HT,GOV,EVHOE,,,T0650,14,2015,C-TS,A7,-9,g/haul,3.0000,items/haul,2,UNK,-9,-9
LT,4,FR,35HT,GOV,EVHOE,,,T0650,14,2015,C-TS,A2,-9,g/haul,5.0000,items/haul,4,UNK,-9,-9
LT,4,FR,35HT,GOV,EVHOE,,,T0651,15,2015,C-TS,A7,-9,g/haul,1.0000,items/haul,2,UNK,-9,-9
LT,4,FR,35HT,GOV,EVHOE,,,U0560,52,2016,C-TS,A7,-9,g/haul,584.0000,items/haul,1,UNK,-9,-9
LT,4,FR,35HT,GOV,EVHOE,,,T0666,30,2015,C-TS,A7,-9,g/haul,10.0000,items/haul,5,UNK,-9,-9
LT,4,FR,35HT,GOV,EVHOE,,,U0557,49,2016,C-TS,A7,-9,g/haul,57.0000,items/haul,7,UNK,-9,-9
LT,4,FR,35HT,GOV,EVHOE,,,T0661,25,2015,C-TS,A7,-9,g/haul,6.0000,items/haul,4,UNK,-9,-9
LT,4,FR,35HT,GOV,EVHOE,,,T0665,29,2015,C-TS,A7,-9,g/haul,7.0000,items/haul,5,UNK,-9,-9
LT,4,FR,35HT,GOV,EVHOE,,,T0660,24,2015,C-TS,A7,-9,g/haul,18.0000,items/haul,5,UNK,-9,-9
LT,4,FR,35HT,GOV,EVHOE,,,U0562,54,2016,C-TS,A7,-9,g/haul,72.0000,items/haul,2,UNK,-9,-9
LT,4,FR,35HT,GOV,EVHOE,,,U0563,55,2016,C-TS,A7,-9,g/haul,12.0000,items/haul,1,UNK,-9,-9
LT,4,FR,35HT,GOV,EVHOE,,,U0561,53,2016,C-TS,A7,-9,g/haul,13.0000,items/haul,2,UNK,-9,-9
LT,4,FR,35HT,GOV,EVHOE,,,U0562,54,2016,C-TS,C3,-9,g/haul,37.0000,items/haul,1,UNK,-9,-9
LT,4,FR,35HT,GOV,EVHOE,,,U0558,50,2016,C-TS,A7,-9,g/haul,1.0000,items/haul,1,UNK,-9,-9
LT,4,FR,35HT,GOV,EVHOE,,,U0560,52,2016,C-TS,A12,-9,g/haul,40.0000,items/haul,1,UNK,-9,-9
LT,4,FR,35HT,GOV,EVHOE,,,U0629,121,2016,C-TS,A7,-9,g/haul,4.0000,items/haul,2,UNK,-9,-9
LT,4,FR,35HT,GOV,EVHOE,,,U0630,122,2016,C-TS,A7,-9,g/haul,5000.0000,items/haul,3,UNK,-9,-9
LT,4,FR,35HT,GOV,EVHOE,,,U0631,123,2016,C-TS,A7,-9,g/haul,3.0000,items/haul,4,UNK,-9,-9
LT,4,FR,35HT,GOV,EVHOE,,,U0609,101,2016,C-TS,F3,D,g/haul,940.0000,items/haul,1,UNK,-9,-9
LT,4,FR,35HT,GOV,EVHOE,,,U0572,64,2016,C-TS,G3,D,g/haul,2500.0000,items/haul,2,UNK,-9,-9
LT,4,FR,35HT,GOV,EVHOE,,,U0569,61,2016,C-TS,A7,-9,g/haul,4.0000,items/haul,2,UNK,-9,-9
LT,4,FR,35HT,GOV,EVHOE,,,U0636,128,2016,C-TS,A7,-9,g/haul,198.0000,items/haul,10,UNK,-9,-9
LT,4,FR,35HT,GOV,EVHOE,,,U0637,129,2016,C-TS,A7,-9,g/haul,3.0000,items/haul,3,UNK,-9,-9
LT,4,FR,35HT,GOV,EVHOE,,,U0638,130,2016,C-TS,A7,-9,g/haul,6.0000,items/haul,1,UNK,-9,-9
LT,4,FR,35HT,GOV,EVHOE,,,U0633,125,2016,C-TS,A7,-9,g/haul,22.0000,items/haul,5,UNK,-9,-9
LT,4,FR,35HT,GOV,EVHOE,,,U0635,127,2016,C-TS,A7,-9,g/haul,2.0000,items/haul,3,UNK,-9,-9
LT,4,FR,35HT,GOV,EVHOE,,,U0623,115,2016,C-TS,A7,-9,g/haul,38.0000,items/haul,4,UNK,-9,-9
LT,4,FR,35HT,GOV,EVHOE,,,U0646,138,2016,C-TS,A7,-9,g/haul,6.0000,items/haul,1,UNK,-9,-9
LT,4,FR,35HT,GOV,EVHOE,,,U0648,140,2016,C-TS,A7,-9,g/haul,7.0000,items/haul,2,UNK,-9,-9
LT,4,FR,35HT,GOV,EVHOE,,,U0649,141,2016,C-TS,A7,-9,g/haul,333.0000,items/haul,6,UNK,-9,-9
LT,4,FR,35HT,GOV,EVHOE,,,U0641,133,2016,C-TS,A7,-9,g/haul,13.0000,items/haul,3,UNK,-9,-9
LT,4,FR,35HT,GOV,EVHOE,,,U0642,134,2016,C-TS,A7,-9,g/haul,14.0000,items/haul,5,UNK,-9,-9
LT,4,FR,35HT,GOV,EVHOE,,,U0642,134,2016,C-TS,G3,-9,g/haul,6.0000,items/haul,1,UNK,-9,-9
LT,4,FR,35HT,GOV,EVHOE,,,U0660,152,2016,C-TS,A7,-9,g/haul,4.0000,items/haul,1,UNK,-9,-9
LT,4,FR,35HT,GOV,EVHOE,,,U0650,142,2016,C-TS,A7,-9,g/haul,1.0000,items/haul,1,UNK,-9,-9
LT,4,FR,35HT,GOV,EVHOE,,,U0653,145,2016,C-TS,A7,-9,g/haul,2.0000,items/haul,2,UNK,-9,-9
LT,4,FR,35HT,GOV,EVHOE,,,U0654,146,2016,C-TS,A7,-9,g/haul,5.0000,items/haul,1,UNK,-9,-9
LT,4,FR,35HT,GOV,EVHOE,,,U0655,147,2016,C-TS,A7,-9,g/haul,4.0000,items/haul,1,UNK,-9,-9
LT,4,FR,35HT,GOV,EVHOE,,,U0643,135,2016,C-TS,A7,-9,g/haul,27.0000,items/haul,3,UNK,-9,-9
LT,4,FR,35HT,GOV,EVHOE,,,U0669,161,2016,C-TS,A7,-9,g/haul,16.0000,items/haul,9,UNK,-9,-9
LT,4,FR,35HT,GOV,EVHOE,,,U0669,161,2016,C-TS,A12,-9,g/haul,7.0000,items/haul,1,UNK,-9,-9
LT,4,FR,35HT,GOV,EVHOE,,,U0661,153,2016,C-TS,A7,-9,g/haul,10.0000,items/haul,3,UNK,-9,-9
LT,4,FR,35HT,GOV,EVHOE,,,U0665,157,2016,C-TS,A7,-9,g/haul,14.0000,items/haul,5,UNK,-9,-9
LT,4,FR,35HT,GOV,EVHOE,,,U0666,158,2016,C-TS,A7,-9,g/haul,2.0000,items/haul,1,UNK,-9,-9
LT,4,FR,35HT,GOV,EVHOE,,,U0656,148,2016,C-TS,A7,-9,g/haul,3.0000,items/haul,2,UNK,-9,-9
LT,4,FR,35HT,GOV,EVHOE,,,U0505,4,2016,C-TS,A7,-9,g/haul,42.0000,items/haul,1,UNK,-9,-9
LT,4,FR,35HT,GOV,EVHOE,,,U0506,5,2016,C-TS,A7,-9,g/haul,18.0000,items/haul,1,UNK,-9,-9
LT,4,FR,35HT,GOV,EVHOE,,,U0506,5,2016,C-TS,G1,-9,g/haul,107.0000,items/haul,2,UNK,-9,-9
LT,4,FR,35HT,GOV,EVHOE,,,U0509,7,2016,C-TS,A7,-9,g/haul,25.0000,items/haul,2,UNK,-9,-9
LT,4,FR,35HT,GOV,EVHOE,,,U0667,159,2016,C-TS,A7,-9,g/haul,4.0000,items/haul,3,UNK,-9,-9
LT,4,FR,35HT,GOV,EVHOE,,,U0668,160,2016,C-TS,A7,-9,g/haul,4.0000,items/haul,2,UNK,-9,-9
LT,4,FR,35HT,GOV,EVHOE,,,U0517,14,2016,C-TS,A7,-9,g/haul,12.0000,items/haul,3,UNK,-9,-9
LT,4,FR,35HT,GOV,EVHOE,,,U0515,12,2016,C-TS,A7,-9,g/haul,8.0000,items/haul,2,UNK,-9,-9
LT,4,FR,35HT,GOV,EVHOE,,,U0516,13,2016,C-TS,A2,D,g/haul,36.0000,items/haul,5,UNK,-9,-9
LT,4,FR,35HT,GOV,EVHOE,,,U0511,9,2016,C-TS,A7,-9,g/haul,23.0000,items/haul,10,UNK,-9,-9
LT,4,FR,35HT,GOV,EVHOE,,,U0512,10,2016,C-TS,A7,-9,g/haul,24.0000,items/haul,12,UNK,-9,-9
LT,4,FR,35HT,GOV,EVHOE,,,U0510,8,2016,C-TS,A7,-9,g/haul,20.0000,items/haul,7,UNK,-9,-9
LT,4,FR,35HT,GOV,EVHOE,,,U0534,28,2016,C-TS,A7,-9,g/haul,11.0000,items/haul,1,UNK,-9,-9
LT,4,FR,35HT,GOV,EVHOE,,,U0532,26,2016,C-TS,A7,-9,g/haul,14.0000,items/haul,4,UNK,-9,-9
LT,4,FR,35HT,GOV,EVHOE,,,U0533,27,2016,C-TS,A7,-9,g/haul,30.0000,items/haul,2,UNK,-9,-9
LT,4,FR,35HT,GOV,EVHOE,,,U0520,16,2016,C-TS,A7,-9,g/haul,53.0000,items/haul,4,UNK,-9,-9
LT,4,FR,35HT,GOV,EVHOE,,,U0520,16,2016,C-TS,G1,-9,g/haul,16.0000,items/haul,1,UNK,-9,-9
LT,4,FR,35HT,GOV,EVHOE,,,U0516,13,2016,C-TS,A7,-9,g/haul,54.0000,items/haul,11,UNK,-9,-9
LT,4,FR,35HT,GOV,EVHOE,,,U0542,34,2016,C-TS,A7,-9,g/haul,37.0000,items/haul,2,UNK,-9,-9
LT,4,FR,35HT,GOV,EVHOE,,,U0542,34,2016,C-TS,G1,-9,g/haul,58.0000,items/haul,1,UNK,-9,-9
LT,4,FR,35HT,GOV,EVHOE,,,U0537,30,2016,C-TS,C3,-9,g/haul,1.0000,items/haul,1,UNK,-9,-9
LT,4,FR,35HT,GOV,EVHOE,,,U0538,31,2016,C-TS,A7,-9,g/haul,12.0000,items/haul,4,UNK,-9,-9
LT,4,FR,35HT,GOV,EVHOE,,,U0540,33,2016,C-TS,A7,-9,g/haul,5.0000,items/haul,1,UNK,-9,-9
LT,4,FR,35HT,GOV,EVHOE,,,U0533,27,2016,C-TS,C3,-9,g/haul,5.0000,items/haul,1,UNK,-9,-9
LT,4,FR,35HT,GOV,EVHOE,,,V0498,17,2017,C-TS,A7,-9,g/haul,17.0000,items/haul,4,UNK,-9,-9
LT,4,FR,35HT,GOV,EVHOE,,,U0552,44,2016,C-TS,A7,-9,g/haul,14.0000,items/haul,6,UNK,-9,-9
LT,4,FR,35HT,GOV,EVHOE,,,U0545,37,2016,C-TS,A7,-9,g/haul,16.0000,items/haul,1,UNK,-9,-9
LT,4,FR,35HT,GOV,EVHOE,,,U0551,43,2016,C-TS,A7,-9,g/haul,11.0000,items/haul,5,UNK,-9,-9
LT,4,FR,35HT,GOV,EVHOE,,,U0543,35,2016,C-TS,A2,-9,g/haul,61.0000,items/haul,1,UNK,-9,-9
LT,4,FR,35HT,GOV,EVHOE,,,U0543,35,2016,C-TS,A7,-9,g/haul,1.0000,items/haul,1,UNK,-9,-9
LT,4,FR,35HT,GOV,EVHOE,,,R0413,66,2013,C-TS,A7,E,g/haul,5.0000,items/haul,1,UNK,-9,-9
LT,4,FR,35HT,GOV,EVHOE,,,R0411,64,2013,C-TS,G1,E,g/haul,620.0000,items/haul,1,UNK,-9,-9
LT,4,FR,35HT,GOV,EVHOE,,,V0507,26,2017,C-TS,A7,-9,g/haul,4000.0000,items/haul,1,UNK,-9,-9
LT,4,FR,35HT,GOV,EVHOE,,,V0502,21,2017,C-TS,A7,-9,g/haul,10.0000,items/haul,3,UNK,-9,-9
LT,4,FR,35HT,GOV,EVHOE,,,V0505,24,2017,C-TS,A7,-9,g/haul,6.0000,items/haul,2,UNK,-9,-9
LT,4,FR,35HT,GOV,EVHOE,,,V0500,19,2017,C-TS,A7,-9,g/haul,2.0000,items/haul,1,UNK,-9,-9
LT,4,FR,35HT,GOV,EVHOE,,,R0370,27,2013,C-TS,A7,E,g/haul,8.0000,items/haul,2,UNK,-9,-9
LT,4,FR,35HT,GOV,EVHOE,,,R0397,51,2013,C-TS,A7,E,g/haul,21.0000,items/haul,1,UNK,-9,-9
LT,4,FR,35HT,GOV,EVHOE,,,R0396,50,2013,C-TS,A2,E,g/haul,41.0000,items/haul,1,UNK,-9,-9
LT,4,FR,35HT,GOV,EVHOE,,,R0391,45,2013,C-TS,A7,E,g/haul,3.0000,items/haul,1,UNK,-9,-9
LT,4,FR,35HT,GOV,EVHOE,,,R0388,42,2013,C-TS,A2,E,g/haul,39.0000,items/haul,1,UNK,-9,-9
LT,4,FR,35HT,GOV,EVHOE,,,R0389,43,2013,C-TS,A7,E,g/haul,4.0000,items/haul,1,UNK,-9,-9
LT,4,FR,35HT,GOV,EVHOE,,,R0373,29,2013,C-TS,A7,E,g/haul,23.0000,items/haul,3,UNK,-9,-9
LT,4,FR,35HT,GOV,EVHOE,,,R0369,26,2013,C-TS,A2,E,g/haul,9.0000,items/haul,1,UNK,-9,-9
LT,4,FR,35HT,GOV,EVHOE,,,R0369,26,2013,C-TS,A7,E,g/haul,6.0000,items/haul,2,UNK,-9,-9
LT,4,FR,35HT,GOV,EVHOE,,,R0384,38,2013,C-TS,A7,E,g/haul,4.0000,items/haul,1,UNK,-9,-9
LT,4,FR,35HT,GOV,EVHOE,,,R0379,33,2013,C-TS,A7,E,g/haul,18.0000,items/haul,3,UNK,-9,-9
LT,4,FR,35HT,GOV,EVHOE,,,R0375,31,2013,C-TS,A2,E,g/haul,73.0000,items/haul,1,UNK,-9,-9
LT,4,FR,35HT,GOV,EVHOE,,,R0341,5,2013,C-TS,G1,E,g/haul,6.0000,items/haul,1,UNK,-9,-9
LT,4,FR,35HT,GOV,EVHOE,,,R0340,4,2013,C-TS,F5,E,g/haul,-9.0000,items/haul,-9,UNK,-9,-9
LT,4,FR,35HT,GOV,EVHOE,,,R0339,3,2013,C-TS,F5,E,g/haul,2380.0000,items/haul,1,UNK,-9,-9
LT,4,FR,35HT,GOV,EVHOE,,,R0361,20,2013,C-TS,A7,E,g/haul,1.0000,items/haul,1,UNK,-9,-9
LT,4,FR,35HT,GOV,EVHOE,,,R0352,12,2013,C-TS,A7,E,g/haul,9.0000,items/haul,1,UNK,-9,-9
LT,4,FR,35HT,GOV,EVHOE,,,R0352,12,2013,C-TS,A2,E,g/haul,21.0000,items/haul,1,UNK,-9,-9
LT,4,FR,35HT,GOV,EVHOE,,,T0739,103,2015,C-TS,A7,B,g/haul,6.0000,items/haul,3,UNK,-9,-9
LT,4,FR,35HT,GOV,EVHOE,,,T0739,103,2015,C-TS,A2,B,g/haul,4.0000,items/haul,1,UNK,-9,-9
LT,4,FR,35HT,GOV,EVHOE,,,T0740,104,2015,C-TS,A7,B,g/haul,4.0000,items/haul,1,UNK,-9,-9
LT,4,FR,35HT,GOV,EVHOE,,,T0702,66,2015,C-TS,A2,E,g/haul,112.0000,items/haul,1,UNK,-9,-9
LT,4,FR,35HT,GOV,EVHOE,,,U0555,47,2016,C-TS,A2,E,g/haul,115.0000,items/haul,1,UNK,-9,-9
LT,4,FR,35HT,GOV,EVHOE,,,Q0909,67,2012,C-TS,A7,E,g/haul,81.0000,items/haul,1,UNK,-9,-9
LT,4,FR,35HT,GOV,EVHOE,,,T0722,86,2015,C-TS,A7,B,g/haul,14.0000,items/haul,5,UNK,-9,-9
LT,4,FR,35HT,GOV,EVHOE,,,T0723,87,2015,C-TS,A2,B,g/haul,1.0000,items/haul,2,UNK,-9,-9
LT,4,FR,35HT,GOV,EVHOE,,,T0725,89,2015,C-TS,A7,B,g/haul,2.0000,items/haul,3,UNK,-9,-9
LT,4,FR,35HT,GOV,EVHOE,,,T0736,100,2015,C-TS,A2,B,g/haul,2.0000,items/haul,1,UNK,-9,-9
LT,4,FR,35HT,GOV,EVHOE,,,T0743,107,2015,C-TS,A7,B,g/haul,1.0000,items/haul,1,UNK,-9,-9
LT,4,FR,35HT,GOV,EVHOE,,,T0744,108,2015,C-TS,A7,B,g/haul,4.0000,items/haul,2,UNK,-9,-9
LT,4,FR,35HT,GOV,EVHOE,,,T0714,78,2015,C-TS,A7,B,g/haul,1.0000,items/haul,2,UNK,-9,-9
LT,4,FR,35HT,GOV,EVHOE,,,T0708,72,2015,C-TS,G3,B,g/haul,6.0000,items/haul,1,UNK,-9,-9
LT,4,FR,35HT,GOV,EVHOE,,,T0718,82,2015,C-TS,A7,B,g/haul,20.0000,items/haul,4,UNK,-9,-9
LT,4,FR,35HT,GOV,EVHOE,,,T0715,79,2015,C-TS,A7,B,g/haul,2.0000,items/haul,1,UNK,-9,-9
LT,4,FR,35HT,GOV,EVHOE,,,T0720,84,2015,C-TS,A7,B,g/haul,18.0000,items/haul,3,UNK,-9,-9
LT,4,FR,35HT,GOV,EVHOE,,,T0721,85,2015,C-TS,A2,B,g/haul,2.0000,items/haul,1,UNK,-9,-9
LT,4,FR,35HT,GOV,EVHOE,,,T0702,66,2015,C-TS,A12,B,g/haul,2.0000,items/haul,1,UNK,-9,-9
LT,4,FR,35HT,GOV,EVHOE,,,T0710,74,2015,C-TS,A7,B,g/haul,12.0000,items/haul,3,UNK,-9,-9
LT,4,FR,35HT,GOV,EVHOE,,,T0707,71,2015,C-TS,A2,B,g/haul,1.0000,items/haul,1,UNK,-9,-9
LT,4,FR,35HT,GOV,EVHOE,,,T0707,71,2015,C-TS,A12,B,g/haul,16.0000,items/haul,2,UNK,-9,-9
LT,4,FR,35HT,GOV,EVHOE,,,T0717,81,2015,C-TS,A7,B,g/haul,3.0000,items/haul,3,UNK,-9,-9
LT,4,FR,35HT,GOV,EVHOE,,,T0713,77,2015,C-TS,A7,B,g/haul,14.0000,items/haul,4,UNK,-9,-9
LT,4,FR,35HT,GOV,EVHOE,,,T0697,61,2015,C-TS,A7,B,g/haul,29.0000,items/haul,4,UNK,-9,-9
LT,4,FR,35HT,GOV,EVHOE,,,T0681,45,2015,C-TS,A12,B,g/haul,30.0000,items/haul,2,UNK,-9,-9
LT,4,FR,35HT,GOV,EVHOE,,,T0668,32,2015,C-TS,A2,B,g/haul,3.0000,items/haul,3,UNK,-9,-9
LT,4,FR,35HT,GOV,EVHOE,,,T0703,67,2015,C-TS,A2,B,g/haul,2.0000,items/haul,1,UNK,-9,-9
LT,4,FR,35HT,GOV,EVHOE,,,T0704,68,2015,C-TS,A7,B,g/haul,1.0000,items/haul,1,UNK,-9,-9
LT,4,FR,35HT,GOV,EVHOE,,,T0702,66,2015,C-TS,G3,B,g/haul,2.0000,items/haul,1,UNK,-9,-9
LT,4,FR,35HT,GOV,EVHOE,,,R0470,122,2013,C-TS,B7,B,g/haul,10.0000,items/haul,1,UNK,-9,-9
LT,4,FR,35HT,GOV,EVHOE,,,R0474,126,2013,C-TS,A7,B,g/haul,40.0000,items/haul,3,UNK,-9,-9
LT,4,FR,35HT,GOV,EVHOE,,,R0478,130,2013,C-TS,A7,B,g/haul,32.0000,items/haul,8,UNK,-9,-9
LT,4,FR,35HT,GOV,EVHOE,,,R0493,145,2013,C-TS,A7,B,g/haul,87.0000,items/haul,5,UNK,-9,-9
LT,4,FR,35HT,GOV,EVHOE,,,S0941,117,2014,C-TS,A2,B,g/haul,9.0000,items/haul,1,UNK,-9,-9
LT,4,FR,35HT,GOV,EVHOE,,,T0666,30,2015,C-TS,A2,B,g/haul,51.0000,items/haul,11,UNK,-9,-9
LT,4,FR,35HT,GOV,EVHOE,,,R0457,109,2013,C-TS,A7,B,g/haul,15.0000,items/haul,4,UNK,-9,-9
LT,4,FR,35HT,GOV,EVHOE,,,R0458,110,2013,C-TS,A7,B,g/haul,35.0000,items/haul,3,UNK,-9,-9
LT,4,FR,35HT,GOV,EVHOE,,,R0460,112,2013,C-TS,A7,B,g/haul,112.0000,items/haul,35,UNK,-9,-9
LT,4,FR,35HT,GOV,EVHOE,,,R0456,108,2013,C-TS,A7,B,g/haul,35.0000,items/haul,5,UNK,-9,-9
LT,4,FR,35HT,GOV,EVHOE,,,R0461,113,2013,C-TS,A7,B,g/haul,14.0000,items/haul,5,UNK,-9,-9
LT,4,FR,35HT,GOV,EVHOE,,,R0466,118,2013,C-TS,G1,B,g/haul,115.0000,items/haul,1,UNK,-9,-9
LT,4,FR,35HT,GOV,EVHOE,,,R0400,54,2013,C-TS,A7,B,g/haul,1.0000,items/haul,1,UNK,-9,-9
LT,4,FR,35HT,GOV,EVHOE,,,R0409,62,2013,C-TS,B7,B,g/haul,5.0000,items/haul,1,UNK,-9,-9
LT,4,FR,35HT,GOV,EVHOE,,,R0409,62,2013,C-TS,A2,B,g/haul,1.0000,items/haul,1,UNK,-9,-9
LT,4,FR,35HT,GOV,EVHOE,,,R0416,69,2013,C-TS,C4,B,g/haul,80.0000,items/haul,1,UNK,-9,-9
LT,4,FR,35HT,GOV,EVHOE,,,R0416,69,2013,C-TS,A2,B,g/haul,1.0000,items/haul,1,UNK,-9,-9
LT,4,FR,35HT,GOV,EVHOE,,,R0454,106,2013,C-TS,G3,B,g/haul,10.0000,items/haul,1,UNK,-9,-9
LT,4,FR,35HT,GOV,EVHOE,,,R0375,31,2013,C-TS,A2,B,g/haul,1.0000,items/haul,2,UNK,-9,-9
LT,4,FR,35HT,GOV,EVHOE,,,R0386,40,2013,C-TS,A2,B,g/haul,1.0000,items/haul,1,UNK,-9,-9
LT,4,FR,35HT,GOV,EVHOE,,,R0388,42,2013,C-TS,A7,B,g/haul,2.0000,items/haul,2,UNK,-9,-9
LT,4,FR,35HT,GOV,EVHOE,,,R0397,51,2013,C-TS,A7,B,g/haul,2.0000,items/haul,2,UNK,-9,-9
LT,4,FR,35HT,GOV,EVHOE,,,R0395,49,2013,C-TS,A7,B,g/haul,2.0000,items/haul,1,UNK,-9,-9
LT,4,FR,35HT,GOV,EVHOE,,,R0402,56,2013,C-TS,A7,B,g/haul,1.0000,items/haul,1,UNK,-9,-9
LT,4,FR,35HT,GOV,EVHOE,,,R0358,17,2013,C-TS,A2,B,g/haul,4.0000,items/haul,1,UNK,-9,-9
LT,4,FR,35HT,GOV,EVHOE,,,R0354,14,2013,C-TS,A7,B,g/haul,3.0000,items/haul,2,UNK,-9,-9
LT,4,FR,35HT,GOV,EVHOE,,,R0369,26,2013,C-TS,A2,B,g/haul,2.0000,items/haul,2,UNK,-9,-9
LT,4,FR,35HT,GOV,EVHOE,,,R0366,24,2013,C-TS,A7,B,g/haul,5.0000,items/haul,2,UNK,-9,-9
LT,4,FR,35HT,GOV,EVHOE,,,R0370,27,2013,C-TS,A7,B,g/haul,21.0000,items/haul,2,UNK,-9,-9
LT,4,FR,35HT,GOV,EVHOE,,,R0379,33,2013,C-TS,A7,B,g/haul,7.0000,items/haul,2,UNK,-9,-9
LT,4,FR,35HT,GOV,EVHOE,,,R0341,5,2013,C-TS,A2,B,g/haul,2.0000,items/haul,2,UNK,-9,-9
LT,4,FR,35HT,GOV,EVHOE,,,R0339,3,2013,C-TS,A7,B,g/haul,0.1000,items/haul,1,UNK,-9,-9
LT,4,FR,35HT,GOV,EVHOE,,,R0344,8,2013,C-TS,A7,B,g/haul,1.0000,items/haul,1,UNK,-9,-9
LT,4,FR,35HT,GOV,EVHOE,,,R0342,6,2013,C-TS,A2,B,g/haul,10.0000,items/haul,5,UNK,-9,-9
LT,4,FR,35HT,GOV,EVHOE,,,R0352,12,2013,C-TS,A7,B,g/haul,14.0000,items/haul,5,UNK,-9,-9
LT,4,FR,35HT,GOV,EVHOE,,,R0348,10,2013,C-TS,A7,B,g/haul,6.0000,items/haul,1,UNK,-9,-9
LT,4,FR,35HT,GOV,EVHOE,,,Q0914,72,2012,C-TS,A7,B,g/haul,43.0000,items/haul,12,UNK,-9,-9
LT,4,FR,35HT,GOV,EVHOE,,,Q0934,89,2012,C-TS,A7,B,g/haul,6.0000,items/haul,4,UNK,-9,-9
LT,4,FR,35HT,GOV,EVHOE,,,Q0929,85,2012,C-TS,A7,B,g/haul,9.0000,items/haul,3,UNK,-9,-9
LT,4,FR,35HT,GOV,EVHOE,,,Q0936,91,2012,C-TS,A7,B,g/haul,4.0000,items/haul,1,UNK,-9,-9
LT,4,FR,35HT,GOV,EVHOE,,,R0338,2,2013,C-TS,B7,B,g/haul,9.0000,items/haul,1,UNK,-9,-9
LT,4,FR,35HT,GOV,EVHOE,,,R0341,5,2013,C-TS,E2,B,g/haul,3.0000,items/haul,2,UNK,-9,-9
LT,4,FR,35HT,GOV,EVHOE,,,Q0890,49,2012,C-TS,G3,B,g/haul,64.0000,items/haul,2,UNK,-9,-9
LT,4,FR,35HT,GOV,EVHOE,,,Q0894,53,2012,C-TS,A7,B,g/haul,12.0000,items/haul,5,UNK,-9,-9
LT,4,FR,35HT,GOV,EVHOE,,,Q0902,61,2012,C-TS,A7,B,g/haul,3.0000,items/haul,2,UNK,-9,-9
LT,4,FR,35HT,GOV,EVHOE,,,Q0903,62,2012,C-TS,A7,B,g/haul,4.0000,items/haul,2,UNK,-9,-9
LT,4,FR,35HT,GOV,EVHOE,,,Q0903,62,2012,C-TS,A2,B,g/haul,2.0000,items/haul,1,UNK,-9,-9
LT,4,FR,35HT,GOV,EVHOE,,,Q0923,80,2012,C-TS,A7,B,g/haul,2.0000,items/haul,2,UNK,-9,-9
LT,4,FR,35HT,GOV,EVHOE,,,U0543,35,2016,C-TS,A2,B,g/haul,74.0000,items/haul,1,UNK,-9,-9
LT,4,FR,35HT,GOV,EVHOE,,,U0529,24,2016,C-TS,A2,B,g/haul,1.0000,items/haul,1,UNK,-9,-9
LT,4,FR,35HT,GOV,EVHOE,,,U0532,26,2016,C-TS,A2,B,g/haul,10.0000,items/haul,2,UNK,-9,-9
LT,4,FR,35HT,GOV,EVHOE,,,U0527,22,2016,C-TS,A2,B,g/haul,6.0000,items/haul,2,UNK,-9,-9
LT,4,FR,35HT,GOV,EVHOE,,,R0416,69,2013,C-TS,G1,C,g/haul,60.0000,items/haul,1,UNK,-9,-9
LT,4,FR,35HT,GOV,EVHOE,,,R0415,68,2013,C-TS,A7,C,g/haul,4.0000,items/haul,2,UNK,-9,-9
LT,4,FR,35HT,GOV,EVHOE,,,R0412,65,2013,C-TS,E2,C,g/haul,760.0000,items/haul,1,UNK,-9,-9
LT,4,FR,35HT,GOV,EVHOE,,,R0417,70,2013,C-TS,G3,C,g/haul,10.0000,items/haul,1,UNK,-9,-9
LT,4,FR,35HT,GOV,EVHOE,,,R0391,45,2013,C-TS,A2,C,g/haul,1.0000,items/haul,1,UNK,-9,-9
LT,4,FR,35HT,GOV,EVHOE,,,R0391,45,2013,C-TS,A7,C,g/haul,7.0000,items/haul,3,UNK,-9,-9
LT,4,FR,35HT,GOV,EVHOE,,,R0387,41,2013,C-TS,A2,C,g/haul,3.0000,items/haul,1,UNK,-9,-9
LT,4,FR,35HT,GOV,EVHOE,,,R0395,49,2013,C-TS,A7,C,g/haul,11.0000,items/haul,3,UNK,-9,-9
LT,4,FR,35HT,GOV,EVHOE,,,R0400,54,2013,C-TS,A7,C,g/haul,7.0000,items/haul,3,UNK,-9,-9
LT,4,FR,35HT,GOV,EVHOE,,,R0401,55,2013,C-TS,A7,C,g/haul,1.0000,items/haul,1,UNK,-9,-9
LT,4,FR,35HT,GOV,EVHOE,,,R0381,35,2013,C-TS,A7,C,g/haul,5.0000,items/haul,3,UNK,-9,-9
LT,4,FR,35HT,GOV,EVHOE,,,R0382,36,2013,C-TS,A7,C,g/haul,7.0000,items/haul,2,UNK,-9,-9
LT,4,FR,35HT,GOV,EVHOE,,,R0379,33,2013,C-TS,A7,C,g/haul,20.0000,items/haul,2,UNK,-9,-9
LT,4,FR,35HT,GOV,EVHOE,,,R0385,39,2013,C-TS,A7,C,g/haul,1.0000,items/haul,1,UNK,-9,-9
LT,4,FR,35HT,GOV,EVHOE,,,R0383,37,2013,C-TS,A7,C,g/haul,1.0000,items/haul,1,UNK,-9,-9
LT,4,FR,35HT,GOV,EVHOE,,,R0384,38,2013,C-TS,A2,C,g/haul,2.0000,items/haul,1,UNK,-9,-9
LT,4,FR,35HT,GOV,EVHOE,,,R0366,24,2013,C-TS,A2,C,g/haul,2.0000,items/haul,2,UNK,-9,-9
LT,4,FR,35HT,GOV,EVHOE,,,R0375,31,2013,C-TS,A2,C,g/haul,5.0000,items/haul,2,UNK,-9,-9
LT,4,FR,35HT,GOV,EVHOE,,,R0373,29,2013,C-TS,A7,C,g/haul,2.0000,items/haul,1,UNK,-9,-9
LT,4,FR,35HT,GOV,EVHOE,,,R0370,27,2013,C-TS,A7,C,g/haul,3.0000,items/haul,1,UNK,-9,-9
LT,4,FR,35HT,GOV,EVHOE,,,R0369,26,2013,C-TS,A7,C,g/haul,6.0000,items/haul,2,UNK,-9,-9
LT,4,FR,35HT,GOV,EVHOE,,,R0368,25,2013,C-TS,A7,C,g/haul,4.0000,items/haul,2,UNK,-9,-9
LT,4,FR,35HT,GOV,EVHOE,,,R0349,11,2013,C-TS,A7,C,g/haul,3.0000,items/haul,2,UNK,-9,-9
LT,4,FR,35HT,GOV,EVHOE,,,R0352,12,2013,C-TS,A2,C,g/haul,1.0000,items/haul,1,UNK,-9,-9
LT,4,FR,35HT,GOV,EVHOE,,,R0358,17,2013,C-TS,A7,C,g/haul,4.0000,items/haul,1,UNK,-9,-9
LT,4,FR,35HT,GOV,EVHOE,,,R0355,15,2013,C-TS,A7,C,g/haul,4.0000,items/haul,2,UNK,-9,-9
LT,4,FR,35HT,GOV,EVHOE,,,R0369,26,2013,C-TS,A2,C,g/haul,16.0000,items/haul,2,UNK,-9,-9
LT,4,FR,35HT,GOV,EVHOE,,,R0368,25,2013,C-TS,A2,C,g/haul,8.0000,items/haul,2,UNK,-9,-9
LT,4,FR,35HT,GOV,EVHOE,,,Q0924,81,2012,C-TS,A2,C,g/haul,21.0000,items/haul,2,UNK,-9,-9
LT,4,FR,35HT,GOV,EVHOE,,,Q0933,88,2012,C-TS,G1,C,g/haul,15.0000,items/haul,1,UNK,-9,-9
LT,4,FR,35HT,GOV,EVHOE,,,Q0933,88,2012,C-TS,A7,C,g/haul,3.0000,items/haul,1,UNK,-9,-9
LT,4,FR,35HT,GOV,EVHOE,,,R0339,3,2013,C-TS,G3,C,g/haul,118.0000,items/haul,1,UNK,-9,-9
LT,4,FR,35HT,GOV,EVHOE,,,R0338,2,2013,C-TS,A7,C,g/haul,1.0000,items/haul,1,UNK,-9,-9
LT,4,FR,35HT,GOV,EVHOE,,,R0348,10,2013,C-TS,A7,C,g/haul,4.0000,items/haul,3,UNK,-9,-9
LT,4,FR,35HT,GOV,EVHOE,,,V0498,17,2017,C-TS,A12,C,g/haul,20.0000,items/haul,1,UNK,-9,-9
LT,4,FR,35HT,GOV,EVHOE,,,Q0891,50,2012,C-TS,E2,C,g/haul,420.0000,items/haul,1,UNK,-9,-9
LT,4,FR,35HT,GOV,EVHOE,,,Q0891,50,2012,C-TS,G1,C,g/haul,79.0000,items/haul,1,UNK,-9,-9
LT,4,FR,35HT,GOV,EVHOE,,,Q0900,59,2012,C-TS,A7,C,g/haul,23.0000,items/haul,4,UNK,-9,-9
LT,4,FR,35HT,GOV,EVHOE,,,Q0901,60,2012,C-TS,A7,C,g/haul,26.0000,items/haul,3,UNK,-9,-9
LT,4,FR,35HT,GOV,EVHOE,,,Q0902,61,2012,C-TS,A7,C,g/haul,16.0000,items/haul,2,UNK,-9,-9
LT,4,FR,35HT,GOV,EVHOE,,,U0612,104,2016,C-TS,A2,C,g/haul,1.0000,items/haul,1,UNK,-9,-9
LT,4,FR,35HT,GOV,EVHOE,,,U0632,124,2016,C-TS,A2,C,g/haul,48.0000,items/haul,2,UNK,-9,-9
LT,4,FR,35HT,GOV,EVHOE,,,U0506,5,2016,C-TS,A2,C,g/haul,14.0000,items/haul,1,UNK,-9,-9
LT,4,FR,35HT,GOV,EVHOE,,,U0538,31,2016,C-TS,A2,C,g/haul,47.0000,items/haul,3,UNK,-9,-9
LT,4,FR,35HT,GOV,EVHOE,,,V0486,7,2017,C-TS,A12,C,g/haul,469000.0000,items/haul,1,UNK,-9,-9
LT,4,FR,35HT,GOV,EVHOE,,,U0555,47,2016,C-TS,A2,C,g/haul,23.0000,items/haul,3,UNK,-9,-9
LT,4,FR,35HT,GOV,EVHOE,,,T0640,4,2015,C-TS,G1,C,g/haul,170.0000,items/haul,1,UNK,-9,-9
LT,4,FR,35HT,GOV,EVHOE,,,U0563,55,2016,C-TS,A2,C,g/haul,26.0000,items/haul,2,UNK,-9,-9
LT,4,FR,35HT,GOV,EVHOE,,,U0562,54,2016,C-TS,A2,C,g/haul,8.0000,items/haul,2,UNK,-9,-9
LT,4,FR,35HT,GOV,EVHOE,,,U0605,97,2016,C-TS,G1,C,g/haul,2000.0000,items/haul,1,UNK,-9,-9
LT,4,FR,35HT,GOV,EVHOE,,,U0623,115,2016,C-TS,A2,C,g/haul,10.0000,items/haul,1,UNK,-9,-9
LT,4,FR,35HT,GOV,EVHOE,,,U0615,107,2016,C-TS,A12,C,g/haul,1000.0000,items/haul,1,UNK,-9,-9
LT,4,FR,35HT,GOV,EVHOE,,,T0741,105,2015,C-TS,A7,C,g/haul,4.0000,items/haul,2,UNK,-9,-9
LT,4,FR,35HT,GOV,EVHOE,,,T0742,106,2015,C-TS,A2,C,g/haul,5.0000,items/haul,1,UNK,-9,-9
LT,4,FR,35HT,GOV,EVHOE,,,T0776,140,2015,C-TS,G1,C,g/haul,108.0000,items/haul,1,UNK,-9,-9
LT,4,FR,35HT,GOV,EVHOE,,,T0775,139,2015,C-TS,G1,C,g/haul,500.0000,items/haul,1,UNK,-9,-9
LT,4,FR,35HT,GOV,EVHOE,,,T0640,4,2015,C-TS,G3,C,g/haul,670.0000,items/haul,2,UNK,-9,-9
LT,4,FR,35HT,GOV,EVHOE,,,T0644,8,2015,C-TS,G1,C,g/haul,26.0000,items/haul,1,UNK,-9,-9
LT,4,FR,35HT,GOV,EVHOE,,,Q0845,10,2012,C-TS,G3,-9,g/haul,16.0000,items/haul,1,UNK,-9,-9
LT,4,FR,35HT,GOV,EVHOE,,,Q0838,3,2012,C-TS,A12,-9,g/haul,24.0000,items/haul,-9,UNK,-9,-9
LT,4,FR,35HT,GOV,EVHOE,,,Q0840,5,2012,C-TS,A12,-9,g/haul,148.0000,items/haul,3,UNK,-9,-9
LT,4,FR,35HT,GOV,EVHOE,,,Q0836,1,2012,C-TS,A12,-9,g/haul,454.0000,items/haul,5,UNK,-9,-9
LT,4,FR,35HT,GOV,EVHOE,,,Q0836,1,2012,C-TS,G3,-9,g/haul,80.0000,items/haul,-9,UNK,-9,-9
LT,4,FR,35HT,GOV,EVHOE,,,Q0837,2,2012,C-TS,A12,-9,g/haul,10.0000,items/haul,4,UNK,-9,-9
LT,4,FR,35HT,GOV,EVHOE,,,Q0852,15,2012,C-TS,A12,-9,g/haul,41.0000,items/haul,4,UNK,-9,-9
LT,4,FR,35HT,GOV,EVHOE,,,Q0845,10,2012,C-TS,A12,-9,g/haul,5.0000,items/haul,2,UNK,-9,-9
LT,4,FR,35HT,GOV,EVHOE,,,Q0846,11,2012,C-TS,A12,-9,g/haul,7.0000,items/haul,1,UNK,-9,-9
LT,4,FR,35HT,GOV,EVHOE,,,Q0847,12,2012,C-TS,A12,-9,g/haul,8.0000,items/haul,1,UNK,-9,-9
LT,4,FR,35HT,GOV,EVHOE,,,Q0842,7,2012,C-TS,A12,-9,g/haul,67.0000,items/haul,1,UNK,-9,-9
LT,4,FR,35HT,GOV,EVHOE,,,Q0843,8,2012,C-TS,A12,-9,g/haul,14.0000,items/haul,4,UNK,-9,-9
LT,4,FR,35HT,GOV,EVHOE,,,Q0853,16,2012,C-TS,A12,-9,g/haul,28.0000,items/haul,4,UNK,-9,-9
LT,4,FR,35HT,GOV,EVHOE,,,Q0854,17,2012,C-TS,G3,-9,g/haul,504.0000,items/haul,1,UNK,-9,-9
LT,4,FR,35HT,GOV,EVHOE,,,Q0854,17,2012,C-TS,G1,-9,g/haul,150.0000,items/haul,1,UNK,-9,-9
LT,4,FR,35HT,GOV,EVHOE,,,Q0854,17,2012,C-TS,A12,-9,g/haul,6.0000,items/haul,1,UNK,-9,-9
LT,4,FR,35HT,GOV,EVHOE,,,Q0850,13,2012,C-TS,A12,-9,g/haul,2.0000,items/haul,2,UNK,-9,-9
LT,4,FR,35HT,GOV,EVHOE,,,Q0851,14,2012,C-TS,A12,-9,g/haul,38.0000,items/haul,3,UNK,-9,-9
LT,4,FR,35HT,GOV,EVHOE,,,Q0859,21,2012,C-TS,A12,-9,g/haul,105.0000,items/haul,4,UNK,-9,-9
LT,4,FR,35HT,GOV,EVHOE,,,Q0861,22,2012,C-TS,G3,-9,g/haul,2.0000,items/haul,1,UNK,-9,-9
LT,4,FR,35HT,GOV,EVHOE,,,Q0861,22,2012,C-TS,A12,-9,g/haul,79.0000,items/haul,4,UNK,-9,-9
LT,4,FR,35HT,GOV,EVHOE,,,Q0856,18,2012,C-TS,A12,-9,g/haul,3.0000,items/haul,2,UNK,-9,-9
LT,4,FR,35HT,GOV,EVHOE,,,Q0857,19,2012,C-TS,A12,-9,g/haul,3.0000,items/haul,2,UNK,-9,-9
LT,4,FR,35HT,GOV,EVHOE,,,Q0858,20,2012,C-TS,A12,-9,g/haul,19.0000,items/haul,4,UNK,-9,-9
LT,4,FR,35HT,GOV,EVHOE,,,Q0867,27,2012,C-TS,A12,-9,g/haul,1.0000,items/haul,1,UNK,-9,-9
LT,4,FR,35HT,GOV,EVHOE,,,Q0868,28,2012,C-TS,A12,-9,g/haul,90.0000,items/haul,8,UNK,-9,-9
LT,4,FR,35HT,GOV,EVHOE,,,Q0870,30,2012,C-TS,A12,-9,g/haul,135.0000,items/haul,1,UNK,-9,-9
LT,4,FR,35HT,GOV,EVHOE,,,Q0862,23,2012,C-TS,A12,-9,g/haul,17.0000,items/haul,7,UNK,-9,-9
LT,4,FR,35HT,GOV,EVHOE,,,Q0864,25,2012,C-TS,A12,-9,g/haul,268.0000,items/haul,2,UNK,-9,-9
LT,4,FR,35HT,GOV,EVHOE,,,Q0866,26,2012,C-TS,A12,-9,g/haul,21.0000,items/haul,2,UNK,-9,-9
LT,4,FR,35HT,GOV,EVHOE,,,Q0882,42,2012,C-TS,A12,-9,g/haul,35.0000,items/haul,2,UNK,-9,-9
LT,4,FR,35HT,GOV,EVHOE,,,Q0882,42,2012,C-TS,E4,-9,g/haul,130.0000,items/haul,1,UNK,-9,-9
LT,4,FR,35HT,GOV,EVHOE,,,Q0883,43,2012,C-TS,A12,-9,g/haul,34.0000,items/haul,6,UNK,-9,-9
LT,4,FR,35HT,GOV,EVHOE,,,Q0874,34,2012,C-TS,A12,-9,g/haul,9.0000,items/haul,1,UNK,-9,-9
LT,4,FR,35HT,GOV,EVHOE,,,Q0877,37,2012,C-TS,A12,-9,g/haul,62.0000,items/haul,1,UNK,-9,-9
LT,4,FR,35HT,GOV,EVHOE,,,Q0878,38,2012,C-TS,A12,-9,g/haul,28.0000,items/haul,4,UNK,-9,-9
LT,4,FR,35HT,GOV,EVHOE,,,Q0904,63,2012,C-TS,A2,D,g/haul,30.0000,items/haul,1,UNK,-9,-9
LT,4,FR,35HT,GOV,EVHOE,,,Q0885,45,2012,C-TS,G1,-9,g/haul,145.0000,items/haul,1,UNK,-9,-9
LT,4,FR,35HT,GOV,EVHOE,,,Q0885,45,2012,C-TS,A12,-9,g/haul,65.0000,items/haul,4,UNK,-9,-9
LT,4,FR,35HT,GOV,EVHOE,,,Q0887,46,2012,C-TS,A12,-9,g/haul,5.0000,items/haul,1,UNK,-9,-9
LT,4,FR,35HT,GOV,EVHOE,,,Q0889,48,2012,C-TS,G1,-9,g/haul,4.0000,items/haul,1,UNK,-9,-9
LT,4,FR,35HT,GOV,EVHOE,,,Q0882,42,2012,C-TS,G1,-9,g/haul,16.0000,items/haul,1,UNK,-9,-9
LT,4,FR,35HT,GOV,EVHOE,,,Q0929,85,2012,C-TS,A7,D,g/haul,10.0000,items/haul,1,UNK,-9,-9
LT,4,FR,35HT,GOV,EVHOE,,,Q0929,85,2012,C-TS,G1,D,g/haul,96.0000,items/haul,1,UNK,-9,-9
LT,4,FR,35HT,GOV,EVHOE,,,Q0928,84,2012,C-TS,A7,D,g/haul,3.0000,items/haul,1,UNK,-9,-9
LT,4,FR,35HT,GOV,EVHOE,,,Q0919,76,2012,C-TS,E2,D,g/haul,196.0000,items/haul,1,UNK,-9,-9
LT,4,FR,35HT,GOV,EVHOE,,,Q0915,73,2012,C-TS,A7,D,g/haul,11.0000,items/haul,1,UNK,-9,-9
LT,4,FR,35HT,GOV,EVHOE,,,Q0911,69,2012,C-TS,A7,D,g/haul,4.0000,items/haul,1,UNK,-9,-9
LT,4,FR,35HT,GOV,EVHOE,,,Q0950,105,2012,C-TS,A7,-9,g/haul,20.0000,items/haul,2,UNK,-9,-9
LT,4,FR,35HT,GOV,EVHOE,,,Q0946,101,2012,C-TS,A7,-9,g/haul,56.0000,items/haul,1,UNK,-9,-9
LT,4,FR,35HT,GOV,EVHOE,,,Q0941,96,2012,C-TS,A2,-9,g/haul,4.0000,items/haul,2,UNK,-9,-9
LT,4,FR,35HT,GOV,EVHOE,,,Q0942,97,2012,C-TS,A7,-9,g/haul,4.0000,items/haul,1,UNK,-9,-9
LT,4,FR,35HT,GOV,EVHOE,,,Q0940,95,2012,C-TS,A7,-9,g/haul,56.0000,items/haul,1,UNK,-9,-9
LT,4,FR,35HT,GOV,EVHOE,,,Q0939,94,2012,C-TS,A7,-9,g/haul,2.0000,items/haul,1,UNK,-9,-9
LT,4,FR,35HT,GOV,EVHOE,,,Q0957,112,2012,C-TS,A7,-9,g/haul,2.0000,items/haul,1,UNK,-9,-9
LT,4,FR,35HT,GOV,EVHOE,,,Q0952,107,2012,C-TS,G1,-9,g/haul,189.0000,items/haul,1,UNK,-9,-9
LT,4,FR,35HT,GOV,EVHOE,,,Q0952,107,2012,C-TS,A7,-9,g/haul,3.0000,items/haul,1,UNK,-9,-9
LT,4,FR,35HT,GOV,EVHOE,,,Q0954,109,2012,C-TS,A7,-9,g/haul,35.0000,items/haul,1,UNK,-9,-9
LT,4,FR,35HT,GOV,EVHOE,,,Q0951,106,2012,C-TS,A7,-9,g/haul,1.0000,items/haul,1,UNK,-9,-9
LT,4,FR,35HT,GOV,EVHOE,,,Q0949,104,2012,C-TS,A7,-9,g/haul,4.0000,items/haul,2,UNK,-9,-9
LT,4,FR,35HT,GOV,EVHOE,,,Q0966,121,2012,C-TS,A7,-9,g/haul,4.0000,items/haul,2,UNK,-9,-9
LT,4,FR,35HT,GOV,EVHOE,,,Q0967,122,2012,C-TS,A7,-9,g/haul,252.0000,items/haul,1,UNK,-9,-9
LT,4,FR,35HT,GOV,EVHOE,,,Q0961,116,2012,C-TS,A7,-9,g/haul,5.0000,items/haul,1,UNK,-9,-9
LT,4,FR,35HT,GOV,EVHOE,,,Q0963,118,2012,C-TS,A7,-9,g/haul,1.0000,items/haul,1,UNK,-9,-9
LT,4,FR,35HT,GOV,EVHOE,,,Q0959,114,2012,C-TS,A7,-9,g/haul,22.0000,items/haul,1,UNK,-9,-9
LT,4,FR,35HT,GOV,EVHOE,,,Q0955,110,2012,C-TS,A7,-9,g/haul,30.0000,items/haul,3,UNK,-9,-9
LT,4,FR,35HT,GOV,EVHOE,,,Q0972,127,2012,C-TS,A7,-9,g/haul,3.0000,items/haul,1,UNK,-9,-9
LT,4,FR,35HT,GOV,EVHOE,,,Q0973,128,2012,C-TS,A7,-9,g/haul,22.0000,items/haul,10,UNK,-9,-9
LT,4,FR,35HT,GOV,EVHOE,,,Q0969,124,2012,C-TS,A7,-9,g/haul,64.0000,items/haul,7,UNK,-9,-9
LT,4,FR,35HT,GOV,EVHOE,,,Q0970,125,2012,C-TS,A7,-9,g/haul,3.0000,items/haul,1,UNK,-9,-9
LT,4,FR,35HT,GOV,EVHOE,,,Q0971,126,2012,C-TS,A7,-9,g/haul,5.0000,items/haul,4,UNK,-9,-9
LT,4,FR,35HT,GOV,EVHOE,,,Q0964,119,2012,C-TS,A7,-9,g/haul,16.0000,items/haul,14,UNK,-9,-9
LT,4,FR,35HT,GOV,EVHOE,,,R0341,5,2013,C-TS,G3,D,g/haul,688.0000,items/haul,1,UNK,-9,-9
LT,4,FR,35HT,GOV,EVHOE,,,R0342,6,2013,C-TS,G1,D,g/haul,576.0000,items/haul,1,UNK,-9,-9
LT,4,FR,35HT,GOV,EVHOE,,,R0342,6,2013,C-TS,A7,D,g/haul,1.0000,items/haul,1,UNK,-9,-9
LT,4,FR,35HT,GOV,EVHOE,,,R0341,5,2013,C-TS,A2,D,g/haul,38.0000,items/haul,1,UNK,-9,-9
LT,4,FR,35HT,GOV,EVHOE,,,R0340,4,2013,C-TS,A7,D,g/haul,22.0000,items/haul,5,UNK,-9,-9
LT,4,FR,35HT,GOV,EVHOE,,,Q0976,131,2012,C-TS,A7,-9,g/haul,13.0000,items/haul,17,UNK,-9,-9
LT,4,FR,35HT,GOV,EVHOE,,,R0353,13,2013,C-TS,A2,D,g/haul,3.0000,items/haul,1,UNK,-9,-9
LT,4,FR,35HT,GOV,EVHOE,,,R0352,12,2013,C-TS,A7,D,g/haul,1.0000,items/haul,1,UNK,-9,-9
LT,4,FR,35HT,GOV,EVHOE,,,R0347,9,2013,C-TS,G1,D,g/haul,5.0000,items/haul,2,UNK,-9,-9
LT,4,FR,35HT,GOV,EVHOE,,,R0347,9,2013,C-TS,A7,D,g/haul,16.0000,items/haul,2,UNK,-9,-9
LT,4,FR,35HT,GOV,EVHOE,,,R0347,9,2013,C-TS,A2,D,g/haul,6.0000,items/haul,1,UNK,-9,-9
LT,4,FR,35HT,GOV,EVHOE,,,R0344,8,2013,C-TS,A7,D,g/haul,26.0000,items/haul,1,UNK,-9,-9
LT,4,FR,35HT,GOV,EVHOE,,,R0370,27,2013,C-TS,A7,D,g/haul,24.0000,items/haul,3,UNK,-9,-9
LT,4,FR,35HT,GOV,EVHOE,,,R0370,27,2013,C-TS,A2,D,g/haul,71.0000,items/haul,2,UNK,-9,-9
LT,4,FR,35HT,GOV,EVHOE,,,R0368,25,2013,C-TS,A7,D,g/haul,9.0000,items/haul,2,UNK,-9,-9
LT,4,FR,35HT,GOV,EVHOE,,,R0368,25,2013,C-TS,A2,D,g/haul,3.0000,items/haul,1,UNK,-9,-9
LT,4,FR,35HT,GOV,EVHOE,,,R0355,15,2013,C-TS,A7,D,g/haul,2.0000,items/haul,1,UNK,-9,-9
LT,4,FR,35HT,GOV,EVHOE,,,R0354,14,2013,C-TS,A2,D,g/haul,10.0000,items/haul,2,UNK,-9,-9
LT,4,FR,35HT,GOV,EVHOE,,,R0384,38,2013,C-TS,A7,D,g/haul,2.0000,items/haul,1,UNK,-9,-9
LT,4,FR,35HT,GOV,EVHOE,,,R0381,35,2013,C-TS,A2,D,g/haul,4.0000,items/haul,2,UNK,-9,-9
LT,4,FR,35HT,GOV,EVHOE,,,R0379,33,2013,C-TS,A7,D,g/haul,4.0000,items/haul,4,UNK,-9,-9
LT,4,FR,35HT,GOV,EVHOE,,,R0374,30,2013,C-TS,A7,D,g/haul,3.0000,items/haul,1,UNK,-9,-9
LT,4,FR,35HT,GOV,EVHOE,,,R0375,31,2013,C-TS,A7,D,g/haul,21.0000,items/haul,3,UNK,-9,-9
LT,4,FR,35HT,GOV,EVHOE,,,R0373,29,2013,C-TS,A7,D,g/haul,3.0000,items/haul,1,UNK,-9,-9
LT,4,FR,35HT,GOV,EVHOE,,,R0397,51,2013,C-TS,A7,D,g/haul,8.0000,items/haul,3,UNK,-9,-9
LT,4,FR,35HT,GOV,EVHOE,,,R0397,51,2013,C-TS,A2,D,g/haul,4.0000,items/haul,1,UNK,-9,-9
LT,4,FR,35HT,GOV,EVHOE,,,R0387,41,2013,C-TS,A7,D,g/haul,1.0000,items/haul,1,UNK,-9,-9
LT,4,FR,35HT,GOV,EVHOE,,,R0385,39,2013,C-TS,A2,D,g/haul,103.0000,items/haul,1,UNK,-9,-9
LT,4,FR,35HT,GOV,EVHOE,,,R0386,40,2013,C-TS,A7,D,g/haul,4.0000,items/haul,1,UNK,-9,-9
LT,4,FR,35HT,GOV,EVHOE,,,R0383,37,2013,C-TS,A2,D,g/haul,2.0000,items/haul,1,UNK,-9,-9
LT,4,FR,35HT,GOV,EVHOE,,,R0430,82,2013,C-TS,A2,D,g/haul,20.0000,items/haul,1,UNK,-9,-9
LT,4,FR,35HT,GOV,EVHOE,,,R0414,67,2013,C-TS,A2,D,g/haul,5.0000,items/haul,1,UNK,-9,-9
LT,4,FR,35HT,GOV,EVHOE,,,R0407,60,2013,C-TS,G1,D,g/haul,114.0000,items/haul,1,UNK,-9,-9
LT,4,FR,35HT,GOV,EVHOE,,,R0407,60,2013,C-TS,A2,D,g/haul,285.0000,items/haul,3,UNK,-9,-9
LT,4,FR,35HT,GOV,EVHOE,,,R0408,61,2013,C-TS,A7,D,g/haul,12.0000,items/haul,1,UNK,-9,-9
LT,4,FR,35HT,GOV,EVHOE,,,R0408,61,2013,C-TS,A2,D,g/haul,38.0000,items/haul,1,UNK,-9,-9
LT,4,FR,35HT,GOV,EVHOE,,,R0454,106,2013,C-TS,G1,D,g/haul,256.0000,items/haul,1,UNK,-9,-9
LT,4,FR,35HT,GOV,EVHOE,,,R0452,104,2013,C-TS,E4,D,g/haul,1560.0000,items/haul,1,UNK,-9,-9
LT,4,FR,35HT,GOV,EVHOE,,,R0447,99,2013,C-TS,A7,D,g/haul,60.0000,items/haul,2,UNK,-9,-9
LT,4,FR,35HT,GOV,EVHOE,,,R0442,94,2013,C-TS,A2,D,g/haul,52.0000,items/haul,2,UNK,-9,-9
LT,4,FR,35HT,GOV,EVHOE,,,R0444,96,2013,C-TS,A2,D,g/haul,50.0000,items/haul,3,UNK,-9,-9
LT,4,FR,35HT,GOV,EVHOE,,,R0438,90,2013,C-TS,A7,D,g/haul,15.0000,items/haul,2,UNK,-9,-9
LT,4,FR,35HT,GOV,EVHOE,,,T0690,54,2015,C-TS,C7,-9,g/haul,26.0000,items/haul,1,UNK,-9,-9
LT,4,FR,35HT,GOV,EVHOE,,,S0885,64,2014,C-TS,C7,-9,g/haul,69.0000,items/haul,1,UNK,-9,-9
LT,4,FR,35HT,GOV,EVHOE,,,R0375,31,2013,C-TS,C7,D,g/haul,47.0000,items/haul,1,UNK,-9,-9
LT,4,FR,35HT,GOV,EVHOE,,,R0480,132,2013,C-TS,A7,D,g/haul,1138.0000,items/haul,80,UNK,-9,-9
LT,4,FR,35HT,GOV,EVHOE,,,R0479,131,2013,C-TS,A7,D,g/haul,343.0000,items/haul,28,UNK,-9,-9
LT,4,FR,35HT,GOV,EVHOE,,,R0464,116,2013,C-TS,A7,D,g/haul,252.0000,items/haul,3,UNK,-9,-9
LT,4,FR,35HT,GOV,EVHOE,,,R0418,71,2013,C-TS,A9,A,g/haul,2.0000,items/haul,2,UNK,-9,-9
LT,4,FR,35HT,GOV,EVHOE,,,R0474,126,2013,C-TS,A9,A,g/haul,1.0000,items/haul,1,UNK,-9,-9
LT,4,FR,35HT,GOV,EVHOE,,,R0479,131,2013,C-TS,D3,A,g/haul,6.0000,items/haul,1,UNK,-9,-9
LT,4,FR,35HT,GOV,EVHOE,,,U0517,14,2016,C-TS,D3,-9,g/haul,8.0000,items/haul,1,UNK,-9,-9
LT,4,FR,35HT,GOV,EVHOE,,,T0779,143,2015,C-TS,C7,C,g/haul,2140.0000,items/haul,1,UNK,-9,-9
LT,4,FR,35HT,GOV,EVHOE,,,U0604,96,2016,C-TS,C7,B,g/haul,15.0000,items/haul,1,UNK,-9,-9
LT,4,FR,35HT,GOV,EVHOE,,,R0366,24,2013,C-TS,A9,E,g/haul,1.0000,items/haul,1,UNK,-9,-9
LT,4,FR,35HT,GOV,EVHOE,,,U0654,146,2016,C-TS,A9,-9,g/haul,2.0000,items/haul,1,UNK,-9,-9
LT,4,FR,35HT,GOV,EVHOE,,,R0476,128,2013,C-TS,A9,A,g/haul,2.0000,items/haul,1,UNK,-9,-9
LT,4,FR,35HT,GOV,EVHOE,,,Q0897,56,2012,C-TS,A9,A,g/haul,4.0000,items/haul,1,UNK,-9,-9
LT,4,FR,35HT,GOV,EVHOE,,,R0348,10,2013,C-TS,A9,A,g/haul,1.0000,items/haul,1,UNK,-9,-9
LT,4,FR,35HT,GOV,EVHOE,,,R0368,25,2013,C-TS,A9,A,g/haul,1.0000,items/haul,1,UNK,-9,-9
LT,4,FR,35HT,GOV,EVHOE,,,R0402,56,2013,C-TS,A4,B,g/haul,6.0000,items/haul,1,UNK,-9,-9
LT,4,FR,35HT,GOV,EVHOE,,,T0702,66,2015,C-TS,A4,B,g/haul,1.0000,items/haul,1,UNK,-9,-9
LT,4,FR,35HT,GOV,EVHOE,,,R0347,9,2013,C-TS,A4,E,g/haul,1.0000,items/haul,1,UNK,-9,-9
LT,4,FR,35HT,GOV,EVHOE,,,U0623,115,2016,C-TS,A4,-9,g/haul,285.0000,items/haul,1,UNK,-9,-9
LT,4,FR,35HT,GOV,EVHOE,,,R0391,45,2013,C-TS,A9,C,g/haul,3.0000,items/haul,1,UNK,-9,-9
LT,4,FR,35HT,GOV,EVHOE,,,R0427,79,2013,C-TS,A9,C,g/haul,5.0000,items/haul,1,UNK,-9,-9
LT,4,FR,35HT,GOV,EVHOE,,,V0496,15,2017,C-TS,A4,A,g/haul,3.0000,items/haul,1,UNK,-9,-9
LT,4,FR,35HT,GOV,EVHOE,,,V0507,26,2017,C-TS,A4,A,g/haul,3000.0000,items/haul,1,UNK,-9,-9
LT,4,FR,35HT,GOV,EVHOE,,,U0564,56,2016,C-TS,A4,-9,g/haul,2.0000,items/haul,1,UNK,-9,-9
LT,4,FR,35HT,GOV,EVHOE,,,T0666,30,2015,C-TS,A4,D,g/haul,543.0000,items/haul,13,UNK,-9,-9
LT,4,FR,35HT,GOV,EVHOE,,,T0637,1,2015,C-TS,A4,B,g/haul,2.0000,items/haul,1,UNK,-9,-9
LT,4,FR,35HT,GOV,EVHOE,,,U0504,3,2016,C-TS,A4,B,g/haul,180.0000,items/haul,1,UNK,-9,-9
LT,4,FR,35HT,GOV,EVHOE,,,T0648,12,2015,C-TS,A8,A,g/haul,8.0000,items/haul,2,UNK,-9,-9
LT,4,FR,35HT,GOV,EVHOE,,,U0593,85,2016,C-TS,A8,A,g/haul,82.0000,items/haul,42,UNK,-9,-9
LT,4,FR,35HT,GOV,EVHOE,,,T0750,114,2015,C-TS,A4,A,g/haul,1.0000,items/haul,1,UNK,-9,-9
LT,4,FR,35HT,GOV,EVHOE,,,T0646,10,2015,C-TS,A4,A,g/haul,1.0000,items/haul,1,UNK,-9,-9
LT,4,FR,35HT,GOV,EVHOE,,,T0657,21,2015,C-TS,A4,A,g/haul,1.0000,items/haul,1,UNK,-9,-9
LT,4,FR,35HT,GOV,EVHOE,,,U0566,58,2016,C-TS,A4,A,g/haul,2.0000,items/haul,1,UNK,-9,-9
LT,4,FR,35HT,GOV,EVHOE,,,T0706,70,2015,C-TS,A8,A,g/haul,6.0000,items/haul,1,UNK,-9,-9
LT,4,FR,35HT,GOV,EVHOE,,,V0506,25,2017,C-TS,A8,F,g/haul,2000.0000,items/haul,1,UNK,-9,-9
LT,4,FR,35HT,GOV,EVHOE,,,T0774,138,2015,C-TS,A8,A,g/haul,158.0000,items/haul,1,UNK,-9,-9
LT,4,FR,35HT,GOV,EVHOE,,,T0778,142,2015,C-TS,A8,A,g/haul,33.0000,items/haul,4,UNK,-9,-9
LT,4,FR,35HT,GOV,EVHOE,,,T0639,3,2015,C-TS,A8,A,g/haul,1.0000,items/haul,1,UNK,-9,-9
LT,4,FR,35HT,GOV,EVHOE,,,T0781,145,2015,C-TS,A8,A,g/haul,1.0000,items/haul,2,UNK,-9,-9
LT,4,FR,35HT,GOV,EVHOE,,,R0387,41,2013,C-TS,A8,E,g/haul,60.0000,items/haul,1,UNK,-9,-9
LT,4,FR,35HT,GOV,EVHOE,,,T0688,52,2015,C-TS,A8,E,g/haul,232.0000,items/haul,1,UNK,-9,-9
LT,4,FR,35HT,GOV,EVHOE,,,U0611,103,2016,C-TS,A8,A,g/haul,5.0000,items/haul,1,UNK,-9,-9
LT,4,FR,35HT,GOV,EVHOE,,,R0480,132,2013,C-TS,A8,A,g/haul,8.0000,items/haul,2,UNK,-9,-9
LT,4,FR,35HT,GOV,EVHOE,,,T0698,62,2015,C-TS,A8,A,g/haul,6.0000,items/haul,1,UNK,-9,-9
LT,4,FR,35HT,GOV,EVHOE,,,T0699,63,2015,C-TS,A8,A,g/haul,6.0000,items/haul,1,UNK,-9,-9
LT,4,FR,35HT,GOV,EVHOE,,,T0657,21,2015,C-TS,A8,-9,g/haul,1.0000,items/haul,1,UNK,-9,-9
LT,4,FR,35HT,GOV,EVHOE,,,T0687,51,2015,C-TS,A8,-9,g/haul,2.0000,items/haul,1,UNK,-9,-9
LT,4,FR,35HT,GOV,EVHOE,,,T0641,5,2015,C-TS,A8,F,g/haul,780.0000,items/haul,2,UNK,-9,-9
LT,4,FR,35HT,GOV,EVHOE,,,T0779,143,2015,C-TS,A8,B,g/haul,98.0000,items/haul,4,UNK,-9,-9
LT,4,FR,35HT,GOV,EVHOE,,,U0614,106,2016,C-TS,A8,B,g/haul,558.0000,items/haul,1,UNK,-9,-9
LT,4,FR,35HT,GOV,EVHOE,,,T0652,16,2015,C-TS,A8,E,g/haul,50.0000,items/haul,1,UNK,-9,-9
LT,4,FR,35HT,GOV,EVHOE,,,S0939,115,2014,C-TS,A8,-9,g/haul,40000.0000,items/haul,3,UNK,-9,-9
LT,4,FR,35HT,GOV,EVHOE,,,S0940,116,2014,C-TS,A8,-9,g/haul,1.2000,items/haul,12,UNK,-9,-9
LT,4,FR,35HT,GOV,EVHOE,,,U0661,153,2016,C-TS,A8,-9,g/haul,200000.0000,items/haul,1,UNK,-9,-9
LT,4,FR,35HT,GOV,EVHOE,,,U0650,142,2016,C-TS,A8,-9,g/haul,50000.0000,items/haul,1,UNK,-9,-9
LT,4,FR,35HT,GOV,EVHOE,,,U0631,123,2016,C-TS,A8,-9,g/haul,126.0000,items/haul,1,UNK,-9,-9
LT,4,FR,35HT,GOV,EVHOE,,,U0555,47,2016,C-TS,A8,-9,g/haul,1020.0000,items/haul,1,UNK,-9,-9
LT,4,FR,35HT,GOV,EVHOE,,,S0922,98,2014,C-TS,A8,-9,g/haul,154.0000,items/haul,18,UNK,-9,-9
LT,4,FR,35HT,GOV,EVHOE,,,S0912,90,2014,C-TS,A8,-9,g/haul,10.0000,items/haul,2,UNK,-9,-9
LT,4,FR,35HT,GOV,EVHOE,,,T0674,38,2015,C-TS,A8,-9,g/haul,1.0000,items/haul,1,UNK,-9,-9
LT,4,FR,35HT,GOV,EVHOE,,,S0953,129,2014,C-TS,A8,D,g/haul,540.0000,items/haul,1,UNK,-9,-9
LT,4,FR,35HT,GOV,EVHOE,,,S0950,126,2014,C-TS,A8,-9,g/haul,1.0000,items/haul,1,UNK,-9,-9
LT,4,FR,35HT,GOV,EVHOE,,,S0942,118,2014,C-TS,A8,-9,g/haul,420.0000,items/haul,1,UNK,-9,-9
LT,4,FR,35HT,GOV,EVHOE,,,S0889,68,2014,C-TS,A8,-9,g/haul,1.0000,items/haul,1,UNK,-9,-9
LT,4,FR,35HT,GOV,EVHOE,,,S0886,65,2014,C-TS,A8,-9,g/haul,6.0000,items/haul,4,UNK,-9,-9
LT,4,FR,35HT,GOV,EVHOE,,,S0938,114,2014,C-TS,A8,-9,g/haul,3060.0000,items/haul,1,UNK,-9,-9
LT,4,FR,35HT,GOV,EVHOE,,,S0930,106,2014,C-TS,A8,-9,g/haul,2.0000,items/haul,2,UNK,-9,-9
LT,4,FR,35HT,GOV,EVHOE,,,S0929,105,2014,C-TS,A8,-9,g/haul,26.0000,items/haul,8,UNK,-9,-9
LT,4,FR,35HT,GOV,EVHOE,,,S0927,103,2014,C-TS,A8,-9,g/haul,9.0000,items/haul,5,UNK,-9,-9
LT,4,FR,35HT,GOV,EVHOE,,,S0879,59,2014,C-TS,A8,-9,g/haul,5.0000,items/haul,1,UNK,-9,-9
LT,4,FR,35HT,GOV,EVHOE,,,S0877,57,2014,C-TS,A8,-9,g/haul,5.0000,items/haul,1,UNK,-9,-9
LT,4,FR,35HT,GOV,EVHOE,,,S0914,91,2014,C-TS,A8,-9,g/haul,1.0000,items/haul,1,UNK,-9,-9
LT,4,FR,35HT,GOV,EVHOE,,,S0893,72,2014,C-TS,A8,-9,g/haul,4.0000,items/haul,1,UNK,-9,-9
LT,4,FR,35HT,GOV,EVHOE,,,S0891,70,2014,C-TS,A8,-9,g/haul,10.0000,items/haul,1,UNK,-9,-9
LT,4,FR,35HT,GOV,EVHOE,,,S0888,67,2014,C-TS,A8,-9,g/haul,1.0000,items/haul,1,UNK,-9,-9
LT,4,FR,35HT,GOV,EVHOE,,,S0871,52,2014,C-TS,A8,-9,g/haul,150.0000,items/haul,4,UNK,-9,-9
LT,4,FR,35HT,GOV,EVHOE,,,S0870,51,2014,C-TS,A8,-9,g/haul,16.0000,items/haul,9,UNK,-9,-9
LT,4,FR,35HT,GOV,EVHOE,,,S0887,66,2014,C-TS,A8,-9,g/haul,25.0000,items/haul,12,UNK,-9,-9
LT,4,FR,35HT,GOV,EVHOE,,,S0885,64,2014,C-TS,A8,-9,g/haul,96.0000,items/haul,5,UNK,-9,-9
LT,4,FR,35HT,GOV,EVHOE,,,S0881,61,2014,C-TS,A8,-9,g/haul,140.0000,items/haul,1,UNK,-9,-9
LT,4,FR,35HT,GOV,EVHOE,,,S0884,63,2014,C-TS,A8,-9,g/haul,600.0000,items/haul,1,UNK,-9,-9
LT,4,FR,35HT,GOV,EVHOE,,,S0852,33,2014,C-TS,A8,-9,g/haul,4000.0000,items/haul,1,UNK,-9,-9
LT,4,FR,35HT,GOV,EVHOE,,,S0851,32,2014,C-TS,A8,-9,g/haul,8.0000,items/haul,1,UNK,-9,-9
LT,4,FR,35HT,GOV,EVHOE,,,S0878,58,2014,C-TS,A8,-9,g/haul,5.0000,items/haul,1,UNK,-9,-9
LT,4,FR,35HT,GOV,EVHOE,,,S0875,55,2014,C-TS,A8,-9,g/haul,455.0000,items/haul,3,UNK,-9,-9
LT,4,FR,35HT,GOV,EVHOE,,,S0872,53,2014,C-TS,A8,-9,g/haul,62.0000,items/haul,1,UNK,-9,-9
LT,4,FR,35HT,GOV,EVHOE,,,S0873,54,2014,C-TS,A8,-9,g/haul,570.0000,items/haul,6,UNK,-9,-9
LT,4,FR,35HT,GOV,EVHOE,,,S0838,19,2014,C-TS,A8,-9,g/haul,5.0000,items/haul,1,UNK,-9,-9
LT,4,FR,35HT,GOV,EVHOE,,,S0832,13,2014,C-TS,A8,-9,g/haul,49.0000,items/haul,1,UNK,-9,-9
LT,4,FR,35HT,GOV,EVHOE,,,S0866,47,2014,C-TS,A8,-9,g/haul,1500.0000,items/haul,6,UNK,-9,-9
LT,4,FR,35HT,GOV,EVHOE,,,S0862,43,2014,C-TS,A8,-9,g/haul,14.0000,items/haul,7,UNK,-9,-9
LT,4,FR,35HT,GOV,EVHOE,,,S0857,38,2014,C-TS,A8,-9,g/haul,69.0000,items/haul,1,UNK,-9,-9
LT,4,FR,35HT,GOV,EVHOE,,,S0856,37,2014,C-TS,A8,-9,g/haul,532.0000,items/haul,6,UNK,-9,-9
LT,4,FR,35HT,GOV,EVHOE,,,Q0960,115,2012,C-TS,A8,-9,g/haul,657.0000,items/haul,1,UNK,-9,-9
LT,4,FR,35HT,GOV,EVHOE,,,Q0954,109,2012,C-TS,A8,-9,g/haul,1.0000,items/haul,1,UNK,-9,-9
LT,4,FR,35HT,GOV,EVHOE,,,S0850,31,2014,C-TS,A8,-9,g/haul,1.0000,items/haul,3,UNK,-9,-9
LT,4,FR,35HT,GOV,EVHOE,,,S0848,29,2014,C-TS,A8,-9,g/haul,7.0000,items/haul,2,UNK,-9,-9
LT,4,FR,35HT,GOV,EVHOE,,,S0846,27,2014,C-TS,A8,-9,g/haul,1340.0000,items/haul,1,UNK,-9,-9
LT,4,FR,35HT,GOV,EVHOE,,,S0842,23,2014,C-TS,A8,-9,g/haul,2.0000,items/haul,2,UNK,-9,-9
LT,4,FR,35HT,GOV,EVHOE,,,Q0941,96,2012,C-TS,A8,-9,g/haul,252.0000,items/haul,1,UNK,-9,-9
LT,4,FR,35HT,GOV,EVHOE,,,Q0889,48,2012,C-TS,A8,-9,g/haul,11.0000,items/haul,2,UNK,-9,-9
LT,4,FR,35HT,GOV,EVHOE,,,S0828,9,2014,C-TS,A8,-9,g/haul,4.5000,items/haul,1,UNK,-9,-9
LT,4,FR,35HT,GOV,EVHOE,,,S0827,8,2014,C-TS,A8,-9,g/haul,3.7000,items/haul,2,UNK,-9,-9
LT,4,FR,35HT,GOV,EVHOE,,,R0457,109,2013,C-TS,A8,D,g/haul,78.0000,items/haul,1,UNK,-9,-9
LT,4,FR,35HT,GOV,EVHOE,,,R0396,50,2013,C-TS,A8,D,g/haul,33.0000,items/haul,2,UNK,-9,-9
LT,4,FR,35HT,GOV,EVHOE,,,Q0870,30,2012,C-TS,A8,-9,g/haul,14.0000,items/haul,2,UNK,-9,-9
LT,4,FR,35HT,GOV,EVHOE,,,Q0875,35,2012,C-TS,A8,-9,g/haul,4.0000,items/haul,2,UNK,-9,-9
LT,4,FR,35HT,GOV,EVHOE,,,Q0951,106,2012,C-TS,A8,-9,g/haul,170.0000,items/haul,3,UNK,-9,-9
LT,4,FR,35HT,GOV,EVHOE,,,Q0945,100,2012,C-TS,A8,-9,g/haul,10.0000,items/haul,1,UNK,-9,-9
LT,4,FR,35HT,GOV,EVHOE,,,Q0948,103,2012,C-TS,A8,-9,g/haul,20.0000,items/haul,2,UNK,-9,-9
LT,4,FR,35HT,GOV,EVHOE,,,Q0944,99,2012,C-TS,A8,-9,g/haul,7.0000,items/haul,1,UNK,-9,-9
LT,4,FR,35HT,GOV,EVHOE,,,Q0864,25,2012,C-TS,A8,-9,g/haul,29.0000,items/haul,5,UNK,-9,-9
LT,4,FR,35HT,GOV,EVHOE,,,Q0858,20,2012,C-TS,A8,-9,g/haul,17.0000,items/haul,3,UNK,-9,-9
LT,4,FR,35HT,GOV,EVHOE,,,Q0885,45,2012,C-TS,A8,-9,g/haul,3.0000,items/haul,2,UNK,-9,-9
LT,4,FR,35HT,GOV,EVHOE,,,Q0887,46,2012,C-TS,A8,-9,g/haul,10.0000,items/haul,1,UNK,-9,-9
LT,4,FR,35HT,GOV,EVHOE,,,Q0882,42,2012,C-TS,A8,-9,g/haul,32.0000,items/haul,3,UNK,-9,-9
LT,4,FR,35HT,GOV,EVHOE,,,Q0883,43,2012,C-TS,A8,-9,g/haul,314.0000,items/haul,4,UNK,-9,-9
LT,4,FR,35HT,GOV,EVHOE,,,Q0854,17,2012,C-TS,A8,-9,g/haul,44.0000,items/haul,2,UNK,-9,-9
LT,4,FR,35HT,GOV,EVHOE,,,Q0847,12,2012,C-TS,A8,-9,g/haul,4.0000,items/haul,2,UNK,-9,-9
LT,4,FR,35HT,GOV,EVHOE,,,Q0877,37,2012,C-TS,A8,-9,g/haul,2.0000,items/haul,2,UNK,-9,-9
LT,4,FR,35HT,GOV,EVHOE,,,Q0867,27,2012,C-TS,A8,-9,g/haul,19.0000,items/haul,2,UNK,-9,-9
LT,4,FR,35HT,GOV,EVHOE,,,Q0868,28,2012,C-TS,A8,-9,g/haul,127.0000,items/haul,3,UNK,-9,-9
LT,4,FR,35HT,GOV,EVHOE,,,Q0862,23,2012,C-TS,A8,-9,g/haul,12.0000,items/haul,2,UNK,-9,-9
LT,4,FR,35HT,GOV,EVHOE,,,Q0842,7,2012,C-TS,A8,-9,g/haul,5.0000,items/haul,-9,UNK,-9,-9
LT,4,FR,35HT,GOV,EVHOE,,,Q0843,8,2012,C-TS,A8,-9,g/haul,12.0000,items/haul,4,UNK,-9,-9
LT,4,FR,35HT,GOV,EVHOE,,,Q0861,22,2012,C-TS,A8,-9,g/haul,19.0000,items/haul,3,UNK,-9,-9
LT,4,FR,35HT,GOV,EVHOE,,,Q0856,18,2012,C-TS,A8,-9,g/haul,149.0000,items/haul,4,UNK,-9,-9
LT,4,FR,35HT,GOV,EVHOE,,,Q0857,19,2012,C-TS,A8,-9,g/haul,26.0000,items/haul,1,UNK,-9,-9
LT,4,FR,35HT,GOV,EVHOE,,,Q0853,16,2012,C-TS,A8,-9,g/haul,2.0000,items/haul,1,UNK,-9,-9
LT,4,FR,35HT,GOV,EVHOE,,,Q0841,6,2012,C-TS,A8,-9,g/haul,40.0000,items/haul,-9,UNK,-9,-9
LT,4,FR,35HT,GOV,EVHOE,,,Q0836,1,2012,C-TS,A8,-9,g/haul,195.0000,items/haul,-9,UNK,-9,-9
LT,4,FR,35HT,GOV,EVHOE,,,Q0851,14,2012,C-TS,A8,-9,g/haul,40.0000,items/haul,4,UNK,-9,-9
LT,4,FR,35HT,GOV,EVHOE,,,Q0852,15,2012,C-TS,A8,-9,g/haul,14.0000,items/haul,2,UNK,-9,-9
LT,4,FR,35HT,GOV,EVHOE,,,Q0845,10,2012,C-TS,A8,-9,g/haul,64.0000,items/haul,5,UNK,-9,-9
LT,4,FR,35HT,GOV,EVHOE,,,Q0846,11,2012,C-TS,A8,-9,g/haul,10.0000,items/haul,3,UNK,-9,-9
LT,4,FR,35HT,GOV,EVHOE,,,T0755,119,2015,C-TS,A8,A,g/haul,20.0000,items/haul,1,UNK,-9,-9
LT,4,FR,35HT,GOV,EVHOE,,,Q0837,2,2012,C-TS,A8,-9,g/haul,27.0000,items/haul,-9,UNK,-9,-9
LT,4,FR,35HT,GOV,EVHOE,,,Q0844,9,2012,C-TS,A8,-9,g/haul,13.0000,items/haul,6,UNK,-9,-9
LT,4,FR,35HT,GOV,EVHOE,,,Q0838,3,2012,C-TS,A8,-9,g/haul,58.0000,items/haul,-9,UNK,-9,-9
LT,4,FR,35HT,GOV,EVHOE,,,Q0839,4,2012,C-TS,A8,-9,g/haul,31.0000,items/haul,-9,UNK,-9,-9
LT,4,FR,35HT,GOV,EVHOE,,,Q0840,5,2012,C-TS,A8,-9,g/haul,2.0000,items/haul,-9,UNK,-9,-9
LT,4,FR,35HT,GOV,EVHOE,,,S0840,21,2014,C-TS,C1,-9,g/haul,1.0000,items/haul,1,UNK,-9,-9
LT,4,FR,35HT,GOV,EVHOE,,,R0339,3,2013,C-TS,A8,C,g/haul,60.0000,items/haul,1,UNK,-9,-9
LT,4,FR,35HT,GOV,EVHOE,,,R0388,42,2013,C-TS,A8,C,g/haul,4.0000,items/haul,1,UNK,-9,-9
LT,4,FR,35HT,GOV,EVHOE,,,R0454,106,2013,C-TS,A8,C,g/haul,8.0000,items/haul,2,UNK,-9,-9
LT,4,FR,35HT,GOV,EVHOE,,,R0465,117,2013,C-TS,A8,C,g/haul,275.0000,items/haul,3,UNK,-9,-9
LT,4,FR,35HT,GOV,EVHOE,,,T0761,125,2015,C-TS,A8,A,g/haul,2.4000,items/haul,3,UNK,-9,-9
LT,4,FR,35HT,GOV,EVHOE,,,Q0950,105,2012,C-TS,C1,-9,g/haul,17.0000,items/haul,1,UNK,-9,-9
LT,4,FR,35HT,GOV,EVHOE,,,R0469,121,2013,C-TS,C1,B,g/haul,16.0000,items/haul,1,UNK,-9,-9
LT,4,FR,35HT,GOV,EVHOE,,,R0471,123,2013,C-TS,C1,B,g/haul,6.0000,items/haul,1,UNK,-9,-9
LT,4,FR,35HT,GOV,EVHOE,,,R0479,131,2013,C-TS,C1,B,g/haul,16.0000,items/haul,1,UNK,-9,-9
LT,4,FR,35HT,GOV,EVHOE,,,R0486,138,2013,C-TS,C1,B,g/haul,20.0000,items/haul,1,UNK,-9,-9
LT,4,FR,35HT,GOV,EVHOE,,,S0843,24,2014,C-TS,C1,-9,g/haul,6.0000,items/haul,1,UNK,-9,-9
LT,4,FR,35HT,GOV,EVHOE,,,Q0898,57,2012,C-TS,C1,C,g/haul,25.0000,items/haul,1,UNK,-9,-9
LT,4,FR,35HT,GOV,EVHOE,,,R0342,6,2013,C-TS,C1,C,g/haul,17.0000,items/haul,1,UNK,-9,-9
LT,4,FR,35HT,GOV,EVHOE,,,R0353,13,2013,C-TS,C1,C,g/haul,26.0000,items/haul,1,UNK,-9,-9
LT,4,FR,35HT,GOV,EVHOE,,,Q0934,89,2012,C-TS,C1,B,g/haul,10.0000,items/haul,1,UNK,-9,-9
LT,4,FR,35HT,GOV,EVHOE,,,R0448,100,2013,C-TS,C1,B,g/haul,20.0000,items/haul,2,UNK,-9,-9
LT,4,FR,35HT,GOV,EVHOE,,,R0450,102,2013,C-TS,C1,B,g/haul,16.0000,items/haul,1,UNK,-9,-9
LT,4,FR,35HT,GOV,EVHOE,,,R0417,70,2013,C-TS,F2,C,g/haul,5.0000,items/haul,3,UNK,-9,-9
LT,4,FR,35HT,GOV,EVHOE,,,R0410,63,2013,C-TS,F2,C,g/haul,5.0000,items/haul,1,UNK,-9,-9
LT,4,FR,35HT,GOV,EVHOE,,,R0412,65,2013,C-TS,F2,C,g/haul,20.0000,items/haul,1,UNK,-9,-9
LT,4,FR,35HT,GOV,EVHOE,,,R0352,12,2013,C-TS,F2,C,g/haul,6.0000,items/haul,2,UNK,-9,-9
LT,4,FR,35HT,GOV,EVHOE,,,U0575,67,2016,C-TS,D1,B,g/haul,500.0000,items/haul,1,UNK,-9,-9
LT,4,FR,35HT,GOV,EVHOE,,,U0561,53,2016,C-TS,D1,-9,g/haul,886.0000,items/haul,1,UNK,-9,-9
LT,4,FR,35HT,GOV,EVHOE,,,R0424,76,2013,C-TS,F2,B,g/haul,15.0000,items/haul,5,UNK,-9,-9
LT,4,FR,35HT,GOV,EVHOE,,,Q0893,52,2012,C-TS,F2,A,g/haul,21.0000,items/haul,11,UNK,-9,-9
LT,4,FR,35HT,GOV,EVHOE,,,R0339,3,2013,C-TS,F2,A,g/haul,7.0000,items/haul,3,UNK,-9,-9
LT,4,FR,35HT,GOV,EVHOE,,,R0413,66,2013,C-TS,F2,A,g/haul,1.0000,items/haul,2,UNK,-9,-9
LT,4,FR,35HT,GOV,EVHOE,,,U0575,67,2016,C-TS,F2,A,g/haul,10.0000,items/haul,2,UNK,-9,-9
LT,4,FR,35HT,GOV,EVHOE,,,T0720,84,2015,C-TS,F2,C,g/haul,140.0000,items/haul,1,UNK,-9,-9
LT,4,FR,35HT,GOV,EVHOE,,,T0730,94,2015,C-TS,F2,D,g/haul,20.0000,items/haul,1,UNK,-9,-9
LT,4,FR,35HT,GOV,EVHOE,,,U0580,72,2016,C-TS,F2,D,g/haul,100.0000,items/haul,4,UNK,-9,-9
LT,4,FR,35HT,GOV,EVHOE,,,R0438,90,2013,C-TS,F2,B,g/haul,2.0000,items/haul,1,UNK,-9,-9
LT,4,FR,35HT,GOV,EVHOE,,,R0432,84,2013,C-TS,F2,B,g/haul,2.0000,items/haul,2,UNK,-9,-9
LT,4,FR,35HT,GOV,EVHOE,,,R0409,62,2013,C-TS,F2,B,g/haul,5.0000,items/haul,1,UNK,-9,-9
LT,4,FR,35HT,GOV,EVHOE,,,R0422,74,2013,C-TS,F2,B,g/haul,10.0000,items/haul,3,UNK,-9,-9
LT,4,FR,35HT,GOV,EVHOE,,,S0843,24,2014,C-TS,F2,-9,g/haul,7.0000,items/haul,3,UNK,-9,-9
LT,4,FR,35HT,GOV,EVHOE,,,S0842,23,2014,C-TS,F2,-9,g/haul,4.0000,items/haul,4,UNK,-9,-9
LT,4,FR,35HT,GOV,EVHOE,,,S0854,35,2014,C-TS,F2,-9,g/haul,2.0000,items/haul,2,UNK,-9,-9
LT,4,FR,35HT,GOV,EVHOE,,,S0851,32,2014,C-TS,F2,-9,g/haul,3.0000,items/haul,2,UNK,-9,-9
LT,4,FR,35HT,GOV,EVHOE,,,S0849,30,2014,C-TS,F2,-9,g/haul,4.0000,items/haul,1,UNK,-9,-9
LT,4,FR,35HT,GOV,EVHOE,,,S0866,47,2014,C-TS,F2,-9,g/haul,300.0000,items/haul,2,UNK,-9,-9
LT,4,FR,35HT,GOV,EVHOE,,,S0837,18,2014,C-TS,F2,-9,g/haul,13.0000,items/haul,2,UNK,-9,-9
LT,4,FR,35HT,GOV,EVHOE,,,S0839,20,2014,C-TS,F2,-9,g/haul,10.0000,items/haul,5,UNK,-9,-9
LT,4,FR,35HT,GOV,EVHOE,,,S0836,17,2014,C-TS,F2,-9,g/haul,16.0000,items/haul,4,UNK,-9,-9
LT,4,FR,35HT,GOV,EVHOE,,,S0835,16,2014,C-TS,F2,-9,g/haul,32.0000,items/haul,4,UNK,-9,-9
LT,4,FR,35HT,GOV,EVHOE,,,S0848,29,2014,C-TS,F2,-9,g/haul,81.0000,items/haul,4,UNK,-9,-9
LT,4,FR,35HT,GOV,EVHOE,,,S0847,28,2014,C-TS,F2,-9,g/haul,1.0000,items/haul,1,UNK,-9,-9
LT,4,FR,35HT,GOV,EVHOE,,,R0436,88,2013,C-TS,F2,D,g/haul,10000.0000,items/haul,1,UNK,-9,-9
LT,4,FR,35HT,GOV,EVHOE,,,S0830,11,2014,C-TS,F2,-9,g/haul,51.0000,items/haul,14,UNK,-9,-9
LT,4,FR,35HT,GOV,EVHOE,,,S0828,9,2014,C-TS,F2,-9,g/haul,5.5000,items/haul,4,UNK,-9,-9
LT,4,FR,35HT,GOV,EVHOE,,,S0827,8,2014,C-TS,F2,-9,g/haul,3.5000,items/haul,1,UNK,-9,-9
LT,4,FR,35HT,GOV,EVHOE,,,S0826,7,2014,C-TS,F2,-9,g/haul,16.0000,items/haul,8,UNK,-9,-9
LT,4,FR,35HT,GOV,EVHOE,,,S0840,21,2014,C-TS,F2,-9,g/haul,1.0000,items/haul,1,UNK,-9,-9
LT,4,FR,35HT,GOV,EVHOE,,,S0933,109,2014,C-TS,D6,-9,g/haul,61.0000,items/haul,1,UNK,-9,-9
LT,4,FR,35HT,GOV,EVHOE,,,S0891,70,2014,C-TS,D6,-9,g/haul,214.0000,items/haul,1,UNK,-9,-9
LT,4,FR,35HT,GOV,EVHOE,,,S0879,59,2014,C-TS,D6,-9,g/haul,15.0000,items/haul,1,UNK,-9,-9
LT,4,FR,35HT,GOV,EVHOE,,,S0880,60,2014,C-TS,D6,-9,g/haul,590.0000,items/haul,1,UNK,-9,-9
LT,4,FR,35HT,GOV,EVHOE,,,R0352,12,2013,C-TS,F2,D,g/haul,5.0000,items/haul,1,UNK,-9,-9
LT,4,FR,35HT,GOV,EVHOE,,,S0825,6,2014,C-TS,F2,-9,g/haul,10.0000,items/haul,6,UNK,-9,-9
LT,4,FR,35HT,GOV,EVHOE,,,S0849,30,2014,C-TS,D6,-9,g/haul,1194.0000,items/haul,1,UNK,-9,-9
LT,4,FR,35HT,GOV,EVHOE,,,S0846,27,2014,C-TS,D6,-9,g/haul,1100.0000,items/haul,1,UNK,-9,-9
LT,4,FR,35HT,GOV,EVHOE,,,R0401,55,2013,C-TS,D6,D,g/haul,66.0000,items/haul,1,UNK,-9,-9
LT,4,FR,35HT,GOV,EVHOE,,,R0383,37,2013,C-TS,D6,D,g/haul,3.0000,items/haul,1,UNK,-9,-9
LT,4,FR,35HT,GOV,EVHOE,,,R0458,110,2013,C-TS,D6,B,g/haul,37.0000,items/haul,1,UNK,-9,-9
LT,4,FR,35HT,GOV,EVHOE,,,U0542,34,2016,C-TS,D6,-9,g/haul,7.0000,items/haul,1,UNK,-9,-9
LT,4,FR,35HT,GOV,EVHOE,,,U0585,77,2016,C-TS,D6,A,g/haul,5.0000,items/haul,1,UNK,-9,-9
LT,4,FR,35HT,GOV,EVHOE,,,U0623,115,2016,C-TS,D6,A,g/haul,2.0000,items/haul,1,UNK,-9,-9
LT,4,FR,35HT,GOV,EVHOE,,,R0341,5,2013,C-TS,D6,B,g/haul,17.0000,items/haul,2,UNK,-9,-9
LT,4,FR,35HT,GOV,EVHOE,,,Q0962,117,2012,C-TS,D6,-9,g/haul,500.0000,items/haul,1,UNK,-9,-9
LT,4,FR,35HT,GOV,EVHOE,,,S0878,58,2014,C-TS,D6,-9,g/haul,5.0000,items/haul,1,UNK,-9,-9
LT,4,FR,35HT,GOV,EVHOE,,,S0871,52,2014,C-TS,D6,-9,g/haul,60.0000,items/haul,1,UNK,-9,-9
LT,4,FR,35HT,GOV,EVHOE,,,Q0936,91,2012,C-TS,A5,C,g/haul,1.0000,items/haul,1,UNK,-9,-9
LT,4,FR,35HT,GOV,EVHOE,,,R0402,56,2013,C-TS,A5,C,g/haul,1.0000,items/haul,1,UNK,-9,-9
LT,4,FR,35HT,GOV,EVHOE,,,R0406,59,2013,C-TS,A5,C,g/haul,1.0000,items/haul,1,UNK,-9,-9
LT,4,FR,35HT,GOV,EVHOE,,,R0417,70,2013,C-TS,A5,C,g/haul,2.0000,items/haul,3,UNK,-9,-9
LT,4,FR,35HT,GOV,EVHOE,,,R0469,121,2013,C-TS,D6,C,g/haul,166.0000,items/haul,1,UNK,-9,-9
LT,4,FR,35HT,GOV,EVHOE,,,R0477,129,2013,C-TS,D6,C,g/haul,91.0000,items/haul,1,UNK,-9,-9
LT,4,FR,35HT,GOV,EVHOE,,,R0439,91,2013,C-TS,A5,C,g/haul,1.0000,items/haul,1,UNK,-9,-9
LT,4,FR,35HT,GOV,EVHOE,,,R0457,109,2013,C-TS,A5,C,g/haul,2.0000,items/haul,1,UNK,-9,-9
LT,4,FR,35HT,GOV,EVHOE,,,T0710,74,2015,C-TS,A5,C,g/haul,2.0000,items/haul,3,UNK,-9,-9
LT,4,FR,35HT,GOV,EVHOE,,,T0708,72,2015,C-TS,A5,C,g/haul,2.0000,items/haul,2,UNK,-9,-9
LT,4,FR,35HT,GOV,EVHOE,,,Q0931,86,2012,C-TS,A5,C,g/haul,7.0000,items/haul,10,UNK,-9,-9
LT,4,FR,35HT,GOV,EVHOE,,,Q0927,83,2012,C-TS,A5,C,g/haul,4.0000,items/haul,1,UNK,-9,-9
LT,4,FR,35HT,GOV,EVHOE,,,T0730,94,2015,C-TS,A5,C,g/haul,12.0000,items/haul,4,UNK,-9,-9
LT,4,FR,35HT,GOV,EVHOE,,,T0726,90,2015,C-TS,A5,A,g/haul,1.0000,items/haul,1,UNK,-9,-9
LT,4,FR,35HT,GOV,EVHOE,,,U0573,65,2016,C-TS,A5,A,g/haul,20.0000,items/haul,10,UNK,-9,-9
LT,4,FR,35HT,GOV,EVHOE,,,U0575,67,2016,C-TS,A5,A,g/haul,30.0000,items/haul,6,UNK,-9,-9
LT,4,FR,35HT,GOV,EVHOE,,,U0586,78,2016,C-TS,A5,A,g/haul,1.0000,items/haul,1,UNK,-9,-9
LT,4,FR,35HT,GOV,EVHOE,,,R0425,77,2013,C-TS,A5,C,g/haul,2.0000,items/haul,2,UNK,-9,-9
LT,4,FR,35HT,GOV,EVHOE,,,U0612,104,2016,C-TS,A5,A,g/haul,1.0000,items/haul,2,UNK,-9,-9
LT,4,FR,35HT,GOV,EVHOE,,,U0609,101,2016,C-TS,A5,A,g/haul,10.0000,items/haul,1,UNK,-9,-9
LT,4,FR,35HT,GOV,EVHOE,,,V0492,12,2017,C-TS,A5,A,g/haul,1.0000,items/haul,1,UNK,-9,-9
LT,4,FR,35HT,GOV,EVHOE,,,V0490,10,2017,C-TS,A5,A,g/haul,1000.0000,items/haul,1,UNK,-9,-9
LT,4,FR,35HT,GOV,EVHOE,,,V0499,18,2017,C-TS,A5,A,g/haul,1.0000,items/haul,1,UNK,-9,-9
LT,4,FR,35HT,GOV,EVHOE,,,T0709,73,2015,C-TS,A5,C,g/haul,2.0000,items/haul,2,UNK,-9,-9
LT,4,FR,35HT,GOV,EVHOE,,,R0456,108,2013,C-TS,A5,A,g/haul,1.0000,items/haul,1,UNK,-9,-9
LT,4,FR,35HT,GOV,EVHOE,,,R0462,114,2013,C-TS,A5,A,g/haul,1.0000,items/haul,1,UNK,-9,-9
LT,4,FR,35HT,GOV,EVHOE,,,R0460,112,2013,C-TS,A5,A,g/haul,3.0000,items/haul,3,UNK,-9,-9
LT,4,FR,35HT,GOV,EVHOE,,,R0461,113,2013,C-TS,A5,A,g/haul,1.0000,items/haul,1,UNK,-9,-9
LT,4,FR,35HT,GOV,EVHOE,,,R0465,117,2013,C-TS,A5,A,g/haul,1.0000,items/haul,1,UNK,-9,-9
LT,4,FR,35HT,GOV,EVHOE,,,U0593,85,2016,C-TS,A5,A,g/haul,2.0000,items/haul,3,UNK,-9,-9
LT,4,FR,35HT,GOV,EVHOE,,,R0472,124,2013,C-TS,A5,A,g/haul,1.0000,items/haul,1,UNK,-9,-9
LT,4,FR,35HT,GOV,EVHOE,,,R0475,127,2013,C-TS,A5,A,g/haul,3.0000,items/haul,1,UNK,-9,-9
LT,4,FR,35HT,GOV,EVHOE,,,R0485,137,2013,C-TS,A5,A,g/haul,8.0000,items/haul,2,UNK,-9,-9
LT,4,FR,35HT,GOV,EVHOE,,,R0482,134,2013,C-TS,A5,A,g/haul,2.0000,items/haul,1,UNK,-9,-9
LT,4,FR,35HT,GOV,EVHOE,,,R0478,130,2013,C-TS,A5,A,g/haul,3.0000,items/haul,5,UNK,-9,-9
LT,4,FR,35HT,GOV,EVHOE,,,V0500,19,2017,C-TS,A5,A,g/haul,1.0000,items/haul,2,UNK,-9,-9
LT,4,FR,35HT,GOV,EVHOE,,,R0486,138,2013,C-TS,A5,A,g/haul,1.0000,items/haul,1,UNK,-9,-9
LT,4,FR,35HT,GOV,EVHOE,,,T0719,83,2015,C-TS,A5,A,g/haul,1.0000,items/haul,1,UNK,-9,-9
LT,4,FR,35HT,GOV,EVHOE,,,T0728,92,2015,C-TS,A5,A,g/haul,1.0000,items/haul,1,UNK,-9,-9
LT,4,FR,35HT,GOV,EVHOE,,,T0723,87,2015,C-TS,A5,A,g/haul,1.0000,items/haul,1,UNK,-9,-9
LT,4,FR,35HT,GOV,EVHOE,,,T0740,104,2015,C-TS,A5,F,g/haul,12.0000,items/haul,2,UNK,-9,-9
LT,4,FR,35HT,GOV,EVHOE,,,R0463,115,2013,C-TS,A5,A,g/haul,1.0000,items/haul,1,UNK,-9,-9
LT,4,FR,35HT,GOV,EVHOE,,,R0396,50,2013,C-TS,A5,F,g/haul,2.0000,items/haul,1,UNK,-9,-9
LT,4,FR,35HT,GOV,EVHOE,,,R0397,51,2013,C-TS,A5,F,g/haul,2.0000,items/haul,2,UNK,-9,-9
LT,4,FR,35HT,GOV,EVHOE,,,R0391,45,2013,C-TS,A5,F,g/haul,6.0000,items/haul,1,UNK,-9,-9
LT,4,FR,35HT,GOV,EVHOE,,,R0449,101,2013,C-TS,A5,F,g/haul,12.0000,items/haul,1,UNK,-9,-9
LT,4,FR,35HT,GOV,EVHOE,,,R0414,67,2013,C-TS,A5,F,g/haul,20.0000,items/haul,1,UNK,-9,-9
LT,4,FR,35HT,GOV,EVHOE,,,R0488,140,2013,C-TS,A5,A,g/haul,2.0000,items/haul,1,UNK,-9,-9
LT,4,FR,35HT,GOV,EVHOE,,,T0653,17,2015,C-TS,A5,B,g/haul,2.0000,items/haul,2,UNK,-9,-9
LT,4,FR,35HT,GOV,EVHOE,,,U0617,109,2016,C-TS,A5,B,g/haul,2.0000,items/haul,2,UNK,-9,-9
LT,4,FR,35HT,GOV,EVHOE,,,Q0894,53,2012,C-TS,A5,B,g/haul,6.0000,items/haul,5,UNK,-9,-9
LT,4,FR,35HT,GOV,EVHOE,,,Q0891,50,2012,C-TS,A5,B,g/haul,8.0000,items/haul,6,UNK,-9,-9
LT,4,FR,35HT,GOV,EVHOE,,,Q0893,52,2012,C-TS,A5,B,g/haul,4.0000,items/haul,5,UNK,-9,-9
LT,4,FR,35HT,GOV,EVHOE,,,T0721,85,2015,C-TS,A5,F,g/haul,2.0000,items/haul,2,UNK,-9,-9
LT,4,FR,35HT,GOV,EVHOE,,,Q0906,65,2012,C-TS,A5,B,g/haul,2.0000,items/haul,1,UNK,-9,-9
LT,4,FR,35HT,GOV,EVHOE,,,Q0936,91,2012,C-TS,A5,B,g/haul,4.0000,items/haul,2,UNK,-9,-9
LT,4,FR,35HT,GOV,EVHOE,,,R0424,76,2013,C-TS,A5,B,g/haul,2.0000,items/haul,2,UNK,-9,-9
LT,4,FR,35HT,GOV,EVHOE,,,R0470,122,2013,C-TS,A5,B,g/haul,4.0000,items/haul,8,UNK,-9,-9
LT,4,FR,35HT,GOV,EVHOE,,,R0466,118,2013,C-TS,A5,B,g/haul,9.0000,items/haul,2,UNK,-9,-9
LT,4,FR,35HT,GOV,EVHOE,,,R0405,58,2013,C-TS,A5,F,g/haul,1.0000,items/haul,1,UNK,-9,-9
LT,4,FR,35HT,GOV,EVHOE,,,R0471,123,2013,C-TS,A5,B,g/haul,8.0000,items/haul,1,UNK,-9,-9
LT,4,FR,35HT,GOV,EVHOE,,,R0469,121,2013,C-TS,A5,B,g/haul,8.0000,items/haul,3,UNK,-9,-9
LT,4,FR,35HT,GOV,EVHOE,,,R0473,125,2013,C-TS,A5,B,g/haul,10.0000,items/haul,5,UNK,-9,-9
LT,4,FR,35HT,GOV,EVHOE,,,R0474,126,2013,C-TS,A5,B,g/haul,2.0000,items/haul,2,UNK,-9,-9
LT,4,FR,35HT,GOV,EVHOE,,,R0483,135,2013,C-TS,A5,B,g/haul,43.0000,items/haul,25,UNK,-9,-9
LT,4,FR,35HT,GOV,EVHOE,,,Q0899,58,2012,C-TS,A5,B,g/haul,6.0000,items/haul,1,UNK,-9,-9
LT,4,FR,35HT,GOV,EVHOE,,,R0489,141,2013,C-TS,A5,B,g/haul,35.0000,items/haul,1,UNK,-9,-9
LT,4,FR,35HT,GOV,EVHOE,,,T0722,86,2015,C-TS,A5,B,g/haul,1.0000,items/haul,1,UNK,-9,-9
LT,4,FR,35HT,GOV,EVHOE,,,T0718,82,2015,C-TS,A5,B,g/haul,1.0000,items/haul,1,UNK,-9,-9
LT,4,FR,35HT,GOV,EVHOE,,,T0735,99,2015,C-TS,A5,B,g/haul,1.0000,items/haul,1,UNK,-9,-9
LT,4,FR,35HT,GOV,EVHOE,,,T0739,103,2015,C-TS,A5,E,g/haul,1.0000,items/haul,1,UNK,-9,-9
LT,4,FR,35HT,GOV,EVHOE,,,T0738,102,2015,C-TS,A5,E,g/haul,1.0000,items/haul,2,UNK,-9,-9
LT,4,FR,35HT,GOV,EVHOE,,,T0733,97,2015,C-TS,A5,E,g/haul,3.0000,items/haul,1,UNK,-9,-9
LT,4,FR,35HT,GOV,EVHOE,,,T0734,98,2015,C-TS,A5,E,g/haul,1.0000,items/haul,2,UNK,-9,-9
LT,4,FR,35HT,GOV,EVHOE,,,T0707,71,2015,C-TS,A5,E,g/haul,1.0000,items/haul,1,UNK,-9,-9
LT,4,FR,35HT,GOV,EVHOE,,,Q0897,56,2012,C-TS,A5,E,g/haul,29.0000,items/haul,1,UNK,-9,-9
LT,4,FR,35HT,GOV,EVHOE,,,R0339,3,2013,C-TS,A5,E,g/haul,1.0000,items/haul,1,UNK,-9,-9
LT,4,FR,35HT,GOV,EVHOE,,,R0355,15,2013,C-TS,A5,E,g/haul,1.0000,items/haul,1,UNK,-9,-9
LT,4,FR,35HT,GOV,EVHOE,,,R0352,12,2013,C-TS,A5,E,g/haul,1.0000,items/haul,1,UNK,-9,-9
LT,4,FR,35HT,GOV,EVHOE,,,R0347,9,2013,C-TS,A5,E,g/haul,1.0000,items/haul,1,UNK,-9,-9
LT,4,FR,35HT,GOV,EVHOE,,,R0371,28,2013,C-TS,A5,E,g/haul,2.0000,items/haul,1,UNK,-9,-9
LT,4,FR,35HT,GOV,EVHOE,,,R0370,27,2013,C-TS,A5,E,g/haul,3.0000,items/haul,2,UNK,-9,-9
LT,4,FR,35HT,GOV,EVHOE,,,R0420,72,2013,C-TS,A5,E,g/haul,2.0000,items/haul,1,UNK,-9,-9
LT,4,FR,35HT,GOV,EVHOE,,,R0415,68,2013,C-TS,A5,E,g/haul,2.0000,items/haul,7,UNK,-9,-9
LT,4,FR,35HT,GOV,EVHOE,,,R0412,65,2013,C-TS,A5,E,g/haul,20.0000,items/haul,2,UNK,-9,-9
LT,4,FR,35HT,GOV,EVHOE,,,R0435,87,2013,C-TS,A5,E,g/haul,2.0000,items/haul,3,UNK,-9,-9
LT,4,FR,35HT,GOV,EVHOE,,,R0437,89,2013,C-TS,A5,E,g/haul,2.0000,items/haul,3,UNK,-9,-9
LT,4,FR,35HT,GOV,EVHOE,,,R0430,82,2013,C-TS,A5,E,g/haul,10.0000,items/haul,2,UNK,-9,-9
LT,4,FR,35HT,GOV,EVHOE,,,R0432,84,2013,C-TS,A5,E,g/haul,10.0000,items/haul,6,UNK,-9,-9
LT,4,FR,35HT,GOV,EVHOE,,,R0418,71,2013,C-TS,A5,E,g/haul,10.0000,items/haul,2,UNK,-9,-9
LT,4,FR,35HT,GOV,EVHOE,,,R0438,90,2013,C-TS,A5,E,g/haul,3.0000,items/haul,4,UNK,-9,-9
LT,4,FR,35HT,GOV,EVHOE,,,R0441,93,2013,C-TS,A5,E,g/haul,10.0000,items/haul,3,UNK,-9,-9
LT,4,FR,35HT,GOV,EVHOE,,,R0434,86,2013,C-TS,A5,E,g/haul,5.0000,items/haul,4,UNK,-9,-9
LT,4,FR,35HT,GOV,EVHOE,,,V0502,21,2017,C-TS,A5,-9,g/haul,1.0000,items/haul,1,UNK,-9,-9
LT,4,FR,35HT,GOV,EVHOE,,,V0504,23,2017,C-TS,A5,-9,g/haul,1.0000,items/haul,1,UNK,-9,-9
LT,4,FR,35HT,GOV,EVHOE,,,V0501,20,2017,C-TS,A5,-9,g/haul,1.0000,items/haul,2,UNK,-9,-9
LT,4,FR,35HT,GOV,EVHOE,,,V0498,17,2017,C-TS,A5,-9,g/haul,1.0000,items/haul,3,UNK,-9,-9
LT,4,FR,35HT,GOV,EVHOE,,,U0552,44,2016,C-TS,A5,-9,g/haul,1.0000,items/haul,1,UNK,-9,-9
LT,4,FR,35HT,GOV,EVHOE,,,U0551,43,2016,C-TS,A5,-9,g/haul,1.0000,items/haul,1,UNK,-9,-9
LT,4,FR,35HT,GOV,EVHOE,,,U0545,37,2016,C-TS,A5,-9,g/haul,1.0000,items/haul,4,UNK,-9,-9
LT,4,FR,35HT,GOV,EVHOE,,,U0537,30,2016,C-TS,A5,-9,g/haul,2.0000,items/haul,4,UNK,-9,-9
LT,4,FR,35HT,GOV,EVHOE,,,U0533,27,2016,C-TS,A5,-9,g/haul,14.0000,items/haul,4,UNK,-9,-9
LT,4,FR,35HT,GOV,EVHOE,,,U0535,29,2016,C-TS,A5,-9,g/haul,1.0000,items/haul,1,UNK,-9,-9
LT,4,FR,35HT,GOV,EVHOE,,,U0531,25,2016,C-TS,A5,-9,g/haul,1.0000,items/haul,1,UNK,-9,-9
LT,4,FR,35HT,GOV,EVHOE,,,U0532,26,2016,C-TS,A5,-9,g/haul,2.0000,items/haul,1,UNK,-9,-9
LT,4,FR,35HT,GOV,EVHOE,,,U0521,17,2016,C-TS,A5,-9,g/haul,1.0000,items/haul,2,UNK,-9,-9
LT,4,FR,35HT,GOV,EVHOE,,,U0527,22,2016,C-TS,A5,-9,g/haul,1.0000,items/haul,1,UNK,-9,-9
LT,4,FR,35HT,GOV,EVHOE,,,U0513,11,2016,C-TS,A5,-9,g/haul,7000.0000,items/haul,2,UNK,-9,-9
LT,4,FR,35HT,GOV,EVHOE,,,U0515,12,2016,C-TS,A5,-9,g/haul,2.0000,items/haul,1,UNK,-9,-9
LT,4,FR,35HT,GOV,EVHOE,,,U0516,13,2016,C-TS,A5,-9,g/haul,135.0000,items/haul,1,UNK,-9,-9
LT,4,FR,35HT,GOV,EVHOE,,,U0511,9,2016,C-TS,A5,-9,g/haul,1.0000,items/haul,4,UNK,-9,-9
LT,4,FR,35HT,GOV,EVHOE,,,U0512,10,2016,C-TS,A5,-9,g/haul,1.0000,items/haul,1,UNK,-9,-9
LT,4,FR,35HT,GOV,EVHOE,,,U0509,7,2016,C-TS,A5,-9,g/haul,1.0000,items/haul,1,UNK,-9,-9
LT,4,FR,35HT,GOV,EVHOE,,,U0510,8,2016,C-TS,A5,-9,g/haul,1.0000,items/haul,2,UNK,-9,-9
LT,4,FR,35HT,GOV,EVHOE,,,U0505,4,2016,C-TS,A5,-9,g/haul,1.0000,items/haul,3,UNK,-9,-9
LT,4,FR,35HT,GOV,EVHOE,,,U0578,70,2016,C-TS,A5,D,g/haul,1.0000,items/haul,3,UNK,-9,-9
LT,4,FR,35HT,GOV,EVHOE,,,U0564,56,2016,C-TS,A5,-9,g/haul,1.0000,items/haul,1,UNK,-9,-9
LT,4,FR,35HT,GOV,EVHOE,,,U0567,59,2016,C-TS,A5,-9,g/haul,2.0000,items/haul,1,UNK,-9,-9
LT,4,FR,35HT,GOV,EVHOE,,,U0562,54,2016,C-TS,A5,-9,g/haul,2.0000,items/haul,1,UNK,-9,-9
LT,4,FR,35HT,GOV,EVHOE,,,U0563,55,2016,C-TS,A5,-9,g/haul,1.0000,items/haul,3,UNK,-9,-9
LT,4,FR,35HT,GOV,EVHOE,,,U0561,53,2016,C-TS,A5,-9,g/haul,3.0000,items/haul,2,UNK,-9,-9
LT,4,FR,35HT,GOV,EVHOE,,,U0557,49,2016,C-TS,A5,-9,g/haul,1.0000,items/haul,1,UNK,-9,-9
LT,4,FR,35HT,GOV,EVHOE,,,U0555,47,2016,C-TS,A5,-9,g/haul,2.0000,items/haul,2,UNK,-9,-9
LT,4,FR,35HT,GOV,EVHOE,,,T0727,91,2015,C-TS,A5,D,g/haul,1.0000,items/haul,1,UNK,-9,-9
LT,4,FR,35HT,GOV,EVHOE,,,T0729,93,2015,C-TS,A5,D,g/haul,2.0000,items/haul,11,UNK,-9,-9
LT,4,FR,35HT,GOV,EVHOE,,,T0713,77,2015,C-TS,A5,D,g/haul,9.0000,items/haul,6,UNK,-9,-9
LT,4,FR,35HT,GOV,EVHOE,,,T0714,78,2015,C-TS,A5,D,g/haul,2.0000,items/haul,3,UNK,-9,-9
LT,4,FR,35HT,GOV,EVHOE,,,T0711,75,2015,C-TS,A5,D,g/haul,2.0000,items/haul,4,UNK,-9,-9
LT,4,FR,35HT,GOV,EVHOE,,,T0696,60,2015,C-TS,A5,-9,g/haul,1.0000,items/haul,2,UNK,-9,-9
LT,4,FR,35HT,GOV,EVHOE,,,R0447,99,2013,C-TS,A5,D,g/haul,2.0000,items/haul,2,UNK,-9,-9
LT,4,FR,35HT,GOV,EVHOE,,,R0446,98,2013,C-TS,A5,D,g/haul,5.0000,items/haul,3,UNK,-9,-9
LT,4,FR,35HT,GOV,EVHOE,,,R0433,85,2013,C-TS,A5,D,g/haul,5.0000,items/haul,7,UNK,-9,-9
LT,4,FR,35HT,GOV,EVHOE,,,Q0967,122,2012,C-TS,A5,-9,g/haul,1.0000,items/haul,1,UNK,-9,-9
LT,4,FR,35HT,GOV,EVHOE,,,R0416,69,2013,C-TS,A5,D,g/haul,6.0000,items/haul,14,UNK,-9,-9
LT,4,FR,35HT,GOV,EVHOE,,,R0414,67,2013,C-TS,A5,D,g/haul,10.0000,items/haul,9,UNK,-9,-9
LT,4,FR,35HT,GOV,EVHOE,,,R0413,66,2013,C-TS,A5,D,g/haul,10.0000,items/haul,18,UNK,-9,-9
LT,4,FR,35HT,GOV,EVHOE,,,R0409,62,2013,C-TS,A5,D,g/haul,3.0000,items/haul,4,UNK,-9,-9
LT,4,FR,35HT,GOV,EVHOE,,,R0410,63,2013,C-TS,A5,D,g/haul,3.0000,items/haul,13,UNK,-9,-9
LT,4,FR,35HT,GOV,EVHOE,,,Q0951,106,2012,C-TS,A5,-9,g/haul,3.0000,items/haul,3,UNK,-9,-9
LT,4,FR,35HT,GOV,EVHOE,,,Q0952,107,2012,C-TS,A5,-9,g/haul,3.0000,items/haul,1,UNK,-9,-9
LT,4,FR,35HT,GOV,EVHOE,,,R0404,57,2013,C-TS,A5,D,g/haul,1.0000,items/haul,1,UNK,-9,-9
LT,4,FR,35HT,GOV,EVHOE,,,R0400,54,2013,C-TS,A5,D,g/haul,1.0000,items/haul,1,UNK,-9,-9
LT,4,FR,35HT,GOV,EVHOE,,,Q0976,131,2012,C-TS,A5,-9,g/haul,1.0000,items/haul,1,UNK,-9,-9
LT,4,FR,35HT,GOV,EVHOE,,,Q0974,129,2012,C-TS,A5,-9,g/haul,1.0000,items/haul,2,UNK,-9,-9
LT,4,FR,35HT,GOV,EVHOE,,,Q0932,87,2012,C-TS,A5,D,g/haul,2.0000,items/haul,3,UNK,-9,-9
LT,4,FR,35HT,GOV,EVHOE,,,Q0928,84,2012,C-TS,A5,D,g/haul,10.0000,items/haul,9,UNK,-9,-9
LT,4,FR,35HT,GOV,EVHOE,,,Q0963,118,2012,C-TS,A5,-9,g/haul,1.0000,items/haul,1,UNK,-9,-9
LT,4,FR,35HT,GOV,EVHOE,,,Q0960,115,2012,C-TS,A5,-9,g/haul,20.0000,items/haul,2,UNK,-9,-9
LT,4,FR,35HT,GOV,EVHOE,,,Q0961,116,2012,C-TS,A5,-9,g/haul,2.0000,items/haul,1,UNK,-9,-9
LT,4,FR,35HT,GOV,EVHOE,,,Q0955,110,2012,C-TS,A5,-9,g/haul,3.0000,items/haul,5,UNK,-9,-9
LT,4,FR,35HT,GOV,EVHOE,,,Q0921,78,2012,C-TS,A5,D,g/haul,6.0000,items/haul,1,UNK,-9,-9
LT,4,FR,35HT,GOV,EVHOE,,,Q0900,59,2012,C-TS,A5,D,g/haul,2.0000,items/haul,1,UNK,-9,-9
LT,4,FR,35HT,GOV,EVHOE,,,Q0940,95,2012,C-TS,A5,-9,g/haul,1.0000,items/haul,1,UNK,-9,-9
LT,4,FR,35HT,GOV,EVHOE,,,Q0941,96,2012,C-TS,A5,-9,g/haul,2.0000,items/haul,1,UNK,-9,-9
LT,4,FR,35HT,GOV,EVHOE,,,Q0933,88,2012,C-TS,A5,D,g/haul,17.0000,items/haul,5,UNK,-9,-9
LT,4,FR,35HT,GOV,EVHOE,,,Q0934,89,2012,C-TS,A5,D,g/haul,3.0000,items/haul,7,UNK,-9,-9
LT,4,FR,35HT,GOV,EVHOE,,,U0580,72,2016,C-TS,A5,C,g/haul,100.0000,items/haul,2,UNK,-9,-9
LT,4,FR,35HT,GOV,EVHOE,,,Q0890,49,2012,C-TS,A5,C,g/haul,22.0000,items/haul,3,UNK,-9,-9
LT,4,FR,35HT,GOV,EVHOE,,,Q0901,60,2012,C-TS,A5,C,g/haul,5.0000,items/haul,5,UNK,-9,-9
LT,4,FR,35HT,GOV,EVHOE,,,Q0903,62,2012,C-TS,A5,C,g/haul,1.0000,items/haul,2,UNK,-9,-9
LT,4,FR,35HT,GOV,EVHOE,,,Q0924,81,2012,C-TS,A5,C,g/haul,3.0000,items/haul,3,UNK,-9,-9
LT,4,FR,35HT,GOV,EVHOE,,,Q0929,85,2012,C-TS,A5,D,g/haul,15.0000,items/haul,5,UNK,-9,-9
LT,4,FR,35HT,GOV,EVHOE,,,U0633,125,2016,C-TS,C2,-9,g/haul,1.0000,items/haul,1,UNK,-9,-9
LT,4,FR,35HT,GOV,EVHOE,,,T0684,48,2015,C-TS,C2,-9,g/haul,16.0000,items/haul,1,UNK,-9,-9
LT,4,FR,35HT,GOV,EVHOE,,,S0945,121,2014,C-TS,C2,-9,g/haul,12.0000,items/haul,1,UNK,-9,-9
LT,4,FR,35HT,GOV,EVHOE,,,S0906,85,2014,C-TS,C2,-9,g/haul,5.0000,items/haul,1,UNK,-9,-9
LT,4,FR,35HT,GOV,EVHOE,,,S0890,69,2014,C-TS,C2,-9,g/haul,1.0000,items/haul,1,UNK,-9,-9
LT,4,FR,35HT,GOV,EVHOE,,,U0579,71,2016,C-TS,A5,C,g/haul,10.0000,items/haul,2,UNK,-9,-9
LT,4,FR,35HT,GOV,EVHOE,,,Q0897,56,2012,C-TS,D2,B,g/haul,80.0000,items/haul,1,UNK,-9,-9
LT,4,FR,35HT,GOV,EVHOE,,,R0480,132,2013,C-TS,C2,A,g/haul,6.0000,items/haul,1,UNK,-9,-9
LT,4,FR,35HT,GOV,EVHOE,,,T0773,137,2015,C-TS,C2,B,g/haul,7.0000,items/haul,1,UNK,-9,-9
LT,4,FR,35HT,GOV,EVHOE,,,U0555,47,2016,C-TS,C2,B,g/haul,2.0000,items/haul,1,UNK,-9,-9
LT,4,FR,35HT,GOV,EVHOE,,,T0726,90,2015,C-TS,C2,B,g/haul,6.0000,items/haul,1,UNK,-9,-9
LT,4,FR,35HT,GOV,EVHOE,,,U0669,161,2016,C-TS,C2,-9,g/haul,8.0000,items/haul,1,UNK,-9,-9
LT,4,FR,35HT,GOV,EVHOE,,,Q0972,127,2012,C-TS,F1,-9,g/haul,194.0000,items/haul,3,UNK,-9,-9
LT,4,FR,35HT,GOV,EVHOE,,,Q0969,124,2012,C-TS,F1,-9,g/haul,379.0000,items/haul,8,UNK,-9,-9
LT,4,FR,35HT,GOV,EVHOE,,,U0542,34,2016,C-TS,F1,-9,g/haul,2070.0000,items/haul,3,UNK,-9,-9
LT,4,FR,35HT,GOV,EVHOE,,,R0342,6,2013,C-TS,F1,F,g/haul,88.0000,items/haul,2,UNK,-9,-9
LT,4,FR,35HT,GOV,EVHOE,,,R0341,5,2013,C-TS,F1,B,g/haul,158.0000,items/haul,5,UNK,-9,-9
LT,4,FR,35HT,GOV,EVHOE,,,Q0897,56,2012,C-TS,F1,E,g/haul,8900.0000,items/haul,1,UNK,-9,-9
LT,4,FR,35HT,GOV,EVHOE,,,Q0932,87,2012,C-TS,A10,D,g/haul,80.0000,items/haul,1,UNK,-9,-9
LT,4,FR,35HT,GOV,EVHOE,,,Q0924,81,2012,C-TS,A10,D,g/haul,420.0000,items/haul,1,UNK,-9,-9
LT,4,FR,35HT,GOV,EVHOE,,,R0341,5,2013,C-TS,F1,C,g/haul,1132.0000,items/haul,5,UNK,-9,-9
LT,4,FR,35HT,GOV,EVHOE,,,T0706,70,2015,C-TS,F1,C,g/haul,28.0000,items/haul,2,UNK,-9,-9
LT,4,FR,35HT,GOV,EVHOE,,,U0592,84,2016,C-TS,F1,A,g/haul,10.0000,items/haul,1,UNK,-9,-9
LT,4,FR,35HT,GOV,EVHOE,,,R0341,5,2013,C-TS,F1,D,g/haul,217.0000,items/haul,1,UNK,-9,-9
LT,4,FR,35HT,GOV,EVHOE,,,Q0861,22,2012,C-TS,C8,-9,g/haul,35.0000,items/haul,1,UNK,-9,-9
LT,4,FR,35HT,GOV,EVHOE,,,Q0856,18,2012,C-TS,C8,-9,g/haul,31.0000,items/haul,1,UNK,-9,-9
LT,4,FR,35HT,GOV,EVHOE,,,T0717,81,2015,C-TS,A10,C,g/haul,8.0000,items/haul,1,UNK,-9,-9
LT,4,FR,35HT,GOV,EVHOE,,,R0493,145,2013,C-TS,A10,A,g/haul,38.0000,items/haul,1,UNK,-9,-9
LT,4,FR,35HT,GOV,EVHOE,,,R0442,94,2013,C-TS,A10,D,g/haul,60.0000,items/haul,1,UNK,-9,-9
LT,4,FR,35HT,GOV,EVHOE,,,Q0979,134,2012,C-TS,A10,-9,g/haul,20.0000,items/haul,1,UNK,-9,-9
LT,4,FR,35HT,GOV,EVHOE,,,U0585,77,2016,C-TS,C8,D,g/haul,6300.0000,items/haul,1,UNK,-9,-9
LT,4,FR,35HT,GOV,EVHOE,,,Q0846,11,2012,C-TS,C8,-9,g/haul,2.0000,items/haul,1,UNK,-9,-9
LT,4,FR,35HT,GOV,EVHOE,,,Q0954,109,2012,C-TS,C8,-9,g/haul,1.0000,items/haul,1,UNK,-9,-9
LT,4,FR,35HT,GOV,EVHOE,,,Q0951,106,2012,C-TS,C8,-9,g/haul,18.0000,items/haul,1,UNK,-9,-9
LT,4,FR,35HT,GOV,EVHOE,,,Q0868,28,2012,C-TS,C8,-9,g/haul,2.0000,items/haul,1,UNK,-9,-9
LT,4,FR,35HT,GOV,EVHOE,,,Q0867,27,2012,C-TS,C8,-9,g/haul,22.0000,items/haul,1,UNK,-9,-9
LT,4,FR,35HT,GOV,EVHOE,,,T0651,15,2015,C-TS,A6,-9,g/haul,1.0000,items/haul,1,UNK,-9,-9
LT,4,FR,35HT,GOV,EVHOE,,,R0405,58,2013,C-TS,C8,C,g/haul,125.0000,items/haul,1,UNK,-9,-9
LT,4,FR,35HT,GOV,EVHOE,,,T0746,110,2015,C-TS,C8,A,g/haul,35.0000,items/haul,1,UNK,-9,-9
LT,4,FR,35HT,GOV,EVHOE,,,U0571,63,2016,C-TS,C8,A,g/haul,3.0000,items/haul,1,UNK,-9,-9
LT,4,FR,35HT,GOV,EVHOE,,,R0416,69,2013,C-TS,C8,A,g/haul,1.0000,items/haul,1,UNK,-9,-9
LT,4,FR,35HT,GOV,EVHOE,,,U0504,3,2016,C-TS,C8,-9,g/haul,3.0000,items/haul,1,UNK,-9,-9
LT,4,FR,35HT,GOV,EVHOE,,,T0684,48,2015,C-TS,A6,-9,g/haul,2.0000,items/haul,2,UNK,-9,-9
LT,4,FR,35HT,GOV,EVHOE,,,T0678,42,2015,C-TS,A6,-9,g/haul,1.0000,items/haul,1,UNK,-9,-9
LT,4,FR,35HT,GOV,EVHOE,,,T0666,30,2015,C-TS,A6,-9,g/haul,1.0000,items/haul,1,UNK,-9,-9
LT,4,FR,35HT,GOV,EVHOE,,,S0954,130,2014,C-TS,A6,-9,g/haul,63.0000,items/haul,1,UNK,-9,-9
LT,4,FR,35HT,GOV,EVHOE,,,S0952,128,2014,C-TS,A6,-9,g/haul,2.0000,items/haul,6,UNK,-9,-9
LT,4,FR,35HT,GOV,EVHOE,,,T0661,25,2015,C-TS,A6,-9,g/haul,2.0000,items/haul,1,UNK,-9,-9
LT,4,FR,35HT,GOV,EVHOE,,,S0943,119,2014,C-TS,A6,-9,g/haul,16.0000,items/haul,1,UNK,-9,-9
LT,4,FR,35HT,GOV,EVHOE,,,S0941,117,2014,C-TS,A6,-9,g/haul,5.0000,items/haul,1,UNK,-9,-9
LT,4,FR,35HT,GOV,EVHOE,,,S0939,115,2014,C-TS,A6,-9,g/haul,2.0000,items/haul,1,UNK,-9,-9
LT,4,FR,35HT,GOV,EVHOE,,,S0933,109,2014,C-TS,A6,-9,g/haul,1.0000,items/haul,1,UNK,-9,-9
LT,4,FR,35HT,GOV,EVHOE,,,S0930,106,2014,C-TS,A6,-9,g/haul,5.0000,items/haul,4,UNK,-9,-9
LT,4,FR,35HT,GOV,EVHOE,,,T0688,52,2015,C-TS,A6,-9,g/haul,10.0000,items/haul,3,UNK,-9,-9
LT,4,FR,35HT,GOV,EVHOE,,,S0925,101,2014,C-TS,A6,-9,g/haul,1.0000,items/haul,2,UNK,-9,-9
LT,4,FR,35HT,GOV,EVHOE,,,S0921,97,2014,C-TS,A6,-9,g/haul,30.0000,items/haul,5,UNK,-9,-9
LT,4,FR,35HT,GOV,EVHOE,,,S0922,98,2014,C-TS,A6,-9,g/haul,144.0000,items/haul,1,UNK,-9,-9
LT,4,FR,35HT,GOV,EVHOE,,,S0923,99,2014,C-TS,A6,-9,g/haul,1.0000,items/haul,2,UNK,-9,-9
LT,4,FR,35HT,GOV,EVHOE,,,S0924,100,2014,C-TS,A6,-9,g/haul,15.0000,items/haul,1,UNK,-9,-9
LT,4,FR,35HT,GOV,EVHOE,,,S0947,123,2014,C-TS,A6,-9,g/haul,1.0000,items/haul,1,UNK,-9,-9
LT,4,FR,35HT,GOV,EVHOE,,,S0918,94,2014,C-TS,A6,-9,g/haul,1.0000,items/haul,1,UNK,-9,-9
LT,4,FR,35HT,GOV,EVHOE,,,S0919,95,2014,C-TS,A6,-9,g/haul,2.0000,items/haul,1,UNK,-9,-9
LT,4,FR,35HT,GOV,EVHOE,,,S0920,96,2014,C-TS,A6,-9,g/haul,12.0000,items/haul,11,UNK,-9,-9
LT,4,FR,35HT,GOV,EVHOE,,,S0914,91,2014,C-TS,A6,-9,g/haul,66.0000,items/haul,1,UNK,-9,-9
LT,4,FR,35HT,GOV,EVHOE,,,S0911,89,2014,C-TS,A6,-9,g/haul,1.0000,items/haul,1,UNK,-9,-9
LT,4,FR,35HT,GOV,EVHOE,,,S0929,105,2014,C-TS,A6,-9,g/haul,98.0000,items/haul,1,UNK,-9,-9
LT,4,FR,35HT,GOV,EVHOE,,,S0902,81,2014,C-TS,A6,-9,g/haul,1.0000,items/haul,1,UNK,-9,-9
LT,4,FR,35HT,GOV,EVHOE,,,S0903,82,2014,C-TS,A6,-9,g/haul,1.0000,items/haul,1,UNK,-9,-9
LT,4,FR,35HT,GOV,EVHOE,,,S0901,80,2014,C-TS,A6,-9,g/haul,1.0000,items/haul,2,UNK,-9,-9
LT,4,FR,35HT,GOV,EVHOE,,,S0895,74,2014,C-TS,A6,-9,g/haul,35.0000,items/haul,5,UNK,-9,-9
LT,4,FR,35HT,GOV,EVHOE,,,S0898,77,2014,C-TS,A6,-9,g/haul,1.0000,items/haul,1,UNK,-9,-9
LT,4,FR,35HT,GOV,EVHOE,,,S0916,93,2014,C-TS,A6,-9,g/haul,1.0000,items/haul,1,UNK,-9,-9
LT,4,FR,35HT,GOV,EVHOE,,,S0892,71,2014,C-TS,A6,-9,g/haul,1.0000,items/haul,2,UNK,-9,-9
LT,4,FR,35HT,GOV,EVHOE,,,S0890,69,2014,C-TS,A6,-9,g/haul,1.0000,items/haul,1,UNK,-9,-9
LT,4,FR,35HT,GOV,EVHOE,,,S0887,66,2014,C-TS,A6,-9,g/haul,1.0000,items/haul,1,UNK,-9,-9
LT,4,FR,35HT,GOV,EVHOE,,,S0889,68,2014,C-TS,A6,-9,g/haul,1.0000,items/haul,2,UNK,-9,-9
LT,4,FR,35HT,GOV,EVHOE,,,S0886,65,2014,C-TS,A6,-9,g/haul,1.0000,items/haul,1,UNK,-9,-9
LT,4,FR,35HT,GOV,EVHOE,,,S0906,85,2014,C-TS,A6,-9,g/haul,46.0000,items/haul,10,UNK,-9,-9
LT,4,FR,35HT,GOV,EVHOE,,,S0881,61,2014,C-TS,A6,-9,g/haul,10.0000,items/haul,3,UNK,-9,-9
LT,4,FR,35HT,GOV,EVHOE,,,S0883,62,2014,C-TS,A6,-9,g/haul,1.0000,items/haul,2,UNK,-9,-9
LT,4,FR,35HT,GOV,EVHOE,,,S0884,63,2014,C-TS,A6,-9,g/haul,1140.0000,items/haul,1,UNK,-9,-9
LT,4,FR,35HT,GOV,EVHOE,,,S0879,59,2014,C-TS,A6,-9,g/haul,15.0000,items/haul,3,UNK,-9,-9
LT,4,FR,35HT,GOV,EVHOE,,,S0880,60,2014,C-TS,A6,-9,g/haul,1.0000,items/haul,1,UNK,-9,-9
LT,4,FR,35HT,GOV,EVHOE,,,S0891,70,2014,C-TS,A6,-9,g/haul,10.0000,items/haul,1,UNK,-9,-9
LT,4,FR,35HT,GOV,EVHOE,,,S0873,54,2014,C-TS,A6,-9,g/haul,5.0000,items/haul,1,UNK,-9,-9
LT,4,FR,35HT,GOV,EVHOE,,,S0875,55,2014,C-TS,A6,-9,g/haul,4850.0000,items/haul,2,UNK,-9,-9
LT,4,FR,35HT,GOV,EVHOE,,,S0875,55,2014,C-TS,A6,-9,g/haul,5.0000,items/haul,2,UNK,-9,-9
LT,4,FR,35HT,GOV,EVHOE,,,S0872,53,2014,C-TS,A6,-9,g/haul,1.0000,items/haul,1,UNK,-9,-9
LT,4,FR,35HT,GOV,EVHOE,,,S0869,50,2014,C-TS,A6,-9,g/haul,2.0000,items/haul,18,UNK,-9,-9
LT,4,FR,35HT,GOV,EVHOE,,,S0885,64,2014,C-TS,A6,-9,g/haul,1.0000,items/haul,2,UNK,-9,-9
LT,4,FR,35HT,GOV,EVHOE,,,S0867,48,2014,C-TS,A6,-9,g/haul,2.0000,items/haul,2,UNK,-9,-9
LT,4,FR,35HT,GOV,EVHOE,,,S0866,47,2014,C-TS,A6,-9,g/haul,2000.0000,items/haul,4,UNK,-9,-9
LT,4,FR,35HT,GOV,EVHOE,,,S0866,47,2014,C-TS,A6,-9,g/haul,150.0000,items/haul,20,UNK,-9,-9
LT,4,FR,35HT,GOV,EVHOE,,,S0864,45,2014,C-TS,A6,-9,g/haul,1.0000,items/haul,6,UNK,-9,-9
LT,4,FR,35HT,GOV,EVHOE,,,S0865,46,2014,C-TS,A6,-9,g/haul,3.0000,items/haul,13,UNK,-9,-9
LT,4,FR,35HT,GOV,EVHOE,,,S0877,57,2014,C-TS,A6,-9,g/haul,5.0000,items/haul,1,UNK,-9,-9
LT,4,FR,35HT,GOV,EVHOE,,,S0860,41,2014,C-TS,A6,-9,g/haul,1.0000,items/haul,1,UNK,-9,-9
LT,4,FR,35HT,GOV,EVHOE,,,S0861,42,2014,C-TS,A6,-9,g/haul,1.0000,items/haul,4,UNK,-9,-9
LT,4,FR,35HT,GOV,EVHOE,,,S0858,39,2014,C-TS,A6,-9,g/haul,2.0000,items/haul,3,UNK,-9,-9
LT,4,FR,35HT,GOV,EVHOE,,,S0859,40,2014,C-TS,A6,-9,g/haul,1.0000,items/haul,1,UNK,-9,-9
LT,4,FR,35HT,GOV,EVHOE,,,S0857,38,2014,C-TS,A6,-9,g/haul,29.0000,items/haul,36,UNK,-9,-9
LT,4,FR,35HT,GOV,EVHOE,,,S0868,49,2014,C-TS,A6,-9,g/haul,3.0000,items/haul,12,UNK,-9,-9
LT,4,FR,35HT,GOV,EVHOE,,,S0853,34,2014,C-TS,A6,-9,g/haul,3.0000,items/haul,2,UNK,-9,-9
LT,4,FR,35HT,GOV,EVHOE,,,S0851,32,2014,C-TS,A6,-9,g/haul,30720.0000,items/haul,3,UNK,-9,-9
LT,4,FR,35HT,GOV,EVHOE,,,S0848,29,2014,C-TS,A6,-9,g/haul,6.0000,items/haul,6,UNK,-9,-9
LT,4,FR,35HT,GOV,EVHOE,,,S0847,28,2014,C-TS,A6,-9,g/haul,2.0000,items/haul,7,UNK,-9,-9
LT,4,FR,35HT,GOV,EVHOE,,,S0844,25,2014,C-TS,A6,-9,g/haul,8.0000,items/haul,3,UNK,-9,-9
LT,4,FR,35HT,GOV,EVHOE,,,S0864,45,2014,C-TS,A6,-9,g/haul,38.0000,items/haul,1,UNK,-9,-9
LT,4,FR,35HT,GOV,EVHOE,,,S0842,23,2014,C-TS,A6,-9,g/haul,1.0000,items/haul,1,UNK,-9,-9
LT,4,FR,35HT,GOV,EVHOE,,,S0841,22,2014,C-TS,A6,-9,g/haul,63.0000,items/haul,1,UNK,-9,-9
LT,4,FR,35HT,GOV,EVHOE,,,S0841,22,2014,C-TS,A6,-9,g/haul,3.0000,items/haul,5,UNK,-9,-9
LT,4,FR,35HT,GOV,EVHOE,,,S0836,17,2014,C-TS,A6,-9,g/haul,2.0000,items/haul,4,UNK,-9,-9
LT,4,FR,35HT,GOV,EVHOE,,,S0837,18,2014,C-TS,A6,-9,g/haul,14.0000,items/haul,3,UNK,-9,-9
LT,4,FR,35HT,GOV,EVHOE,,,S0856,37,2014,C-TS,A6,-9,g/haul,126.0000,items/haul,20,UNK,-9,-9
LT,4,FR,35HT,GOV,EVHOE,,,S0834,15,2014,C-TS,A6,-9,g/haul,1.0000,items/haul,1,UNK,-9,-9
LT,4,FR,35HT,GOV,EVHOE,,,S0832,13,2014,C-TS,A6,-9,g/haul,1.0000,items/haul,1,UNK,-9,-9
LT,4,FR,35HT,GOV,EVHOE,,,S0831,12,2014,C-TS,A6,-9,g/haul,5.0000,items/haul,1,UNK,-9,-9
LT,4,FR,35HT,GOV,EVHOE,,,S0830,11,2014,C-TS,A6,-9,g/haul,2.0000,items/haul,2,UNK,-9,-9
LT,4,FR,35HT,GOV,EVHOE,,,S0829,10,2014,C-TS,A6,-9,g/haul,1.0000,items/haul,1,UNK,-9,-9
LT,4,FR,35HT,GOV,EVHOE,,,S0845,26,2014,C-TS,A6,-9,g/haul,3.0000,items/haul,2,UNK,-9,-9
LT,4,FR,35HT,GOV,EVHOE,,,S0828,9,2014,C-TS,A6,-9,g/haul,7.0000,items/haul,4,UNK,-9,-9
LT,4,FR,35HT,GOV,EVHOE,,,R0425,77,2013,C-TS,A6,D,g/haul,10.0000,items/haul,1,UNK,-9,-9
LT,4,FR,35HT,GOV,EVHOE,,,Q0966,121,2012,C-TS,A6,-9,g/haul,28.0000,items/haul,1,UNK,-9,-9
LT,4,FR,35HT,GOV,EVHOE,,,Q0944,99,2012,C-TS,A6,-9,g/haul,15.0000,items/haul,1,UNK,-9,-9
LT,4,FR,35HT,GOV,EVHOE,,,Q0905,64,2012,C-TS,A6,D,g/haul,134.0000,items/haul,1,UNK,-9,-9
LT,4,FR,35HT,GOV,EVHOE,,,S0833,14,2014,C-TS,A6,-9,g/haul,4.0000,items/haul,4,UNK,-9,-9
LT,4,FR,35HT,GOV,EVHOE,,,T0637,1,2015,C-TS,A6,C,g/haul,1.0000,items/haul,1,UNK,-9,-9
LT,4,FR,35HT,GOV,EVHOE,,,Q0914,72,2012,C-TS,A6,C,g/haul,59.0000,items/haul,1,UNK,-9,-9
LT,4,FR,35HT,GOV,EVHOE,,,R0417,70,2013,C-TS,A6,C,g/haul,2.0000,items/haul,1,UNK,-9,-9
LT,4,FR,35HT,GOV,EVHOE,,,T0757,121,2015,C-TS,A6,A,g/haul,1.0000,items/haul,1,UNK,-9,-9
LT,4,FR,35HT,GOV,EVHOE,,,T0753,117,2015,C-TS,A6,A,g/haul,20.0000,items/haul,1,UNK,-9,-9
LT,4,FR,35HT,GOV,EVHOE,,,S0827,8,2014,C-TS,A6,-9,g/haul,2.5000,items/haul,1,UNK,-9,-9
LT,4,FR,35HT,GOV,EVHOE,,,T0690,54,2015,C-TS,F4,-9,g/haul,151.0000,items/haul,1,UNK,-9,-9
LT,4,FR,35HT,GOV,EVHOE,,,U0543,35,2016,C-TS,F4,-9,g/haul,1760.0000,items/haul,15,UNK,-9,-9
LT,4,FR,35HT,GOV,EVHOE,,,T0666,30,2015,C-TS,F4,E,g/haul,8870.0000,items/haul,48,UNK,-9,-9
LT,4,FR,35HT,GOV,EVHOE,,,T0718,82,2015,C-TS,F4,F,g/haul,46318000.0000,items/haul,6,UNK,-9,-9
LT,4,FR,35HT,GOV,EVHOE,,,R0338,2,2013,C-TS,F4,B,g/haul,-9.0000,items/haul,2,UNK,-9,-9
LT,4,FR,35HT,GOV,EVHOE,,,T0749,113,2015,C-TS,A6,C,g/haul,30.0000,items/haul,1,UNK,-9,-9
LT,4,FR,35HT,GOV,EVHOE,,,S0856,37,2014,C-TS,F4,-9,g/haul,1460.0000,items/haul,1,UNK,-9,-9
LT,4,FR,35HT,GOV,EVHOE,,,S0846,27,2014,C-TS,F4,-9,g/haul,1020.0000,items/haul,1,UNK,-9,-9
LT,4,FR,35HT,GOV,EVHOE,,,S0869,50,2014,C-TS,F4,-9,g/haul,186.0000,items/haul,3,UNK,-9,-9
LT,4,FR,35HT,GOV,EVHOE,,,S0867,48,2014,C-TS,F4,-9,g/haul,171.0000,items/haul,3,UNK,-9,-9
LT,4,FR,35HT,GOV,EVHOE,,,S0866,47,2014,C-TS,F4,-9,g/haul,127.0000,items/haul,3,UNK,-9,-9
LT,4,FR,35HT,GOV,EVHOE,,,S0865,46,2014,C-TS,F4,-9,g/haul,60.0000,items/haul,4,UNK,-9,-9
LT,4,FR,35HT,GOV,EVHOE,,,R0485,137,2013,C-TS,B3,A,g/haul,1.0000,items/haul,1,UNK,-9,-9
LT,4,FR,35HT,GOV,EVHOE,,,U0551,43,2016,C-TS,B3,-9,g/haul,1.0000,items/haul,1,UNK,-9,-9
LT,4,FR,35HT,GOV,EVHOE,,,U0557,49,2016,C-TS,B3,-9,g/haul,2.0000,items/haul,1,UNK,-9,-9
LT,4,FR,35HT,GOV,EVHOE,,,T0685,49,2015,C-TS,B3,-9,g/haul,1.0000,items/haul,1,UNK,-9,-9
LT,4,FR,35HT,GOV,EVHOE,,,T0684,48,2015,C-TS,B3,-9,g/haul,2.0000,items/haul,1,UNK,-9,-9
LT,4,FR,35HT,GOV,EVHOE,,,Q0975,130,2012,C-TS,B3,-9,g/haul,1.0000,items/haul,1,UNK,-9,-9
LT,4,FR,35HT,GOV,EVHOE,,,U0586,78,2016,C-TS,B3,A,g/haul,1.0000,items/haul,1,UNK,-9,-9
LT,4,FR,35HT,GOV,EVHOE,,,R0418,71,2013,C-TS,B3,A,g/haul,1.0000,items/haul,1,UNK,-9,-9
LT,4,FR,35HT,GOV,EVHOE,,,R0439,91,2013,C-TS,B3,A,g/haul,2.0000,items/haul,1,UNK,-9,-9
LT,4,FR,35HT,GOV,EVHOE,,,Q0966,121,2012,C-TS,B3,-9,g/haul,1.0000,items/haul,1,UNK,-9,-9
LT,4,FR,35HT,GOV,EVHOE,,,Q0959,114,2012,C-TS,B3,-9,g/haul,1.0000,items/haul,1,UNK,-9,-9
LT,4,FR,35HT,GOV,EVHOE,,,Q0942,97,2012,C-TS,B3,-9,g/haul,1.0000,items/haul,1,UNK,-9,-9
LT,4,FR,35HT,GOV,EVHOE,,,R0425,77,2013,C-TS,E3,A,g/haul,3.0000,items/haul,1,UNK,-9,-9
LT,4,FR,35HT,GOV,EVHOE,,,Q0897,56,2012,C-TS,E3,B,g/haul,79.0000,items/haul,1,UNK,-9,-9
LT,4,FR,35HT,GOV,EVHOE,,,R0412,65,2013,C-TS,E3,B,g/haul,225.0000,items/haul,12,UNK,-9,-9
LT,4,FR,35HT,GOV,EVHOE,,,T0729,93,2015,C-TS,B3,A,g/haul,1.0000,items/haul,1,UNK,-9,-9
LT,4,FR,35HT,GOV,EVHOE,,,T0778,142,2015,C-TS,B3,A,g/haul,2.0000,items/haul,1,UNK,-9,-9
LT,4,FR,35HT,GOV,EVHOE,,,T0652,16,2015,C-TS,B3,A,g/haul,1.0000,items/haul,1,UNK,-9,-9
LT,4,FR,35HT,GOV,EVHOE,,,R0466,118,2013,C-TS,A1,C,g/haul,26.0000,items/haul,1,UNK,-9,-9
LT,4,FR,35HT,GOV,EVHOE,,,R0382,36,2013,C-TS,D5,D,g/haul,3.0000,items/haul,1,UNK,-9,-9
LT,4,FR,35HT,GOV,EVHOE,,,R0405,58,2013,C-TS,D5,D,g/haul,90.0000,items/haul,1,UNK,-9,-9
LT,4,FR,35HT,GOV,EVHOE,,,R0480,132,2013,C-TS,D5,B,g/haul,70.0000,items/haul,1,UNK,-9,-9
LT,4,FR,35HT,GOV,EVHOE,,,R0466,118,2013,C-TS,D5,C,g/haul,260.0000,items/haul,2,UNK,-9,-9
LT,4,FR,35HT,GOV,EVHOE,,,U0585,77,2016,C-TS,E3,A,g/haul,10.0000,items/haul,1,UNK,-9,-9
LT,4,FR,35HT,GOV,EVHOE,,,R0388,42,2013,C-TS,A1,A,g/haul,2.0000,items/haul,1,UNK,-9,-9
LT,4,FR,35HT,GOV,EVHOE,,,R0440,92,2013,C-TS,A1,C,g/haul,40.0000,items/haul,2,UNK,-9,-9
LT,4,FR,35HT,GOV,EVHOE,,,R0438,90,2013,C-TS,A1,C,g/haul,15.0000,items/haul,1,UNK,-9,-9
LT,4,FR,35HT,GOV,EVHOE,,,R0445,97,2013,C-TS,A1,C,g/haul,15.0000,items/haul,1,UNK,-9,-9
LT,4,FR,35HT,GOV,EVHOE,,,R0454,106,2013,C-TS,A1,C,g/haul,5.0000,items/haul,1,UNK,-9,-9
LT,4,FR,35HT,GOV,EVHOE,,,R0463,115,2013,C-TS,A1,C,g/haul,63.0000,items/haul,1,UNK,-9,-9
LT,4,FR,35HT,GOV,EVHOE,,,R0461,113,2013,C-TS,A1,B,g/haul,150.0000,items/haul,1,UNK,-9,-9
LT,4,FR,35HT,GOV,EVHOE,,,R0478,130,2013,C-TS,A1,C,g/haul,59.0000,items/haul,1,UNK,-9,-9
LT,4,FR,35HT,GOV,EVHOE,,,T0753,117,2015,C-TS,A1,A,g/haul,40.0000,items/haul,1,UNK,-9,-9
LT,4,FR,35HT,GOV,EVHOE,,,T0770,134,2015,C-TS,A1,A,g/haul,50.0000,items/haul,1,UNK,-9,-9
LT,4,FR,35HT,GOV,EVHOE,,,U0571,63,2016,C-TS,A1,A,g/haul,25.0000,items/haul,1,UNK,-9,-9
LT,4,FR,35HT,GOV,EVHOE,,,R0340,4,2013,C-TS,A1,A,g/haul,1.0000,items/haul,1,UNK,-9,-9
LT,4,FR,35HT,GOV,EVHOE,,,S0933,109,2014,C-TS,A1,-9,g/haul,40.0000,items/haul,1,UNK,-9,-9
LT,4,FR,35HT,GOV,EVHOE,,,R0460,112,2013,C-TS,A1,A,g/haul,3.0000,items/haul,2,UNK,-9,-9
LT,4,FR,35HT,GOV,EVHOE,,,U0603,95,2016,C-TS,A1,B,g/haul,60.0000,items/haul,1,UNK,-9,-9
LT,4,FR,35HT,GOV,EVHOE,,,R0339,3,2013,C-TS,A1,B,g/haul,4.0000,items/haul,1,UNK,-9,-9
LT,4,FR,35HT,GOV,EVHOE,,,R0401,55,2013,C-TS,A1,B,g/haul,8.0000,items/haul,1,UNK,-9,-9
LT,4,FR,35HT,GOV,EVHOE,,,R0402,56,2013,C-TS,A1,B,g/haul,1.0000,items/haul,1,UNK,-9,-9
LT,4,FR,35HT,GOV,EVHOE,,,S0871,52,2014,C-TS,A1,-9,g/haul,200.0000,items/haul,1,UNK,-9,-9
LT,4,FR,35HT,GOV,EVHOE,,,T0677,41,2015,C-TS,A1,B,g/haul,26.0000,items/haul,1,UNK,-9,-9
LT,4,FR,35HT,GOV,EVHOE,,,U0562,54,2016,C-TS,A1,-9,g/haul,79.0000,items/haul,1,UNK,-9,-9
LT,4,FR,35HT,GOV,EVHOE,,,T0656,20,2015,C-TS,A1,-9,g/haul,32.0000,items/haul,1,UNK,-9,-9
LT,4,FR,35HT,GOV,EVHOE,,,T0666,30,2015,C-TS,A1,-9,g/haul,52.0000,items/haul,2,UNK,-9,-9
LT,4,FR,35HT,GOV,EVHOE,,,S0954,130,2014,C-TS,A1,-9,g/haul,43.0000,items/haul,1,UNK,-9,-9
LT,4,FR,35HT,GOV,EVHOE,,,S0844,25,2014,C-TS,A1,-9,g/haul,21.0000,items/haul,1,UNK,-9,-9
LT,4,FR,35HT,GOV,EVHOE,,,S0925,101,2014,C-TS,A1,-9,g/haul,59.0000,items/haul,1,UNK,-9,-9
LT,4,FR,35HT,GOV,EVHOE,,,S0888,67,2014,C-TS,A1,-9,g/haul,10.0000,items/haul,1,UNK,-9,-9
LT,4,FR,35HT,GOV,EVHOE,,,S0881,61,2014,C-TS,A1,-9,g/haul,20.0000,items/haul,2,UNK,-9,-9
LT,4,FR,35HT,GOV,EVHOE,,,S0876,56,2014,C-TS,A1,-9,g/haul,5.0000,items/haul,1,UNK,-9,-9
LT,4,FR,35HT,GOV,EVHOE,,,S0872,53,2014,C-TS,A1,-9,g/haul,2.0000,items/haul,1,UNK,-9,-9
LT,4,FR,35HT,GOV,EVHOE,,,R0387,41,2013,C-TS,A1,D,g/haul,21.0000,items/haul,1,UNK,-9,-9
LT,4,FR,35HT,GOV,EVHOE,,,S0858,39,2014,C-TS,A1,-9,g/haul,39.0000,items/haul,1,UNK,-9,-9
LT,4,FR,35HT,GOV,EVHOE,,,S0856,37,2014,C-TS,A1,-9,g/haul,201.0000,items/haul,5,UNK,-9,-9
LT,4,FR,35HT,GOV,EVHOE,,,S0853,34,2014,C-TS,A1,-9,g/haul,89.0000,items/haul,1,UNK,-9,-9
LT,4,FR,35HT,GOV,EVHOE,,,S0846,27,2014,C-TS,A1,-9,g/haul,160.0000,items/haul,3,UNK,-9,-9
LT,4,FR,35HT,GOV,EVHOE,,,S0845,26,2014,C-TS,A1,-9,g/haul,57.0000,items/haul,2,UNK,-9,-9
LT,4,FR,35HT,GOV,EVHOE,,,Q0889,48,2012,C-TS,A1,-9,g/haul,50.0000,items/haul,1,UNK,-9,-9
LT,4,FR,35HT,GOV,EVHOE,,,S0837,18,2014,C-TS,A1,-9,g/haul,17.0000,items/haul,1,UNK,-9,-9
LT,4,FR,35HT,GOV,EVHOE,,,S0833,14,2014,C-TS,A1,-9,g/haul,2.0000,items/haul,1,UNK,-9,-9
LT,4,FR,35HT,GOV,EVHOE,,,S0823,4,2014,C-TS,A1,-9,g/haul,40.0000,items/haul,1,UNK,-9,-9
LT,4,FR,35HT,GOV,EVHOE,,,S0821,2,2014,C-TS,A1,-9,g/haul,25.0000,items/haul,1,UNK,-9,-9
LT,4,FR,35HT,GOV,EVHOE,,,R0388,42,2013,C-TS,A1,D,g/haul,32.0000,items/haul,1,UNK,-9,-9
LT,4,FR,35HT,GOV,EVHOE,,,R0411,64,2013,C-TS,A1,C,g/haul,30.0000,items/haul,1,UNK,-9,-9
LT,4,FR,35HT,GOV,EVHOE,,,R0341,5,2013,C-TS,A1,D,g/haul,45.0000,items/haul,1,UNK,-9,-9
LT,4,FR,35HT,GOV,EVHOE,,,Q0954,109,2012,C-TS,A1,-9,g/haul,2.0000,items/haul,1,UNK,-9,-9
LT,4,FR,35HT,GOV,EVHOE,,,Q0951,106,2012,C-TS,A1,-9,g/haul,69.0000,items/haul,1,UNK,-9,-9
LT,4,FR,35HT,GOV,EVHOE,,,Q0949,104,2012,C-TS,A1,-9,g/haul,60.0000,items/haul,2,UNK,-9,-9
LT,4,FR,35HT,GOV,EVHOE,,,Q0941,96,2012,C-TS,A1,-9,g/haul,48.0000,items/haul,1,UNK,-9,-9
LT,4,FR,35HT,GOV,EVHOE,,,R0366,24,2013,C-TS,A3,C,g/haul,7.0000,items/haul,1,UNK,-9,-9
LT,4,FR,35HT,GOV,EVHOE,,,T0750,114,2015,C-TS,A1,C,g/haul,30.0000,items/haul,1,UNK,-9,-9
LT,4,FR,35HT,GOV,EVHOE,,,V0488,9,2017,C-TS,A1,C,g/haul,57000.0000,items/haul,1,UNK,-9,-9
LT,4,FR,35HT,GOV,EVHOE,,,V0490,10,2017,C-TS,A1,C,g/haul,32000.0000,items/haul,1,UNK,-9,-9
LT,4,FR,35HT,GOV,EVHOE,,,V0481,2,2017,C-TS,A1,C,g/haul,36.0000,items/haul,1,UNK,-9,-9
LT,4,FR,35HT,GOV,EVHOE,,,R0348,10,2013,C-TS,A1,C,g/haul,12.0000,items/haul,1,UNK,-9,-9
LT,4,FR,35HT,GOV,EVHOE,,,R0395,49,2013,C-TS,A3,C,g/haul,5.0000,items/haul,2,UNK,-9,-9
LT,4,FR,35HT,GOV,EVHOE,,,R0413,66,2013,C-TS,A3,C,g/haul,26.0000,items/haul,1,UNK,-9,-9
LT,4,FR,35HT,GOV,EVHOE,,,U0642,134,2016,C-TS,A3,C,g/haul,45.0000,items/haul,1,UNK,-9,-9
LT,4,FR,35HT,GOV,EVHOE,,,U0511,9,2016,C-TS,A3,C,g/haul,54.0000,items/haul,1,UNK,-9,-9
LT,4,FR,35HT,GOV,EVHOE,,,Q0902,61,2012,C-TS,A3,C,g/haul,6.0000,items/haul,1,UNK,-9,-9
LT,4,FR,35HT,GOV,EVHOE,,,Q0905,64,2012,C-TS,A3,C,g/haul,12.0000,items/haul,1,UNK,-9,-9
LT,4,FR,35HT,GOV,EVHOE,,,R0464,116,2013,C-TS,A3,C,g/haul,25.0000,items/haul,2,UNK,-9,-9
LT,4,FR,35HT,GOV,EVHOE,,,R0470,122,2013,C-TS,A3,C,g/haul,40.0000,items/haul,1,UNK,-9,-9
LT,4,FR,35HT,GOV,EVHOE,,,S0938,114,2014,C-TS,A3,C,g/haul,100.0000,items/haul,1,UNK,-9,-9
LT,4,FR,35HT,GOV,EVHOE,,,S0939,115,2014,C-TS,A3,C,g/haul,140.0000,items/haul,1,UNK,-9,-9
LT,4,FR,35HT,GOV,EVHOE,,,R0387,41,2013,C-TS,A3,C,g/haul,11.0000,items/haul,1,UNK,-9,-9
LT,4,FR,35HT,GOV,EVHOE,,,R0399,53,2013,C-TS,A3,C,g/haul,15.0000,items/haul,1,UNK,-9,-9
LT,4,FR,35HT,GOV,EVHOE,,,T0730,94,2015,C-TS,A3,C,g/haul,3.0000,items/haul,1,UNK,-9,-9
LT,4,FR,35HT,GOV,EVHOE,,,T0753,117,2015,C-TS,A3,A,g/haul,50.0000,items/haul,3,UNK,-9,-9
LT,4,FR,35HT,GOV,EVHOE,,,T0770,134,2015,C-TS,A3,A,g/haul,2.0000,items/haul,1,UNK,-9,-9
LT,4,FR,35HT,GOV,EVHOE,,,T0758,122,2015,C-TS,A3,A,g/haul,20.0000,items/haul,1,UNK,-9,-9
LT,4,FR,35HT,GOV,EVHOE,,,T0781,145,2015,C-TS,A3,A,g/haul,3.0000,items/haul,3,UNK,-9,-9
LT,4,FR,35HT,GOV,EVHOE,,,R0466,118,2013,C-TS,A3,C,g/haul,20.0000,items/haul,1,UNK,-9,-9
LT,4,FR,35HT,GOV,EVHOE,,,Q0890,49,2012,C-TS,A3,A,g/haul,4.0000,items/haul,1,UNK,-9,-9
LT,4,FR,35HT,GOV,EVHOE,,,T0778,142,2015,C-TS,A3,A,g/haul,3.0000,items/haul,1,UNK,-9,-9
LT,4,FR,35HT,GOV,EVHOE,,,T0787,151,2015,C-TS,A3,A,g/haul,2.0000,items/haul,1,UNK,-9,-9
LT,4,FR,35HT,GOV,EVHOE,,,T0779,143,2015,C-TS,A3,A,g/haul,14.0000,items/haul,3,UNK,-9,-9
LT,4,FR,35HT,GOV,EVHOE,,,U0610,102,2016,C-TS,A3,A,g/haul,5.0000,items/haul,1,UNK,-9,-9
LT,4,FR,35HT,GOV,EVHOE,,,U0667,159,2016,C-TS,A3,A,g/haul,5.0000,items/haul,1,UNK,-9,-9
LT,4,FR,35HT,GOV,EVHOE,,,S0943,119,2014,C-TS,A3,A,g/haul,238.0000,items/haul,9,UNK,-9,-9
LT,4,FR,35HT,GOV,EVHOE,,,U0665,157,2016,C-TS,A3,A,g/haul,11.0000,items/haul,2,UNK,-9,-9
LT,4,FR,35HT,GOV,EVHOE,,,U0655,147,2016,C-TS,A3,A,g/haul,4.0000,items/haul,1,UNK,-9,-9
LT,4,FR,35HT,GOV,EVHOE,,,U0658,150,2016,C-TS,A3,A,g/haul,1.0000,items/haul,1,UNK,-9,-9
LT,4,FR,35HT,GOV,EVHOE,,,U0633,125,2016,C-TS,A3,A,g/haul,1.0000,items/haul,1,UNK,-9,-9
LT,4,FR,35HT,GOV,EVHOE,,,V0496,15,2017,C-TS,A3,A,g/haul,3.0000,items/haul,2,UNK,-9,-9
LT,4,FR,35HT,GOV,EVHOE,,,T0732,96,2015,C-TS,A3,F,g/haul,282.0000,items/haul,1,UNK,-9,-9
LT,4,FR,35HT,GOV,EVHOE,,,T0715,79,2015,C-TS,A3,F,g/haul,46.0000,items/haul,1,UNK,-9,-9
LT,4,FR,35HT,GOV,EVHOE,,,T0707,71,2015,C-TS,A3,F,g/haul,60.0000,items/haul,1,UNK,-9,-9
LT,4,FR,35HT,GOV,EVHOE,,,R0340,4,2013,C-TS,A3,F,g/haul,73.0000,items/haul,1,UNK,-9,-9
LT,4,FR,35HT,GOV,EVHOE,,,Q0919,76,2012,C-TS,A3,A,g/haul,2.0000,items/haul,2,UNK,-9,-9
LT,4,FR,35HT,GOV,EVHOE,,,Q0931,86,2012,C-TS,A3,A,g/haul,1.0000,items/haul,2,UNK,-9,-9
LT,4,FR,35HT,GOV,EVHOE,,,U0609,101,2016,C-TS,A3,B,g/haul,20.0000,items/haul,1,UNK,-9,-9
LT,4,FR,35HT,GOV,EVHOE,,,U0636,128,2016,C-TS,A3,B,g/haul,4.0000,items/haul,1,UNK,-9,-9
LT,4,FR,35HT,GOV,EVHOE,,,U0504,3,2016,C-TS,A3,B,g/haul,10.0000,items/haul,1,UNK,-9,-9
LT,4,FR,35HT,GOV,EVHOE,,,V0486,7,2017,C-TS,A3,B,g/haul,8000.0000,items/haul,1,UNK,-9,-9
LT,4,FR,35HT,GOV,EVHOE,,,S0940,116,2014,C-TS,A3,A,g/haul,30.0000,items/haul,1,UNK,-9,-9
LT,4,FR,35HT,GOV,EVHOE,,,T0694,58,2015,C-TS,A3,A,g/haul,31.0000,items/haul,1,UNK,-9,-9
LT,4,FR,35HT,GOV,EVHOE,,,R0475,127,2013,C-TS,A3,B,g/haul,8.0000,items/haul,1,UNK,-9,-9
LT,4,FR,35HT,GOV,EVHOE,,,V0501,20,2017,C-TS,A3,B,g/haul,4.0000,items/haul,1,UNK,-9,-9
LT,4,FR,35HT,GOV,EVHOE,,,V0492,12,2017,C-TS,A3,B,g/haul,30.0000,items/haul,1,UNK,-9,-9
LT,4,FR,35HT,GOV,EVHOE,,,R0399,53,2013,C-TS,A3,B,g/haul,4.0000,items/haul,2,UNK,-9,-9
LT,4,FR,35HT,GOV,EVHOE,,,V0506,25,2017,C-TS,A3,F,g/haul,178.0000,items/haul,1,UNK,-9,-9
LT,4,FR,35HT,GOV,EVHOE,,,T0640,4,2015,C-TS,A3,B,g/haul,10.0000,items/haul,7,UNK,-9,-9
LT,4,FR,35HT,GOV,EVHOE,,,R0491,143,2013,C-TS,A3,B,g/haul,35.0000,items/haul,1,UNK,-9,-9
LT,4,FR,35HT,GOV,EVHOE,,,T0677,41,2015,C-TS,A3,B,g/haul,5.0000,items/haul,1,UNK,-9,-9
LT,4,FR,35HT,GOV,EVHOE,,,T0670,34,2015,C-TS,A3,B,g/haul,4.0000,items/haul,1,UNK,-9,-9
LT,4,FR,35HT,GOV,EVHOE,,,R0456,108,2013,C-TS,A3,B,g/haul,10.0000,items/haul,2,UNK,-9,-9
LT,4,FR,35HT,GOV,EVHOE,,,R0469,121,2013,C-TS,A3,B,g/haul,90.0000,items/haul,5,UNK,-9,-9
LT,4,FR,35HT,GOV,EVHOE,,,R0476,128,2013,C-TS,A3,B,g/haul,58.0000,items/haul,2,UNK,-9,-9
LT,4,FR,35HT,GOV,EVHOE,,,R0411,64,2013,C-TS,A3,E,g/haul,190.0000,items/haul,1,UNK,-9,-9
LT,4,FR,35HT,GOV,EVHOE,,,U0608,100,2016,C-TS,A3,D,g/haul,104.0000,items/haul,1,UNK,-9,-9
LT,4,FR,35HT,GOV,EVHOE,,,T0656,20,2015,C-TS,A3,-9,g/haul,2.0000,items/haul,1,UNK,-9,-9
LT,4,FR,35HT,GOV,EVHOE,,,R0478,130,2013,C-TS,A3,B,g/haul,25.0000,items/haul,2,UNK,-9,-9
LT,4,FR,35HT,GOV,EVHOE,,,R0481,133,2013,C-TS,A3,B,g/haul,6.0000,items/haul,2,UNK,-9,-9
LT,4,FR,35HT,GOV,EVHOE,,,R0492,144,2013,C-TS,A3,B,g/haul,14.0000,items/haul,1,UNK,-9,-9
LT,4,FR,35HT,GOV,EVHOE,,,T0696,60,2015,C-TS,A3,-9,g/haul,9.0000,items/haul,1,UNK,-9,-9
LT,4,FR,35HT,GOV,EVHOE,,,T0688,52,2015,C-TS,A3,-9,g/haul,6.0000,items/haul,1,UNK,-9,-9
LT,4,FR,35HT,GOV,EVHOE,,,T0685,49,2015,C-TS,A3,D,g/haul,69.0000,items/haul,1,UNK,-9,-9
LT,4,FR,35HT,GOV,EVHOE,,,T0671,35,2015,C-TS,A3,-9,g/haul,10.0000,items/haul,1,UNK,-9,-9
LT,4,FR,35HT,GOV,EVHOE,,,T0641,5,2015,C-TS,A3,E,g/haul,90.0000,items/haul,5,UNK,-9,-9
LT,4,FR,35HT,GOV,EVHOE,,,R0382,36,2013,C-TS,A3,E,g/haul,1.0000,items/haul,1,UNK,-9,-9
LT,4,FR,35HT,GOV,EVHOE,,,S0979,155,2014,C-TS,A3,-9,g/haul,22.0000,items/haul,1,UNK,-9,-9
LT,4,FR,35HT,GOV,EVHOE,,,S0974,150,2014,C-TS,A3,-9,g/haul,4.0000,items/haul,1,UNK,-9,-9
LT,4,FR,35HT,GOV,EVHOE,,,S0969,145,2014,C-TS,A3,-9,g/haul,10.0000,items/haul,2,UNK,-9,-9
LT,4,FR,35HT,GOV,EVHOE,,,S0970,146,2014,C-TS,A3,-9,g/haul,110.0000,items/haul,3,UNK,-9,-9
LT,4,FR,35HT,GOV,EVHOE,,,S0964,140,2014,C-TS,A3,-9,g/haul,8.0000,items/haul,1,UNK,-9,-9
LT,4,FR,35HT,GOV,EVHOE,,,T0706,70,2015,C-TS,A3,D,g/haul,46.0000,items/haul,1,UNK,-9,-9
LT,4,FR,35HT,GOV,EVHOE,,,S0966,142,2014,C-TS,A3,-9,g/haul,18.0000,items/haul,5,UNK,-9,-9
LT,4,FR,35HT,GOV,EVHOE,,,S0959,135,2014,C-TS,A3,-9,g/haul,1.0000,items/haul,1,UNK,-9,-9
LT,4,FR,35HT,GOV,EVHOE,,,S0961,137,2014,C-TS,A3,-9,g/haul,3.0000,items/haul,2,UNK,-9,-9
LT,4,FR,35HT,GOV,EVHOE,,,S0955,131,2014,C-TS,A3,-9,g/haul,56.0000,items/haul,4,UNK,-9,-9
LT,4,FR,35HT,GOV,EVHOE,,,S0956,132,2014,C-TS,A3,-9,g/haul,56.0000,items/haul,1,UNK,-9,-9
LT,4,FR,35HT,GOV,EVHOE,,,S0978,154,2014,C-TS,A3,-9,g/haul,66.0000,items/haul,3,UNK,-9,-9
LT,4,FR,35HT,GOV,EVHOE,,,S0953,129,2014,C-TS,A3,-9,g/haul,60.0000,items/haul,1,UNK,-9,-9
LT,4,FR,35HT,GOV,EVHOE,,,S0950,126,2014,C-TS,A3,-9,g/haul,1.0000,items/haul,1,UNK,-9,-9
LT,4,FR,35HT,GOV,EVHOE,,,S0948,124,2014,C-TS,A3,-9,g/haul,102.0000,items/haul,3,UNK,-9,-9
LT,4,FR,35HT,GOV,EVHOE,,,S0944,120,2014,C-TS,A3,-9,g/haul,920.0000,items/haul,4,UNK,-9,-9
LT,4,FR,35HT,GOV,EVHOE,,,S0942,118,2014,C-TS,A3,-9,g/haul,165.0000,items/haul,3,UNK,-9,-9
LT,4,FR,35HT,GOV,EVHOE,,,S0965,141,2014,C-TS,A3,-9,g/haul,10.0000,items/haul,3,UNK,-9,-9
LT,4,FR,35HT,GOV,EVHOE,,,S0932,108,2014,C-TS,A3,-9,g/haul,2.0000,items/haul,1,UNK,-9,-9
LT,4,FR,35HT,GOV,EVHOE,,,S0933,109,2014,C-TS,A3,-9,g/haul,5.0000,items/haul,1,UNK,-9,-9
LT,4,FR,35HT,GOV,EVHOE,,,S0929,105,2014,C-TS,A3,-9,g/haul,22.0000,items/haul,1,UNK,-9,-9
LT,4,FR,35HT,GOV,EVHOE,,,S0930,106,2014,C-TS,A3,-9,g/haul,1.0000,items/haul,1,UNK,-9,-9
LT,4,FR,35HT,GOV,EVHOE,,,S0925,101,2014,C-TS,A3,-9,g/haul,9.0000,items/haul,1,UNK,-9,-9
LT,4,FR,35HT,GOV,EVHOE,,,S0952,128,2014,C-TS,A3,-9,g/haul,10.0000,items/haul,3,UNK,-9,-9
LT,4,FR,35HT,GOV,EVHOE,,,S0904,83,2014,C-TS,A3,-9,g/haul,5.0000,items/haul,1,UNK,-9,-9
LT,4,FR,35HT,GOV,EVHOE,,,S0902,81,2014,C-TS,A3,-9,g/haul,9.0000,items/haul,1,UNK,-9,-9
LT,4,FR,35HT,GOV,EVHOE,,,S0894,73,2014,C-TS,A3,-9,g/haul,1.0000,items/haul,1,UNK,-9,-9
LT,4,FR,35HT,GOV,EVHOE,,,S0895,74,2014,C-TS,A3,-9,g/haul,57.0000,items/haul,1,UNK,-9,-9
LT,4,FR,35HT,GOV,EVHOE,,,S0890,69,2014,C-TS,A3,-9,g/haul,7.0000,items/haul,3,UNK,-9,-9
LT,4,FR,35HT,GOV,EVHOE,,,S0936,112,2014,C-TS,A3,-9,g/haul,11.0000,items/haul,1,UNK,-9,-9
LT,4,FR,35HT,GOV,EVHOE,,,S0885,64,2014,C-TS,A3,-9,g/haul,12.0000,items/haul,1,UNK,-9,-9
LT,4,FR,35HT,GOV,EVHOE,,,S0873,54,2014,C-TS,A3,-9,g/haul,10.0000,items/haul,5,UNK,-9,-9
LT,4,FR,35HT,GOV,EVHOE,,,S0872,53,2014,C-TS,A3,-9,g/haul,244.0000,items/haul,5,UNK,-9,-9
LT,4,FR,35HT,GOV,EVHOE,,,S0871,52,2014,C-TS,A3,-9,g/haul,100.0000,items/haul,2,UNK,-9,-9
LT,4,FR,35HT,GOV,EVHOE,,,S0868,49,2014,C-TS,A3,-9,g/haul,2.0000,items/haul,3,UNK,-9,-9
LT,4,FR,35HT,GOV,EVHOE,,,S0911,89,2014,C-TS,A3,-9,g/haul,54.0000,items/haul,1,UNK,-9,-9
LT,4,FR,35HT,GOV,EVHOE,,,S0865,46,2014,C-TS,A3,-9,g/haul,395.0000,items/haul,12,UNK,-9,-9
LT,4,FR,35HT,GOV,EVHOE,,,S0863,44,2014,C-TS,A3,-9,g/haul,30.0000,items/haul,1,UNK,-9,-9
LT,4,FR,35HT,GOV,EVHOE,,,S0861,42,2014,C-TS,A3,-9,g/haul,9.0000,items/haul,1,UNK,-9,-9
LT,4,FR,35HT,GOV,EVHOE,,,S0857,38,2014,C-TS,A3,-9,g/haul,17.0000,items/haul,2,UNK,-9,-9
LT,4,FR,35HT,GOV,EVHOE,,,S0854,35,2014,C-TS,A3,-9,g/haul,14.0000,items/haul,2,UNK,-9,-9
LT,4,FR,35HT,GOV,EVHOE,,,S0891,70,2014,C-TS,A3,-9,g/haul,6.0000,items/haul,4,UNK,-9,-9
LT,4,FR,35HT,GOV,EVHOE,,,S0841,22,2014,C-TS,A3,-9,g/haul,13.0000,items/haul,2,UNK,-9,-9
LT,4,FR,35HT,GOV,EVHOE,,,S0848,29,2014,C-TS,A3,-9,g/haul,40.0000,items/haul,5,UNK,-9,-9
LT,4,FR,35HT,GOV,EVHOE,,,S0845,26,2014,C-TS,A3,-9,g/haul,316.0000,items/haul,2,UNK,-9,-9
LT,4,FR,35HT,GOV,EVHOE,,,S0855,36,2014,C-TS,A3,-9,g/haul,6.0000,items/haul,3,UNK,-9,-9
LT,4,FR,35HT,GOV,EVHOE,,,S0852,33,2014,C-TS,A3,-9,g/haul,40.0000,items/haul,1,UNK,-9,-9
LT,4,FR,35HT,GOV,EVHOE,,,S0850,31,2014,C-TS,A3,-9,g/haul,7.0000,items/haul,1,UNK,-9,-9
LT,4,FR,35HT,GOV,EVHOE,,,S0820,1,2014,C-TS,A3,-9,g/haul,70.0000,items/haul,13,UNK,-9,-9
LT,4,FR,35HT,GOV,EVHOE,,,S0823,4,2014,C-TS,A3,-9,g/haul,850.0000,items/haul,2,UNK,-9,-9
LT,4,FR,35HT,GOV,EVHOE,,,R0487,139,2013,C-TS,A3,D,g/haul,66.0000,items/haul,3,UNK,-9,-9
LT,4,FR,35HT,GOV,EVHOE,,,R0473,125,2013,C-TS,A3,D,g/haul,122.0000,items/haul,8,UNK,-9,-9
LT,4,FR,35HT,GOV,EVHOE,,,S0831,12,2014,C-TS,A3,-9,g/haul,2.0000,items/haul,1,UNK,-9,-9
LT,4,FR,35HT,GOV,EVHOE,,,S0826,7,2014,C-TS,A3,-9,g/haul,38.0000,items/haul,2,UNK,-9,-9
LT,4,FR,35HT,GOV,EVHOE,,,Q0969,124,2012,C-TS,A3,-9,g/haul,7.0000,items/haul,2,UNK,-9,-9
LT,4,FR,35HT,GOV,EVHOE,,,R0407,60,2013,C-TS,A3,D,g/haul,18.0000,items/haul,1,UNK,-9,-9
LT,4,FR,35HT,GOV,EVHOE,,,R0370,27,2013,C-TS,A3,D,g/haul,24.0000,items/haul,1,UNK,-9,-9
LT,4,FR,35HT,GOV,EVHOE,,,R0369,26,2013,C-TS,A3,D,g/haul,15.0000,items/haul,1,UNK,-9,-9
LT,4,FR,35HT,GOV,EVHOE,,,R0368,25,2013,C-TS,A3,D,g/haul,5.0000,items/haul,1,UNK,-9,-9
LT,4,FR,35HT,GOV,EVHOE,,,R0354,14,2013,C-TS,A3,D,g/haul,8.0000,items/haul,1,UNK,-9,-9
LT,4,FR,35HT,GOV,EVHOE,,,Q0951,106,2012,C-TS,A3,-9,g/haul,681.0000,items/haul,1,UNK,-9,-9
LT,4,FR,35HT,GOV,EVHOE,,,R0342,6,2013,C-TS,A3,D,g/haul,343.0000,items/haul,1,UNK,-9,-9
LT,4,FR,35HT,GOV,EVHOE,,,Q0979,134,2012,C-TS,A3,-9,g/haul,1.0000,items/haul,1,UNK,-9,-9
LT,4,FR,35HT,GOV,EVHOE,,,Q0975,130,2012,C-TS,A3,-9,g/haul,2.0000,items/haul,1,UNK,-9,-9
LT,4,FR,35HT,GOV,EVHOE,,,Q0971,126,2012,C-TS,A3,-9,g/haul,1.0000,items/haul,1,UNK,-9,-9
LT,4,FR,35HT,GOV,EVHOE,,,Q0972,127,2012,C-TS,A3,-9,g/haul,3.0000,items/haul,3,UNK,-9,-9
LT,4,FR,35HT,GOV,EVHOE,,,Q0939,94,2012,C-TS,A3,-9,g/haul,2.0000,items/haul,-9,UNK,-9,-9
LT,4,FR,35HT,GOV,EVHOE,,,Q0966,121,2012,C-TS,A3,-9,g/haul,15.0000,items/haul,1,UNK,-9,-9
LT,4,FR,35HT,GOV,EVHOE,,,Q0963,118,2012,C-TS,A3,-9,g/haul,1.0000,items/haul,1,UNK,-9,-9
LT,4,FR,35HT,GOV,EVHOE,,,Q0961,116,2012,C-TS,A3,-9,g/haul,162.0000,items/haul,1,UNK,-9,-9
LT,4,FR,35HT,GOV,EVHOE,,,Q0955,110,2012,C-TS,A3,-9,g/haul,2.0000,items/haul,1,UNK,-9,-9
LT,4,FR,35HT,GOV,EVHOE,,,Q0952,107,2012,C-TS,A3,-9,g/haul,13.0000,items/haul,2,UNK,-9,-9
LT,4,FR,35HT,GOV,EVHOE,,,Q0894,53,2012,C-TS,A3,D,g/haul,59.0000,items/haul,2,UNK,-9,-9
LT,4,FR,35HT,GOV,EVHOE,,,Q0948,103,2012,C-TS,A3,-9,g/haul,17.0000,items/haul,2,UNK,-9,-9
LT,4,FR,35HT,GOV,EVHOE,,,Q0944,99,2012,C-TS,A3,-9,g/haul,320.0000,items/haul,2,UNK,-9,-9
LT,4,FR,35HT,GOV,EVHOE,,,Q0946,101,2012,C-TS,A3,-9,g/haul,96.0000,items/haul,2,UNK,-9,-9
LT,4,FR,35HT,GOV,EVHOE,,,Q0947,102,2012,C-TS,A3,-9,g/haul,2.0000,items/haul,1,UNK,-9,-9
LT,4,FR,35HT,GOV,EVHOE,,,Q0942,97,2012,C-TS,A3,-9,g/haul,1.0000,items/haul,1,UNK,-9,-9
LT,4,FR,35HT,GOV,EVHOE,,,U0600,92,2016,C-TS,A3,C,g/haul,3.0000,items/haul,1,UNK,-9,-9
LT,4,FR,35HT,GOV,EVHOE,,,U0605,97,2016,C-TS,A3,C,g/haul,100.0000,items/haul,1,UNK,-9,-9
LT,4,FR,35HT,GOV,EVHOE,,,U0663,155,2016,C-TS,A3,C,g/haul,21.0000,items/haul,1,UNK,-9,-9
LT,4,FR,35HT,GOV,EVHOE,,,U0643,135,2016,C-TS,A3,C,g/haul,22.0000,items/haul,1,UNK,-9,-9
LT,4,FR,35HT,GOV,EVHOE,,,U0640,132,2016,C-TS,A3,C,g/haul,19.0000,items/haul,1,UNK,-9,-9
LT,4,FR,35HT,GOV,EVHOE,,,Q0931,86,2012,C-TS,A3,D,g/haul,15.0000,items/haul,1,UNK,-9,-9
LT,4,FR,35HT,GOV,EVHOE,,,T0638,2,2015,C-TS,A6,A,g/haul,1.0000,items/haul,9,UNK,-9,-9
LT,4,FR,35HT,GOV,EVHOE,,,T0640,4,2015,C-TS,A6,A,g/haul,50.0000,items/haul,5,UNK,-9,-9
LT,4,FR,35HT,GOV,EVHOE,,,T0642,6,2015,C-TS,A6,A,g/haul,15.0000,items/haul,5,UNK,-9,-9
LT,4,FR,35HT,GOV,EVHOE,,,T0643,7,2015,C-TS,A6,A,g/haul,7.0000,items/haul,4,UNK,-9,-9
LT,4,FR,35HT,GOV,EVHOE,,,T0655,19,2015,C-TS,A6,A,g/haul,1.0000,items/haul,2,UNK,-9,-9
LT,4,FR,35HT,GOV,EVHOE,,,T0646,10,2015,C-TS,A3,C,g/haul,8.0000,items/haul,1,UNK,-9,-9
LT,4,FR,35HT,GOV,EVHOE,,,U0592,84,2016,C-TS,A6,A,g/haul,1.0000,items/haul,4,UNK,-9,-9
LT,4,FR,35HT,GOV,EVHOE,,,Q0891,50,2012,C-TS,A6,A,g/haul,42.0000,items/haul,3,UNK,-9,-9
LT,4,FR,35HT,GOV,EVHOE,,,R0479,131,2013,C-TS,A6,A,g/haul,3.0000,items/haul,1,UNK,-9,-9
LT,4,FR,35HT,GOV,EVHOE,,,T0691,55,2015,C-TS,A6,A,g/haul,4.0000,items/haul,1,UNK,-9,-9
LT,4,FR,35HT,GOV,EVHOE,,,R0413,66,2013,C-TS,A6,F,g/haul,310.0000,items/haul,3,UNK,-9,-9
LT,4,FR,35HT,GOV,EVHOE,,,T0758,122,2015,C-TS,A6,A,g/haul,5.0000,items/haul,1,UNK,-9,-9
LT,4,FR,35HT,GOV,EVHOE,,,R0344,8,2013,C-TS,A6,B,g/haul,3.0000,items/haul,1,UNK,-9,-9
LT,4,FR,35HT,GOV,EVHOE,,,R0409,62,2013,C-TS,A6,B,g/haul,10.0000,items/haul,2,UNK,-9,-9
LT,4,FR,35HT,GOV,EVHOE,,,R0412,65,2013,C-TS,A6,B,g/haul,72.0000,items/haul,2,UNK,-9,-9
LT,4,FR,35HT,GOV,EVHOE,,,R0411,64,2013,C-TS,A6,B,g/haul,50.0000,items/haul,3,UNK,-9,-9
LT,4,FR,35HT,GOV,EVHOE,,,R0430,82,2013,C-TS,A6,B,g/haul,1.0000,items/haul,1,UNK,-9,-9
LT,4,FR,35HT,GOV,EVHOE,,,T0662,26,2015,C-TS,A6,A,g/haul,1.0000,items/haul,2,UNK,-9,-9
LT,4,FR,35HT,GOV,EVHOE,,,T0641,5,2015,C-TS,A6,E,g/haul,78.0000,items/haul,5,UNK,-9,-9
LT,4,FR,35HT,GOV,EVHOE,,,Q0924,81,2012,C-TS,A6,E,g/haul,1250.0000,items/haul,1,UNK,-9,-9
LT,4,FR,35HT,GOV,EVHOE,,,R0431,83,2013,C-TS,A6,E,g/haul,8.0000,items/haul,1,UNK,-9,-9
LT,4,FR,35HT,GOV,EVHOE,,,V0484,5,2017,C-TS,A6,D,g/haul,2.0000,items/haul,1,UNK,-9,-9
LT,4,FR,35HT,GOV,EVHOE,,,U0552,44,2016,C-TS,A6,-9,g/haul,4.0000,items/haul,1,UNK,-9,-9
LT,4,FR,35HT,GOV,EVHOE,,,T0762,126,2015,C-TS,A6,B,g/haul,100.0000,items/haul,2,UNK,-9,-9
LT,4,FR,35HT,GOV,EVHOE,,,U0642,134,2016,C-TS,A6,-9,g/haul,63.0000,items/haul,1,UNK,-9,-9
LT,4,FR,35HT,GOV,EVHOE,,,U0636,128,2016,C-TS,A6,-9,g/haul,72.0000,items/haul,2,UNK,-9,-9
LT,4,FR,35HT,GOV,EVHOE,,,U0637,129,2016,C-TS,A6,-9,g/haul,198.0000,items/haul,1,UNK,-9,-9
LT,4,FR,35HT,GOV,EVHOE,,,U0560,52,2016,C-TS,A6,-9,g/haul,83.0000,items/haul,1,UNK,-9,-9
LT,4,FR,35HT,GOV,EVHOE,,,T0660,24,2015,C-TS,A6,-9,g/haul,1.0000,items/haul,1,UNK,-9,-9
LT,4,FR,35HT,GOV,EVHOE,,,T0718,82,2015,C-TS,A6,B,g/haul,7.0000,items/haul,1,UNK,-9,-9
LT,4,FR,35HT,GOV,EVHOE,,,Q0912,70,2012,C-TS,A11,A,g/haul,1.0000,items/haul,1,UNK,-9,-9
LT,4,FR,35HT,GOV,EVHOE,,,T0739,103,2015,C-TS,A6,D,g/haul,184.0000,items/haul,1,UNK,-9,-9
LT,4,FR,35HT,GOV,EVHOE,,,T0690,54,2015,C-TS,A6,-9,g/haul,226.0000,items/haul,5,UNK,-9,-9
LT,4,FR,35HT,GOV,EVHOE,,,T0686,50,2015,C-TS,A6,-9,g/haul,1.0000,items/haul,1,UNK,-9,-9
LT,4,FR,35HT,GOV,EVHOE,,,T0687,51,2015,C-TS,A6,-9,g/haul,1.0000,items/haul,3,UNK,-9,-9
LT,4,FR,35HT,GOV,EVHOE,,,U0663,155,2016,C-TS,A6,-9,g/haul,3.0000,items/haul,1,UNK,-9,-9
LT,4,FR,35HT,GOV,EVHOE,,,R0401,55,2013,C-TS,A11,A,g/haul,2.0000,items/haul,1,UNK,-9,-9
LT,4,FR,35HT,GOV,EVHOE,,,R0416,69,2013,C-TS,A11,C,g/haul,185.0000,items/haul,1,UNK,-9,-9
LT,4,FR,35HT,GOV,EVHOE,,,R0452,104,2013,C-TS,A11,C,g/haul,17.0000,items/haul,1,UNK,-9,-9
LT,4,FR,35HT,GOV,EVHOE,,,R0462,114,2013,C-TS,A11,C,g/haul,51.0000,items/haul,1,UNK,-9,-9
LT,4,FR,35HT,GOV,EVHOE,,,R0480,132,2013,C-TS,A11,C,g/haul,10.0000,items/haul,1,UNK,-9,-9
LT,4,FR,35HT,GOV,EVHOE,,,Q0899,58,2012,C-TS,A11,A,g/haul,2.0000,items/haul,1,UNK,-9,-9
LT,4,FR,35HT,GOV,EVHOE,,,Q0923,80,2012,C-TS,A11,B,g/haul,56.0000,items/haul,1,UNK,-9,-9
LT,4,FR,35HT,GOV,EVHOE,,,R0356,16,2013,C-TS,A11,A,g/haul,3.0000,items/haul,1,UNK,-9,-9
LT,4,FR,35HT,GOV,EVHOE,,,R0355,15,2013,C-TS,A11,A,g/haul,2.0000,items/haul,1,UNK,-9,-9
LT,4,FR,35HT,GOV,EVHOE,,,R0380,34,2013,C-TS,A11,A,g/haul,1.0000,items/haul,1,UNK,-9,-9
LT,4,FR,35HT,GOV,EVHOE,,,R0379,33,2013,C-TS,A11,A,g/haul,1.0000,items/haul,1,UNK,-9,-9
LT,4,FR,35HT,GOV,EVHOE,,,R0411,64,2013,C-TS,A11,A,g/haul,5.0000,items/haul,1,UNK,-9,-9
LT,4,FR,35HT,GOV,EVHOE,,,R0463,115,2013,C-TS,A11,B,g/haul,3.0000,items/haul,1,UNK,-9,-9
LT,4,FR,35HT,GOV,EVHOE,,,R0448,100,2013,C-TS,A11,A,g/haul,2.0000,items/haul,2,UNK,-9,-9
LT,4,FR,35HT,GOV,EVHOE,,,R0467,119,2013,C-TS,A11,A,g/haul,2.0000,items/haul,1,UNK,-9,-9
LT,4,FR,35HT,GOV,EVHOE,,,Q0891,50,2012,C-TS,A11,B,g/haul,116.0000,items/haul,1,UNK,-9,-9
LT,4,FR,35HT,GOV,EVHOE,,,Q0897,56,2012,C-TS,A11,B,g/haul,16.0000,items/haul,2,UNK,-9,-9
LT,4,FR,35HT,GOV,EVHOE,,,Q0922,79,2012,C-TS,A11,B,g/haul,4.0000,items/haul,1,UNK,-9,-9
LT,4,FR,35HT,GOV,EVHOE,,,R0356,16,2013,C-TS,A11,D,g/haul,70.0000,items/haul,1,UNK,-9,-9
LT,4,FR,35HT,GOV,EVHOE,,,R0341,5,2013,C-TS,A11,B,g/haul,3.0000,items/haul,3,UNK,-9,-9
LT,4,FR,35HT,GOV,EVHOE,,,R0412,65,2013,C-TS,A11,B,g/haul,18.0000,items/haul,1,UNK,-9,-9
LT,4,FR,35HT,GOV,EVHOE,,,R0451,103,2013,C-TS,A11,B,g/haul,5.0000,items/haul,1,UNK,-9,-9
LT,4,FR,35HT,GOV,EVHOE,,,R0457,109,2013,C-TS,A11,B,g/haul,4.0000,items/haul,10,UNK,-9,-9
LT,4,FR,35HT,GOV,EVHOE,,,R0454,106,2013,C-TS,A11,B,g/haul,3.0000,items/haul,1,UNK,-9,-9
LT,4,FR,35HT,GOV,EVHOE,,,Q0898,57,2012,C-TS,A11,D,g/haul,311.0000,items/haul,1,UNK,-9,-9
LT,4,FR,35HT,GOV,EVHOE,,,R0472,124,2013,C-TS,A11,B,g/haul,4.0000,items/haul,1,UNK,-9,-9
LT,4,FR,35HT,GOV,EVHOE,,,R0476,128,2013,C-TS,A11,B,g/haul,16.0000,items/haul,1,UNK,-9,-9
LT,4,FR,35HT,GOV,EVHOE,,,R0394,48,2013,C-TS,A11,E,g/haul,6.0000,items/haul,1,UNK,-9,-9
LT,4,FR,35HT,GOV,EVHOE,,,R0370,27,2013,C-TS,A11,D,g/haul,1.0000,items/haul,1,UNK,-9,-9
LT,4,FR,35HT,GOV,EVHOE,,,R0368,25,2013,C-TS,A11,D,g/haul,2.0000,items/haul,3,UNK,-9,-9
LT,4,FR,35HT,GOV,EVHOE,,,R0387,41,2013,C-TS,A11,C,g/haul,10.0000,items/haul,1,UNK,-9,-9
LT,4,FR,35HT,GOV,EVHOE,,,R0342,6,2013,C-TS,A11,D,g/haul,136.0000,items/haul,1,UNK,-9,-9
LT,4,FR,35HT,GOV,EVHOE,,,Q0975,130,2012,C-TS,A11,-9,g/haul,24.0000,items/haul,1,UNK,-9,-9
LT,4,FR,35HT,GOV,EVHOE,,,Q0962,117,2012,C-TS,A11,-9,g/haul,1.0000,items/haul,1,UNK,-9,-9
LT,4,FR,35HT,GOV,EVHOE,,,Q0961,116,2012,C-TS,A11,-9,g/haul,5.0000,items/haul,1,UNK,-9,-9
LT,4,FR,35HT,GOV,EVHOE,,,Q0940,95,2012,C-TS,A11,-9,g/haul,2.0000,items/haul,1,UNK,-9,-9
LT,4,FR,35HT,GOV,EVHOE,,,S0820,1,2014,C-TS,A12,-9,g/haul,5.0000,items/haul,2,UNK,-9,-9
LT,4,FR,35HT,GOV,EVHOE,,,Q0912,70,2012,C-TS,A11,C,g/haul,448.0000,items/haul,1,UNK,-9,-9
LT,4,FR,35HT,GOV,EVHOE,,,Q0932,87,2012,C-TS,A11,C,g/haul,11.0000,items/haul,1,UNK,-9,-9
LT,4,FR,35HT,GOV,EVHOE,,,Q0936,91,2012,C-TS,A11,C,g/haul,47.0000,items/haul,2,UNK,-9,-9
LT,4,FR,35HT,GOV,EVHOE,,,R0358,17,2013,C-TS,A11,C,g/haul,38.0000,items/haul,1,UNK,-9,-9
LT,4,FR,35HT,GOV,EVHOE,,,R0375,31,2013,C-TS,A11,C,g/haul,2.0000,items/haul,1,UNK,-9,-9
LT,4,FR,35HT,GOV,EVHOE,,,S0828,9,2014,C-TS,A2,-9,g/haul,9.0000,items/haul,8,UNK,-9,-9
LT,4,FR,35HT,GOV,EVHOE,,,S0827,8,2014,C-TS,A2,-9,g/haul,2.5000,items/haul,1,UNK,-9,-9
LT,4,FR,35HT,GOV,EVHOE,,,S0824,5,2014,C-TS,A12,-9,g/haul,135.0000,items/haul,8,UNK,-9,-9
LT,4,FR,35HT,GOV,EVHOE,,,S0825,6,2014,C-TS,A2,-9,g/haul,2.0000,items/haul,1,UNK,-9,-9
LT,4,FR,35HT,GOV,EVHOE,,,S0821,2,2014,C-TS,A2,-9,g/haul,15.0000,items/haul,1,UNK,-9,-9
LT,4,FR,35HT,GOV,EVHOE,,,S0820,1,2014,C-TS,A2,-9,g/haul,5.0000,items/haul,2,UNK,-9,-9
LT,4,FR,35HT,GOV,EVHOE,,,S0832,13,2014,C-TS,A2,-9,g/haul,2.0000,items/haul,3,UNK,-9,-9
LT,4,FR,35HT,GOV,EVHOE,,,S0830,11,2014,C-TS,A2,-9,g/haul,22.0000,items/haul,8,UNK,-9,-9
LT,4,FR,35HT,GOV,EVHOE,,,S0830,11,2014,C-TS,A2,-9,g/haul,7.0000,items/haul,2,UNK,-9,-9
LT,4,FR,35HT,GOV,EVHOE,,,S0830,11,2014,C-TS,G3,-9,g/haul,9.0000,items/haul,2,UNK,-9,-9
LT,4,FR,35HT,GOV,EVHOE,,,S0829,10,2014,C-TS,A2,-9,g/haul,4.0000,items/haul,2,UNK,-9,-9
LT,4,FR,35HT,GOV,EVHOE,,,S0829,10,2014,C-TS,A12,-9,g/haul,3.0000,items/haul,1,UNK,-9,-9
LT,4,FR,35HT,GOV,EVHOE,,,S0834,15,2014,C-TS,A2,-9,g/haul,20.0000,items/haul,2,UNK,-9,-9
LT,4,FR,35HT,GOV,EVHOE,,,S0834,15,2014,C-TS,A2,-9,g/haul,1.0000,items/haul,1,UNK,-9,-9
LT,4,FR,35HT,GOV,EVHOE,,,S0833,14,2014,C-TS,A2,-9,g/haul,2.0000,items/haul,1,UNK,-9,-9
LT,4,FR,35HT,GOV,EVHOE,,,S0833,14,2014,C-TS,A12,-9,g/haul,60.0000,items/haul,1,UNK,-9,-9
LT,4,FR,35HT,GOV,EVHOE,,,S0832,13,2014,C-TS,A12,-9,g/haul,21.0000,items/haul,1,UNK,-9,-9
LT,4,FR,35HT,GOV,EVHOE,,,S0832,13,2014,C-TS,A2,-9,g/haul,3.0000,items/haul,5,UNK,-9,-9
LT,4,FR,35HT,GOV,EVHOE,,,S0841,22,2014,C-TS,A2,-9,g/haul,8.0000,items/haul,4,UNK,-9,-9
LT,4,FR,35HT,GOV,EVHOE,,,S0839,20,2014,C-TS,G3,-9,g/haul,640.0000,items/haul,1,UNK,-9,-9
LT,4,FR,35HT,GOV,EVHOE,,,S0837,18,2014,C-TS,A2,-9,g/haul,15.0000,items/haul,2,UNK,-9,-9
LT,4,FR,35HT,GOV,EVHOE,,,S0835,16,2014,C-TS,A2,-9,g/haul,10.0000,items/haul,1,UNK,-9,-9
LT,4,FR,35HT,GOV,EVHOE,,,S0836,17,2014,C-TS,A2,-9,g/haul,8.0000,items/haul,4,UNK,-9,-9
LT,4,FR,35HT,GOV,EVHOE,,,S0836,17,2014,C-TS,A2,-9,g/haul,2.0000,items/haul,1,UNK,-9,-9
LT,4,FR,35HT,GOV,EVHOE,,,S0845,26,2014,C-TS,A2,-9,g/haul,60.0000,items/haul,4,UNK,-9,-9
LT,4,FR,35HT,GOV,EVHOE,,,S0845,26,2014,C-TS,A2,-9,g/haul,635.0000,items/haul,12,UNK,-9,-9
LT,4,FR,35HT,GOV,EVHOE,,,S0843,24,2014,C-TS,A2,-9,g/haul,19.0000,items/haul,4,UNK,-9,-9
LT,4,FR,35HT,GOV,EVHOE,,,S0844,25,2014,C-TS,A2,-9,g/haul,1.0000,items/haul,2,UNK,-9,-9
LT,4,FR,35HT,GOV,EVHOE,,,S0841,22,2014,C-TS,G3,-9,g/haul,1.0000,items/haul,1,UNK,-9,-9
LT,4,FR,35HT,GOV,EVHOE,,,S0842,23,2014,C-TS,A2,-9,g/haul,1.0000,items/haul,1,UNK,-9,-9
LT,4,FR,35HT,GOV,EVHOE,,,S0848,29,2014,C-TS,A12,-9,g/haul,9.0000,items/haul,1,UNK,-9,-9
LT,4,FR,35HT,GOV,EVHOE,,,S0848,29,2014,C-TS,A2,-9,g/haul,1.0000,items/haul,1,UNK,-9,-9
LT,4,FR,35HT,GOV,EVHOE,,,S0848,29,2014,C-TS,A2,-9,g/haul,18.0000,items/haul,6,UNK,-9,-9
LT,4,FR,35HT,GOV,EVHOE,,,S0846,27,2014,C-TS,G3,-9,g/haul,17100.0000,items/haul,10,UNK,-9,-9
LT,4,FR,35HT,GOV,EVHOE,,,S0846,27,2014,C-TS,A2,-9,g/haul,130.0000,items/haul,6,UNK,-9,-9
LT,4,FR,35HT,GOV,EVHOE,,,S0846,27,2014,C-TS,D4,-9,g/haul,2300.0000,items/haul,1,UNK,-9,-9
LT,4,FR,35HT,GOV,EVHOE,,,S0851,32,2014,C-TS,A2,-9,g/haul,2.0000,items/haul,3,UNK,-9,-9
LT,4,FR,35HT,GOV,EVHOE,,,S0851,32,2014,C-TS,G3,-9,g/haul,30000.0000,items/haul,3,UNK,-9,-9
LT,4,FR,35HT,GOV,EVHOE,,,S0850,31,2014,C-TS,A2,-9,g/haul,2.0000,items/haul,1,UNK,-9,-9
LT,4,FR,35HT,GOV,EVHOE,,,S0850,31,2014,C-TS,A2,-9,g/haul,3.0000,items/haul,1,UNK,-9,-9
LT,4,FR,35HT,GOV,EVHOE,,,S0848,29,2014,C-TS,G3,-9,g/haul,70.0000,items/haul,1,UNK,-9,-9
LT,4,FR,35HT,GOV,EVHOE,,,S0849,30,2014,C-TS,A2,-9,g/haul,26.0000,items/haul,3,UNK,-9,-9
LT,4,FR,35HT,GOV,EVHOE,,,S0858,39,2014,C-TS,A2,-9,g/haul,5.0000,items/haul,1,UNK,-9,-9
LT,4,FR,35HT,GOV,EVHOE,,,S0857,38,2014,C-TS,A2,-9,g/haul,19.0000,items/haul,2,UNK,-9,-9
LT,4,FR,35HT,GOV,EVHOE,,,S0857,38,2014,C-TS,A12,-9,g/haul,12.0000,items/haul,1,UNK,-9,-9
LT,4,FR,35HT,GOV,EVHOE,,,S0856,37,2014,C-TS,A12,-9,g/haul,20.0000,items/haul,6,UNK,-9,-9
LT,4,FR,35HT,GOV,EVHOE,,,S0856,37,2014,C-TS,A2,-9,g/haul,142.0000,items/haul,30,UNK,-9,-9
LT,4,FR,35HT,GOV,EVHOE,,,S0856,37,2014,C-TS,A2,-9,g/haul,172.0000,items/haul,18,UNK,-9,-9
LT,4,FR,35HT,GOV,EVHOE,,,S0865,46,2014,C-TS,A2,-9,g/haul,37.0000,items/haul,9,UNK,-9,-9
LT,4,FR,35HT,GOV,EVHOE,,,S0863,44,2014,C-TS,A2,-9,g/haul,12.0000,items/haul,1,UNK,-9,-9
LT,4,FR,35HT,GOV,EVHOE,,,S0860,41,2014,C-TS,A12,-9,g/haul,9.0000,items/haul,1,UNK,-9,-9
LT,4,FR,35HT,GOV,EVHOE,,,S0860,41,2014,C-TS,A2,-9,g/haul,5.0000,items/haul,2,UNK,-9,-9
LT,4,FR,35HT,GOV,EVHOE,,,S0857,38,2014,C-TS,G3,-9,g/haul,13.0000,items/haul,1,UNK,-9,-9
LT,4,FR,35HT,GOV,EVHOE,,,S0858,39,2014,C-TS,A2,-9,g/haul,20.0000,items/haul,6,UNK,-9,-9
LT,4,FR,35HT,GOV,EVHOE,,,S0870,51,2014,C-TS,A12,-9,g/haul,172.0000,items/haul,1,UNK,-9,-9
LT,4,FR,35HT,GOV,EVHOE,,,S0868,49,2014,C-TS,A2,-9,g/haul,35.0000,items/haul,1,UNK,-9,-9
LT,4,FR,35HT,GOV,EVHOE,,,S0867,48,2014,C-TS,A2,-9,g/haul,4.0000,items/haul,1,UNK,-9,-9
LT,4,FR,35HT,GOV,EVHOE,,,S0865,46,2014,C-TS,G3,-9,g/haul,2.0000,items/haul,1,UNK,-9,-9
LT,4,FR,35HT,GOV,EVHOE,,,S0866,47,2014,C-TS,A2,-9,g/haul,1.0000,items/haul,2,UNK,-9,-9
LT,4,FR,35HT,GOV,EVHOE,,,S0865,46,2014,C-TS,A2,-9,g/haul,63.0000,items/haul,46,UNK,-9,-9
LT,4,FR,35HT,GOV,EVHOE,,,S0942,118,2014,RECO-LT,LT-TOT,C,g/haul,126.0000,items/haul,1,UNK,-9,-9
LT,4,FR,35HT,GOV,EVHOE,,,S0938,114,2014,RECO-LT,LT-TOT,A,g/haul,13.0000,items/haul,16,UNK,-9,-9
LT,4,FR,35HT,GOV,EVHOE,,,T0672,36,2015,RECO-LT,LT-TOT,-9,-9,-9.0000,items/haul,0,UNK,-9,-9
LT,4,FR,35HT,GOV,EVHOE,,,T0692,56,2015,RECO-LT,LT-TOT,-9,-9,-9.0000,items/haul,0,UNK,-9,-9
LT,4,FR,35HT,GOV,EVHOE,,,T0693,57,2015,RECO-LT,LT-TOT,-9,-9,-9.0000,items/haul,0,UNK,-9,-9
LT,4,FR,35HT,GOV,EVHOE,,,T0705,69,2015,RECO-LT,LT-TOT,-9,-9,-9.0000,items/haul,0,UNK,-9,-9
LT,4,FR,35HT,GOV,EVHOE,,,T0712,76,2015,RECO-LT,LT-TOT,-9,-9,-9.0000,items/haul,0,UNK,-9,-9
LT,4,FR,35HT,GOV,EVHOE,,,T0724,88,2015,RECO-LT,LT-TOT,-9,-9,-9.0000,items/haul,0,UNK,-9,-9
LT,4,FR,35HT,GOV,EVHOE,,,Y0423,129,2020,RECO-LT,LT-TOT,-9,-9,-9.0000,items/haul,0,UNK,-9,-9
LT,4,FR,35HT,GOV,EVHOE,,,Y0436,140,2020,RECO-LT,LT-TOT,-9,-9,-9.0000,items/haul,0,UNK,-9,-9
LT,4,FR,35HT,GOV,EVHOE,,,Y0443,147,2020,RECO-LT,LT-TOT,-9,-9,-9.0000,items/haul,0,UNK,-9,-9
LT,4,FR,35HT,GOV,EVHOE,,,W0586,53,2018,RECO-LT,LT-TOT,-9,-9,-9.0000,items/haul,0,UNK,-9,-9
LT,4,FR,35HT,GOV,EVHOE,,,W0588,55,2018,RECO-LT,LT-TOT,-9,-9,-9.0000,items/haul,0,UNK,-9,-9
LT,4,FR,35HT,GOV,EVHOE,,,W0614,81,2018,RECO-LT,LT-TOT,-9,-9,-9.0000,items/haul,0,UNK,-9,-9
LT,4,FR,35HT,GOV,EVHOE,,,W0646,113,2018,RECO-LT,LT-TOT,-9,-9,-9.0000,items/haul,0,UNK,-9,-9
LT,4,FR,35HT,GOV,EVHOE,,,Y0348,60,2020,RECO-LT,LT-TOT,-9,-9,-9.0000,items/haul,0,UNK,-9,-9
LT,4,FR,35HT,GOV,EVHOE,,,Y0364,76,2020,RECO-LT,LT-TOT,-9,-9,-9.0000,items/haul,0,UNK,-9,-9
LT,4,FR,35HT,GOV,EVHOE,,,V0491,11,2017,RECO-LT,LT-TOT,-9,-9,-9.0000,items/haul,0,UNK,-9,-9
LT,4,FR,35HT,GOV,EVHOE,,,V0497,16,2017,RECO-LT,LT-TOT,-9,-9,-9.0000,items/haul,0,UNK,-9,-9
LT,4,FR,35HT,GOV,EVHOE,,,V0503,22,2017,RECO-LT,LT-TOT,-9,-9,-9.0000,items/haul,0,UNK,-9,-9
LT,4,FR,35HT,GOV,EVHOE,,,W0527,1,2018,RECO-LT,LT-TOT,-9,-9,-9.0000,items/haul,0,UNK,-9,-9
LT,4,FR,35HT,GOV,EVHOE,,,W0579,46,2018,RECO-LT,LT-TOT,-9,-9,-9.0000,items/haul,0,UNK,-9,-9
LT,4,FR,35HT,GOV,EVHOE,,,W0585,52,2018,RECO-LT,LT-TOT,-9,-9,-9.0000,items/haul,0,UNK,-9,-9
LT,4,FR,35HT,GOV,EVHOE,,,U0554,46,2016,RECO-LT,LT-TOT,-9,-9,-9.0000,items/haul,0,UNK,-9,-9
LT,4,FR,35HT,GOV,EVHOE,,,V0480,1,2017,RECO-LT,LT-TOT,-9,-9,-9.0000,items/haul,0,UNK,-9,-9
LT,4,FR,35HT,GOV,EVHOE,,,V0482,3,2017,RECO-LT,LT-TOT,-9,-9,-9.0000,items/haul,0,UNK,-9,-9
LT,4,FR,35HT,GOV,EVHOE,,,V0483,4,2017,RECO-LT,LT-TOT,-9,-9,-9.0000,items/haul,0,UNK,-9,-9
LT,4,FR,35HT,GOV,EVHOE,,,V0485,6,2017,RECO-LT,LT-TOT,-9,-9,-9.0000,items/haul,0,UNK,-9,-9
LT,4,FR,35HT,GOV,EVHOE,,,V0487,8,2017,RECO-LT,LT-TOT,-9,-9,-9.0000,items/haul,0,UNK,-9,-9
LT,4,FR,35HT,GOV,EVHOE,,,U0539,32,2016,RECO-LT,LT-TOT,-9,-9,-9.0000,items/haul,0,UNK,-9,-9
LT,4,FR,35HT,GOV,EVHOE,,,U0546,38,2016,RECO-LT,LT-TOT,-9,-9,-9.0000,items/haul,0,UNK,-9,-9
LT,4,FR,35HT,GOV,EVHOE,,,U0548,40,2016,RECO-LT,LT-TOT,-9,-9,-9.0000,items/haul,0,UNK,-9,-9
LT,4,FR,35HT,GOV,EVHOE,,,U0549,41,2016,RECO-LT,LT-TOT,-9,-9,-9.0000,items/haul,0,UNK,-9,-9
LT,4,FR,35HT,GOV,EVHOE,,,U0550,42,2016,RECO-LT,LT-TOT,-9,-9,-9.0000,items/haul,0,UNK,-9,-9
LT,4,FR,35HT,GOV,EVHOE,,,U0553,45,2016,RECO-LT,LT-TOT,-9,-9,-9.0000,items/haul,0,UNK,-9,-9
LT,4,FR,35HT,GOV,EVHOE,,,U0503,2,2016,RECO-LT,LT-TOT,-9,-9,-9.0000,items/haul,0,UNK,-9,-9
LT,4,FR,35HT,GOV,EVHOE,,,U0522,18,2016,RECO-LT,LT-TOT,-9,-9,-9.0000,items/haul,0,UNK,-9,-9
LT,4,FR,35HT,GOV,EVHOE,,,U0523,19,2016,RECO-LT,LT-TOT,-9,-9,-9.0000,items/haul,0,UNK,-9,-9
LT,4,FR,35HT,GOV,EVHOE,,,U0525,20,2016,RECO-LT,LT-TOT,-9,-9,-9.0000,items/haul,0,UNK,-9,-9
LT,4,FR,35HT,GOV,EVHOE,,,U0526,21,2016,RECO-LT,LT-TOT,-9,-9,-9.0000,items/haul,0,UNK,-9,-9
LT,4,FR,35HT,GOV,EVHOE,,,U0528,23,2016,RECO-LT,LT-TOT,-9,-9,-9.0000,items/haul,0,UNK,-9,-9
LT,4,FR,35HT,GOV,EVHOE,,,U0647,139,2016,RECO-LT,LT-TOT,-9,-9,-9.0000,items/haul,0,UNK,-9,-9
LT,4,FR,35HT,GOV,EVHOE,,,U0652,144,2016,RECO-LT,LT-TOT,-9,-9,-9.0000,items/haul,0,UNK,-9,-9
LT,4,FR,35HT,GOV,EVHOE,,,U0657,149,2016,RECO-LT,LT-TOT,-9,-9,-9.0000,items/haul,0,UNK,-9,-9
LT,4,FR,35HT,GOV,EVHOE,,,U0659,151,2016,RECO-LT,LT-TOT,-9,-9,-9.0000,items/haul,0,UNK,-9,-9
LT,4,FR,35HT,GOV,EVHOE,,,U0662,154,2016,RECO-LT,LT-TOT,-9,-9,-9.0000,items/haul,0,UNK,-9,-9
LT,4,FR,35HT,GOV,EVHOE,,,U0664,156,2016,RECO-LT,LT-TOT,-9,-9,-9.0000,items/haul,0,UNK,-9,-9
LT,4,FR,35HT,GOV,EVHOE,,,U0627,119,2016,RECO-LT,LT-TOT,-9,-9,-9.0000,items/haul,0,UNK,-9,-9
LT,4,FR,35HT,GOV,EVHOE,,,U0628,120,2016,RECO-LT,LT-TOT,-9,-9,-9.0000,items/haul,0,UNK,-9,-9
LT,4,FR,35HT,GOV,EVHOE,,,U0634,126,2016,RECO-LT,LT-TOT,-9,-9,-9.0000,items/haul,0,UNK,-9,-9
LT,4,FR,35HT,GOV,EVHOE,,,U0639,131,2016,RECO-LT,LT-TOT,-9,-9,-9.0000,items/haul,0,UNK,-9,-9
LT,4,FR,35HT,GOV,EVHOE,,,U0644,136,2016,RECO-LT,LT-TOT,-9,-9,-9.0000,items/haul,0,UNK,-9,-9
LT,4,FR,35HT,GOV,EVHOE,,,U0645,137,2016,RECO-LT,LT-TOT,-9,-9,-9.0000,items/haul,0,UNK,-9,-9
LT,4,FR,35HT,GOV,EVHOE,,,U0618,110,2016,RECO-LT,LT-TOT,-9,-9,-9.0000,items/haul,0,UNK,-9,-9
LT,4,FR,35HT,GOV,EVHOE,,,U0620,112,2016,RECO-LT,LT-TOT,-9,-9,-9.0000,items/haul,0,UNK,-9,-9
LT,4,FR,35HT,GOV,EVHOE,,,U0622,114,2016,RECO-LT,LT-TOT,-9,-9,-9.0000,items/haul,0,UNK,-9,-9
LT,4,FR,35HT,GOV,EVHOE,,,U0624,116,2016,RECO-LT,LT-TOT,-9,-9,-9.0000,items/haul,0,UNK,-9,-9
LT,4,FR,35HT,GOV,EVHOE,,,U0625,117,2016,RECO-LT,LT-TOT,-9,-9,-9.0000,items/haul,0,UNK,-9,-9
LT,4,FR,35HT,GOV,EVHOE,,,U0626,118,2016,RECO-LT,LT-TOT,-9,-9,-9.0000,items/haul,0,UNK,-9,-9
LT,4,FR,35HT,GOV,EVHOE,,,U0595,87,2016,RECO-LT,LT-TOT,-9,-9,-9.0000,items/haul,0,UNK,-9,-9
LT,4,FR,35HT,GOV,EVHOE,,,U0596,88,2016,RECO-LT,LT-TOT,-9,-9,-9.0000,items/haul,0,UNK,-9,-9
LT,4,FR,35HT,GOV,EVHOE,,,U0601,93,2016,RECO-LT,LT-TOT,-9,-9,-9.0000,items/haul,0,UNK,-9,-9
LT,4,FR,35HT,GOV,EVHOE,,,U0602,94,2016,RECO-LT,LT-TOT,-9,-9,-9.0000,items/haul,0,UNK,-9,-9
LT,4,FR,35HT,GOV,EVHOE,,,U0607,99,2016,RECO-LT,LT-TOT,-9,-9,-9.0000,items/haul,0,UNK,-9,-9
LT,4,FR,35HT,GOV,EVHOE,,,U0616,108,2016,RECO-LT,LT-TOT,-9,-9,-9.0000,items/haul,0,UNK,-9,-9
LT,4,FR,35HT,GOV,EVHOE,,,U0581,73,2016,RECO-LT,LT-TOT,-9,-9,-9.0000,items/haul,0,UNK,-9,-9
LT,4,FR,35HT,GOV,EVHOE,,,U0583,75,2016,RECO-LT,LT-TOT,-9,-9,-9.0000,items/haul,0,UNK,-9,-9
LT,4,FR,35HT,GOV,EVHOE,,,U0587,79,2016,RECO-LT,LT-TOT,-9,-9,-9.0000,items/haul,0,UNK,-9,-9
LT,4,FR,35HT,GOV,EVHOE,,,U0588,80,2016,RECO-LT,LT-TOT,-9,-9,-9.0000,items/haul,0,UNK,-9,-9
LT,4,FR,35HT,GOV,EVHOE,,,U0589,81,2016,RECO-LT,LT-TOT,-9,-9,-9.0000,items/haul,0,UNK,-9,-9
LT,4,FR,35HT,GOV,EVHOE,,,U0590,82,2016,RECO-LT,LT-TOT,-9,-9,-9.0000,items/haul,0,UNK,-9,-9
LT,4,FR,35HT,GOV,EVHOE,,,U0559,51,2016,RECO-LT,LT-TOT,-9,-9,-9.0000,items/haul,0,UNK,-9,-9
LT,4,FR,35HT,GOV,EVHOE,,,U0565,57,2016,RECO-LT,LT-TOT,-9,-9,-9.0000,items/haul,0,UNK,-9,-9
LT,4,FR,35HT,GOV,EVHOE,,,U0570,62,2016,RECO-LT,LT-TOT,-9,-9,-9.0000,items/haul,0,UNK,-9,-9
LT,4,FR,35HT,GOV,EVHOE,,,U0574,66,2016,RECO-LT,LT-TOT,-9,-9,-9.0000,items/haul,0,UNK,-9,-9
LT,4,FR,35HT,GOV,EVHOE,,,U0576,68,2016,RECO-LT,LT-TOT,-9,-9,-9.0000,items/haul,0,UNK,-9,-9
LT,4,FR,35HT,GOV,EVHOE,,,U0577,69,2016,RECO-LT,LT-TOT,-9,-9,-9.0000,items/haul,0,UNK,-9,-9
LT,4,FR,35HT,GOV,EVHOE,,,T0782,146,2015,RECO-LT,LT-TOT,-9,-9,-9.0000,items/haul,0,UNK,-9,-9
LT,4,FR,35HT,GOV,EVHOE,,,T0784,148,2015,RECO-LT,LT-TOT,-9,-9,-9.0000,items/haul,0,UNK,-9,-9
LT,4,FR,35HT,GOV,EVHOE,,,T0786,150,2015,RECO-LT,LT-TOT,-9,-9,-9.0000,items/haul,0,UNK,-9,-9
LT,4,FR,35HT,GOV,EVHOE,,,T0658,22,2015,RECO-LT,LT-TOT,-9,-9,-9.0000,items/haul,0,UNK,-9,-9
LT,4,FR,35HT,GOV,EVHOE,,,T0664,28,2015,RECO-LT,LT-TOT,-9,-9,-9.0000,items/haul,0,UNK,-9,-9
LT,4,FR,35HT,GOV,EVHOE,,,U0556,48,2016,RECO-LT,LT-TOT,-9,-9,-9.0000,items/haul,0,UNK,-9,-9
LT,4,FR,35HT,GOV,EVHOE,,,T0763,127,2015,RECO-LT,LT-TOT,-9,-9,-9.0000,items/haul,0,UNK,-9,-9
LT,4,FR,35HT,GOV,EVHOE,,,T0764,128,2015,RECO-LT,LT-TOT,-9,-9,-9.0000,items/haul,0,UNK,-9,-9
LT,4,FR,35HT,GOV,EVHOE,,,T0766,130,2015,RECO-LT,LT-TOT,-9,-9,-9.0000,items/haul,0,UNK,-9,-9
LT,4,FR,35HT,GOV,EVHOE,,,T0768,132,2015,RECO-LT,LT-TOT,-9,-9,-9.0000,items/haul,0,UNK,-9,-9
LT,4,FR,35HT,GOV,EVHOE,,,T0769,133,2015,RECO-LT,LT-TOT,-9,-9,-9.0000,items/haul,0,UNK,-9,-9
LT,4,FR,35HT,GOV,EVHOE,,,T0780,144,2015,RECO-LT,LT-TOT,-9,-9,-9.0000,items/haul,0,UNK,-9,-9
LT,4,FR,35HT,GOV,EVHOE,,,T0731,95,2015,RECO-LT,LT-TOT,-9,-9,-9.0000,items/haul,0,UNK,-9,-9
LT,4,FR,35HT,GOV,EVHOE,,,T0747,111,2015,RECO-LT,LT-TOT,-9,-9,-9.0000,items/haul,0,UNK,-9,-9
LT,4,FR,35HT,GOV,EVHOE,,,T0751,115,2015,RECO-LT,LT-TOT,-9,-9,-9.0000,items/haul,0,UNK,-9,-9
LT,4,FR,35HT,GOV,EVHOE,,,T0752,116,2015,RECO-LT,LT-TOT,-9,-9,-9.0000,items/haul,0,UNK,-9,-9
LT,4,FR,35HT,GOV,EVHOE,,,T0756,120,2015,RECO-LT,LT-TOT,-9,-9,-9.0000,items/haul,0,UNK,-9,-9
LT,4,FR,35HT,GOV,EVHOE,,,T0759,123,2015,RECO-LT,LT-TOT,-9,-9,-9.0000,items/haul,0,UNK,-9,-9
LT,4,FR,35HT,GOV,EVHOE,,,S0979,155,2014,RECO-LT,LT-TOT,-9,g/haul,8.0000,items/haul,4,UNK,-9,-9
LT,4,FR,35HT,GOV,EVHOE,,,Y0299,11,2020,C-TS-REV,A5,-9,g/haul,4.0000,items/haul,10,UNK,-9,-9
LT,4,FR,35HT,GOV,EVHOE,,,Y0297,9,2020,C-TS-REV,A5,-9,g/haul,12.0000,items/haul,26,UNK,-9,-9
LT,4,FR,35HT,GOV,EVHOE,,,Y0296,8,2020,C-TS-REV,A5,D,g/haul,10.0000,items/haul,17,UNK,-9,-9
LT,4,FR,35HT,GOV,EVHOE,,,Y0294,6,2020,C-TS-REV,A5,-9,g/haul,6.0000,items/haul,5,UNK,-9,-9
LT,4,FR,35HT,GOV,EVHOE,,,Y0295,7,2020,C-TS-REV,A5,D,g/haul,23.0000,items/haul,15,UNK,-9,-9
LT,4,FR,35HT,GOV,EVHOE,,,Y0292,4,2020,C-TS-REV,F3,-9,g/haul,9250.0000,items/haul,1,UNK,-9,-9
LT,4,FR,35HT,GOV,EVHOE,,,Y0292,4,2020,C-TS-REV,F2,-9,g/haul,2410.0000,items/haul,2,UNK,-9,-9
LT,4,FR,35HT,GOV,EVHOE,,,Y0293,5,2020,C-TS-REV,A5,D,g/haul,14.0000,items/haul,5,UNK,-9,-9
LT,4,FR,35HT,GOV,EVHOE,,,Y0293,5,2020,C-TS-REV,F2,-9,g/haul,38.0000,items/haul,1,UNK,-9,-9
LT,4,FR,35HT,GOV,EVHOE,,,Y0290,2,2020,C-TS-REV,A5,-9,g/haul,8.0000,items/haul,2,UNK,-9,-9
LT,4,FR,35HT,GOV,EVHOE,,,Y0291,3,2020,C-TS-REV,A8,-9,g/haul,1.0000,items/haul,1,UNK,-9,-9
LT,4,FR,35HT,GOV,EVHOE,,,X0594,148,2019,C-TS-REV,A5,-9,g/haul,2.0000,items/haul,2,UNK,-9,-9
LT,4,FR,35HT,GOV,EVHOE,,,X0591,145,2019,C-TS-REV,F2,-9,g/haul,63.0000,items/haul,1,UNK,-9,-9
LT,4,FR,35HT,GOV,EVHOE,,,X0592,146,2019,C-TS-REV,A5,-9,g/haul,1.0000,items/haul,1,UNK,-9,-9
LT,4,FR,35HT,GOV,EVHOE,,,X0585,139,2019,C-TS-REV,A5,-9,g/haul,31.0000,items/haul,2,UNK,-9,-9
LT,4,FR,35HT,GOV,EVHOE,,,X0462,19,2019,C-TS-REV,A2,A,g/haul,15.0000,items/haul,5,UNK,-9,-9
LT,4,FR,35HT,GOV,EVHOE,,,X0444,4,2019,C-TS-REV,A2,A,g/haul,13.0000,items/haul,6,UNK,-9,-9
LT,4,FR,35HT,GOV,EVHOE,,,X0474,29,2019,C-TS-REV,A2,A,g/haul,1.0000,items/haul,1,UNK,-9,-9
LT,4,FR,35HT,GOV,EVHOE,,,X0486,40,2019,C-TS-REV,A2,A,g/haul,0.5000,items/haul,1,UNK,-9,-9
LT,4,FR,35HT,GOV,EVHOE,,,W0629,96,2018,C-TS-REV,A2,A,g/haul,1.0000,items/haul,1,UNK,-9,-9
LT,4,FR,35HT,GOV,EVHOE,,,W0636,103,2018,C-TS-REV,A2,A,g/haul,15.0000,items/haul,2,UNK,-9,-9
LT,4,FR,35HT,GOV,EVHOE,,,W0633,100,2018,C-TS-REV,A2,A,g/haul,6.0000,items/haul,3,UNK,-9,-9
LT,4,FR,35HT,GOV,EVHOE,,,W0652,118,2018,C-TS-REV,A2,A,g/haul,2.0000,items/haul,1,UNK,-9,-9
LT,4,FR,35HT,GOV,EVHOE,,,W0689,155,2018,C-TS-REV,A2,A,g/haul,1.0000,items/haul,2,UNK,-9,-9
LT,4,FR,35HT,GOV,EVHOE,,,W0657,123,2018,C-TS-REV,A2,A,g/haul,20.0000,items/haul,4,UNK,-9,-9
LT,4,FR,35HT,GOV,EVHOE,,,W0584,51,2018,C-TS-REV,A2,A,g/haul,1000.0000,items/haul,1,UNK,-9,-9
LT,4,FR,35HT,GOV,EVHOE,,,W0576,43,2018,C-TS-REV,A2,A,g/haul,1.0000,items/haul,1,UNK,-9,-9
LT,4,FR,35HT,GOV,EVHOE,,,W0594,61,2018,C-TS-REV,A2,A,g/haul,6.0000,items/haul,5,UNK,-9,-9
LT,4,FR,35HT,GOV,EVHOE,,,W0604,71,2018,C-TS-REV,A2,A,g/haul,1.0000,items/haul,1,UNK,-9,-9
LT,4,FR,35HT,GOV,EVHOE,,,W0605,72,2018,C-TS-REV,A2,A,g/haul,4.0000,items/haul,2,UNK,-9,-9
LT,4,FR,35HT,GOV,EVHOE,,,W0626,93,2018,C-TS-REV,A2,A,g/haul,3.0000,items/haul,1,UNK,-9,-9
LT,4,FR,35HT,GOV,EVHOE,,,W0555,24,2018,C-TS-REV,A2,A,g/haul,11.0000,items/haul,2,UNK,-9,-9
LT,4,FR,35HT,GOV,EVHOE,,,W0557,26,2018,C-TS-REV,A2,A,g/haul,2.0000,items/haul,1,UNK,-9,-9
LT,4,FR,35HT,GOV,EVHOE,,,W0559,28,2018,C-TS-REV,A2,A,g/haul,55.0000,items/haul,12,UNK,-9,-9
LT,4,FR,35HT,GOV,EVHOE,,,W0563,31,2018,C-TS-REV,A2,A,g/haul,2.0000,items/haul,2,UNK,-9,-9
LT,4,FR,35HT,GOV,EVHOE,,,W0564,32,2018,C-TS-REV,A2,A,g/haul,20.0000,items/haul,5,UNK,-9,-9
LT,4,FR,35HT,GOV,EVHOE,,,W0589,56,2018,C-TS-REV,A2,A,g/haul,1.0000,items/haul,1,UNK,-9,-9
LT,4,FR,35HT,GOV,EVHOE,,,W0544,15,2018,C-TS-REV,A2,A,g/haul,2.0000,items/haul,2,UNK,-9,-9
LT,4,FR,35HT,GOV,EVHOE,,,W0546,16,2018,C-TS-REV,A2,A,g/haul,23.0000,items/haul,17,UNK,-9,-9
LT,4,FR,35HT,GOV,EVHOE,,,W0547,17,2018,C-TS-REV,A2,A,g/haul,190.0000,items/haul,11,UNK,-9,-9
LT,4,FR,35HT,GOV,EVHOE,,,W0548,18,2018,C-TS-REV,A2,A,g/haul,1.0000,items/haul,2,UNK,-9,-9
LT,4,FR,35HT,GOV,EVHOE,,,W0549,19,2018,C-TS-REV,A2,A,g/haul,7.0000,items/haul,2,UNK,-9,-9
LT,4,FR,35HT,GOV,EVHOE,,,W0554,23,2018,C-TS-REV,A2,A,g/haul,1.0000,items/haul,1,UNK,-9,-9
LT,4,FR,35HT,GOV,EVHOE,,,W0537,9,2018,C-TS-REV,A2,A,g/haul,6.0000,items/haul,3,UNK,-9,-9
LT,4,FR,35HT,GOV,EVHOE,,,W0538,10,2018,C-TS-REV,A2,A,g/haul,1.0000,items/haul,1,UNK,-9,-9
LT,4,FR,35HT,GOV,EVHOE,,,W0536,8,2018,C-TS-REV,A2,A,g/haul,95.0000,items/haul,2,UNK,-9,-9
LT,4,FR,35HT,GOV,EVHOE,,,W0542,13,2018,C-TS-REV,A2,A,g/haul,10.0000,items/haul,9,UNK,-9,-9
LT,4,FR,35HT,GOV,EVHOE,,,W0539,11,2018,C-TS-REV,A2,A,g/haul,11.0000,items/haul,4,UNK,-9,-9
LT,4,FR,35HT,GOV,EVHOE,,,W0541,12,2018,C-TS-REV,A2,A,g/haul,1.0000,items/haul,1,UNK,-9,-9
LT,4,FR,35HT,GOV,EVHOE,,,Y0421,127,2020,C-TS-REV,A2,C,g/haul,8.0000,items/haul,4,UNK,-9,-9
LT,4,FR,35HT,GOV,EVHOE,,,Y0413,120,2020,C-TS-REV,A2,C,g/haul,30.0000,items/haul,1,UNK,-9,-9
LT,4,FR,35HT,GOV,EVHOE,,,Y0428,133,2020,C-TS-REV,A2,C,g/haul,32.0000,items/haul,1,UNK,-9,-9
LT,4,FR,35HT,GOV,EVHOE,,,Y0424,130,2020,C-TS-REV,A2,C,g/haul,9.0000,items/haul,1,UNK,-9,-9
LT,4,FR,35HT,GOV,EVHOE,,,Y0449,153,2020,C-TS-REV,A2,C,g/haul,81.0000,items/haul,5,UNK,-9,-9
LT,4,FR,35HT,GOV,EVHOE,,,W0531,4,2018,C-TS-REV,A2,A,g/haul,9.0000,items/haul,5,UNK,-9,-9
LT,4,FR,35HT,GOV,EVHOE,,,Y0363,75,2020,C-TS-REV,A2,C,g/haul,60.0000,items/haul,1,UNK,-9,-9
LT,4,FR,35HT,GOV,EVHOE,,,Y0352,64,2020,C-TS-REV,A2,C,g/haul,15.0000,items/haul,2,UNK,-9,-9
LT,4,FR,35HT,GOV,EVHOE,,,Y0385,96,2020,C-TS-REV,A2,C,g/haul,18.0000,items/haul,4,UNK,-9,-9
LT,4,FR,35HT,GOV,EVHOE,,,Y0382,93,2020,C-TS-REV,A2,C,g/haul,255.0000,items/haul,2,UNK,-9,-9
LT,4,FR,35HT,GOV,EVHOE,,,Y0388,98,2020,C-TS-REV,A2,C,g/haul,80.0000,items/haul,2,UNK,-9,-9
LT,4,FR,35HT,GOV,EVHOE,,,Y0393,102,2020,C-TS-REV,A2,C,g/haul,31.0000,items/haul,3,UNK,-9,-9
LT,4,FR,35HT,GOV,EVHOE,,,Y0315,27,2020,C-TS-REV,A2,C,g/haul,49.0000,items/haul,5,UNK,-9,-9
LT,4,FR,35HT,GOV,EVHOE,,,Y0317,29,2020,C-TS-REV,A2,C,g/haul,23.0000,items/haul,2,UNK,-9,-9
LT,4,FR,35HT,GOV,EVHOE,,,Y0319,31,2020,C-TS-REV,A2,C,g/haul,12.0000,items/haul,1,UNK,-9,-9
LT,4,FR,35HT,GOV,EVHOE,,,Y0338,50,2020,C-TS-REV,A2,C,g/haul,19.0000,items/haul,1,UNK,-9,-9
LT,4,FR,35HT,GOV,EVHOE,,,Y0345,57,2020,C-TS-REV,A2,C,g/haul,8.0000,items/haul,1,UNK,-9,-9
LT,4,FR,35HT,GOV,EVHOE,,,Y0344,56,2020,C-TS-REV,A2,C,g/haul,30.0000,items/haul,1,UNK,-9,-9
LT,4,FR,35HT,GOV,EVHOE,,,X0499,53,2019,C-TS-REV,A2,C,g/haul,41.5000,items/haul,1,UNK,-9,-9
LT,4,FR,35HT,GOV,EVHOE,,,X0509,63,2019,C-TS-REV,A2,C,g/haul,30.0000,items/haul,2,UNK,-9,-9
LT,4,FR,35HT,GOV,EVHOE,,,X0546,100,2019,C-TS-REV,A2,C,g/haul,111.0000,items/haul,3,UNK,-9,-9
LT,4,FR,35HT,GOV,EVHOE,,,Y0300,12,2020,C-TS-REV,A2,C,g/haul,19.0000,items/haul,1,UNK,-9,-9
LT,4,FR,35HT,GOV,EVHOE,,,Y0297,9,2020,C-TS-REV,A2,C,g/haul,8.0000,items/haul,2,UNK,-9,-9
LT,4,FR,35HT,GOV,EVHOE,,,Y0306,18,2020,C-TS-REV,A2,C,g/haul,10.0000,items/haul,5,UNK,-9,-9
LT,4,FR,35HT,GOV,EVHOE,,,W0683,149,2018,C-TS-REV,A2,C,g/haul,18.0000,items/haul,1,UNK,-9,-9
LT,4,FR,35HT,GOV,EVHOE,,,X0478,32,2019,C-TS-REV,A2,C,g/haul,94.0000,items/haul,1,UNK,-9,-9
LT,4,FR,35HT,GOV,EVHOE,,,X0482,36,2019,C-TS-REV,A2,C,g/haul,2.0000,items/haul,3,UNK,-9,-9
LT,4,FR,35HT,GOV,EVHOE,,,X0487,41,2019,C-TS-REV,A2,C,g/haul,30.0000,items/haul,7,UNK,-9,-9
LT,4,FR,35HT,GOV,EVHOE,,,X0491,45,2019,C-TS-REV,A2,C,g/haul,17.0000,items/haul,1,UNK,-9,-9
LT,4,FR,35HT,GOV,EVHOE,,,X0498,52,2019,C-TS-REV,A2,C,g/haul,41.5000,items/haul,2,UNK,-9,-9
LT,4,FR,35HT,GOV,EVHOE,,,W0559,28,2018,C-TS-REV,A7,C,g/haul,220.0000,items/haul,15,UNK,-9,-9
LT,4,FR,35HT,GOV,EVHOE,,,W0577,44,2018,C-TS-REV,A7,C,g/haul,250.0000,items/haul,1,UNK,-9,-9
LT,4,FR,35HT,GOV,EVHOE,,,W0592,59,2018,C-TS-REV,A7,C,g/haul,740.0000,items/haul,1,UNK,-9,-9
LT,4,FR,35HT,GOV,EVHOE,,,W0596,63,2018,C-TS-REV,A7,C,g/haul,842.0000,items/haul,6,UNK,-9,-9
LT,4,FR,35HT,GOV,EVHOE,,,W0595,62,2018,C-TS-REV,A7,C,g/haul,560.0000,items/haul,5,UNK,-9,-9
LT,4,FR,35HT,GOV,EVHOE,,,W0604,71,2018,C-TS-REV,A7,C,g/haul,21.0000,items/haul,2,UNK,-9,-9
LT,4,FR,35HT,GOV,EVHOE,,,W0663,129,2018,C-TS-REV,A7,-9,g/haul,22.0000,items/haul,8,UNK,-9,-9
LT,4,FR,35HT,GOV,EVHOE,,,W0671,137,2018,C-TS-REV,A7,-9,g/haul,9.0000,items/haul,3,UNK,-9,-9
LT,4,FR,35HT,GOV,EVHOE,,,W0672,138,2018,C-TS-REV,A7,-9,g/haul,8.0000,items/haul,2,UNK,-9,-9
LT,4,FR,35HT,GOV,EVHOE,,,W0670,136,2018,C-TS-REV,A7,-9,g/haul,8.0000,items/haul,2,UNK,-9,-9
LT,4,FR,35HT,GOV,EVHOE,,,W0669,135,2018,C-TS-REV,A7,-9,g/haul,20.0000,items/haul,2,UNK,-9,-9
LT,4,FR,35HT,GOV,EVHOE,,,W0667,133,2018,C-TS-REV,A7,-9,g/haul,15.0000,items/haul,3,UNK,-9,-9
LT,4,FR,35HT,GOV,EVHOE,,,W0665,131,2018,C-TS-REV,A7,-9,g/haul,31.0000,items/haul,10,UNK,-9,-9
LT,4,FR,35HT,GOV,EVHOE,,,W0679,145,2018,C-TS-REV,A7,-9,g/haul,11.0000,items/haul,4,UNK,-9,-9
LT,4,FR,35HT,GOV,EVHOE,,,W0677,143,2018,C-TS-REV,A7,-9,g/haul,2.0000,items/haul,1,UNK,-9,-9
LT,4,FR,35HT,GOV,EVHOE,,,W0678,144,2018,C-TS-REV,A7,-9,g/haul,1.0000,items/haul,1,UNK,-9,-9
LT,4,FR,35HT,GOV,EVHOE,,,W0675,141,2018,C-TS-REV,A7,-9,g/haul,398.0000,items/haul,9,UNK,-9,-9
LT,4,FR,35HT,GOV,EVHOE,,,W0673,139,2018,C-TS-REV,A7,-9,g/haul,32.0000,items/haul,7,UNK,-9,-9
LT,4,FR,35HT,GOV,EVHOE,,,W0674,140,2018,C-TS-REV,A7,-9,g/haul,4.0000,items/haul,1,UNK,-9,-9
LT,4,FR,35HT,GOV,EVHOE,,,W0686,152,2018,C-TS-REV,A7,-9,g/haul,10.0000,items/haul,3,UNK,-9,-9
LT,4,FR,35HT,GOV,EVHOE,,,W0687,153,2018,C-TS-REV,A7,-9,g/haul,52.0000,items/haul,1,UNK,-9,-9
LT,4,FR,35HT,GOV,EVHOE,,,W0684,150,2018,C-TS-REV,A7,-9,g/haul,3.0000,items/haul,3,UNK,-9,-9
LT,4,FR,35HT,GOV,EVHOE,,,W0680,146,2018,C-TS-REV,A7,-9,g/haul,4.0000,items/haul,4,UNK,-9,-9
LT,4,FR,35HT,GOV,EVHOE,,,W0681,147,2018,C-TS-REV,A7,-9,g/haul,6.0000,items/haul,2,UNK,-9,-9
LT,4,FR,35HT,GOV,EVHOE,,,W0683,149,2018,C-TS-REV,A7,-9,g/haul,3.0000,items/haul,3,UNK,-9,-9
LT,4,FR,35HT,GOV,EVHOE,,,X0442,2,2019,C-TS-REV,A7,-9,g/haul,20.0000,items/haul,5,UNK,-9,-9
LT,4,FR,35HT,GOV,EVHOE,,,W0690,156,2018,C-TS-REV,A7,-9,g/haul,16.0000,items/haul,5,UNK,-9,-9
LT,4,FR,35HT,GOV,EVHOE,,,W0691,157,2018,C-TS-REV,A7,-9,g/haul,8.0000,items/haul,3,UNK,-9,-9
LT,4,FR,35HT,GOV,EVHOE,,,W0692,158,2018,C-TS-REV,A7,-9,g/haul,2.0000,items/haul,2,UNK,-9,-9
LT,4,FR,35HT,GOV,EVHOE,,,W0688,154,2018,C-TS-REV,A7,-9,g/haul,17.0000,items/haul,4,UNK,-9,-9
LT,4,FR,35HT,GOV,EVHOE,,,W0685,151,2018,C-TS-REV,A7,-9,g/haul,36.0000,items/haul,6,UNK,-9,-9
LT,4,FR,35HT,GOV,EVHOE,,,X0449,8,2019,C-TS-REV,A7,-9,g/haul,116.0000,items/haul,3,UNK,-9,-9
LT,4,FR,35HT,GOV,EVHOE,,,X0446,6,2019,C-TS-REV,A7,-9,g/haul,28.0000,items/haul,2,UNK,-9,-9
LT,4,FR,35HT,GOV,EVHOE,,,X0448,7,2019,C-TS-REV,A7,-9,g/haul,46.0000,items/haul,7,UNK,-9,-9
LT,4,FR,35HT,GOV,EVHOE,,,X0445,5,2019,C-TS-REV,A7,-9,g/haul,8.0000,items/haul,1,UNK,-9,-9
LT,4,FR,35HT,GOV,EVHOE,,,X0443,3,2019,C-TS-REV,A7,-9,g/haul,56.0000,items/haul,18,UNK,-9,-9
LT,4,FR,35HT,GOV,EVHOE,,,X0441,1,2019,C-TS-REV,A7,-9,g/haul,35.0000,items/haul,13,UNK,-9,-9
LT,4,FR,35HT,GOV,EVHOE,,,X0456,14,2019,C-TS-REV,A7,-9,g/haul,20.0000,items/haul,2,UNK,-9,-9
LT,4,FR,35HT,GOV,EVHOE,,,X0457,15,2019,C-TS-REV,A7,-9,g/haul,14.0000,items/haul,5,UNK,-9,-9
LT,4,FR,35HT,GOV,EVHOE,,,X0454,12,2019,C-TS-REV,A7,-9,g/haul,97.0000,items/haul,9,UNK,-9,-9
LT,4,FR,35HT,GOV,EVHOE,,,X0452,11,2019,C-TS-REV,A7,-9,g/haul,46.0000,items/haul,8,UNK,-9,-9
LT,4,FR,35HT,GOV,EVHOE,,,X0451,10,2019,C-TS-REV,A7,-9,g/haul,4.0000,items/haul,1,UNK,-9,-9
LT,4,FR,35HT,GOV,EVHOE,,,X0450,9,2019,C-TS-REV,A7,-9,g/haul,130.0000,items/haul,5,UNK,-9,-9
LT,4,FR,35HT,GOV,EVHOE,,,X0466,22,2019,C-TS-REV,A7,-9,g/haul,24.0000,items/haul,6,UNK,-9,-9
LT,4,FR,35HT,GOV,EVHOE,,,X0467,23,2019,C-TS-REV,A7,-9,g/haul,6.5000,items/haul,2,UNK,-9,-9
LT,4,FR,35HT,GOV,EVHOE,,,X0463,20,2019,C-TS-REV,A7,-9,g/haul,11.5000,items/haul,2,UNK,-9,-9
LT,4,FR,35HT,GOV,EVHOE,,,X0465,21,2019,C-TS-REV,A7,-9,g/haul,113.0000,items/haul,10,UNK,-9,-9
LT,4,FR,35HT,GOV,EVHOE,,,X0460,17,2019,C-TS-REV,A7,-9,g/haul,39.0000,items/haul,7,UNK,-9,-9
LT,4,FR,35HT,GOV,EVHOE,,,X0459,16,2019,C-TS-REV,A7,-9,g/haul,7.0000,items/haul,2,UNK,-9,-9
LT,4,FR,35HT,GOV,EVHOE,,,X0473,28,2019,C-TS-REV,A7,-9,g/haul,11.0000,items/haul,3,UNK,-9,-9
LT,4,FR,35HT,GOV,EVHOE,,,X0475,30,2019,C-TS-REV,A7,-9,g/haul,4.0000,items/haul,1,UNK,-9,-9
LT,4,FR,35HT,GOV,EVHOE,,,X0472,27,2019,C-TS-REV,A7,-9,g/haul,37.0000,items/haul,1,UNK,-9,-9
LT,4,FR,35HT,GOV,EVHOE,,,X0468,24,2019,C-TS-REV,A7,-9,g/haul,1.0000,items/haul,1,UNK,-9,-9
LT,4,FR,35HT,GOV,EVHOE,,,X0469,25,2019,C-TS-REV,A7,-9,g/haul,11.0000,items/haul,1,UNK,-9,-9
LT,4,FR,35HT,GOV,EVHOE,,,X0471,26,2019,C-TS-REV,A7,-9,g/haul,250.0000,items/haul,8,UNK,-9,-9
LT,4,FR,35HT,GOV,EVHOE,,,X0529,83,2019,C-TS-REV,A7,-9,g/haul,2.0000,items/haul,1,UNK,-9,-9
LT,4,FR,35HT,GOV,EVHOE,,,X0527,81,2019,C-TS-REV,A7,-9,g/haul,4.0000,items/haul,3,UNK,-9,-9
LT,4,FR,35HT,GOV,EVHOE,,,X0520,74,2019,C-TS-REV,A7,D,g/haul,15.0000,items/haul,7,UNK,-9,-9
LT,4,FR,35HT,GOV,EVHOE,,,X0505,59,2019,C-TS-REV,A7,D,g/haul,1000.0000,items/haul,3,UNK,-9,-9
LT,4,FR,35HT,GOV,EVHOE,,,X0492,46,2019,C-TS-REV,A7,D,g/haul,2.5000,items/haul,1,UNK,-9,-9
LT,4,FR,35HT,GOV,EVHOE,,,X0478,32,2019,C-TS-REV,A7,-9,g/haul,89.0000,items/haul,7,UNK,-9,-9
LT,4,FR,35HT,GOV,EVHOE,,,X0559,113,2019,C-TS-REV,A7,-9,g/haul,151.0000,items/haul,2,UNK,-9,-9
LT,4,FR,35HT,GOV,EVHOE,,,X0554,108,2019,C-TS-REV,A7,-9,g/haul,18.0000,items/haul,2,UNK,-9,-9
LT,4,FR,35HT,GOV,EVHOE,,,X0552,106,2019,C-TS-REV,A7,-9,g/haul,10.0000,items/haul,1,UNK,-9,-9
LT,4,FR,35HT,GOV,EVHOE,,,X0553,107,2019,C-TS-REV,A7,-9,g/haul,26.0000,items/haul,3,UNK,-9,-9
LT,4,FR,35HT,GOV,EVHOE,,,X0550,104,2019,C-TS-REV,A7,-9,g/haul,6.0000,items/haul,2,UNK,-9,-9
LT,4,FR,35HT,GOV,EVHOE,,,X0538,92,2019,C-TS-REV,A7,-9,g/haul,150.0000,items/haul,4,UNK,-9,-9
LT,4,FR,35HT,GOV,EVHOE,,,X0568,122,2019,C-TS-REV,A7,-9,g/haul,5.0000,items/haul,2,UNK,-9,-9
LT,4,FR,35HT,GOV,EVHOE,,,X0567,121,2019,C-TS-REV,A7,-9,g/haul,71.0000,items/haul,2,UNK,-9,-9
LT,4,FR,35HT,GOV,EVHOE,,,X0565,119,2019,C-TS-REV,A7,-9,g/haul,15.0000,items/haul,1,UNK,-9,-9
LT,4,FR,35HT,GOV,EVHOE,,,X0564,118,2019,C-TS-REV,A7,-9,g/haul,464.0000,items/haul,1,UNK,-9,-9
LT,4,FR,35HT,GOV,EVHOE,,,X0563,117,2019,C-TS-REV,A7,-9,g/haul,19.0000,items/haul,1,UNK,-9,-9
LT,4,FR,35HT,GOV,EVHOE,,,X0557,111,2019,C-TS-REV,A7,-9,g/haul,5.0000,items/haul,1,UNK,-9,-9
LT,4,FR,35HT,GOV,EVHOE,,,X0580,134,2019,C-TS-REV,A7,-9,g/haul,3.0000,items/haul,1,UNK,-9,-9
LT,4,FR,35HT,GOV,EVHOE,,,X0575,129,2019,C-TS-REV,A7,-9,g/haul,42.0000,items/haul,2,UNK,-9,-9
LT,4,FR,35HT,GOV,EVHOE,,,X0576,130,2019,C-TS-REV,A7,-9,g/haul,5.0000,items/haul,1,UNK,-9,-9
LT,4,FR,35HT,GOV,EVHOE,,,X0577,131,2019,C-TS-REV,A7,-9,g/haul,45.0000,items/haul,1,UNK,-9,-9
LT,4,FR,35HT,GOV,EVHOE,,,X0572,126,2019,C-TS-REV,A7,-9,g/haul,500.0000,items/haul,1,UNK,-9,-9
LT,4,FR,35HT,GOV,EVHOE,,,X0570,124,2019,C-TS-REV,A7,-9,g/haul,1.0000,items/haul,1,UNK,-9,-9
LT,4,FR,35HT,GOV,EVHOE,,,X0589,143,2019,C-TS-REV,A7,-9,g/haul,18.0000,items/haul,4,UNK,-9,-9
LT,4,FR,35HT,GOV,EVHOE,,,X0584,138,2019,C-TS-REV,A7,-9,g/haul,66.0000,items/haul,3,UNK,-9,-9
LT,4,FR,35HT,GOV,EVHOE,,,X0585,139,2019,C-TS-REV,A7,-9,g/haul,5.0000,items/haul,1,UNK,-9,-9
LT,4,FR,35HT,GOV,EVHOE,,,X0581,135,2019,C-TS-REV,A7,-9,g/haul,2.0000,items/haul,1,UNK,-9,-9
LT,4,FR,35HT,GOV,EVHOE,,,X0582,136,2019,C-TS-REV,A7,-9,g/haul,5.0000,items/haul,2,UNK,-9,-9
LT,4,FR,35HT,GOV,EVHOE,,,X0583,137,2019,C-TS-REV,A7,-9,g/haul,22.0000,items/haul,3,UNK,-9,-9
LT,4,FR,35HT,GOV,EVHOE,,,X0593,147,2019,C-TS-REV,A7,-9,g/haul,1.0000,items/haul,2,UNK,-9,-9
LT,4,FR,35HT,GOV,EVHOE,,,X0594,148,2019,C-TS-REV,A7,-9,g/haul,1.0000,items/haul,1,UNK,-9,-9
LT,4,FR,35HT,GOV,EVHOE,,,X0590,144,2019,C-TS-REV,A7,-9,g/haul,45.0000,items/haul,1,UNK,-9,-9
LT,4,FR,35HT,GOV,EVHOE,,,X0591,145,2019,C-TS-REV,A7,-9,g/haul,5.0000,items/haul,1,UNK,-9,-9
LT,4,FR,35HT,GOV,EVHOE,,,X0586,140,2019,C-TS-REV,A7,-9,g/haul,17.0000,items/haul,6,UNK,-9,-9
LT,4,FR,35HT,GOV,EVHOE,,,X0587,141,2019,C-TS-REV,A7,-9,g/haul,12.0000,items/haul,1,UNK,-9,-9
LT,4,FR,35HT,GOV,EVHOE,,,Y0296,8,2020,C-TS-REV,A7,-9,g/haul,48.0000,items/haul,5,UNK,-9,-9
LT,4,FR,35HT,GOV,EVHOE,,,Y0294,6,2020,C-TS-REV,A7,-9,g/haul,8.0000,items/haul,2,UNK,-9,-9
LT,4,FR,35HT,GOV,EVHOE,,,Y0293,5,2020,C-TS-REV,A7,-9,g/haul,20.0000,items/haul,1,UNK,-9,-9
LT,4,FR,35HT,GOV,EVHOE,,,Y0290,2,2020,C-TS-REV,A7,-9,g/haul,3.0000,items/haul,1,UNK,-9,-9
LT,4,FR,35HT,GOV,EVHOE,,,X0596,150,2019,C-TS-REV,A7,-9,g/haul,2.0000,items/haul,1,UNK,-9,-9
LT,4,FR,35HT,GOV,EVHOE,,,X0597,151,2019,C-TS-REV,A7,-9,g/haul,3.0000,items/haul,4,UNK,-9,-9
LT,4,FR,35HT,GOV,EVHOE,,,Y0310,22,2020,C-TS-REV,A7,-9,g/haul,11.0000,items/haul,3,UNK,-9,-9
LT,4,FR,35HT,GOV,EVHOE,,,Y0309,21,2020,C-TS-REV,A7,-9,g/haul,5.0000,items/haul,2,UNK,-9,-9
LT,4,FR,35HT,GOV,EVHOE,,,Y0301,13,2020,C-TS-REV,A7,-9,g/haul,116.0000,items/haul,5,UNK,-9,-9
LT,4,FR,35HT,GOV,EVHOE,,,Y0300,12,2020,C-TS-REV,A7,-9,g/haul,38.0000,items/haul,6,UNK,-9,-9
LT,4,FR,35HT,GOV,EVHOE,,,Y0297,9,2020,C-TS-REV,A7,-9,g/haul,10.0000,items/haul,2,UNK,-9,-9
LT,4,FR,35HT,GOV,EVHOE,,,Y0298,10,2020,C-TS-REV,A7,-9,g/haul,25.0000,items/haul,3,UNK,-9,-9
LT,4,FR,35HT,GOV,EVHOE,,,Y0336,48,2020,C-TS-REV,A7,D,g/haul,4.0000,items/haul,1,UNK,-9,-9
LT,4,FR,35HT,GOV,EVHOE,,,Y0331,43,2020,C-TS-REV,A7,-9,g/haul,2.0000,items/haul,1,UNK,-9,-9
LT,4,FR,35HT,GOV,EVHOE,,,Y0324,36,2020,C-TS-REV,A7,D,g/haul,33.0000,items/haul,3,UNK,-9,-9
LT,4,FR,35HT,GOV,EVHOE,,,Y0317,29,2020,C-TS-REV,A7,D,g/haul,3.0000,items/haul,1,UNK,-9,-9
LT,4,FR,35HT,GOV,EVHOE,,,Y0314,26,2020,C-TS-REV,A7,D,g/haul,3.0000,items/haul,2,UNK,-9,-9
LT,4,FR,35HT,GOV,EVHOE,,,Y0313,25,2020,C-TS-REV,A7,-9,g/haul,17.0000,items/haul,5,UNK,-9,-9
LT,4,FR,35HT,GOV,EVHOE,,,Y0353,65,2020,C-TS-REV,A7,-9,g/haul,4.0000,items/haul,1,UNK,-9,-9
LT,4,FR,35HT,GOV,EVHOE,,,Y0351,63,2020,C-TS-REV,A7,-9,g/haul,14.0000,items/haul,2,UNK,-9,-9
LT,4,FR,35HT,GOV,EVHOE,,,Y0350,62,2020,C-TS-REV,A7,-9,g/haul,76.0000,items/haul,3,UNK,-9,-9
LT,4,FR,35HT,GOV,EVHOE,,,Y0346,58,2020,C-TS-REV,A7,-9,g/haul,3.0000,items/haul,1,UNK,-9,-9
LT,4,FR,35HT,GOV,EVHOE,,,Y0344,56,2020,C-TS-REV,A7,-9,g/haul,384.0000,items/haul,2,UNK,-9,-9
LT,4,FR,35HT,GOV,EVHOE,,,Y0343,55,2020,C-TS-REV,A7,-9,g/haul,7.0000,items/haul,1,UNK,-9,-9
LT,4,FR,35HT,GOV,EVHOE,,,Y0362,74,2020,C-TS-REV,A7,-9,g/haul,2.0000,items/haul,1,UNK,-9,-9
LT,4,FR,35HT,GOV,EVHOE,,,Y0358,70,2020,C-TS-REV,A7,-9,g/haul,8.0000,items/haul,2,UNK,-9,-9
LT,4,FR,35HT,GOV,EVHOE,,,Y0361,73,2020,C-TS-REV,A7,-9,g/haul,2.0000,items/haul,1,UNK,-9,-9
LT,4,FR,35HT,GOV,EVHOE,,,Y0354,66,2020,C-TS-REV,A7,-9,g/haul,3.0000,items/haul,1,UNK,-9,-9
LT,4,FR,35HT,GOV,EVHOE,,,Y0357,69,2020,C-TS-REV,A7,-9,g/haul,8.0000,items/haul,1,UNK,-9,-9
LT,4,FR,35HT,GOV,EVHOE,,,Y0352,64,2020,C-TS-REV,A7,-9,g/haul,4.0000,items/haul,1,UNK,-9,-9
LT,4,FR,35HT,GOV,EVHOE,,,Y0374,86,2020,C-TS-REV,A7,-9,g/haul,10.0000,items/haul,2,UNK,-9,-9
LT,4,FR,35HT,GOV,EVHOE,,,Y0369,81,2020,C-TS-REV,A7,-9,g/haul,466.0000,items/haul,1,UNK,-9,-9
LT,4,FR,35HT,GOV,EVHOE,,,Y0367,79,2020,C-TS-REV,A7,-9,g/haul,4.0000,items/haul,1,UNK,-9,-9
LT,4,FR,35HT,GOV,EVHOE,,,Y0368,80,2020,C-TS-REV,A7,-9,g/haul,4.0000,items/haul,1,UNK,-9,-9
LT,4,FR,35HT,GOV,EVHOE,,,Y0366,78,2020,C-TS-REV,A7,-9,g/haul,69.0000,items/haul,2,UNK,-9,-9
LT,4,FR,35HT,GOV,EVHOE,,,Y0363,75,2020,C-TS-REV,A7,-9,g/haul,1.0000,items/haul,1,UNK,-9,-9
LT,4,FR,35HT,GOV,EVHOE,,,Y0415,121,2020,C-TS-REV,A7,-9,g/haul,10.0000,items/haul,4,UNK,-9,-9
LT,4,FR,35HT,GOV,EVHOE,,,Y0405,112,2020,C-TS-REV,A7,-9,g/haul,23.0000,items/haul,1,UNK,-9,-9
LT,4,FR,35HT,GOV,EVHOE,,,Y0400,108,2020,C-TS-REV,A7,-9,g/haul,5.0000,items/haul,2,UNK,-9,-9
LT,4,FR,35HT,GOV,EVHOE,,,Y0402,109,2020,C-TS-REV,A7,-9,g/haul,82.0000,items/haul,4,UNK,-9,-9
LT,4,FR,35HT,GOV,EVHOE,,,Y0394,103,2020,C-TS-REV,A7,D,g/haul,573.0000,items/haul,3,UNK,-9,-9
LT,4,FR,35HT,GOV,EVHOE,,,Y0381,92,2020,C-TS-REV,A7,-9,g/haul,41.0000,items/haul,3,UNK,-9,-9
LT,4,FR,35HT,GOV,EVHOE,,,Y0426,132,2020,C-TS-REV,A7,-9,g/haul,1.0000,items/haul,7,UNK,-9,-9
LT,4,FR,35HT,GOV,EVHOE,,,Y0424,130,2020,C-TS-REV,A7,-9,g/haul,14.0000,items/haul,18,UNK,-9,-9
LT,4,FR,35HT,GOV,EVHOE,,,Y0420,126,2020,C-TS-REV,A7,-9,g/haul,75.0000,items/haul,16,UNK,-9,-9
LT,4,FR,35HT,GOV,EVHOE,,,Y0421,127,2020,C-TS-REV,A7,-9,g/haul,4.0000,items/haul,3,UNK,-9,-9
LT,4,FR,35HT,GOV,EVHOE,,,Y0417,123,2020,C-TS-REV,A7,-9,g/haul,8.0000,items/haul,17,UNK,-9,-9
LT,4,FR,35HT,GOV,EVHOE,,,Y0416,122,2020,C-TS-REV,A7,-9,g/haul,64.0000,items/haul,1,UNK,-9,-9
LT,4,FR,35HT,GOV,EVHOE,,,Y0447,151,2020,C-TS-REV,A7,-9,g/haul,58.0000,items/haul,2,UNK,-9,-9
LT,4,FR,35HT,GOV,EVHOE,,,Y0446,150,2020,C-TS-REV,A7,-9,g/haul,14.0000,items/haul,3,UNK,-9,-9
LT,4,FR,35HT,GOV,EVHOE,,,Y0438,142,2020,C-TS-REV,A7,-9,g/haul,33.0000,items/haul,1,UNK,-9,-9
LT,4,FR,35HT,GOV,EVHOE,,,Y0435,139,2020,C-TS-REV,A7,-9,g/haul,8.0000,items/haul,5,UNK,-9,-9
LT,4,FR,35HT,GOV,EVHOE,,,Y0434,138,2020,C-TS-REV,A7,D,g/haul,726.0000,items/haul,3,UNK,-9,-9
LT,4,FR,35HT,GOV,EVHOE,,,Y0429,134,2020,C-TS-REV,A7,-9,g/haul,18.0000,items/haul,1,UNK,-9,-9
LT,4,FR,35HT,GOV,EVHOE,,,S0980,156,2014,RECO-LT,LT-TOT,-9,g/haul,14.0000,items/haul,5,UNK,-9,-9
LT,4,FR,35HT,GOV,EVHOE,,,S0975,151,2014,RECO-LT,LT-TOT,-9,g/haul,1.0000,items/haul,1,UNK,-9,-9
LT,4,FR,35HT,GOV,EVHOE,,,S0976,152,2014,RECO-LT,LT-TOT,-9,g/haul,36.0000,items/haul,16,UNK,-9,-9
LT,4,FR,35HT,GOV,EVHOE,,,S0977,153,2014,RECO-LT,LT-TOT,-9,g/haul,19.0000,items/haul,11,UNK,-9,-9
LT,4,FR,35HT,GOV,EVHOE,,,S0978,154,2014,RECO-LT,LT-TOT,-9,g/haul,26.0000,items/haul,7,UNK,-9,-9
LT,4,FR,35HT,GOV,EVHOE,,,S0970,146,2014,RECO-LT,LT-TOT,-9,g/haul,106.0000,items/haul,50,UNK,-9,-9
LT,4,FR,35HT,GOV,EVHOE,,,S0971,147,2014,RECO-LT,LT-TOT,-9,g/haul,2.0000,items/haul,2,UNK,-9,-9
LT,4,FR,35HT,GOV,EVHOE,,,S0972,148,2014,RECO-LT,LT-TOT,-9,g/haul,10.0000,items/haul,8,UNK,-9,-9
LT,4,FR,35HT,GOV,EVHOE,,,S0973,149,2014,RECO-LT,LT-TOT,-9,g/haul,23.0000,items/haul,6,UNK,-9,-9
LT,4,FR,35HT,GOV,EVHOE,,,S0974,150,2014,RECO-LT,LT-TOT,-9,g/haul,47.0000,items/haul,20,UNK,-9,-9
LT,4,FR,35HT,GOV,EVHOE,,,S0966,142,2014,RECO-LT,LT-TOT,-9,g/haul,7.0000,items/haul,6,UNK,-9,-9
LT,4,FR,35HT,GOV,EVHOE,,,S0967,143,2014,RECO-LT,LT-TOT,-9,g/haul,15.0000,items/haul,3,UNK,-9,-9
LT,4,FR,35HT,GOV,EVHOE,,,S0968,144,2014,RECO-LT,LT-TOT,-9,g/haul,15.0000,items/haul,4,UNK,-9,-9
LT,4,FR,35HT,GOV,EVHOE,,,S0969,145,2014,RECO-LT,LT-TOT,-9,g/haul,18.0000,items/haul,18,UNK,-9,-9
LT,4,FR,35HT,GOV,EVHOE,,,S0963,139,2014,RECO-LT,LT-TOT,-9,g/haul,104.0000,items/haul,15,UNK,-9,-9
LT,4,FR,35HT,GOV,EVHOE,,,S0964,140,2014,RECO-LT,LT-TOT,-9,g/haul,4.0000,items/haul,1,UNK,-9,-9
LT,4,FR,35HT,GOV,EVHOE,,,S0965,141,2014,RECO-LT,LT-TOT,-9,g/haul,26.0000,items/haul,9,UNK,-9,-9
LT,4,FR,35HT,GOV,EVHOE,,,S0959,135,2014,RECO-LT,LT-TOT,-9,g/haul,1.0000,items/haul,1,UNK,-9,-9
LT,4,FR,35HT,GOV,EVHOE,,,S0960,136,2014,RECO-LT,LT-TOT,-9,g/haul,28.0000,items/haul,1,UNK,-9,-9
LT,4,FR,35HT,GOV,EVHOE,,,S0961,137,2014,RECO-LT,LT-TOT,-9,g/haul,22.0000,items/haul,2,UNK,-9,-9
LT,4,FR,35HT,GOV,EVHOE,,,S0962,138,2014,RECO-LT,LT-TOT,-9,g/haul,8.0000,items/haul,3,UNK,-9,-9
LT,4,FR,35HT,GOV,EVHOE,,,S0955,131,2014,RECO-LT,LT-TOT,-9,g/haul,6.0000,items/haul,3,UNK,-9,-9
LT,4,FR,35HT,GOV,EVHOE,,,S0956,132,2014,RECO-LT,LT-TOT,-9,g/haul,15.0000,items/haul,15,UNK,-9,-9
LT,4,FR,35HT,GOV,EVHOE,,,S0957,133,2014,RECO-LT,LT-TOT,-9,g/haul,6.0000,items/haul,4,UNK,-9,-9
LT,4,FR,35HT,GOV,EVHOE,,,S0958,134,2014,RECO-LT,LT-TOT,-9,g/haul,4.0000,items/haul,4,UNK,-9,-9
LT,4,FR,35HT,GOV,EVHOE,,,S0953,129,2014,RECO-LT,LT-TOT,-9,g/haul,30.0000,items/haul,20,UNK,-9,-9
LT,4,FR,35HT,GOV,EVHOE,,,S0954,130,2014,RECO-LT,LT-TOT,-9,g/haul,20.0000,items/haul,16,UNK,-9,-9
LT,4,FR,35HT,GOV,EVHOE,,,S0951,127,2014,RECO-LT,LT-TOT,-9,g/haul,9.0000,items/haul,9,UNK,-9,-9
LT,4,FR,35HT,GOV,EVHOE,,,S0952,128,2014,RECO-LT,LT-TOT,-9,g/haul,124.0000,items/haul,20,UNK,-9,-9
LT,4,FR,35HT,GOV,EVHOE,,,S0948,124,2014,RECO-LT,LT-TOT,-9,g/haul,7.0000,items/haul,3,UNK,-9,-9
LT,4,FR,35HT,GOV,EVHOE,,,S0949,125,2014,RECO-LT,LT-TOT,-9,g/haul,5.0000,items/haul,3,UNK,-9,-9
LT,4,FR,35HT,GOV,EVHOE,,,S0950,126,2014,RECO-LT,LT-TOT,-9,g/haul,93.0000,items/haul,50,UNK,-9,-9
LT,4,FR,35HT,GOV,EVHOE,,,S0946,122,2014,RECO-LT,LT-TOT,-9,g/haul,30.0000,items/haul,10,UNK,-9,-9
LT,4,FR,35HT,GOV,EVHOE,,,S0947,123,2014,RECO-LT,LT-TOT,-9,g/haul,6.0000,items/haul,1,UNK,-9,-9
LT,4,FR,35HT,GOV,EVHOE,,,S0943,119,2014,RECO-LT,LT-TOT,-9,g/haul,48.0000,items/haul,5,UNK,-9,-9
LT,4,FR,35HT,GOV,EVHOE,,,S0944,120,2014,RECO-LT,LT-TOT,-9,g/haul,124.0000,items/haul,3,UNK,-9,-9
LT,4,FR,35HT,GOV,EVHOE,,,S0945,121,2014,RECO-LT,LT-TOT,-9,g/haul,6.0000,items/haul,1,UNK,-9,-9
LT,4,FR,35HT,GOV,EVHOE,,,S0942,118,2014,RECO-LT,LT-TOT,-9,g/haul,8.0000,items/haul,4,UNK,-9,-9
LT,4,FR,35HT,GOV,EVHOE,,,S0935,111,2014,RECO-LT,LT-TOT,-9,g/haul,-9.0000,items/haul,0,UNK,-9,-9
LT,4,FR,35HT,GOV,EVHOE,,,S0936,112,2014,RECO-LT,LT-TOT,-9,g/haul,50.0000,items/haul,38,UNK,-9,-9
LT,4,FR,35HT,GOV,EVHOE,,,S0937,113,2014,RECO-LT,LT-TOT,-9,g/haul,-9.0000,items/haul,0,UNK,-9,-9
LT,4,FR,35HT,GOV,EVHOE,,,S0933,109,2014,RECO-LT,LT-TOT,-9,g/haul,10.0000,items/haul,5,UNK,-9,-9
LT,4,FR,35HT,GOV,EVHOE,,,S0934,110,2014,RECO-LT,LT-TOT,-9,g/haul,5.0000,items/haul,4,UNK,-9,-9
LT,4,FR,35HT,GOV,EVHOE,,,S0931,107,2014,RECO-LT,LT-TOT,-9,g/haul,1.0000,items/haul,1,UNK,-9,-9
LT,4,FR,35HT,GOV,EVHOE,,,S0932,108,2014,RECO-LT,LT-TOT,-9,g/haul,4.0000,items/haul,2,UNK,-9,-9
LT,4,FR,35HT,GOV,EVHOE,,,S0928,104,2014,RECO-LT,LT-TOT,-9,g/haul,1.0000,items/haul,1,UNK,-9,-9
LT,4,FR,35HT,GOV,EVHOE,,,S0925,101,2014,RECO-LT,LT-TOT,-9,g/haul,21.0000,items/haul,1,UNK,-9,-9
LT,4,FR,35HT,GOV,EVHOE,,,S0921,97,2014,RECO-LT,LT-TOT,-9,g/haul,9.0000,items/haul,3,UNK,-9,-9
LT,4,FR,35HT,GOV,EVHOE,,,S0916,93,2014,RECO-LT,LT-TOT,-9,g/haul,3.0000,items/haul,1,UNK,-9,-9
LT,4,FR,35HT,GOV,EVHOE,,,S0915,92,2014,RECO-LT,LT-TOT,-9,g/haul,8.0000,items/haul,1,UNK,-9,-9
LT,4,FR,35HT,GOV,EVHOE,,,S0907,86,2014,RECO-LT,LT-TOT,-9,g/haul,10.0000,items/haul,2,UNK,-9,-9
LT,4,FR,35HT,GOV,EVHOE,,,S0909,87,2014,RECO-LT,LT-TOT,-9,g/haul,-9.0000,items/haul,0,UNK,-9,-9
LT,4,FR,35HT,GOV,EVHOE,,,S0910,88,2014,RECO-LT,LT-TOT,-9,g/haul,-9.0000,items/haul,0,UNK,-9,-9
LT,4,FR,35HT,GOV,EVHOE,,,S0904,83,2014,RECO-LT,LT-TOT,-9,g/haul,55.0000,items/haul,1,UNK,-9,-9
LT,4,FR,35HT,GOV,EVHOE,,,S0905,84,2014,RECO-LT,LT-TOT,-9,g/haul,-9.0000,items/haul,0,UNK,-9,-9
LT,4,FR,35HT,GOV,EVHOE,,,S0906,85,2014,RECO-LT,LT-TOT,-9,g/haul,16.0000,items/haul,1,UNK,-9,-9
LT,4,FR,35HT,GOV,EVHOE,,,S0902,81,2014,RECO-LT,LT-TOT,-9,g/haul,37.0000,items/haul,11,UNK,-9,-9
LT,4,FR,35HT,GOV,EVHOE,,,S0903,82,2014,RECO-LT,LT-TOT,-9,g/haul,1.0000,items/haul,1,UNK,-9,-9
LT,4,FR,35HT,GOV,EVHOE,,,S0904,83,2014,RECO-LT,LT-TOT,-9,g/haul,4.0000,items/haul,2,UNK,-9,-9
LT,4,FR,35HT,GOV,EVHOE,,,S0898,77,2014,RECO-LT,LT-TOT,-9,g/haul,2.0000,items/haul,5,UNK,-9,-9
LT,4,FR,35HT,GOV,EVHOE,,,S0900,79,2014,RECO-LT,LT-TOT,-9,g/haul,-9.0000,items/haul,0,UNK,-9,-9
LT,4,FR,35HT,GOV,EVHOE,,,S0901,80,2014,RECO-LT,LT-TOT,-9,g/haul,1.0000,items/haul,2,UNK,-9,-9
LT,4,FR,35HT,GOV,EVHOE,,,S0895,74,2014,RECO-LT,LT-TOT,-9,g/haul,55.0000,items/haul,3,UNK,-9,-9
LT,4,FR,35HT,GOV,EVHOE,,,S0896,75,2014,RECO-LT,LT-TOT,-9,g/haul,-9.0000,items/haul,0,UNK,-9,-9
LT,4,FR,35HT,GOV,EVHOE,,,S0897,76,2014,RECO-LT,LT-TOT,-9,g/haul,14.0000,items/haul,7,UNK,-9,-9
LT,4,FR,35HT,GOV,EVHOE,,,S0892,71,2014,RECO-LT,LT-TOT,-9,g/haul,113.0000,items/haul,1,UNK,-9,-9
LT,4,FR,35HT,GOV,EVHOE,,,S0893,72,2014,RECO-LT,LT-TOT,-9,g/haul,2.0000,items/haul,2,UNK,-9,-9
LT,4,FR,35HT,GOV,EVHOE,,,S0891,70,2014,RECO-LT,LT-TOT,-9,g/haul,204.0000,items/haul,1,UNK,-9,-9
LT,4,FR,35HT,GOV,EVHOE,,,S0892,71,2014,RECO-LT,LT-TOT,-9,g/haul,1.0000,items/haul,1,UNK,-9,-9
LT,4,FR,35HT,GOV,EVHOE,,,S0890,69,2014,RECO-LT,LT-TOT,-9,g/haul,1.0000,items/haul,2,UNK,-9,-9
LT,4,FR,35HT,GOV,EVHOE,,,S0889,68,2014,RECO-LT,LT-TOT,-9,g/haul,2.0000,items/haul,3,UNK,-9,-9
LT,4,FR,35HT,GOV,EVHOE,,,S0885,64,2014,RECO-LT,LT-TOT,-9,g/haul,3.0000,items/haul,1,UNK,-9,-9
LT,4,FR,35HT,GOV,EVHOE,,,S0884,63,2014,RECO-LT,LT-TOT,-9,g/haul,189.0000,items/haul,1,UNK,-9,-9
LT,4,FR,35HT,GOV,EVHOE,,,S0881,61,2014,RECO-LT,LT-TOT,-9,g/haul,15.0000,items/haul,4,UNK,-9,-9
LT,4,FR,35HT,GOV,EVHOE,,,S0875,55,2014,RECO-LT,LT-TOT,-9,g/haul,20.0000,items/haul,4,UNK,-9,-9
LT,4,FR,35HT,GOV,EVHOE,,,S0873,54,2014,RECO-LT,LT-TOT,-9,g/haul,230.0000,items/haul,15,UNK,-9,-9
LT,4,FR,35HT,GOV,EVHOE,,,S0869,50,2014,RECO-LT,LT-TOT,-9,g/haul,16.0000,items/haul,13,UNK,-9,-9
LT,4,FR,35HT,GOV,EVHOE,,,S0867,48,2014,RECO-LT,LT-TOT,-9,g/haul,10.0000,items/haul,4,UNK,-9,-9
LT,4,FR,35HT,GOV,EVHOE,,,S0868,49,2014,RECO-LT,LT-TOT,-9,g/haul,237.0000,items/haul,16,UNK,-9,-9
LT,4,FR,35HT,GOV,EVHOE,,,S0866,47,2014,RECO-LT,LT-TOT,-9,g/haul,456.0000,items/haul,16,UNK,-9,-9
LT,4,FR,35HT,GOV,EVHOE,,,S0865,46,2014,RECO-LT,LT-TOT,-9,g/haul,178.0000,items/haul,36,UNK,-9,-9
LT,4,FR,35HT,GOV,EVHOE,,,S0864,45,2014,RECO-LT,LT-TOT,-9,g/haul,15.0000,items/haul,5,UNK,-9,-9
LT,4,FR,35HT,GOV,EVHOE,,,S0862,43,2014,RECO-LT,LT-TOT,-9,g/haul,8.0000,items/haul,1,UNK,-9,-9
LT,4,FR,35HT,GOV,EVHOE,,,S0863,44,2014,RECO-LT,LT-TOT,-9,g/haul,1.0000,items/haul,3,UNK,-9,-9
LT,4,FR,35HT,GOV,EVHOE,,,S0860,41,2014,RECO-LT,LT-TOT,-9,g/haul,3.0000,items/haul,1,UNK,-9,-9
LT,4,FR,35HT,GOV,EVHOE,,,S0861,42,2014,RECO-LT,LT-TOT,-9,g/haul,3.0000,items/haul,1,UNK,-9,-9
LT,4,FR,35HT,GOV,EVHOE,,,S0858,39,2014,RECO-LT,LT-TOT,-9,g/haul,58.0000,items/haul,6,UNK,-9,-9
LT,4,FR,35HT,GOV,EVHOE,,,S0859,40,2014,RECO-LT,LT-TOT,-9,g/haul,20.0000,items/haul,2,UNK,-9,-9
LT,4,FR,35HT,GOV,EVHOE,,,S0859,40,2014,RECO-LT,LT-TOT,-9,g/haul,147.0000,items/haul,2,UNK,-9,-9
LT,4,FR,35HT,GOV,EVHOE,,,S0857,38,2014,RECO-LT,LT-TOT,-9,g/haul,60.0000,items/haul,13,UNK,-9,-9
LT,4,FR,35HT,GOV,EVHOE,,,S0856,37,2014,RECO-LT,LT-TOT,-9,g/haul,49.0000,items/haul,16,UNK,-9,-9
LT,4,FR,35HT,GOV,EVHOE,,,S0856,37,2014,RECO-LT,LT-TOT,-9,g/haul,60.0000,items/haul,1,UNK,-9,-9
LT,4,FR,35HT,GOV,EVHOE,,,S0853,34,2014,RECO-LT,LT-TOT,-9,g/haul,6.0000,items/haul,1,UNK,-9,-9
LT,4,FR,35HT,GOV,EVHOE,,,S0855,36,2014,RECO-LT,LT-TOT,-9,g/haul,1.0000,items/haul,1,UNK,-9,-9
LT,4,FR,35HT,GOV,EVHOE,,,S0852,33,2014,RECO-LT,LT-TOT,-9,g/haul,32.0000,items/haul,3,UNK,-9,-9
LT,4,FR,35HT,GOV,EVHOE,,,S0852,33,2014,RECO-LT,LT-TOT,-9,g/haul,18.0000,items/haul,1,UNK,-9,-9
LT,4,FR,35HT,GOV,EVHOE,,,S0850,31,2014,RECO-LT,LT-TOT,-9,g/haul,9.0000,items/haul,7,UNK,-9,-9
LT,4,FR,35HT,GOV,EVHOE,,,S0848,29,2014,RECO-LT,LT-TOT,-9,g/haul,22.0000,items/haul,9,UNK,-9,-9
LT,4,FR,35HT,GOV,EVHOE,,,S0847,28,2014,RECO-LT,LT-TOT,-9,g/haul,325.0000,items/haul,1,UNK,-9,-9
LT,4,FR,35HT,GOV,EVHOE,,,S0847,28,2014,RECO-LT,LT-TOT,-9,g/haul,115.0000,items/haul,1,UNK,-9,-9
LT,4,FR,35HT,GOV,EVHOE,,,S0846,27,2014,RECO-LT,LT-TOT,-9,g/haul,1580.0000,items/haul,4,UNK,-9,-9
LT,4,FR,35HT,GOV,EVHOE,,,S0845,26,2014,RECO-LT,LT-TOT,-9,g/haul,57.0000,items/haul,5,UNK,-9,-9
LT,4,FR,35HT,GOV,EVHOE,,,S0845,26,2014,RECO-LT,LT-TOT,-9,g/haul,350.0000,items/haul,3,UNK,-9,-9
LT,4,FR,35HT,GOV,EVHOE,,,S0843,24,2014,RECO-LT,LT-TOT,-9,g/haul,189.0000,items/haul,1,UNK,-9,-9
LT,4,FR,35HT,GOV,EVHOE,,,S0841,22,2014,RECO-LT,LT-TOT,-9,g/haul,33.0000,items/haul,16,UNK,-9,-9
LT,4,FR,35HT,GOV,EVHOE,,,S0837,18,2014,RECO-LT,LT-TOT,-9,g/haul,16.0000,items/haul,1,UNK,-9,-9
LT,4,FR,35HT,GOV,EVHOE,,,S0838,19,2014,RECO-LT,LT-TOT,-9,g/haul,10.0000,items/haul,4,UNK,-9,-9
LT,4,FR,35HT,GOV,EVHOE,,,S0836,17,2014,RECO-LT,LT-TOT,-9,g/haul,128.0000,items/haul,8,UNK,-9,-9
LT,4,FR,35HT,GOV,EVHOE,,,S0834,15,2014,RECO-LT,LT-TOT,-9,g/haul,40.0000,items/haul,2,UNK,-9,-9
LT,4,FR,35HT,GOV,EVHOE,,,S0835,16,2014,RECO-LT,LT-TOT,-9,g/haul,8.0000,items/haul,2,UNK,-9,-9
LT,4,FR,35HT,GOV,EVHOE,,,S0833,14,2014,RECO-LT,LT-TOT,-9,g/haul,100.0000,items/haul,5,UNK,-9,-9
LT,4,FR,35HT,GOV,EVHOE,,,S0834,15,2014,RECO-LT,LT-TOT,-9,g/haul,12.0000,items/haul,3,UNK,-9,-9
LT,4,FR,35HT,GOV,EVHOE,,,S0832,13,2014,RECO-LT,LT-TOT,-9,g/haul,1.0000,items/haul,1,UNK,-9,-9
LT,4,FR,35HT,GOV,EVHOE,,,S0831,12,2014,RECO-LT,LT-TOT,-9,g/haul,3.0000,items/haul,2,UNK,-9,-9
LT,4,FR,35HT,GOV,EVHOE,,,S0830,11,2014,RECO-LT,LT-TOT,-9,g/haul,16.0000,items/haul,5,UNK,-9,-9
LT,4,FR,35HT,GOV,EVHOE,,,S0828,9,2014,RECO-LT,LT-TOT,-9,g/haul,7.0000,items/haul,2,UNK,-9,-9
LT,4,FR,35HT,GOV,EVHOE,,,S0829,10,2014,RECO-LT,LT-TOT,-9,g/haul,68.0000,items/haul,1,UNK,-9,-9
LT,4,FR,35HT,GOV,EVHOE,,,S0827,8,2014,RECO-LT,LT-TOT,-9,g/haul,3.5000,items/haul,1,UNK,-9,-9
LT,4,FR,35HT,GOV,EVHOE,,,S0826,7,2014,RECO-LT,LT-TOT,-9,g/haul,51.0000,items/haul,3,UNK,-9,-9
LT,4,FR,35HT,GOV,EVHOE,,,S0826,7,2014,RECO-LT,LT-TOT,-9,g/haul,11.0000,items/haul,2,UNK,-9,-9
LT,4,FR,35HT,GOV,EVHOE,,,S0823,4,2014,RECO-LT,LT-TOT,-9,g/haul,5.0000,items/haul,2,UNK,-9,-9
LT,4,FR,35HT,GOV,EVHOE,,,S0825,6,2014,RECO-LT,LT-TOT,-9,g/haul,6.0000,items/haul,4,UNK,-9,-9
LT,4,FR,35HT,GOV,EVHOE,,,S0821,2,2014,RECO-LT,LT-TOT,-9,g/haul,30.0000,items/haul,3,UNK,-9,-9
LT,4,FR,35HT,GOV,EVHOE,,,S0822,3,2014,RECO-LT,LT-TOT,-9,g/haul,-9.0000,items/haul,0,UNK,-9,-9
LT,4,FR,35HT,GOV,EVHOE,,,S0820,1,2014,RECO-LT,LT-TOT,-9,g/haul,600.0000,items/haul,9,UNK,-9,-9
LT,4,FR,35HT,GOV,EVHOE,,,X0588,142,2019,RECO-LT,LT-TOT,-9,g/haul,-9.0000,items/haul,0,UNK,-9,-9
LT,4,FR,35HT,GOV,EVHOE,,,X0551,105,2019,RECO-LT,LT-TOT,-9,g/haul,-9.0000,items/haul,0,UNK,-9,-9
LT,4,FR,35HT,GOV,EVHOE,,,X0547,101,2019,RECO-LT,LT-TOT,-9,g/haul,-9.0000,items/haul,0,UNK,-9,-9
LT,4,FR,35HT,GOV,EVHOE,,,X0530,84,2019,RECO-LT,LT-TOT,D,g/haul,1234.0000,items/haul,1,UNK,-9,-9
LT,4,FR,35HT,GOV,EVHOE,,,X0497,51,2019,RECO-LT,LT-TOT,-9,g/haul,-9.0000,items/haul,0,UNK,-9,-9
LT,4,FR,35HT,GOV,EVHOE,,,X0499,53,2019,RECO-LT,LT-TOT,D,g/haul,174.0000,items/haul,1,UNK,-9,-9
LT,4,FR,35HT,GOV,EVHOE,,,X0496,50,2019,RECO-LT,LT-TOT,-9,g/haul,-9.0000,items/haul,0,UNK,-9,-9
LT,4,FR,35HT,GOV,EVHOE,,,R0490,142,2013,RECO-LT,LT-TOT,-9,g/haul,-9.0000,items/haul,0,UNK,-9,-9
LT,4,FR,35HT,GOV,EVHOE,,,R0453,105,2013,RECO-LT,LT-TOT,-9,g/haul,-9.0000,items/haul,0,UNK,-9,-9
LT,4,FR,35HT,GOV,EVHOE,,,R0443,95,2013,RECO-LT,LT-TOT,-9,g/haul,-9.0000,items/haul,0,UNK,-9,-9
LT,4,FR,35HT,GOV,EVHOE,,,R0429,81,2013,RECO-LT,LT-TOT,-9,g/haul,-9.0000,items/haul,0,UNK,-9,-9
LT,4,FR,35HT,GOV,EVHOE,,,R0426,78,2013,RECO-LT,LT-TOT,-9,g/haul,-9.0000,items/haul,0,UNK,-9,-9
LT,4,FR,35HT,GOV,EVHOE,,,R0423,75,2013,RECO-LT,LT-TOT,-9,g/haul,-9.0000,items/haul,0,UNK,-9,-9
LT,4,FR,35HT,GOV,EVHOE,,,R0390,44,2013,RECO-LT,LT-TOT,-9,g/haul,-9.0000,items/haul,0,UNK,-9,-9
LT,4,FR,35HT,GOV,EVHOE,,,R0376,32,2013,RECO-LT,LT-TOT,-9,g/haul,-9.0000,items/haul,0,UNK,-9,-9
LT,4,FR,35HT,GOV,EVHOE,,,R0363,21,2013,RECO-LT,LT-TOT,-9,g/haul,-9.0000,items/haul,0,UNK,-9,-9
LT,4,FR,35HT,GOV,EVHOE,,,R0359,18,2013,RECO-LT,LT-TOT,-9,g/haul,-9.0000,items/haul,0,UNK,-9,-9
LT,4,FR,35HT,GOV,EVHOE,,,R0360,19,2013,RECO-LT,LT-TOT,-9,g/haul,-9.0000,items/haul,0,UNK,-9,-9
LT,4,FR,35HT,GOV,EVHOE,,,R0343,7,2013,RECO-LT,LT-TOT,-9,g/haul,-9.0000,items/haul,0,UNK,-9,-9
LT,4,FR,35HT,GOV,EVHOE,,,W0661,127,2018,C-TS-REV,A5,-9,g/haul,4.0000,items/haul,4,UNK,-9,-9
LT,4,FR,35HT,GOV,EVHOE,,,W0660,126,2018,C-TS-REV,A5,-9,g/haul,2.0000,items/haul,1,UNK,-9,-9
LT,4,FR,35HT,GOV,EVHOE,,,W0659,125,2018,C-TS-REV,A5,-9,g/haul,2.0000,items/haul,2,UNK,-9,-9
LT,4,FR,35HT,GOV,EVHOE,,,W0657,123,2018,C-TS-REV,A5,-9,g/haul,15.0000,items/haul,10,UNK,-9,-9
LT,4,FR,35HT,GOV,EVHOE,,,W0658,124,2018,C-TS-REV,A5,-9,g/haul,41.0000,items/haul,1,UNK,-9,-9
LT,4,FR,35HT,GOV,EVHOE,,,W0656,122,2018,C-TS-REV,A5,-9,g/haul,79.0000,items/haul,33,UNK,-9,-9
LT,4,FR,35HT,GOV,EVHOE,,,W0655,121,2018,C-TS-REV,B8,-9,g/haul,1.0000,items/haul,4,UNK,-9,-9
LT,4,FR,35HT,GOV,EVHOE,,,W0655,121,2018,C-TS-REV,B1,-9,g/haul,35.0000,items/haul,1,UNK,-9,-9
LT,4,FR,35HT,GOV,EVHOE,,,W0655,121,2018,C-TS-REV,A5,-9,g/haul,19.0000,items/haul,6,UNK,-9,-9
LT,4,FR,35HT,GOV,EVHOE,,,W0654,120,2018,C-TS-REV,A8,-9,g/haul,988.0000,items/haul,1,UNK,-9,-9
LT,4,FR,35HT,GOV,EVHOE,,,W0647,114,2018,C-TS-REV,A8,-9,g/haul,1.0000,items/haul,1,UNK,-9,-9
LT,4,FR,35HT,GOV,EVHOE,,,W0645,112,2018,C-TS-REV,F3,-9,g/haul,1.0000,items/haul,1,UNK,-9,-9
LT,4,FR,35HT,GOV,EVHOE,,,W0637,104,2018,C-TS-REV,A8,-9,g/haul,2.0000,items/haul,3,UNK,-9,-9
LT,4,FR,35HT,GOV,EVHOE,,,W0639,106,2018,C-TS-REV,B1,-9,g/haul,11.0000,items/haul,1,UNK,-9,-9
LT,4,FR,35HT,GOV,EVHOE,,,W0624,91,2018,C-TS-REV,A5,-9,g/haul,4.0000,items/haul,7,UNK,-9,-9
LT,4,FR,35HT,GOV,EVHOE,,,W0617,84,2018,C-TS-REV,A5,-9,g/haul,1.0000,items/haul,1,UNK,-9,-9
LT,4,FR,35HT,GOV,EVHOE,,,W0618,85,2018,C-TS-REV,A8,-9,g/haul,2.0000,items/haul,1,UNK,-9,-9
LT,4,FR,35HT,GOV,EVHOE,,,W0615,82,2018,C-TS-REV,A5,-9,g/haul,1.0000,items/haul,1,UNK,-9,-9
LT,4,FR,35HT,GOV,EVHOE,,,W0615,82,2018,C-TS-REV,D3,-9,g/haul,1.0000,items/haul,1,UNK,-9,-9
LT,4,FR,35HT,GOV,EVHOE,,,W0590,57,2018,C-TS-REV,A8,-9,g/haul,60000.0000,items/haul,1,UNK,-9,-9
LT,4,FR,35HT,GOV,EVHOE,,,W0590,57,2018,C-TS-REV,A5,-9,g/haul,11.0000,items/haul,1,UNK,-9,-9
LT,4,FR,35HT,GOV,EVHOE,,,W0587,54,2018,C-TS-REV,A8,-9,g/haul,1.0000,items/haul,1,UNK,-9,-9
LT,4,FR,35HT,GOV,EVHOE,,,W0587,54,2018,C-TS-REV,A5,-9,g/haul,2.0000,items/haul,1,UNK,-9,-9
LT,4,FR,35HT,GOV,EVHOE,,,W0580,47,2018,C-TS-REV,A5,-9,g/haul,3.0000,items/haul,6,UNK,-9,-9
LT,4,FR,35HT,GOV,EVHOE,,,W0537,9,2018,C-TS-REV,F3,D,g/haul,854.0000,items/haul,1,UNK,-9,-9
LT,4,FR,35HT,GOV,EVHOE,,,W0532,5,2018,C-TS-REV,A5,-9,g/haul,2.0000,items/haul,5,UNK,-9,-9
LT,4,FR,35HT,GOV,EVHOE,,,W0533,6,2018,C-TS-REV,A5,-9,g/haul,8.0000,items/haul,6,UNK,-9,-9
LT,4,FR,35HT,GOV,EVHOE,,,Y0450,154,2020,C-TS-REV,A5,-9,g/haul,3.0000,items/haul,6,UNK,-9,-9
LT,4,FR,35HT,GOV,EVHOE,,,Y0449,153,2020,C-TS-REV,A8,D,g/haul,10.0000,items/haul,1,UNK,-9,-9
LT,4,FR,35HT,GOV,EVHOE,,,Y0449,153,2020,C-TS-REV,A5,-9,g/haul,3.0000,items/haul,6,UNK,-9,-9
LT,4,FR,35HT,GOV,EVHOE,,,Y0448,152,2020,C-TS-REV,A5,-9,g/haul,1.0000,items/haul,2,UNK,-9,-9
LT,4,FR,35HT,GOV,EVHOE,,,Y0446,150,2020,C-TS-REV,A5,-9,g/haul,2.0000,items/haul,3,UNK,-9,-9
LT,4,FR,35HT,GOV,EVHOE,,,Y0444,148,2020,C-TS-REV,F3,D,g/haul,82.0000,items/haul,1,UNK,-9,-9
LT,4,FR,35HT,GOV,EVHOE,,,Y0435,139,2020,C-TS-REV,D3,-9,g/haul,32.0000,items/haul,7,UNK,-9,-9
LT,4,FR,35HT,GOV,EVHOE,,,Y0431,136,2020,C-TS-REV,A8,-9,g/haul,1.0000,items/haul,1,UNK,-9,-9
LT,4,FR,35HT,GOV,EVHOE,,,Y0431,136,2020,C-TS-REV,A5,-9,g/haul,1.0000,items/haul,2,UNK,-9,-9
LT,4,FR,35HT,GOV,EVHOE,,,Y0413,120,2020,C-TS-REV,A5,-9,g/haul,3.0000,items/haul,2,UNK,-9,-9
LT,4,FR,35HT,GOV,EVHOE,,,Y0405,112,2020,C-TS-REV,A5,-9,g/haul,5.0000,items/haul,1,UNK,-9,-9
LT,4,FR,35HT,GOV,EVHOE,,,Y0404,111,2020,C-TS-REV,A5,-9,g/haul,8.0000,items/haul,10,UNK,-9,-9
LT,4,FR,35HT,GOV,EVHOE,,,Y0402,109,2020,C-TS-REV,A5,-9,g/haul,63.0000,items/haul,5,UNK,-9,-9
LT,4,FR,35HT,GOV,EVHOE,,,Y0390,100,2020,C-TS-REV,A5,-9,g/haul,76.0000,items/haul,2,UNK,-9,-9
LT,4,FR,35HT,GOV,EVHOE,,,Y0386,97,2020,C-TS-REV,A5,-9,g/haul,3.0000,items/haul,1,UNK,-9,-9
LT,4,FR,35HT,GOV,EVHOE,,,Y0380,91,2020,C-TS-REV,A5,-9,g/haul,7.0000,items/haul,4,UNK,-9,-9
LT,4,FR,35HT,GOV,EVHOE,,,Y0369,81,2020,C-TS-REV,F3,-9,g/haul,3.0000,items/haul,1,UNK,-9,-9
LT,4,FR,35HT,GOV,EVHOE,,,Y0368,80,2020,C-TS-REV,A5,-9,g/haul,7.0000,items/haul,2,UNK,-9,-9
LT,4,FR,35HT,GOV,EVHOE,,,Y0367,79,2020,C-TS-REV,A5,-9,g/haul,1.0000,items/haul,1,UNK,-9,-9
LT,4,FR,35HT,GOV,EVHOE,,,Y0363,75,2020,C-TS-REV,A5,-9,g/haul,1.0000,items/haul,1,UNK,-9,-9
LT,4,FR,35HT,GOV,EVHOE,,,Y0366,78,2020,C-TS-REV,A5,-9,g/haul,1.0000,items/haul,2,UNK,-9,-9
LT,4,FR,35HT,GOV,EVHOE,,,Y0358,70,2020,C-TS-REV,A5,-9,g/haul,1.0000,items/haul,6,UNK,-9,-9
LT,4,FR,35HT,GOV,EVHOE,,,Y0360,72,2020,C-TS-REV,A8,-9,g/haul,118.0000,items/haul,1,UNK,-9,-9
LT,4,FR,35HT,GOV,EVHOE,,,Y0355,67,2020,C-TS-REV,A5,-9,g/haul,7.0000,items/haul,1,UNK,-9,-9
LT,4,FR,35HT,GOV,EVHOE,,,Y0356,68,2020,C-TS-REV,A5,-9,g/haul,1.0000,items/haul,1,UNK,-9,-9
LT,4,FR,35HT,GOV,EVHOE,,,Y0352,64,2020,C-TS-REV,A5,-9,g/haul,0.5000,items/haul,1,UNK,-9,-9
LT,4,FR,35HT,GOV,EVHOE,,,Y0353,65,2020,C-TS-REV,A5,-9,g/haul,1.0000,items/haul,3,UNK,-9,-9
LT,4,FR,35HT,GOV,EVHOE,,,Y0350,62,2020,C-TS-REV,F3,-9,g/haul,1.0000,items/haul,1,UNK,-9,-9
LT,4,FR,35HT,GOV,EVHOE,,,Y0351,63,2020,C-TS-REV,A5,-9,g/haul,1.0000,items/haul,4,UNK,-9,-9
LT,4,FR,35HT,GOV,EVHOE,,,Y0349,61,2020,C-TS-REV,A11,-9,g/haul,2080.0000,items/haul,1,UNK,-9,-9
LT,4,FR,35HT,GOV,EVHOE,,,Y0349,61,2020,C-TS-REV,A5,-9,g/haul,0.5000,items/haul,1,UNK,-9,-9
LT,4,FR,35HT,GOV,EVHOE,,,Y0345,57,2020,C-TS-REV,A5,-9,g/haul,1.0000,items/haul,1,UNK,-9,-9
LT,4,FR,35HT,GOV,EVHOE,,,Y0343,55,2020,C-TS-REV,B1,-9,g/haul,14.0000,items/haul,1,UNK,-9,-9
LT,4,FR,35HT,GOV,EVHOE,,,Y0339,51,2020,C-TS-REV,A5,D,g/haul,0.5000,items/haul,1,UNK,-9,-9
LT,4,FR,35HT,GOV,EVHOE,,,Y0336,48,2020,C-TS-REV,A5,D,g/haul,2.0000,items/haul,2,UNK,-9,-9
LT,4,FR,35HT,GOV,EVHOE,,,Y0331,43,2020,C-TS-REV,A5,-9,g/haul,1.0000,items/haul,2,UNK,-9,-9
LT,4,FR,35HT,GOV,EVHOE,,,Y0332,44,2020,C-TS-REV,A5,D,g/haul,2.0000,items/haul,8,UNK,-9,-9
LT,4,FR,35HT,GOV,EVHOE,,,Y0333,45,2020,C-TS-REV,A5,D,g/haul,2.0000,items/haul,5,UNK,-9,-9
LT,4,FR,35HT,GOV,EVHOE,,,Y0329,41,2020,C-TS-REV,A5,-9,g/haul,1.0000,items/haul,1,UNK,-9,-9
LT,4,FR,35HT,GOV,EVHOE,,,Y0330,42,2020,C-TS-REV,A5,-9,g/haul,15.0000,items/haul,15,UNK,-9,-9
LT,4,FR,35HT,GOV,EVHOE,,,Y0328,40,2020,C-TS-REV,A5,D,g/haul,1.0000,items/haul,3,UNK,-9,-9
LT,4,FR,35HT,GOV,EVHOE,,,Y0324,36,2020,C-TS-REV,A5,D,g/haul,8.0000,items/haul,7,UNK,-9,-9
LT,4,FR,35HT,GOV,EVHOE,,,Y0322,34,2020,C-TS-REV,A5,D,g/haul,1.0000,items/haul,2,UNK,-9,-9
LT,4,FR,35HT,GOV,EVHOE,,,Y0320,32,2020,C-TS-REV,A5,D,g/haul,9.0000,items/haul,7,UNK,-9,-9
LT,4,FR,35HT,GOV,EVHOE,,,Y0320,32,2020,C-TS-REV,A8,D,g/haul,6.0000,items/haul,1,UNK,-9,-9
LT,4,FR,35HT,GOV,EVHOE,,,Y0317,29,2020,C-TS-REV,A5,D,g/haul,1.0000,items/haul,2,UNK,-9,-9
LT,4,FR,35HT,GOV,EVHOE,,,Y0315,27,2020,C-TS-REV,A5,D,g/haul,2.0000,items/haul,3,UNK,-9,-9
LT,4,FR,35HT,GOV,EVHOE,,,Y0311,23,2020,C-TS-REV,A5,D,g/haul,1.0000,items/haul,2,UNK,-9,-9
LT,4,FR,35HT,GOV,EVHOE,,,Y0310,22,2020,C-TS-REV,A5,-9,g/haul,1.0000,items/haul,1,UNK,-9,-9
LT,4,FR,35HT,GOV,EVHOE,,,Y0305,17,2020,C-TS-REV,A5,D,g/haul,3.0000,items/haul,7,UNK,-9,-9
LT,4,FR,35HT,GOV,EVHOE,,,Y0302,14,2020,C-TS-REV,A5,D,g/haul,6.0000,items/haul,7,UNK,-9,-9
LT,4,FR,35HT,GOV,EVHOE,,,Y0301,13,2020,C-TS-REV,A5,D,g/haul,20.0000,items/haul,15,UNK,-9,-9
LT,4,FR,35HT,GOV,EVHOE,,,Y0300,12,2020,C-TS-REV,A5,D,g/haul,13.0000,items/haul,18,UNK,-9,-9
LT,4,FR,35HT,GOV,EVHOE,,,W0580,47,2018,C-TS-REV,A7,-9,g/haul,6.0000,items/haul,3,UNK,-9,-9
LT,4,FR,35HT,GOV,EVHOE,,,W0532,5,2018,C-TS-REV,A7,-9,g/haul,16.0000,items/haul,3,UNK,-9,-9
LT,4,FR,35HT,GOV,EVHOE,,,Y0451,155,2020,C-TS-REV,A7,-9,g/haul,24.0000,items/haul,1,UNK,-9,-9
LT,4,FR,35HT,GOV,EVHOE,,,Y0449,153,2020,C-TS-REV,A7,-9,g/haul,23.0000,items/haul,3,UNK,-9,-9
LT,4,FR,35HT,GOV,EVHOE,,,Y0450,154,2020,C-TS-REV,A7,-9,g/haul,24.0000,items/haul,4,UNK,-9,-9
LT,4,FR,35HT,GOV,EVHOE,,,Y0451,155,2020,C-TS-REV,A7,-9,g/haul,20.0000,items/haul,4,UNK,-9,-9
LT,4,FR,35HT,GOV,EVHOE,,,W0644,111,2018,C-TS-REV,A7,-9,g/haul,4.0000,items/haul,1,UNK,-9,-9
LT,4,FR,35HT,GOV,EVHOE,,,W0645,112,2018,C-TS-REV,A7,-9,g/haul,4.0000,items/haul,1,UNK,-9,-9
LT,4,FR,35HT,GOV,EVHOE,,,W0647,114,2018,C-TS-REV,A7,-9,g/haul,18.0000,items/haul,3,UNK,-9,-9
LT,4,FR,35HT,GOV,EVHOE,,,W0643,110,2018,C-TS-REV,A7,-9,g/haul,13.0000,items/haul,1,UNK,-9,-9
LT,4,FR,35HT,GOV,EVHOE,,,W0602,69,2018,C-TS-REV,A7,-9,g/haul,535.0000,items/haul,2,UNK,-9,-9
LT,4,FR,35HT,GOV,EVHOE,,,W0590,57,2018,C-TS-REV,A7,-9,g/haul,13.0000,items/haul,1,UNK,-9,-9
LT,4,FR,35HT,GOV,EVHOE,,,W0656,122,2018,C-TS-REV,A7,-9,g/haul,68.0000,items/haul,2,UNK,-9,-9
LT,4,FR,35HT,GOV,EVHOE,,,W0654,120,2018,C-TS-REV,A7,-9,g/haul,14.0000,items/haul,1,UNK,-9,-9
LT,4,FR,35HT,GOV,EVHOE,,,W0653,119,2018,C-TS-REV,A7,-9,g/haul,93.0000,items/haul,1,UNK,-9,-9
LT,4,FR,35HT,GOV,EVHOE,,,W0651,117,2018,C-TS-REV,A7,-9,g/haul,171.0000,items/haul,5,UNK,-9,-9
LT,4,FR,35HT,GOV,EVHOE,,,W0649,116,2018,C-TS-REV,A7,-9,g/haul,105.0000,items/haul,1,UNK,-9,-9
LT,4,FR,35HT,GOV,EVHOE,,,W0648,115,2018,C-TS-REV,A7,-9,g/haul,20.0000,items/haul,1,UNK,-9,-9
LT,4,FR,35HT,GOV,EVHOE,,,Y0330,42,2020,C-TS-REV,A7,E,g/haul,630.0000,items/haul,1,UNK,-9,-9
LT,4,FR,35HT,GOV,EVHOE,,,Y0323,35,2020,C-TS-REV,A7,E,g/haul,17.0000,items/haul,1,UNK,-9,-9
LT,4,FR,35HT,GOV,EVHOE,,,W0661,127,2018,C-TS-REV,A7,-9,g/haul,620.0000,items/haul,4,UNK,-9,-9
LT,4,FR,35HT,GOV,EVHOE,,,W0659,125,2018,C-TS-REV,A7,-9,g/haul,27.0000,items/haul,3,UNK,-9,-9
LT,4,FR,35HT,GOV,EVHOE,,,W0660,126,2018,C-TS-REV,A7,-9,g/haul,3.0000,items/haul,1,UNK,-9,-9
LT,4,FR,35HT,GOV,EVHOE,,,W0657,123,2018,C-TS-REV,A7,-9,g/haul,24.0000,items/haul,4,UNK,-9,-9
LT,4,FR,35HT,GOV,EVHOE,,,Y0412,119,2020,C-TS-REV,A7,B,g/haul,22.0000,items/haul,3,UNK,-9,-9
LT,4,FR,35HT,GOV,EVHOE,,,Y0407,114,2020,C-TS-REV,A7,B,g/haul,70.0000,items/haul,3,UNK,-9,-9
LT,4,FR,35HT,GOV,EVHOE,,,Y0419,125,2020,C-TS-REV,A7,B,g/haul,66.0000,items/haul,5,UNK,-9,-9
LT,4,FR,35HT,GOV,EVHOE,,,Y0428,133,2020,C-TS-REV,A7,B,g/haul,10.0000,items/haul,8,UNK,-9,-9
LT,4,FR,35HT,GOV,EVHOE,,,Y0437,141,2020,C-TS-REV,A7,B,g/haul,6.0000,items/haul,9,UNK,-9,-9
LT,4,FR,35HT,GOV,EVHOE,,,Y0433,137,2020,C-TS-REV,A7,B,g/haul,53.0000,items/haul,2,UNK,-9,-9
LT,4,FR,35HT,GOV,EVHOE,,,Y0325,37,2020,C-TS-REV,A7,B,g/haul,3.0000,items/haul,2,UNK,-9,-9
LT,4,FR,35HT,GOV,EVHOE,,,Y0326,38,2020,C-TS-REV,A7,B,g/haul,2.0000,items/haul,1,UNK,-9,-9
LT,4,FR,35HT,GOV,EVHOE,,,Y0334,46,2020,C-TS-REV,A7,B,g/haul,1.0000,items/haul,1,UNK,-9,-9
LT,4,FR,35HT,GOV,EVHOE,,,Y0372,84,2020,C-TS-REV,A7,B,g/haul,20.0000,items/haul,9,UNK,-9,-9
LT,4,FR,35HT,GOV,EVHOE,,,Y0399,107,2020,C-TS-REV,A7,B,g/haul,40.0000,items/haul,3,UNK,-9,-9
LT,4,FR,35HT,GOV,EVHOE,,,Y0404,111,2020,C-TS-REV,A7,B,g/haul,43.0000,items/haul,7,UNK,-9,-9
LT,4,FR,35HT,GOV,EVHOE,,,X0515,69,2019,C-TS-REV,A7,B,g/haul,74.0000,items/haul,2,UNK,-9,-9
LT,4,FR,35HT,GOV,EVHOE,,,X0512,66,2019,C-TS-REV,A7,B,g/haul,40.0000,items/haul,2,UNK,-9,-9
LT,4,FR,35HT,GOV,EVHOE,,,X0513,67,2019,C-TS-REV,A7,B,g/haul,10.0000,items/haul,2,UNK,-9,-9
LT,4,FR,35HT,GOV,EVHOE,,,W0587,54,2018,C-TS-REV,A2,C,g/haul,99.0000,items/haul,5,UNK,-9,-9
LT,4,FR,35HT,GOV,EVHOE,,,W0572,39,2018,C-TS-REV,A2,C,g/haul,32.0000,items/haul,4,UNK,-9,-9
LT,4,FR,35HT,GOV,EVHOE,,,W0611,78,2018,C-TS-REV,A2,C,g/haul,57.0000,items/haul,1,UNK,-9,-9
LT,4,FR,35HT,GOV,EVHOE,,,W0647,114,2018,C-TS-REV,A2,C,g/haul,33.0000,items/haul,2,UNK,-9,-9
LT,4,FR,35HT,GOV,EVHOE,,,W0653,119,2018,C-TS-REV,A2,C,g/haul,204.0000,items/haul,5,UNK,-9,-9
LT,4,FR,35HT,GOV,EVHOE,,,W0651,117,2018,C-TS-REV,A2,C,g/haul,88.0000,items/haul,3,UNK,-9,-9
LT,4,FR,35HT,GOV,EVHOE,,,W0663,129,2018,C-TS-REV,A2,-9,g/haul,7.0000,items/haul,2,UNK,-9,-9
LT,4,FR,35HT,GOV,EVHOE,,,W0662,128,2018,C-TS-REV,A2,-9,g/haul,2.0000,items/haul,2,UNK,-9,-9
LT,4,FR,35HT,GOV,EVHOE,,,W0673,139,2018,C-TS-REV,A2,-9,g/haul,3.0000,items/haul,1,UNK,-9,-9
LT,4,FR,35HT,GOV,EVHOE,,,W0671,137,2018,C-TS-REV,A2,-9,g/haul,4.0000,items/haul,1,UNK,-9,-9
LT,4,FR,35HT,GOV,EVHOE,,,W0670,136,2018,C-TS-REV,A2,-9,g/haul,22.0000,items/haul,2,UNK,-9,-9
LT,4,FR,35HT,GOV,EVHOE,,,W0667,133,2018,C-TS-REV,A2,-9,g/haul,2.0000,items/haul,2,UNK,-9,-9
LT,4,FR,35HT,GOV,EVHOE,,,W0668,134,2018,C-TS-REV,A2,-9,g/haul,2.0000,items/haul,2,UNK,-9,-9
LT,4,FR,35HT,GOV,EVHOE,,,W0665,131,2018,C-TS-REV,A2,-9,g/haul,62.0000,items/haul,5,UNK,-9,-9
LT,4,FR,35HT,GOV,EVHOE,,,W0687,153,2018,C-TS-REV,A2,-9,g/haul,5.0000,items/haul,4,UNK,-9,-9
LT,4,FR,35HT,GOV,EVHOE,,,W0684,150,2018,C-TS-REV,A2,-9,g/haul,8.0000,items/haul,2,UNK,-9,-9
LT,4,FR,35HT,GOV,EVHOE,,,W0680,146,2018,C-TS-REV,A2,-9,g/haul,3.0000,items/haul,4,UNK,-9,-9
LT,4,FR,35HT,GOV,EVHOE,,,W0679,145,2018,C-TS-REV,A2,-9,g/haul,29.0000,items/haul,10,UNK,-9,-9
LT,4,FR,35HT,GOV,EVHOE,,,W0675,141,2018,C-TS-REV,A2,-9,g/haul,21.0000,items/haul,2,UNK,-9,-9
LT,4,FR,35HT,GOV,EVHOE,,,W0676,142,2018,C-TS-REV,A2,-9,g/haul,14.0000,items/haul,4,UNK,-9,-9
LT,4,FR,35HT,GOV,EVHOE,,,X0445,5,2019,C-TS-REV,A2,-9,g/haul,1.0000,items/haul,1,UNK,-9,-9
LT,4,FR,35HT,GOV,EVHOE,,,X0446,6,2019,C-TS-REV,A2,-9,g/haul,24.0000,items/haul,7,UNK,-9,-9
LT,4,FR,35HT,GOV,EVHOE,,,X0443,3,2019,C-TS-REV,A2,-9,g/haul,0.5000,items/haul,1,UNK,-9,-9
LT,4,FR,35HT,GOV,EVHOE,,,X0441,1,2019,C-TS-REV,A2,-9,g/haul,4.5000,items/haul,2,UNK,-9,-9
LT,4,FR,35HT,GOV,EVHOE,,,X0442,2,2019,C-TS-REV,A2,-9,g/haul,4.0000,items/haul,3,UNK,-9,-9
LT,4,FR,35HT,GOV,EVHOE,,,W0688,154,2018,C-TS-REV,A2,-9,g/haul,25.0000,items/haul,3,UNK,-9,-9
LT,4,FR,35HT,GOV,EVHOE,,,X0456,14,2019,C-TS-REV,A2,-9,g/haul,9.0000,items/haul,4,UNK,-9,-9
LT,4,FR,35HT,GOV,EVHOE,,,X0454,12,2019,C-TS-REV,A2,-9,g/haul,3.0000,items/haul,3,UNK,-9,-9
LT,4,FR,35HT,GOV,EVHOE,,,X0455,13,2019,C-TS-REV,A2,-9,g/haul,2.0000,items/haul,2,UNK,-9,-9
LT,4,FR,35HT,GOV,EVHOE,,,X0451,10,2019,C-TS-REV,A2,-9,g/haul,267.0000,items/haul,5,UNK,-9,-9
LT,4,FR,35HT,GOV,EVHOE,,,X0449,8,2019,C-TS-REV,A2,-9,g/haul,46.0000,items/haul,1,UNK,-9,-9
LT,4,FR,35HT,GOV,EVHOE,,,X0450,9,2019,C-TS-REV,A2,-9,g/haul,24.0000,items/haul,9,UNK,-9,-9
LT,4,FR,35HT,GOV,EVHOE,,,X0467,23,2019,C-TS-REV,A2,-9,g/haul,3.0000,items/haul,3,UNK,-9,-9
LT,4,FR,35HT,GOV,EVHOE,,,X0468,24,2019,C-TS-REV,A2,-9,g/haul,4.0000,items/haul,3,UNK,-9,-9
LT,4,FR,35HT,GOV,EVHOE,,,X0465,21,2019,C-TS-REV,A2,-9,g/haul,4.0000,items/haul,3,UNK,-9,-9
LT,4,FR,35HT,GOV,EVHOE,,,X0459,16,2019,C-TS-REV,A2,-9,g/haul,5.0000,items/haul,3,UNK,-9,-9
LT,4,FR,35HT,GOV,EVHOE,,,X0460,17,2019,C-TS-REV,A2,-9,g/haul,0.5000,items/haul,1,UNK,-9,-9
LT,4,FR,35HT,GOV,EVHOE,,,X0457,15,2019,C-TS-REV,A2,-9,g/haul,4.0000,items/haul,1,UNK,-9,-9
LT,4,FR,35HT,GOV,EVHOE,,,X0523,77,2019,C-TS-REV,A2,D,g/haul,100.0000,items/haul,1,UNK,-9,-9
LT,4,FR,35HT,GOV,EVHOE,,,X0522,76,2019,C-TS-REV,A2,-9,g/haul,2.0000,items/haul,2,UNK,-9,-9
LT,4,FR,35HT,GOV,EVHOE,,,X0493,47,2019,C-TS-REV,A2,D,g/haul,6.0000,items/haul,1,UNK,-9,-9
LT,4,FR,35HT,GOV,EVHOE,,,X0492,46,2019,C-TS-REV,A2,D,g/haul,70.5000,items/haul,3,UNK,-9,-9
LT,4,FR,35HT,GOV,EVHOE,,,X0473,28,2019,C-TS-REV,A2,-9,g/haul,11.0000,items/haul,3,UNK,-9,-9
LT,4,FR,35HT,GOV,EVHOE,,,X0471,26,2019,C-TS-REV,A2,-9,g/haul,42.0000,items/haul,4,UNK,-9,-9
LT,4,FR,35HT,GOV,EVHOE,,,X0554,108,2019,C-TS-REV,A2,-9,g/haul,8.0000,items/haul,2,UNK,-9,-9
LT,4,FR,35HT,GOV,EVHOE,,,X0554,108,2019,C-TS-REV,A2,-9,g/haul,31.0000,items/haul,2,UNK,-9,-9
LT,4,FR,35HT,GOV,EVHOE,,,X0552,106,2019,C-TS-REV,A2,-9,g/haul,2.0000,items/haul,1,UNK,-9,-9
LT,4,FR,35HT,GOV,EVHOE,,,X0553,107,2019,C-TS-REV,A2,-9,g/haul,405.0000,items/haul,1,UNK,-9,-9
LT,4,FR,35HT,GOV,EVHOE,,,X0550,104,2019,C-TS-REV,A2,-9,g/haul,3.0000,items/haul,3,UNK,-9,-9
LT,4,FR,35HT,GOV,EVHOE,,,X0537,91,2019,C-TS-REV,A2,D,g/haul,123.0000,items/haul,1,UNK,-9,-9
LT,4,FR,35HT,GOV,EVHOE,,,X0564,118,2019,C-TS-REV,A2,-9,g/haul,16.0000,items/haul,1,UNK,-9,-9
LT,4,FR,35HT,GOV,EVHOE,,,X0563,117,2019,C-TS-REV,A2,-9,g/haul,65.0000,items/haul,1,UNK,-9,-9
LT,4,FR,35HT,GOV,EVHOE,,,X0563,117,2019,C-TS-REV,A2,-9,g/haul,6.0000,items/haul,1,UNK,-9,-9
LT,4,FR,35HT,GOV,EVHOE,,,X0561,115,2019,C-TS-REV,A2,-9,g/haul,5.0000,items/haul,1,UNK,-9,-9
LT,4,FR,35HT,GOV,EVHOE,,,X0562,116,2019,C-TS-REV,A2,-9,g/haul,12.0000,items/haul,1,UNK,-9,-9
LT,4,FR,35HT,GOV,EVHOE,,,X0557,111,2019,C-TS-REV,A2,-9,g/haul,2.0000,items/haul,1,UNK,-9,-9
LT,4,FR,35HT,GOV,EVHOE,,,X0567,121,2019,C-TS-REV,A2,-9,g/haul,132.0000,items/haul,9,UNK,-9,-9
LT,4,FR,35HT,GOV,EVHOE,,,X0568,122,2019,C-TS-REV,A2,-9,g/haul,261.0000,items/haul,5,UNK,-9,-9
LT,4,FR,35HT,GOV,EVHOE,,,X0566,120,2019,C-TS-REV,A2,-9,g/haul,43.0000,items/haul,2,UNK,-9,-9
LT,4,FR,35HT,GOV,EVHOE,,,X0565,119,2019,C-TS-REV,A2,-9,g/haul,52.0000,items/haul,1,UNK,-9,-9
LT,4,FR,35HT,GOV,EVHOE,,,X0565,119,2019,C-TS-REV,A2,-9,g/haul,64.0000,items/haul,5,UNK,-9,-9
LT,4,FR,35HT,GOV,EVHOE,,,X0564,118,2019,C-TS-REV,A2,-9,g/haul,1.0000,items/haul,1,UNK,-9,-9
LT,4,FR,35HT,GOV,EVHOE,,,X0573,127,2019,C-TS-REV,A2,-9,g/haul,9.0000,items/haul,3,UNK,-9,-9
LT,4,FR,35HT,GOV,EVHOE,,,X0575,129,2019,C-TS-REV,A2,-9,g/haul,8.0000,items/haul,2,UNK,-9,-9
LT,4,FR,35HT,GOV,EVHOE,,,X0570,124,2019,C-TS-REV,A2,-9,g/haul,10.0000,items/haul,2,UNK,-9,-9
LT,4,FR,35HT,GOV,EVHOE,,,X0569,123,2019,C-TS-REV,A2,-9,g/haul,1.0000,items/haul,1,UNK,-9,-9
LT,4,FR,35HT,GOV,EVHOE,,,X0569,123,2019,C-TS-REV,A2,-9,g/haul,15.0000,items/haul,2,UNK,-9,-9
LT,4,FR,35HT,GOV,EVHOE,,,X0567,121,2019,C-TS-REV,A2,-9,g/haul,7.0000,items/haul,1,UNK,-9,-9
LT,4,FR,35HT,GOV,EVHOE,,,X0586,140,2019,C-TS-REV,A2,-9,g/haul,1.0000,items/haul,2,UNK,-9,-9
LT,4,FR,35HT,GOV,EVHOE,,,X0582,136,2019,C-TS-REV,A2,-9,g/haul,36.0000,items/haul,5,UNK,-9,-9
LT,4,FR,35HT,GOV,EVHOE,,,X0583,137,2019,C-TS-REV,A2,-9,g/haul,20.0000,items/haul,1,UNK,-9,-9
LT,4,FR,35HT,GOV,EVHOE,,,X0578,132,2019,C-TS-REV,A2,-9,g/haul,3.0000,items/haul,1,UNK,-9,-9
LT,4,FR,35HT,GOV,EVHOE,,,X0577,131,2019,C-TS-REV,A2,-9,g/haul,13.0000,items/haul,1,UNK,-9,-9
LT,4,FR,35HT,GOV,EVHOE,,,X0577,131,2019,C-TS-REV,A2,-9,g/haul,8.0000,items/haul,1,UNK,-9,-9
LT,4,FR,35HT,GOV,EVHOE,,,X0593,147,2019,C-TS-REV,A2,-9,g/haul,4.0000,items/haul,2,UNK,-9,-9
LT,4,FR,35HT,GOV,EVHOE,,,X0590,144,2019,C-TS-REV,A2,-9,g/haul,2.0000,items/haul,1,UNK,-9,-9
LT,4,FR,35HT,GOV,EVHOE,,,X0591,145,2019,C-TS-REV,A2,-9,g/haul,110.0000,items/haul,2,UNK,-9,-9
LT,4,FR,35HT,GOV,EVHOE,,,X0589,143,2019,C-TS-REV,A2,-9,g/haul,59.0000,items/haul,1,UNK,-9,-9
LT,4,FR,35HT,GOV,EVHOE,,,X0585,139,2019,C-TS-REV,A2,-9,g/haul,9.0000,items/haul,1,UNK,-9,-9
LT,4,FR,35HT,GOV,EVHOE,,,X0585,139,2019,C-TS-REV,A2,-9,g/haul,8.0000,items/haul,1,UNK,-9,-9
LT,4,FR,35HT,GOV,EVHOE,,,Y0296,8,2020,C-TS-REV,A2,-9,g/haul,19.0000,items/haul,2,UNK,-9,-9
LT,4,FR,35HT,GOV,EVHOE,,,Y0296,8,2020,C-TS-REV,A2,-9,g/haul,20.0000,items/haul,1,UNK,-9,-9
LT,4,FR,35HT,GOV,EVHOE,,,Y0292,4,2020,C-TS-REV,A2,-9,g/haul,10.0000,items/haul,1,UNK,-9,-9
LT,4,FR,35HT,GOV,EVHOE,,,X0597,151,2019,C-TS-REV,A2,-9,g/haul,24.0000,items/haul,6,UNK,-9,-9
LT,4,FR,35HT,GOV,EVHOE,,,X0595,149,2019,C-TS-REV,A2,-9,g/haul,12.0000,items/haul,7,UNK,-9,-9
LT,4,FR,35HT,GOV,EVHOE,,,X0593,147,2019,C-TS-REV,A2,-9,g/haul,15.0000,items/haul,1,UNK,-9,-9
LT,4,FR,35HT,GOV,EVHOE,,,Y0338,50,2020,C-TS-REV,A2,D,g/haul,30.0000,items/haul,3,UNK,-9,-9
LT,4,FR,35HT,GOV,EVHOE,,,Y0335,47,2020,C-TS-REV,A2,D,g/haul,15.0000,items/haul,2,UNK,-9,-9
LT,4,FR,35HT,GOV,EVHOE,,,Y0316,28,2020,C-TS-REV,A2,D,g/haul,16.0000,items/haul,5,UNK,-9,-9
LT,4,FR,35HT,GOV,EVHOE,,,Y0309,21,2020,C-TS-REV,A2,D,g/haul,91.0000,items/haul,2,UNK,-9,-9
LT,4,FR,35HT,GOV,EVHOE,,,Y0308,20,2020,C-TS-REV,A2,D,g/haul,16.0000,items/haul,3,UNK,-9,-9
LT,4,FR,35HT,GOV,EVHOE,,,Y0298,10,2020,C-TS-REV,A2,D,g/haul,94.0000,items/haul,1,UNK,-9,-9
LT,4,FR,35HT,GOV,EVHOE,,,Y0390,100,2020,C-TS-REV,A2,-9,g/haul,52.0000,items/haul,1,UNK,-9,-9
LT,4,FR,35HT,GOV,EVHOE,,,Y0374,86,2020,C-TS-REV,A2,-9,g/haul,14.0000,items/haul,2,UNK,-9,-9
LT,4,FR,35HT,GOV,EVHOE,,,Y0374,86,2020,C-TS-REV,A2,-9,g/haul,3.0000,items/haul,2,UNK,-9,-9
LT,4,FR,35HT,GOV,EVHOE,,,Y0367,79,2020,C-TS-REV,A2,D,g/haul,100.0000,items/haul,3,UNK,-9,-9
LT,4,FR,35HT,GOV,EVHOE,,,Y0365,77,2020,C-TS-REV,A2,D,g/haul,45.0000,items/haul,1,UNK,-9,-9
LT,4,FR,35HT,GOV,EVHOE,,,Y0362,74,2020,C-TS-REV,A2,D,g/haul,23.0000,items/haul,1,UNK,-9,-9
LT,4,FR,35HT,GOV,EVHOE,,,Y0447,151,2020,C-TS-REV,A2,-9,g/haul,138.0000,items/haul,1,UNK,-9,-9
LT,4,FR,35HT,GOV,EVHOE,,,Y0447,151,2020,C-TS-REV,A2,-9,g/haul,6.0000,items/haul,5,UNK,-9,-9
LT,4,FR,35HT,GOV,EVHOE,,,Y0438,142,2020,C-TS-REV,A2,D,g/haul,86.0000,items/haul,1,UNK,-9,-9
LT,4,FR,35HT,GOV,EVHOE,,,Y0426,132,2020,C-TS-REV,A2,-9,g/haul,2.0000,items/haul,2,UNK,-9,-9
LT,4,FR,35HT,GOV,EVHOE,,,Y0426,132,2020,C-TS-REV,A2,-9,g/haul,23.0000,items/haul,2,UNK,-9,-9
LT,4,FR,35HT,GOV,EVHOE,,,Y0416,122,2020,C-TS-REV,A2,-9,g/haul,12.0000,items/haul,1,UNK,-9,-9
LT,4,FR,35HT,GOV,EVHOE,,,W0593,60,2018,C-TS-REV,A2,D,g/haul,471.0000,items/haul,4,UNK,-9,-9
LT,4,FR,35HT,GOV,EVHOE,,,W0580,47,2018,C-TS-REV,A2,-9,g/haul,3.0000,items/haul,2,UNK,-9,-9
LT,4,FR,35HT,GOV,EVHOE,,,W0574,41,2018,C-TS-REV,A2,D,g/haul,190.0000,items/haul,5,UNK,-9,-9
LT,4,FR,35HT,GOV,EVHOE,,,W0550,20,2018,C-TS-REV,A2,-9,g/haul,15.0000,items/haul,1,UNK,-9,-9
LT,4,FR,35HT,GOV,EVHOE,,,Y0448,152,2020,C-TS-REV,A2,-9,g/haul,4.0000,items/haul,2,UNK,-9,-9
LT,4,FR,35HT,GOV,EVHOE,,,Y0447,151,2020,C-TS-REV,A2,-9,g/haul,20.0000,items/haul,1,UNK,-9,-9
LT,4,FR,35HT,GOV,EVHOE,,,W0649,116,2018,C-TS-REV,A2,D,g/haul,395.0000,items/haul,6,UNK,-9,-9
LT,4,FR,35HT,GOV,EVHOE,,,W0648,115,2018,C-TS-REV,A2,D,g/haul,279.0000,items/haul,4,UNK,-9,-9
LT,4,FR,35HT,GOV,EVHOE,,,W0644,111,2018,C-TS-REV,A2,D,g/haul,317.0000,items/haul,4,UNK,-9,-9
LT,4,FR,35HT,GOV,EVHOE,,,W0643,110,2018,C-TS-REV,A2,D,g/haul,112.0000,items/haul,1,UNK,-9,-9
LT,4,FR,35HT,GOV,EVHOE,,,W0639,106,2018,C-TS-REV,A2,-9,g/haul,4.0000,items/haul,2,UNK,-9,-9
LT,4,FR,35HT,GOV,EVHOE,,,W0624,91,2018,C-TS-REV,A2,D,g/haul,83.0000,items/haul,1,UNK,-9,-9
LT,4,FR,35HT,GOV,EVHOE,,,Y0440,144,2020,C-TS-REV,A2,B,g/haul,60.0000,items/haul,1,UNK,-9,-9
LT,4,FR,35HT,GOV,EVHOE,,,Y0446,150,2020,C-TS-REV,A2,B,g/haul,16.0000,items/haul,4,UNK,-9,-9
LT,4,FR,35HT,GOV,EVHOE,,,X0494,48,2019,C-TS-REV,A2,E,g/haul,36.0000,items/haul,2,UNK,-9,-9
LT,4,FR,35HT,GOV,EVHOE,,,W0661,127,2018,C-TS-REV,A2,-9,g/haul,9.0000,items/haul,1,UNK,-9,-9
LT,4,FR,35HT,GOV,EVHOE,,,W0659,125,2018,C-TS-REV,A2,-9,g/haul,2.0000,items/haul,1,UNK,-9,-9
LT,4,FR,35HT,GOV,EVHOE,,,W0652,118,2018,C-TS-REV,A2,D,g/haul,213.0000,items/haul,3,UNK,-9,-9
LT,4,FR,35HT,GOV,EVHOE,,,Y0346,58,2020,C-TS-REV,A2,B,g/haul,2.0000,items/haul,1,UNK,-9,-9
LT,4,FR,35HT,GOV,EVHOE,,,Y0343,55,2020,C-TS-REV,A2,B,g/haul,1.0000,items/haul,1,UNK,-9,-9
LT,4,FR,35HT,GOV,EVHOE,,,Y0366,78,2020,C-TS-REV,A2,B,g/haul,3.0000,items/haul,1,UNK,-9,-9
LT,4,FR,35HT,GOV,EVHOE,,,Y0363,75,2020,C-TS-REV,A2,B,g/haul,1.0000,items/haul,1,UNK,-9,-9
LT,4,FR,35HT,GOV,EVHOE,,,Y0389,99,2020,C-TS-REV,A2,B,g/haul,5.0000,items/haul,1,UNK,-9,-9
LT,4,FR,35HT,GOV,EVHOE,,,Y0441,145,2020,C-TS-REV,A2,B,g/haul,42.0000,items/haul,5,UNK,-9,-9
LT,4,FR,35HT,GOV,EVHOE,,,Y0332,44,2020,C-TS-REV,A2,B,g/haul,16.0000,items/haul,4,UNK,-9,-9
LT,4,FR,35HT,GOV,EVHOE,,,Y0327,39,2020,C-TS-REV,A2,B,g/haul,1.0000,items/haul,1,UNK,-9,-9
LT,4,FR,35HT,GOV,EVHOE,,,Y0337,49,2020,C-TS-REV,A2,B,g/haul,2.0000,items/haul,2,UNK,-9,-9
LT,4,FR,35HT,GOV,EVHOE,,,Y0340,52,2020,C-TS-REV,A2,B,g/haul,2.0000,items/haul,2,UNK,-9,-9
LT,4,FR,35HT,GOV,EVHOE,,,Y0341,53,2020,C-TS-REV,A2,B,g/haul,3.0000,items/haul,4,UNK,-9,-9
LT,4,FR,35HT,GOV,EVHOE,,,Y0350,62,2020,C-TS-REV,A2,B,g/haul,10.0000,items/haul,2,UNK,-9,-9
LT,4,FR,35HT,GOV,EVHOE,,,Y0307,19,2020,C-TS-REV,A2,B,g/haul,1.0000,items/haul,1,UNK,-9,-9
LT,4,FR,35HT,GOV,EVHOE,,,Y0324,36,2020,C-TS-REV,A2,B,g/haul,5.0000,items/haul,3,UNK,-9,-9
LT,4,FR,35HT,GOV,EVHOE,,,Y0321,33,2020,C-TS-REV,A2,B,g/haul,2.0000,items/haul,1,UNK,-9,-9
LT,4,FR,35HT,GOV,EVHOE,,,Y0322,34,2020,C-TS-REV,A2,B,g/haul,4.0000,items/haul,2,UNK,-9,-9
LT,4,FR,35HT,GOV,EVHOE,,,Y0325,37,2020,C-TS-REV,A2,B,g/haul,7.0000,items/haul,1,UNK,-9,-9
LT,4,FR,35HT,GOV,EVHOE,,,Y0326,38,2020,C-TS-REV,A2,B,g/haul,12.0000,items/haul,2,UNK,-9,-9
LT,4,FR,35HT,GOV,EVHOE,,,X0544,98,2019,C-TS-REV,A2,B,g/haul,13.0000,items/haul,1,UNK,-9,-9
LT,4,FR,35HT,GOV,EVHOE,,,X0542,96,2019,C-TS-REV,A2,B,g/haul,11.0000,items/haul,2,UNK,-9,-9
LT,4,FR,35HT,GOV,EVHOE,,,Y0300,12,2020,C-TS-REV,A2,B,g/haul,17.0000,items/haul,10,UNK,-9,-9
LT,4,FR,35HT,GOV,EVHOE,,,Y0302,14,2020,C-TS-REV,A2,B,g/haul,26.0000,items/haul,10,UNK,-9,-9
LT,4,FR,35HT,GOV,EVHOE,,,Y0301,13,2020,C-TS-REV,A2,B,g/haul,1.0000,items/haul,1,UNK,-9,-9
LT,4,FR,35HT,GOV,EVHOE,,,Y0303,15,2020,C-TS-REV,A2,B,g/haul,13.0000,items/haul,2,UNK,-9,-9
LT,4,FR,35HT,GOV,EVHOE,,,X0490,44,2019,C-TS-REV,A2,B,g/haul,1.0000,items/haul,1,UNK,-9,-9
LT,4,FR,35HT,GOV,EVHOE,,,X0489,43,2019,C-TS-REV,A2,B,g/haul,7.0000,items/haul,3,UNK,-9,-9
LT,4,FR,35HT,GOV,EVHOE,,,X0501,55,2019,C-TS-REV,A2,B,g/haul,1.0000,items/haul,1,UNK,-9,-9
LT,4,FR,35HT,GOV,EVHOE,,,X0508,62,2019,C-TS-REV,A2,B,g/haul,28.0000,items/haul,2,UNK,-9,-9
LT,4,FR,35HT,GOV,EVHOE,,,X0521,75,2019,C-TS-REV,A2,B,g/haul,2.0000,items/haul,1,UNK,-9,-9
LT,4,FR,35HT,GOV,EVHOE,,,X0519,73,2019,C-TS-REV,A2,B,g/haul,26.0000,items/haul,4,UNK,-9,-9
LT,4,FR,35HT,GOV,EVHOE,,,W0681,147,2018,C-TS-REV,A2,B,g/haul,24.0000,items/haul,1,UNK,-9,-9
LT,4,FR,35HT,GOV,EVHOE,,,X0477,31,2019,C-TS-REV,A2,B,g/haul,20.0000,items/haul,2,UNK,-9,-9
LT,4,FR,35HT,GOV,EVHOE,,,X0461,18,2019,C-TS-REV,A2,B,g/haul,105.0000,items/haul,5,UNK,-9,-9
LT,4,FR,35HT,GOV,EVHOE,,,X0481,35,2019,C-TS-REV,A2,B,g/haul,1.0000,items/haul,1,UNK,-9,-9
LT,4,FR,35HT,GOV,EVHOE,,,X0483,37,2019,C-TS-REV,A2,B,g/haul,1.5000,items/haul,2,UNK,-9,-9
LT,4,FR,35HT,GOV,EVHOE,,,X0484,38,2019,C-TS-REV,A2,B,g/haul,1.0000,items/haul,2,UNK,-9,-9
LT,4,FR,35HT,GOV,EVHOE,,,W0641,108,2018,C-TS-REV,A2,B,g/haul,23.0000,items/haul,2,UNK,-9,-9
LT,4,FR,35HT,GOV,EVHOE,,,W0642,109,2018,C-TS-REV,A2,B,g/haul,6.0000,items/haul,1,UNK,-9,-9
LT,4,FR,35HT,GOV,EVHOE,,,W0656,122,2018,C-TS-REV,A2,B,g/haul,38.0000,items/haul,5,UNK,-9,-9
LT,4,FR,35HT,GOV,EVHOE,,,W0652,118,2018,C-TS-REV,A2,B,g/haul,28.0000,items/haul,1,UNK,-9,-9
LT,4,FR,35HT,GOV,EVHOE,,,W0660,126,2018,C-TS-REV,A2,B,g/haul,28.0000,items/haul,3,UNK,-9,-9
LT,4,FR,35HT,GOV,EVHOE,,,W0658,124,2018,C-TS-REV,A2,B,g/haul,63.0000,items/haul,4,UNK,-9,-9
LT,4,FR,35HT,GOV,EVHOE,,,W0560,29,2018,C-TS-REV,A2,B,g/haul,18.0000,items/haul,13,UNK,-9,-9
LT,4,FR,35HT,GOV,EVHOE,,,W0552,21,2018,C-TS-REV,A2,B,g/haul,10.0000,items/haul,2,UNK,-9,-9
LT,4,FR,35HT,GOV,EVHOE,,,W0571,38,2018,C-TS-REV,A2,B,g/haul,21.0000,items/haul,5,UNK,-9,-9
LT,4,FR,35HT,GOV,EVHOE,,,W0606,73,2018,C-TS-REV,A2,B,g/haul,28.0000,items/haul,1,UNK,-9,-9
LT,4,FR,35HT,GOV,EVHOE,,,W0637,104,2018,C-TS-REV,A2,B,g/haul,92.0000,items/haul,2,UNK,-9,-9
LT,4,FR,35HT,GOV,EVHOE,,,W0632,99,2018,C-TS-REV,A2,B,g/haul,6.0000,items/haul,1,UNK,-9,-9
LT,4,FR,35HT,GOV,EVHOE,,,Y0417,123,2020,C-TS-REV,A2,A,g/haul,23.0000,items/haul,2,UNK,-9,-9
LT,4,FR,35HT,GOV,EVHOE,,,Y0420,126,2020,C-TS-REV,A2,A,g/haul,1.0000,items/haul,2,UNK,-9,-9
LT,4,FR,35HT,GOV,EVHOE,,,Y0419,125,2020,C-TS-REV,A2,A,g/haul,5.0000,items/haul,1,UNK,-9,-9
LT,4,FR,35HT,GOV,EVHOE,,,Y0438,142,2020,C-TS-REV,A2,A,g/haul,3.0000,items/haul,1,UNK,-9,-9
LT,4,FR,35HT,GOV,EVHOE,,,Y0446,150,2020,C-TS-REV,A2,A,g/haul,4.0000,items/haul,1,UNK,-9,-9
LT,4,FR,35HT,GOV,EVHOE,,,W0530,3,2018,C-TS-REV,A2,B,g/haul,4.0000,items/haul,7,UNK,-9,-9
LT,4,FR,35HT,GOV,EVHOE,,,Y0369,81,2020,C-TS-REV,A2,A,g/haul,1.0000,items/haul,2,UNK,-9,-9
LT,4,FR,35HT,GOV,EVHOE,,,Y0383,94,2020,C-TS-REV,A2,A,g/haul,1.0000,items/haul,2,UNK,-9,-9
LT,4,FR,35HT,GOV,EVHOE,,,Y0389,99,2020,C-TS-REV,A2,A,g/haul,4.0000,items/haul,1,UNK,-9,-9
LT,4,FR,35HT,GOV,EVHOE,,,Y0398,106,2020,C-TS-REV,A2,A,g/haul,2.0000,items/haul,1,UNK,-9,-9
LT,4,FR,35HT,GOV,EVHOE,,,Y0409,116,2020,C-TS-REV,A2,A,g/haul,8.0000,items/haul,1,UNK,-9,-9
LT,4,FR,35HT,GOV,EVHOE,,,Y0405,112,2020,C-TS-REV,A2,A,g/haul,3.0000,items/haul,1,UNK,-9,-9
LT,4,FR,35HT,GOV,EVHOE,,,Y0323,35,2020,C-TS-REV,A2,A,g/haul,1.0000,items/haul,1,UNK,-9,-9
LT,4,FR,35HT,GOV,EVHOE,,,Y0319,31,2020,C-TS-REV,A2,A,g/haul,1.0000,items/haul,1,UNK,-9,-9
LT,4,FR,35HT,GOV,EVHOE,,,Y0361,73,2020,C-TS-REV,A2,A,g/haul,1.0000,items/haul,1,UNK,-9,-9
